level,code,population_2020,area_km2,density_2020,median_income2020,n_communes,metadataGeography
EPCI,200000172,27218,150.67,180.64644587509127,25750.0,7,2023-01-01
EPCI,200000438,35917,326.8,109.90514075887393,22200.0,9,2023-01-01
EPCI,200000545,18739,104.8,178.80725190839695,18530.0,6,2023-01-01
EPCI,200000628,24224,150.11,161.3749916727733,20110.0,5,2023-01-01
EPCI,200000800,10437,338.81,30.804875889141407,22200.0,6,2023-01-01
EPCI,200000925,22009,204.39,107.68139341455063,24240.0,22,2023-01-01
EPCI,200000933,14511,970.79,14.94761997960424,21250.0,14,2023-01-01
EPCI,200004802,28550,401.86,71.04464241278056,23550.0,9,2023-01-01
EPCI,200005932,15489,414.98,37.32469034652272,24970.0,7,2023-01-01
EPCI,200005957,12958,328.76,39.41477065336416,20150.0,30,2023-01-01
EPCI,200006682,50678,558.5,90.73948075201433,23320.0,53,2023-01-01
EPCI,200006716,16712,294.79,56.691203907866615,21320.0,23,2023-01-01
EPCI,200006930,5170,282.82,18.280178205218867,20280.0,10,2023-01-01
EPCI,200006971,18056,326.84000000000003,55.24415616203647,21270.0,20,2023-01-01
EPCI,200007052,5571,284.19,19.60308244484324,18780.0,9,2023-01-01
EPCI,200007177,4764,250.27,19.035441722939225,20310.0,12,2023-01-01
EPCI,200010650,54514,424.43,128.4404966661169,22010.0,47,2023-01-01
EPCI,200010700,77889,574.27,135.63132324516343,21830.0,50,2023-01-01
EPCI,200011773,92176,78.18,1179.022767971348,26500.0,12,2023-01-01
EPCI,200011781,9511,286.37,33.212277822397596,21060.0,12,2023-01-01
EPCI,200013050,17394,197.78,87.94620285165335,24220.0,24,2023-01-01
EPCI,200015162,6032,465.83,12.948929867118906,18890.0,22,2023-01-01
EPCI,200016905,6695,221.26999999999998,30.25715189587382,19470.0,11,2023-01-01
EPCI,200017341,14792,552.47,26.774304487121473,18830.0,28,2023-01-01
EPCI,200017846,55281,482.51,114.56964622494871,22790.0,37,2023-01-01
EPCI,200018083,23289,245.26,94.95637282883472,20840.0,31,2023-01-01
EPCI,200018166,102259,676.74,151.10529893312054,27210.0,43,2023-01-01
EPCI,200018406,33817,484.04,69.86406082141971,21140.0,16,2023-01-01
EPCI,200018521,5979,277.19,21.57004220931491,20680.0,12,2023-01-01
EPCI,200022986,50490,575.2,87.77816411682892,26990.0,36,2023-01-01
EPCI,200023075,18672,383.19,48.72778517184687,27830.0,43,2023-01-01
EPCI,200023125,45988,67.45,681.808747220163,26740.0,5,2023-01-01
EPCI,200023240,29469,224.83,131.07236578748388,22310.0,21,2023-01-01
EPCI,200023299,9094,277.25,32.80072137060415,22200.0,6,2023-01-01
EPCI,200023307,47561,354.90999999999997,134.00862190414472,20040.0,19,2023-01-01
EPCI,200023372,13296,217.64,61.0917110825216,23180.0,4,2023-01-01
EPCI,200023414,496629,663.83,748.126779446545,21550.0,71,2023-01-01
EPCI,200023620,22505,235.85000000000002,95.42081831672672,25700.0,14,2023-01-01
EPCI,200023737,42142,593.22,71.03941202252115,21840.0,36,2023-01-01
EPCI,200023778,51560,292.24,176.43033123460168,22830.0,14,2023-01-01
EPCI,200023794,20151,171.35,117.60140064196091,20980.0,20,2023-01-01
EPCI,200023919,18546,338.04,54.86332978345757,22110.0,20,2023-01-01
EPCI,200026573,19793,366.45,54.01282576067676,21920.0,22,2023-01-01
EPCI,200027027,28448,352.91,80.60978719786914,22090.0,12,2023-01-01
EPCI,200027076,8012,379.53,21.110320659763392,21380.0,18,2023-01-01
EPCI,200027100,45871,427.83,107.21782016221397,23000.0,6,2023-01-01
EPCI,200027183,270610,616.68,438.81753908023614,19730.0,36,2023-01-01
EPCI,200027217,16106,228.16,70.59081346423562,21070.0,13,2023-01-01
EPCI,200027308,8178,760.38,10.755148741418765,21750.0,51,2023-01-01
EPCI,200029734,19926,628.75,31.69145129224652,20710.0,40,2023-01-01
EPCI,200029999,14664,170.38,86.06643972297218,22490.0,14,2023-01-01
EPCI,200030195,553305,1479.73,373.9229454022018,21970.0,51,2023-01-01
EPCI,200030385,106117,792.16,133.95904867703496,22310.0,43,2023-01-01
EPCI,200030435,12850,300.6,42.747837658017296,21230.0,22,2023-01-01
EPCI,200030526,20425,184.58,110.65662585328855,24120.0,18,2023-01-01
EPCI,200030633,63789,372.67,171.16752086296185,18890.0,46,2023-01-01
EPCI,200030658,10178,631.78,16.110038304473075,22750.0,27,2023-01-01
EPCI,200030674,60159,669.17,89.90092203774826,20120.0,43,2023-01-01
EPCI,200032514,5435,277.22,19.605367578096818,20590.0,14,2023-01-01
EPCI,200033025,33980,400.01,84.94787630309243,22000.0,33,2023-01-01
EPCI,200033090,25413,144.65,175.68613895610093,26750.0,20,2023-01-01
EPCI,200033116,46553,203.7,228.5370643102602,23150.0,10,2023-01-01
EPCI,200033173,24989,83.74,298.4117506567949,33330.0,10,2023-01-01
EPCI,200033181,136800,858.3,159.38483047885356,23500.0,66,2023-01-01
EPCI,200033298,27182,785.79,34.59193932221077,20800.0,29,2023-01-01
EPCI,200033579,109592,305.97,358.1789064287348,22260.0,46,2023-01-01
EPCI,200033827,13130,635.78,20.65179779168895,20430.0,13,2023-01-01
EPCI,200033868,14877,194.45,76.50809976857805,20110.0,8,2023-01-01
EPCI,200034023,29450,259.76,113.37388358484756,23660.0,21,2023-01-01
EPCI,200034031,6417,340.58,18.841388220095133,19780.0,14,2023-01-01
EPCI,200034049,11173,334.42,33.41008312899946,20640.0,11,2023-01-01
EPCI,200034056,14317,396.05,36.149476076252995,21520.0,28,2023-01-01
EPCI,200034064,5236,296.23,17.675454883030078,19400.0,25,2023-01-01
EPCI,200034098,12126,351.03,34.544056063584314,25560.0,8,2023-01-01
EPCI,200034130,22184,94.85,233.88508170795996,35290.0,11,2023-01-01
EPCI,200034197,11946,260.91,45.78590318500632,20110.0,18,2023-01-01
EPCI,200034205,10748,185.21,58.03142378921224,20040.0,23,2023-01-01
EPCI,200034270,24119,189.49,127.28376167607789,24550.0,20,2023-01-01
EPCI,200034379,29036,485.39,59.81993860606935,21320.0,34,2023-01-01
EPCI,200034411,22136,451.43,49.03528786301309,20430.0,34,2023-01-01
EPCI,200034601,5313,474.9,11.18761844598863,18140.0,15,2023-01-01
EPCI,200034635,26538,133.92,198.16308243727602,28220.0,23,2023-01-01
EPCI,200034692,74755,632.32,118.22336791497975,21650.0,44,2023-01-01
EPCI,200034700,63316,838.48,75.51283274496708,21730.0,25,2023-01-01
EPCI,200034718,23654,514.87,45.94169401984967,20150.0,35,2023-01-01
EPCI,200034726,11285,423.99,26.616193778155143,21940.0,41,2023-01-01
EPCI,200034825,28427,480.63,59.145288475542515,21690.0,25,2023-01-01
EPCI,200034833,18625,665.67,27.979329097000015,20800.0,47,2023-01-01
EPCI,200034874,5983,421.77,14.185456528439671,21620.0,25,2023-01-01
EPCI,200034882,45436,375.75,120.9208250166334,24370.0,10,2023-01-01
EPCI,200034957,27716,160.88,172.2774738935853,24890.0,10,2023-01-01
EPCI,200035087,59920,265.92,225.3309265944645,21870.0,13,2023-01-01
EPCI,200035103,7500,278.93,26.88846664037572,21230.0,31,2023-01-01
EPCI,200035111,11919,364.75,32.677176148046605,20730.0,23,2023-01-01
EPCI,200035129,19191,318.83,60.19195182385597,18500.0,23,2023-01-01
EPCI,200035137,6563,507.76,12.925397825744447,19570.0,17,2023-01-01
EPCI,200035202,23513,279.90999999999997,84.00200064306385,21580.0,25,2023-01-01
EPCI,200035319,116830,347.12,336.5694860566951,22670.0,5,2023-01-01
EPCI,200035327,5372,249.61,21.521573654901644,19790.0,15,2023-01-01
EPCI,200035442,27142,426.1,63.698662285848386,20930.0,64,2023-01-01
EPCI,200035533,14314,235.47,60.78906017751731,22320.0,22,2023-01-01
EPCI,200035541,10782,1063.95,10.133934865360214,20830.0,27,2023-01-01
EPCI,200035632,6685,297.34,22.482679760543487,20030.0,24,2023-01-01
EPCI,200035707,16042,473.25,33.897517168515584,20290.0,38,2023-01-01
EPCI,200035715,113933,1062.16,107.26538374632823,20040.0,83,2023-01-01
EPCI,200035723,9538,400.82,23.79621775360511,20500.0,11,2023-01-01
EPCI,200035731,100914,689.28,146.4049442896936,21260.0,40,2023-01-01
EPCI,200035756,7176,379.5,18.90909090909091,20780.0,37,2023-01-01
EPCI,200035764,16905,398.7,42.40030097817908,23520.0,23,2023-01-01
EPCI,200035772,14259,348.27,40.942372297355504,23370.0,55,2023-01-01
EPCI,200035814,53227,567.6899999999999,93.76067924395358,20660.0,42,2023-01-01
EPCI,200035848,5656,276.43,20.460876171182576,20180.0,10,2023-01-01
EPCI,200035855,27723,484.17,57.2588140529153,20970.0,43,2023-01-01
EPCI,200035863,33259,809.99,41.06100075309572,19450.0,54,2023-01-01
EPCI,200035970,24861,242.17,102.65928892926458,27870.0,34,2023-01-01
EPCI,200036069,13525,402.39,33.61167027013594,21210.0,33,2023-01-01
EPCI,200036077,57844,430.18,134.46464270770375,22180.0,12,2023-01-01
EPCI,200036135,18224,379.07,48.075553327881394,20460.0,19,2023-01-01
EPCI,200036150,8393,489.31,17.152725266191165,19750.0,48,2023-01-01
EPCI,200036465,37472,157.82999999999998,237.42000887030352,23250.0,16,2023-01-01
EPCI,200036473,60447,474.63,127.35604576196195,22060.0,36,2023-01-01
EPCI,200036499,24425,166.98,146.2750029943706,21760.0,10,2023-01-01
EPCI,200036523,16988,674.15,25.19913965734629,19890.0,43,2023-01-01
EPCI,200036549,20372,498.15999999999997,40.8944917295648,20660.0,48,2023-01-01
EPCI,200037059,26767,462.83,57.83332973229912,20120.0,60,2023-01-01
EPCI,200037133,34631,628.54,55.097527603652914,21670.0,39,2023-01-01
EPCI,200038958,13117,656.7,19.974112989188363,24230.0,28,2023-01-01
EPCI,200038990,26808,352.29,76.0963978540407,21740.0,17,2023-01-01
EPCI,200039022,82158,867.66,94.68916395823248,22240.0,46,2023-01-01
EPCI,200039055,10995,319.64,34.39807283193593,24870.0,32,2023-01-01
EPCI,200039063,7066,422.8,16.712393566698204,26040.0,25,2023-01-01
EPCI,200039204,52674,730.11,72.14529317500103,22040.0,61,2023-01-01
EPCI,200039519,7740,415.86,18.61203289568605,20390.0,10,2023-01-01
EPCI,200039642,15332,788.22,19.45142219177387,20380.0,52,2023-01-01
EPCI,200039709,7110,569.15,12.49231309848019,21410.0,35,2023-01-01
EPCI,200039758,18503,721.41,25.648383027681902,20910.0,48,2023-01-01
EPCI,200039808,15460,413.06,37.42797656514792,20980.0,20,2023-01-01
EPCI,200039824,9742,268.44,36.29116376098942,19750.0,16,2023-01-01
EPCI,200039832,9397,329.27,28.538889057612295,19700.0,15,2023-01-01
EPCI,200039857,100328,489.86,204.80953741885435,23840.0,23,2023-01-01
EPCI,200039865,228038,324.11,703.5821171824381,22390.0,46,2023-01-01
EPCI,200039907,16685,249.87,66.77472285588506,24930.0,34,2023-01-01
EPCI,200039915,157873,94.83,1664.800168722978,21830.0,5,2023-01-01
EPCI,200039931,9749,888.46,10.972919433626725,20460.0,34,2023-01-01
EPCI,200039949,52774,126.07,418.6087094471326,22830.0,20,2023-01-01
EPCI,200040038,12136,316.61,38.33106977037996,22080.0,27,2023-01-01
EPCI,200040095,18812,284.57,66.106757564044,21020.0,16,2023-01-01
EPCI,200040111,17067,356.79,47.8348608425124,23060.0,17,2023-01-01
EPCI,200040137,9195,440.34,20.88159149747922,20990.0,43,2023-01-01
EPCI,200040178,16184,119.79,135.10309708656814,24160.0,13,2023-01-01
EPCI,200040202,22485,646.02,34.80542398068172,21620.0,15,2023-01-01
EPCI,200040210,9144,540.48,16.91829484902309,20270.0,16,2023-01-01
EPCI,200040244,74029,1318.76,56.13530892656738,20480.0,33,2023-01-01
EPCI,200040251,23169,421.81,54.927574026220334,23010.0,42,2023-01-01
EPCI,200040277,115145,1055.7,109.06981149947902,21570.0,81,2023-01-01
EPCI,200040293,13926,448.67,31.03840238928388,22050.0,41,2023-01-01
EPCI,200040350,34106,624.01,54.65617538180478,22260.0,42,2023-01-01
EPCI,200040384,12356,235.95,52.367026912481464,20150.0,9,2023-01-01
EPCI,200040392,103583,993.26,104.28588687755472,21900.0,43,2023-01-01
EPCI,200040400,19447,683.67,28.445010019453832,20110.0,44,2023-01-01
EPCI,200040418,8407,450.36,18.667288391509015,18750.0,22,2023-01-01
EPCI,200040426,15897,327.18,48.587933247753526,21380.0,32,2023-01-01
EPCI,200040442,54777,356.36,153.71253788303963,20780.0,16,2023-01-01
EPCI,200040459,67708,381.19,177.6227078359873,21690.0,27,2023-01-01
EPCI,200040475,18095,464.03,38.995323578216926,21310.0,29,2023-01-01
EPCI,200040491,47646,420.75,113.24064171122994,21310.0,34,2023-01-01
EPCI,200040509,15961,234.2,68.15115286080274,20750.0,15,2023-01-01
EPCI,200040558,10968,539.9200000000001,20.314120610460805,20000.0,18,2023-01-01
EPCI,200040566,50651,578.5699999999999,87.54515443248009,21480.0,31,2023-01-01
EPCI,200040574,54358,249.43,217.92887784147857,26950.0,32,2023-01-01
EPCI,200040590,72707,167.66,433.6574018847668,21700.0,18,2023-01-01
EPCI,200040624,28939,635.65,45.5266262880516,20370.0,25,2023-01-01
EPCI,200040657,18902,638.68,29.59541554456066,22390.0,43,2023-01-01
EPCI,200040681,22780,366.73,62.116543506121666,20930.0,19,2023-01-01
EPCI,200040715,448457,545.54,822.0423800271292,23420.0,49,2023-01-01
EPCI,200040764,20708,583.77,35.472874591020435,20590.0,7,2023-01-01
EPCI,200040772,9183,384.85,23.86124464076913,21360.0,23,2023-01-01
EPCI,200040798,9090,400.32,22.706834532374103,23580.0,9,2023-01-01
EPCI,200040814,9138,326.04,28.027235921972764,21910.0,11,2023-01-01
EPCI,200040830,9654,321.45,30.032664489034065,21050.0,17,2023-01-01
EPCI,200040889,8448,279.31,30.245963266621317,20390.0,25,2023-01-01
EPCI,200040905,29863,476.32,62.69524689284515,19950.0,31,2023-01-01
EPCI,200040947,102688,630.4,162.89340101522842,22530.0,50,2023-01-01
EPCI,200040954,53616,448.46,119.55581322748964,22410.0,40,2023-01-01
EPCI,200041010,37495,330.26,113.53176285350936,24280.0,41,2023-01-01
EPCI,200041051,8942,250.23,35.73512368620869,19670.0,20,2023-01-01
EPCI,200041150,22134,568.73,38.91829163223322,20140.0,37,2023-01-01
EPCI,200041168,15725,527.94,29.78558169488957,20130.0,26,2023-01-01
EPCI,200041283,18430,149.83,123.00607355002334,26070.0,19,2023-01-01
EPCI,200041317,121754,815.35,149.32728276200405,23630.0,40,2023-01-01
EPCI,200041325,36926,162.84,226.76246622451487,25580.0,17,2023-01-01
EPCI,200041333,37038,836.15,44.29587992585063,20240.0,38,2023-01-01
EPCI,200041366,34193,200.02,170.94790520947905,23960.0,13,2023-01-01
EPCI,200041416,6880,225.98,30.445172139127358,20530.0,9,2023-01-01
EPCI,200041440,8487,376.61,22.53524866572847,20050.0,23,2023-01-01
EPCI,200041465,12396,510.09,24.301593836381816,20450.0,29,2023-01-01
EPCI,200041499,31184,440.47999999999996,70.79549582273884,22270.0,20,2023-01-01
EPCI,200041515,40343,266.2,151.55146506386177,22200.0,31,2023-01-01
EPCI,200041523,68390,1740.05,39.30346829114106,20450.0,129,2023-01-01
EPCI,200041556,6597,345.3,19.105125977410946,19540.0,16,2023-01-01
EPCI,200041572,11270,504.19,22.352684503857674,21010.0,16,2023-01-01
EPCI,200041614,32567,463.54,70.25715148638736,21560.0,24,2023-01-01
EPCI,200041622,9630,427.9,22.505258237906055,19780.0,37,2023-01-01
EPCI,200041630,121184,568.0,213.35211267605635,19980.0,58,2023-01-01
EPCI,200041689,51994,1415.95,36.72022317172216,20300.0,110,2023-01-01
EPCI,200041721,17140,442.4,38.74321880650995,19860.0,37,2023-01-01
EPCI,200041762,63968,421.35,151.81677939954906,21540.0,25,2023-01-01
EPCI,200041853,6593,237.62,27.74598097803215,22440.0,27,2023-01-01
EPCI,200041861,11041,370.35,29.812339678682324,21880.0,42,2023-01-01
EPCI,200041879,13187,379.21999999999997,34.774009809609204,21540.0,39,2023-01-01
EPCI,200041887,14427,301.85,47.79526254762299,23080.0,45,2023-01-01
EPCI,200041960,97129,310.33,312.98617600618695,25930.0,38,2023-01-01
EPCI,200041994,30671,346.3,88.56771585330638,22260.0,19,2023-01-01
EPCI,200042000,15040,220.03,68.3543153206381,20760.0,34,2023-01-01
EPCI,200042174,205765,738.71,278.54638491424237,22180.0,25,2023-01-01
EPCI,200042182,15670,548.05,28.592281726119882,20430.0,26,2023-01-01
EPCI,200042190,157752,366.24,430.73394495412845,18980.0,46,2023-01-01
EPCI,200042372,10745,402.2,26.715564395822973,22010.0,30,2023-01-01
EPCI,200042414,9898,282.64,35.01981318992358,21100.0,17,2023-01-01
EPCI,200042463,5838,288.33,20.2476329206118,19040.0,22,2023-01-01
EPCI,200042497,39725,179.48,221.3338533541342,26180.0,19,2023-01-01
EPCI,200042604,44569,282.77,157.61573009866677,22640.0,32,2023-01-01
EPCI,200042620,7745,479.5,16.152241918665275,21330.0,16,2023-01-01
EPCI,200042646,19958,460.13,43.374698454784514,19370.0,24,2023-01-01
EPCI,200042653,17999,313.92,57.33626401630988,20140.0,17,2023-01-01
EPCI,200042703,11862,831.44,14.26681420186664,21250.0,60,2023-01-01
EPCI,200042729,23153,445.02,52.02687519662038,20680.0,23,2023-01-01
EPCI,200042901,42937,289.2,148.46818810511758,22070.0,14,2023-01-01
EPCI,200042935,63216,688.8,91.77700348432056,20880.0,42,2023-01-01
EPCI,200042943,6655,305.73,21.767572694861478,21020.0,18,2023-01-01
EPCI,200042992,5622,287.51,19.554102466001183,22210.0,25,2023-01-01
EPCI,200043016,13753,419.34,32.79677588591596,19620.0,32,2023-01-01
EPCI,200043065,27757,253.68,109.41737622201198,22530.0,14,2023-01-01
EPCI,200043081,23456,347.05,67.58680305431494,22130.0,19,2023-01-01
EPCI,200043123,89233,520.84,171.32516703786192,22830.0,24,2023-01-01
EPCI,200043156,30012,812.04,36.958770503916064,21550.0,65,2023-01-01
EPCI,200043172,107216,808.72,132.57493322781679,21890.0,48,2023-01-01
EPCI,200043263,29279,417.99,70.04713031412234,20030.0,43,2023-01-01
EPCI,200043321,48318,466.92,103.48239527113851,22090.0,53,2023-01-01
EPCI,200043354,15653,293.93,53.25417616439288,20550.0,27,2023-01-01
EPCI,200043396,124770,343.62,363.1045922821722,17960.0,43,2023-01-01
EPCI,200043404,24603,178.98,137.46228628897083,17540.0,12,2023-01-01
EPCI,200043438,9439,491.06,19.221683704638945,24700.0,28,2023-01-01
EPCI,200043495,41853,315.43,132.68554037345845,20010.0,38,2023-01-01
EPCI,200043602,56597,292.5,193.4940170940171,20960.0,15,2023-01-01
EPCI,200043628,26984,373.26,72.29277179445963,23250.0,16,2023-01-01
EPCI,200043693,15391,242.72,63.4105141727093,23220.0,27,2023-01-01
EPCI,200043776,13665,926.0699999999999,14.755903981340504,18250.0,61,2023-01-01
EPCI,200043974,39211,830.22,47.2296499722965,21460.0,37,2023-01-01
EPCI,200043982,15769,605.72,26.033480816218713,20620.0,31,2023-01-01
EPCI,200043990,44247,504.41,87.72030689320195,22460.0,18,2023-01-01
EPCI,200044014,11711,612.63,19.115942738684033,19480.0,26,2023-01-01
EPCI,200044030,29522,497.25,59.370537958773255,19840.0,69,2023-01-01
EPCI,200044048,42476,330.56,128.49709583736689,22330.0,49,2023-01-01
EPCI,200044253,12343,695.8,17.739292900258697,19320.0,59,2023-01-01
EPCI,200044394,23868,324.87,73.46938775510203,19800.0,41,2023-01-01
EPCI,200044469,10548,333.75,31.604494382022473,20350.0,33,2023-01-01
EPCI,200044618,148875,235.74,631.5220157800967,19730.0,35,2023-01-01
EPCI,200046977,1416545,533.68,2654.296582221556,23200.0,59,2023-01-01
EPCI,200048551,28647,642.91,44.558336314569694,20800.0,37,2023-01-01
EPCI,200049187,27412,300.93,91.0909513840428,21130.0,25,2023-01-01
EPCI,200049211,20686,785.9,26.321414938287315,19110.0,45,2023-01-01
EPCI,200049484,11559,850.63,13.588751866263829,19680.0,32,2023-01-01
EPCI,200054781,7086619,814.24,8703.354047946552,24200.0,131,2023-01-01
EPCI,200054807,1903173,3149.2200000000003,604.3315487644559,22340.0,92,2023-01-01
EPCI,200055481,19587,515.12,38.024149712688306,22150.0,30,2023-01-01
EPCI,200055655,357929,340.88,1050.014667918329,19790.0,42,2023-01-01
EPCI,200055887,36678,621.8199999999999,58.984915248785825,21970.0,33,2023-01-01
EPCI,200056232,314485,185.85,1692.144202313694,27030.0,27,2023-01-01
EPCI,200056380,183428,74.08,2476.0799136069113,25490.0,18,2023-01-01
EPCI,200057859,204454,132.7,1540.723436322532,24340.0,21,2023-01-01
EPCI,200057958,227011,95.81,2369.3873290888214,23410.0,12,2023-01-01
EPCI,200058360,21094,452.01,46.66710913475366,22960.0,33,2023-01-01
EPCI,200058477,177572,66.36,2675.8890898131403,24250.0,9,2023-01-01
EPCI,200058485,284254,87.24000000000001,3258.298945437872,25270.0,15,2023-01-01
EPCI,200058519,336128,139.1,2416.448598130841,30000.0,19,2023-01-01
EPCI,200058782,228500,119.2,1916.946308724832,25270.0,12,2023-01-01
EPCI,200059228,355010,221.19,1605.0002260500023,21280.0,23,2023-01-01
EPCI,200059392,55314,695.63,79.51640958555554,22600.0,50,2023-01-01
EPCI,200059400,25630,338.08,75.81045906294368,21530.0,13,2023-01-01
EPCI,200059889,424510,504.71999999999997,841.0802028847678,23410.0,73,2023-01-01
EPCI,200060010,120454,1314.56,91.63065968841286,21400.0,6,2023-01-01
EPCI,200065563,31329,276.36,113.36300477637863,22920.0,39,2023-01-01
EPCI,200065589,18706,165.81,112.8158735902539,22330.0,18,2023-01-01
EPCI,200065597,272343,362.94,750.3802281368821,22450.0,48,2023-01-01
EPCI,200065647,139590,449.11,310.8147224510699,21210.0,72,2023-01-01
EPCI,200065787,32651,325.51,100.30721022395626,21400.0,32,2023-01-01
EPCI,200065886,111128,1320.98,84.12542203515572,22580.0,87,2023-01-01
EPCI,200065894,64083,553.02,115.87826841705545,22550.0,42,2023-01-01
EPCI,200065928,100188,904.36,110.78331637843337,22380.0,57,2023-01-01
EPCI,200066009,273767,439.16,623.3878313143273,21490.0,39,2023-01-01
EPCI,200066017,20456,410.55,49.82584338083059,21370.0,51,2023-01-01
EPCI,200066025,33686,328.89,102.42330262397762,25340.0,29,2023-01-01
EPCI,200066033,22322,229.82,97.1281872769994,25420.0,44,2023-01-01
EPCI,200066041,47711,433.23,110.12856912032869,28520.0,64,2023-01-01
EPCI,200066058,82859,267.98,309.1984476453466,30870.0,40,2023-01-01
EPCI,200066108,16235,755.61,21.485951747594658,21710.0,51,2023-01-01
EPCI,200066116,7003,493.85,14.180419155614052,21330.0,38,2023-01-01
EPCI,200066124,74383,1148.94,64.74054345744773,21090.0,56,2023-01-01
EPCI,200066132,9533,440.92,21.620702168193777,20200.0,41,2023-01-01
EPCI,200066140,6423,663.35,9.682671289666088,22170.0,47,2023-01-01
EPCI,200066157,22069,710.1899999999999,31.07478280460159,20820.0,54,2023-01-01
EPCI,200066165,9029,350.03000000000003,25.79493186298317,21480.0,25,2023-01-01
EPCI,200066173,8121,492.35,16.49436376561389,21220.0,41,2023-01-01
EPCI,200066223,10982,380.52,28.860506675076213,19640.0,27,2023-01-01
EPCI,200066231,39958,415.13,96.25418543588755,20550.0,34,2023-01-01
EPCI,200066280,29269,490.48,59.67419670526831,21650.0,31,2023-01-01
EPCI,200066322,42170,451.1,93.4825980935491,19500.0,22,2023-01-01
EPCI,200066330,26114,685.33,38.104270935169914,23110.0,30,2023-01-01
EPCI,200066348,14447,784.95,18.40499394865915,18420.0,36,2023-01-01
EPCI,200066355,127927,310.28999999999996,412.2820587192627,20940.0,14,2023-01-01
EPCI,200066363,7103,1128.28,6.295423121920091,20830.0,52,2023-01-01
EPCI,200066371,45085,1292.73,34.8758054659519,21100.0,77,2023-01-01
EPCI,200066389,76494,819.87,93.30015734201764,21650.0,61,2023-01-01
EPCI,200066405,41424,338.71,122.29931209589326,24240.0,40,2023-01-01
EPCI,200066413,54442,916.89,59.376806378082435,21540.0,75,2023-01-01
EPCI,200066462,37865,811.42,46.66510561731286,21130.0,41,2023-01-01
EPCI,200066512,27667,611.4499999999999,45.248180554419825,21900.0,24,2023-01-01
EPCI,200066520,11310,421.38,26.84038160330343,19990.0,16,2023-01-01
EPCI,200066553,7978,789.05,10.11089284582726,19850.0,20,2023-01-01
EPCI,200066561,12399,463.83,26.731776728542787,20360.0,16,2023-01-01
EPCI,200066587,35002,396.90000000000003,88.18846056941294,22510.0,32,2023-01-01
EPCI,200066603,7480,254.31,29.412921237859305,20830.0,12,2023-01-01
EPCI,200066637,11405,899.8000000000001,12.675038897532785,20340.0,35,2023-01-01
EPCI,200066645,5706,539.37,10.579008843650927,20400.0,20,2023-01-01
EPCI,200066652,42859,434.59,98.61938838905635,22120.0,25,2023-01-01
EPCI,200066660,23447,1366.34,17.1604432278935,20580.0,53,2023-01-01
EPCI,200066678,21091,1061.13,19.87598126525496,20740.0,50,2023-01-01
EPCI,200066710,24668,387.79,63.61174862683411,22220.0,42,2023-01-01
EPCI,200066728,25881,130.16,198.83988936693302,24580.0,23,2023-01-01
EPCI,200066744,32103,1784.59,17.989005878100855,20940.0,70,2023-01-01
EPCI,200066751,11249,652.18,17.248305682480296,20660.0,30,2023-01-01
EPCI,200066769,12972,389.58,33.297397196981365,21710.0,34,2023-01-01
EPCI,200066777,42244,804.76,52.49266862170088,21170.0,30,2023-01-01
EPCI,200066785,39243,640.13,61.30473497570806,21350.0,26,2023-01-01
EPCI,200066793,209389,515.0,406.58058252427185,26940.0,34,2023-01-01
EPCI,200066801,26438,581.74,45.44641936260185,21210.0,59,2023-01-01
EPCI,200066819,30567,408.23,74.87690762560321,22360.0,32,2023-01-01
EPCI,200066827,27172,194.15,139.95364408962143,22230.0,23,2023-01-01
EPCI,200066835,21145,761.99,27.749708001417343,22140.0,62,2023-01-01
EPCI,200066850,20954,581.47,36.036252945121845,23560.0,51,2023-01-01
EPCI,200066868,22419,281.03000000000003,79.77440130946873,22110.0,10,2023-01-01
EPCI,200066876,79563,810.35,98.18350095637688,21550.0,46,2023-01-01
EPCI,200066884,22620,336.97,67.12763747514614,21370.0,13,2023-01-01
EPCI,200066892,7532,447.5,16.831284916201117,20900.0,38,2023-01-01
EPCI,200066918,132799,920.91,144.20410246386726,19480.0,72,2023-01-01
EPCI,200066926,39230,602.0,65.16611295681064,22200.0,34,2023-01-01
EPCI,200066975,24658,203.42,121.2171861173926,28090.0,17,2023-01-01
EPCI,200067023,47720,643.03,74.2111565556817,21330.0,48,2023-01-01
EPCI,200067031,21931,483.59,45.350400132343516,20250.0,30,2023-01-01
EPCI,200067049,7615,917.39,8.30072270244934,21600.0,33,2023-01-01
EPCI,200067064,18370,187.38,98.03607642224357,19950.0,12,2023-01-01
EPCI,200067072,31636,246.07,128.56504246759053,21660.0,14,2023-01-01
EPCI,200067080,14722,591.53,24.888002299122615,22410.0,36,2023-01-01
EPCI,200067106,318709,2968.02,107.38101495272943,22530.0,158,2023-01-01
EPCI,200067114,67237,434.03,154.9132548441352,22030.0,29,2023-01-01
EPCI,200067122,11131,220.97,50.37335384893877,21040.0,11,2023-01-01
EPCI,200067130,33770,1753.78,19.255550867269555,20870.0,57,2023-01-01
EPCI,200067155,13624,432.43,31.505677219434357,20910.0,14,2023-01-01
EPCI,200067163,6253,652.37,9.585051427870686,19250.0,23,2023-01-01
EPCI,200067171,10053,860.25,11.686137750653879,19860.0,21,2023-01-01
EPCI,200067189,13488,908.56,14.845469754336534,19440.0,43,2023-01-01
EPCI,200067197,7632,393.38,19.401088006507702,19410.0,12,2023-01-01
EPCI,200067205,178002,1439.3600000000001,123.66746331702979,22520.0,129,2023-01-01
EPCI,200067213,296749,1432.36,207.17487223882264,22340.0,143,2023-01-01
EPCI,200067239,28931,522.41,55.3798740452901,23500.0,66,2023-01-01
EPCI,200067247,22678,426.89,53.12375553421256,21470.0,17,2023-01-01
EPCI,200067254,162618,343.61,473.26329268647595,22660.0,31,2023-01-01
EPCI,200067262,32056,1065.94,30.072987222545358,21890.0,48,2023-01-01
EPCI,200067288,17403,442.0,39.373303167420815,21010.0,53,2023-01-01
EPCI,200067296,34551,579.34,59.63855421686747,23760.0,73,2023-01-01
EPCI,200067304,23751,469.58000000000004,50.57924102389369,21240.0,29,2023-01-01
EPCI,200067320,7751,244.55,31.694949907994275,21380.0,16,2023-01-01
EPCI,200067346,66241,522.14,126.8644424866894,23410.0,15,2023-01-01
EPCI,200067361,43747,1282.71,34.10513678072206,21520.0,92,2023-01-01
EPCI,200067379,11454,450.7,25.413800754382073,21300.0,40,2023-01-01
EPCI,200067429,11855,501.49,23.639554128696485,19970.0,30,2023-01-01
EPCI,200067437,47759,1574.02,30.342054103505674,21130.0,46,2023-01-01
EPCI,200067445,9479,716.42,13.231065576058738,20760.0,20,2023-01-01
EPCI,200067452,7916,831.55,9.5195718838314,21100.0,15,2023-01-01
EPCI,200067460,51323,1168.44,43.924377802882475,20830.0,41,2023-01-01
EPCI,200067478,19744,644.4,30.63935443823712,21950.0,21,2023-01-01
EPCI,200067486,24179,329.6,73.35861650485437,23780.0,40,2023-01-01
EPCI,200067502,52419,347.54,150.82868159060826,21030.0,41,2023-01-01
EPCI,200067544,16379,985.26,16.62403832490916,19720.0,42,2023-01-01
EPCI,200067551,92185,238.87,385.92121237493194,28260.0,25,2023-01-01
EPCI,200067593,13233,964.78,13.716080349924335,18860.0,50,2023-01-01
EPCI,200067627,25917,276.48,93.73914930555554,23350.0,25,2023-01-01
EPCI,200067635,56596,309.56,182.82723866132577,23740.0,16,2023-01-01
EPCI,200067643,16561,270.62,61.196511713842284,22530.0,37,2023-01-01
EPCI,200067650,22940,252.36,90.90188619432556,23110.0,37,2023-01-01
EPCI,200067668,19986,499.1,40.04407934281707,21520.0,23,2023-01-01
EPCI,200067676,27334,752.52,36.323287088715254,21670.0,38,2023-01-01
EPCI,200067684,47363,586.92,80.69753969876645,22890.0,47,2023-01-01
EPCI,200067692,9545,760.3199999999999,12.553924663299664,20540.0,58,2023-01-01
EPCI,200067700,20291,527.23,38.486049731616184,20660.0,20,2023-01-01
EPCI,200067742,16850,608.82,27.676488945829636,21490.0,17,2023-01-01
EPCI,200067759,24406,412.81,59.121629805479515,20370.0,31,2023-01-01
EPCI,200067767,9602,476.74,20.14095733523514,21280.0,18,2023-01-01
EPCI,200067783,26407,358.56,73.64736724676483,23040.0,38,2023-01-01
EPCI,200067791,32077,443.78,72.28131055928614,21860.0,42,2023-01-01
EPCI,200067817,44639,539.81,82.69391082047387,22660.0,35,2023-01-01
EPCI,200067825,50097,351.41,142.55997268148315,21960.0,17,2023-01-01
EPCI,200067841,24284,380.22,63.86828678133712,21930.0,45,2023-01-01
EPCI,200067866,49064,276.17,177.65868848897418,23410.0,11,2023-01-01
EPCI,200067874,97995,399.23,245.46001052025147,23620.0,36,2023-01-01
EPCI,200067882,15293,1209.01,12.649192314372916,19620.0,46,2023-01-01
EPCI,200067890,12149,959.31,12.664310806725668,20090.0,34,2023-01-01
EPCI,200067908,8524,646.86,13.177503632934483,21210.0,28,2023-01-01
EPCI,200067916,24776,716.33,34.58741083020396,21100.0,30,2023-01-01
EPCI,200067924,48327,268.51,179.98212357081673,24510.0,28,2023-01-01
EPCI,200067932,173461,807.4,214.83898934852613,23820.0,34,2023-01-01
EPCI,200067940,30056,1638.74,18.340920463282767,19710.0,94,2023-01-01
EPCI,200067957,19243,257.94,74.60262076451887,26430.0,28,2023-01-01
EPCI,200067965,83078,263.77,314.96379421465673,22650.0,22,2023-01-01
EPCI,200067973,61391,313.35,195.91830221796712,24310.0,41,2023-01-01
EPCI,200067981,73447,1107.65,66.30885207421116,20980.0,57,2023-01-01
EPCI,200067999,103934,538.98,192.83461352925897,21420.0,53,2023-01-01
EPCI,200068005,21015,395.62,53.11915474445175,21340.0,52,2023-01-01
EPCI,200068047,88665,83.49,1061.9834710743803,17210.0,11,2023-01-01
EPCI,200068070,25373,666.94,38.043902000179926,23040.0,72,2023-01-01
EPCI,200068088,19754,589.99,33.48192342243089,21710.0,32,2023-01-01
EPCI,200068096,11355,766.75,14.809259863058363,21160.0,25,2023-01-01
EPCI,200068104,101073,947.5,106.67335092348284,22530.0,28,2023-01-01
EPCI,200068112,35786,243.9,146.7240672406724,23590.0,35,2023-01-01
EPCI,200068120,101287,479.40999999999997,211.27427462923177,22270.0,14,2023-01-01
EPCI,200068146,45329,809.21,56.016361636657976,21790.0,76,2023-01-01
EPCI,200068229,20908,1082.85,19.308306783026275,20120.0,67,2023-01-01
EPCI,200068278,17846,547.36,32.603770827243494,21310.0,20,2023-01-01
EPCI,200068294,15710,389.96,40.286183198276746,21610.0,54,2023-01-01
EPCI,200068369,18690,473.74,39.45202009541099,21620.0,76,2023-01-01
EPCI,200068377,29207,262.77,111.15043574228413,20940.0,10,2023-01-01
EPCI,200068435,11165,388.35,28.74983906270117,21360.0,12,2023-01-01
EPCI,200068443,13049,335.25,38.92319164802386,20530.0,12,2023-01-01
EPCI,200068450,33402,715.05,46.712817285504514,20840.0,49,2023-01-01
EPCI,200068468,25415,546.48,46.50673400673401,20600.0,32,2023-01-01
EPCI,200068484,14607,741.53,19.69846128949604,20860.0,17,2023-01-01
EPCI,200068500,80713,411.28,196.24829799649874,20610.0,55,2023-01-01
EPCI,200068534,37835,489.27,77.32949087415946,21890.0,79,2023-01-01
EPCI,200068542,77819,617.18,126.0880132214265,24070.0,47,2023-01-01
EPCI,200068559,23267,728.45,31.940421442789482,20680.0,70,2023-01-01
EPCI,200068567,63679,347.37,183.31750007196936,22620.0,36,2023-01-01
EPCI,200068625,11397,1718.06,6.633644925089928,20040.0,41,2023-01-01
EPCI,200068641,124721,319.77,390.03346155048945,23860.0,26,2023-01-01
EPCI,200068658,44205,926.95,47.68865634608123,21680.0,63,2023-01-01
EPCI,200068666,56305,929.73,60.56059286029277,19970.0,60,2023-01-01
EPCI,200068674,77857,299.99,259.53198439948,25200.0,28,2023-01-01
EPCI,200068682,17397,415.22,41.89827079620442,22330.0,45,2023-01-01
EPCI,200068757,110325,1118.43,98.64274026984255,21270.0,78,2023-01-01
EPCI,200068765,25243,1488.27,16.961304064450673,20500.0,60,2023-01-01
EPCI,200068773,11767,693.59,16.965354171772947,20300.0,60,2023-01-01
EPCI,200068781,223630,940.53,237.77019340159273,21940.0,54,2023-01-01
EPCI,200068799,46376,788.99,58.77894523377989,20630.0,17,2023-01-01
EPCI,200068807,33168,312.42,106.16477818321489,23180.0,19,2023-01-01
EPCI,200068815,35018,570.22,61.41138507944302,22200.0,48,2023-01-01
EPCI,200068831,18063,579.91,31.14793674880585,21780.0,23,2023-01-01
EPCI,200068856,8065,387.73999999999995,20.800020632382527,20600.0,10,2023-01-01
EPCI,200068864,24706,174.23,141.80106755438214,24970.0,24,2023-01-01
EPCI,200068872,19480,452.38,43.061143286617444,20390.0,21,2023-01-01
EPCI,200068880,9791,710.74,13.775782986746208,21580.0,30,2023-01-01
EPCI,200068914,21765,468.28,46.47860254548561,20950.0,27,2023-01-01
EPCI,200068922,18104,380.26,47.609530321359074,20040.0,29,2023-01-01
EPCI,200068930,24553,450.68,54.47989704446614,19680.0,27,2023-01-01
EPCI,200068948,25937,741.6899999999999,34.97013577100945,20860.0,33,2023-01-01
EPCI,200068955,27988,453.92,61.65844201621431,21710.0,17,2023-01-01
EPCI,200068963,21539,187.65,114.78284039435118,23290.0,13,2023-01-01
EPCI,200068989,102994,974.0699999999999,105.73572741178766,22020.0,65,2023-01-01
EPCI,200068997,61677,763.62,80.76923076923077,22680.0,39,2023-01-01
EPCI,200069003,18571,812.75,22.84958474315595,22380.0,53,2023-01-01
EPCI,200069029,65791,409.12,160.8110089949159,21490.0,46,2023-01-01
EPCI,200069037,105128,543.62,193.38508516978771,20230.0,53,2023-01-01
EPCI,200069052,101396,262.02,386.9780932753225,21890.0,52,2023-01-01
EPCI,200069060,15096,175.13,86.19882373094273,23450.0,22,2023-01-01
EPCI,200069086,31592,428.8,73.67537313432835,21510.0,27,2023-01-01
EPCI,200069094,14450,428.92,33.6892660636016,20430.0,25,2023-01-01
EPCI,200069102,5277,654.48,8.062889622295563,20760.0,15,2023-01-01
EPCI,200069110,138240,526.5,262.56410256410254,23590.0,38,2023-01-01
EPCI,200069128,5627,716.34,7.855208420582405,20050.0,21,2023-01-01
EPCI,200069136,5043,619.32,8.142801782600271,17400.0,19,2023-01-01
EPCI,200069144,5052,549.65,9.19130355680888,19520.0,17,2023-01-01
EPCI,200069151,6927,906.74,7.6394556322650375,19970.0,17,2023-01-01
EPCI,200069169,12573,690.71,18.20300849850154,21340.0,27,2023-01-01
EPCI,200069177,40762,307.31,132.64130682372848,25580.0,27,2023-01-01
EPCI,200069185,10683,435.14,24.550719308728226,21170.0,20,2023-01-01
EPCI,200069193,39632,631.2,62.78833967046894,24210.0,36,2023-01-01
EPCI,200069227,18202,687.99,26.456779895056613,22430.0,36,2023-01-01
EPCI,200069235,15751,420.75,37.435531788472964,19770.0,49,2023-01-01
EPCI,200069250,174501,889.59,196.15890466394632,20860.0,81,2023-01-01
EPCI,200069268,7912,582.2900000000001,13.587731199230623,21330.0,15,2023-01-01
EPCI,200069300,125873,614.81,204.73479611587322,20820.0,86,2023-01-01
EPCI,200069383,27306,668.0,40.877245508982035,20760.0,29,2023-01-01
EPCI,200069391,68062,912.85,74.55989483485786,22420.0,38,2023-01-01
EPCI,200069409,152860,600.72,254.4613130909575,22250.0,32,2023-01-01
EPCI,200069417,24006,390.67,61.448281158010595,21530.0,24,2023-01-01
EPCI,200069425,87571,1543.9,56.72064252866118,21070.0,95,2023-01-01
EPCI,200069433,11623,444.99,26.119688082878266,20000.0,51,2023-01-01
EPCI,200069441,33512,602.37,55.633580689609374,22350.0,46,2023-01-01
EPCI,200069458,14240,531.85,26.77446648491116,19730.0,46,2023-01-01
EPCI,200069482,33162,553.79,59.88190469311472,22600.0,96,2023-01-01
EPCI,200069516,17303,195.89,88.33018530808107,23740.0,28,2023-01-01
EPCI,200069524,24818,416.88,59.532719247745156,21690.0,27,2023-01-01
EPCI,200069532,72916,951.57,76.62704793131351,20720.0,53,2023-01-01
EPCI,200069540,16210,125.22,129.4521641910238,28170.0,14,2023-01-01
EPCI,200069565,16407,419.77,39.08568978249994,33790.0,32,2023-01-01
EPCI,200069581,32819,312.44,105.04096786583024,22050.0,27,2023-01-01
EPCI,200069599,16554,446.18,37.10161818100318,20560.0,50,2023-01-01
EPCI,200069615,19096,438.67,43.53158410650375,22660.0,54,2023-01-01
EPCI,200069623,22826,622.92,36.64354973351313,22830.0,66,2023-01-01
EPCI,200069631,18145,312.08,58.1421430402461,21420.0,34,2023-01-01
EPCI,200069649,26030,587.03,44.34185646389452,21710.0,50,2023-01-01
EPCI,200069656,15811,1786.37,8.850909945867878,20690.0,26,2023-01-01
EPCI,200069664,10638,848.64,12.535350678733032,20670.0,59,2023-01-01
EPCI,200069672,37698,633.57,59.500923339173255,19910.0,103,2023-01-01
EPCI,200069698,15740,217.91,72.23165527052453,22370.0,24,2023-01-01
EPCI,200069722,21324,464.26,45.931159264205405,20200.0,44,2023-01-01
EPCI,200069730,29076,607.29,47.87827891122858,20680.0,53,2023-01-01
EPCI,200069748,21589,553.23,39.02355259114654,21290.0,31,2023-01-01
EPCI,200069755,47025,1283.4,36.64095371669004,21120.0,62,2023-01-01
EPCI,200069763,41748,693.5600000000001,60.19378280177634,22260.0,27,2023-01-01
EPCI,200069821,38327,207.08,185.08305968707745,21070.0,33,2023-01-01
EPCI,200069839,27698,387.5,71.47870967741936,21540.0,63,2023-01-01
EPCI,200069847,21198,252.57999999999998,83.9258848681606,22190.0,40,2023-01-01
EPCI,200069854,196530,1064.7,184.58720766413074,22190.0,40,2023-01-01
EPCI,200069912,7683,314.67,24.416054914672515,21330.0,15,2023-01-01
EPCI,200069953,48615,400.58,121.36152578760797,24840.0,39,2023-01-01
EPCI,200069961,39903,787.44,50.67433709234989,21060.0,23,2023-01-01
EPCI,200069995,30552,496.45,61.540940678819624,20620.0,18,2023-01-01
EPCI,200070035,27163,887.8100000000001,30.595510300627385,20220.0,36,2023-01-01
EPCI,200070043,38988,1988.26,19.609105448985545,20340.0,55,2023-01-01
EPCI,200070068,24973,488.42,51.13017484951476,21030.0,46,2023-01-01
EPCI,200070092,92148,568.76,162.01561291230044,21100.0,45,2023-01-01
EPCI,200070100,24244,590.28,41.07203361116758,22470.0,19,2023-01-01
EPCI,200070118,20805,157.58,132.02817616448786,24090.0,15,2023-01-01
EPCI,200070126,10174,385.36,26.401287108158606,21570.0,25,2023-01-01
EPCI,200070142,20656,275.42,74.99818459080676,22030.0,30,2023-01-01
EPCI,200070159,24337,963.29,25.264458262828434,22610.0,48,2023-01-01
EPCI,200070167,14169,367.55,38.54985716229084,21060.0,22,2023-01-01
EPCI,200070183,49283,659.23,74.75843028988365,23670.0,25,2023-01-01
EPCI,200070233,49885,379.31,131.5151195591996,22550.0,10,2023-01-01
EPCI,200070282,17634,755.68,23.33527419013339,19910.0,50,2023-01-01
EPCI,200070290,23185,210.51,110.13728563963707,21800.0,25,2023-01-01
EPCI,200070308,78970,298.2,264.822266934943,22160.0,39,2023-01-01
EPCI,200070316,21856,864.71,25.275525898856262,20770.0,30,2023-01-01
EPCI,200070324,40762,452.14,90.15349228115186,20850.0,43,2023-01-01
EPCI,200070332,15130,807.39,18.739394840163985,20600.0,63,2023-01-01
EPCI,200070340,8564,849.77,10.078021111594902,22850.0,10,2023-01-01
EPCI,200070365,23741,549.15,43.232268050623695,19590.0,21,2023-01-01
EPCI,200070373,23512,537.24,43.7644255826074,20490.0,24,2023-01-01
EPCI,200070407,56919,1017.85,55.920813479392834,21760.0,88,2023-01-01
EPCI,200070431,44618,596.19,74.83855817776211,22580.0,47,2023-01-01
EPCI,200070449,55643,543.3,102.41671268175962,24960.0,64,2023-01-01
EPCI,200070464,14436,356.40999999999997,40.503914031592835,22860.0,14,2023-01-01
EPCI,200070506,13017,395.16,32.9410871545703,21230.0,15,2023-01-01
EPCI,200070514,69126,754.26,91.64744252644977,22800.0,55,2023-01-01
EPCI,200070530,35431,1252.32,28.2922895106682,20680.0,55,2023-01-01
EPCI,200070548,15002,290.93,51.565668717560925,20980.0,29,2023-01-01
EPCI,200070555,23096,211.96,108.96395546329495,23200.0,18,2023-01-01
EPCI,200070563,44622,467.6,95.42771599657827,22530.0,41,2023-01-01
EPCI,200070571,6854,207.84,32.97729022324865,22910.0,11,2023-01-01
EPCI,200070589,18813,345.13,54.509894822240895,24930.0,42,2023-01-01
EPCI,200070647,60604,586.55,103.32281987895321,20820.0,38,2023-01-01
EPCI,200070662,32384,461.85,70.11800368084876,21840.0,20,2023-01-01
EPCI,200070670,23718,321.68,73.73165879134544,20900.0,19,2023-01-01
EPCI,200070688,21957,397.54,55.2321778940484,20960.0,15,2023-01-01
EPCI,200070712,36628,624.41,58.6601752053939,20140.0,30,2023-01-01
EPCI,200070720,27231,1035.43,26.29921868209343,22100.0,14,2023-01-01
EPCI,200070738,19202,457.2,41.99912510936133,23930.0,47,2023-01-01
EPCI,200070746,63927,340.5,187.7444933920705,22070.0,38,2023-01-01
EPCI,200070753,67701,401.82,168.48588920412126,24430.0,31,2023-01-01
EPCI,200070761,27565,1229.82,22.413849181180986,20770.0,58,2023-01-01
EPCI,200070779,39755,366.18,108.56682505871429,26680.0,31,2023-01-01
EPCI,200070787,17722,429.61,41.251367519378036,21300.0,57,2023-01-01
EPCI,200070795,6838,330.2,20.708661417322837,20030.0,50,2023-01-01
EPCI,200070803,11015,260.51,42.28244597136386,22340.0,53,2023-01-01
EPCI,200070811,15291,996.1,15.35086838670816,21500.0,46,2023-01-01
EPCI,200070829,7292,304.04,23.98368635705828,21050.0,43,2023-01-01
EPCI,200070845,53038,392.81,135.0220208243171,21420.0,41,2023-01-01
EPCI,200070852,20959,273.69,76.57934159085096,28850.0,26,2023-01-01
EPCI,200070894,29798,492.93,60.45077394356196,25030.0,55,2023-01-01
EPCI,200070902,23396,384.71,60.81463959865874,21830.0,35,2023-01-01
EPCI,200070910,4936,312.7,15.785097537575952,22740.0,18,2023-01-01
EPCI,200070928,18152,295.66,61.39484543056213,20330.0,43,2023-01-01
EPCI,200070936,32865,783.6899999999999,41.936224782758494,20690.0,71,2023-01-01
EPCI,200070944,22454,189.75,118.33465085638998,20330.0,25,2023-01-01
EPCI,200070951,31001,537.7,57.654826111214426,21630.0,65,2023-01-01
EPCI,200070969,21820,385.16,56.651781077993554,22830.0,47,2023-01-01
EPCI,200070977,25378,396.69,63.97438806120648,20370.0,62,2023-01-01
EPCI,200070985,19989,264.56,75.55563955246447,19870.0,41,2023-01-01
EPCI,200070993,48679,398.59,122.12800120424497,20170.0,43,2023-01-01
EPCI,200071017,15702,770.22,20.386383111318843,21690.0,76,2023-01-01
EPCI,200071025,9861,479.25,20.57589984350548,21010.0,21,2023-01-01
EPCI,200071033,5264,305.4,17.236411263916178,22130.0,14,2023-01-01
EPCI,200071041,10389,588.13,17.664461938687026,20750.0,42,2023-01-01
EPCI,200071058,27534,353.38,77.91612428547172,20790.0,25,2023-01-01
EPCI,200071066,73887,979.9399999999999,75.39951425597486,20270.0,77,2023-01-01
EPCI,200071074,22789,144.32,157.9060421286031,24130.0,18,2023-01-01
EPCI,200071082,60058,377.76,158.98454044896232,20790.0,21,2023-01-01
EPCI,200071116,34113,196.74,173.39127782860626,22100.0,32,2023-01-01
EPCI,200071140,64474,1336.16,48.2532032091965,21540.0,44,2023-01-01
EPCI,200071165,56343,172.14000000000001,327.3091669571279,23440.0,5,2023-01-01
EPCI,200071173,7041,473.23,14.87860025780276,20760.0,34,2023-01-01
EPCI,200071181,38449,909.18,42.289755603950816,21620.0,119,2023-01-01
EPCI,200071199,21351,352.82,60.5152769117397,22310.0,25,2023-01-01
EPCI,200071207,8600,496.79,17.311137502767767,22270.0,47,2023-01-01
EPCI,200071215,12631,840.09,15.035293837565023,20350.0,36,2023-01-01
EPCI,200071223,27803,314.18,88.49385702463556,21340.0,36,2023-01-01
EPCI,200071298,41259,617.36,66.83134637812621,24780.0,58,2023-01-01
EPCI,200071314,34721,374.56,92.69809910294745,24500.0,29,2023-01-01
EPCI,200071363,83578,741.33,112.74061484089407,21260.0,39,2023-01-01
EPCI,200071371,25513,258.3,98.77274487030584,23090.0,20,2023-01-01
EPCI,200071389,33906,911.39,37.202514839969716,21070.0,60,2023-01-01
EPCI,200071405,23083,281.09,82.11960582019994,21560.0,15,2023-01-01
EPCI,200071413,43920,602.09,72.94590509724459,21380.0,42,2023-01-01
EPCI,200071454,110627,659.25,167.80735684489952,21940.0,74,2023-01-01
EPCI,200071470,24536,1089.48,22.520835628006022,20080.0,44,2023-01-01
EPCI,200071496,13705,735.7,18.62851705858366,20350.0,25,2023-01-01
EPCI,200071504,12031,362.42,33.19629159538657,21200.0,16,2023-01-01
EPCI,200071512,25710,727.96,35.31787460849497,20950.0,33,2023-01-01
EPCI,200071520,15836,366.94,43.15691938736578,20560.0,15,2023-01-01
EPCI,200071538,22422,395.04,56.75880923450789,21880.0,25,2023-01-01
EPCI,200071546,25157,353.53,71.1594489859418,21370.0,8,2023-01-01
EPCI,200071553,56685,607.08,93.37319628385056,23120.0,19,2023-01-01
EPCI,200071579,28291,509.86,55.487780959479075,21090.0,30,2023-01-01
EPCI,200071587,50748,1809.46,28.045936356703105,21160.0,67,2023-01-01
EPCI,200071595,21647,598.25,36.1838696197242,22110.0,66,2023-01-01
EPCI,200071629,48814,440.31,110.86280120823965,21620.0,11,2023-01-01
EPCI,200071645,8028,257.68,31.15492083203974,21600.0,16,2023-01-01
EPCI,200071652,4878,230.70000000000002,21.144343302990897,20850.0,19,2023-01-01
EPCI,200071678,104864,787.96,133.08289760901567,21770.0,26,2023-01-01
EPCI,200071751,133942,1236.83,108.2945918194093,22730.0,74,2023-01-01
EPCI,200071769,17122,291.16,58.806154691578506,20860.0,36,2023-01-01
EPCI,200071777,11819,608.08,19.4365872911459,21450.0,39,2023-01-01
EPCI,200071785,54848,382.79,143.28482980224143,19760.0,48,2023-01-01
EPCI,200071819,15072,560.25,26.90227576974565,19840.0,28,2023-01-01
EPCI,200071827,142379,643.62,221.2159348684006,21880.0,38,2023-01-01
EPCI,200071843,32661,346.05,94.38231469440832,21810.0,39,2023-01-01
EPCI,200071850,25795,432.9,59.58650958650959,21780.0,32,2023-01-01
EPCI,200071868,36542,647.98,56.39371585542764,21480.0,16,2023-01-01
EPCI,200071876,98377,1233.65,79.74466015482511,20740.0,45,2023-01-01
EPCI,200071884,39957,941.91,42.42125043793993,20910.0,44,2023-01-01
EPCI,200071892,79669,293.26,271.6667803314465,19500.0,39,2023-01-01
EPCI,200071900,34724,504.6,68.81490289338089,22380.0,20,2023-01-01
EPCI,200071918,28542,324.69,87.90538667652223,21920.0,10,2023-01-01
EPCI,200071926,27598,791.09,34.88604330733545,19810.0,76,2023-01-01
EPCI,200071934,34968,463.46,75.44987701203988,21010.0,25,2023-01-01
EPCI,200071942,22479,1266.22,17.752839159071883,19330.0,40,2023-01-01
EPCI,200071967,42077,322.46,130.48750232586988,28640.0,22,2023-01-01
EPCI,200071983,16515,329.28000000000003,50.15488338192419,18880.0,36,2023-01-01
EPCI,200071991,28935,534.39,54.14584853758491,21900.0,54,2023-01-01
EPCI,200072007,4822,692.59,6.962272051285753,18600.0,28,2023-01-01
EPCI,200072015,48938,316.28,154.72998608827623,21990.0,29,2023-01-01
EPCI,200072023,21970,603.35,36.41335874699594,20730.0,50,2023-01-01
EPCI,200072031,54485,879.96,61.917587163052865,21280.0,87,2023-01-01
EPCI,200072049,35272,1394.89,25.286581737628055,19670.0,58,2023-01-01
EPCI,200072056,10567,207.41,50.94739887179982,21320.0,22,2023-01-01
EPCI,200072064,47159,807.19,58.42366729022906,21390.0,33,2023-01-01
EPCI,200072072,52492,1039.61,50.492011427362186,21890.0,65,2023-01-01
EPCI,200072080,15530,683.5,22.72128749085589,19650.0,34,2023-01-01
EPCI,200072098,19475,427.02,45.60676314926702,22770.0,29,2023-01-01
EPCI,200072106,24022,525.04,45.752704555843366,20720.0,72,2023-01-01
EPCI,200072130,108278,214.43,504.9573287319871,22530.0,26,2023-01-01
EPCI,200072304,7639,1013.62,7.536354846984077,20450.0,13,2023-01-01
EPCI,200072312,82615,696.63,118.59236610539311,23030.0,61,2023-01-01
EPCI,200072320,9968,512.85,19.43648240226187,21050.0,45,2023-01-01
EPCI,200072346,69015,437.38,157.79185147926287,27870.0,26,2023-01-01
EPCI,200072452,55835,538.65,103.65729137658963,21040.0,29,2023-01-01
EPCI,200072460,276094,645.57,427.67476803445015,19940.0,100,2023-01-01
EPCI,200072478,25248,189.33,133.35446046585326,20550.0,23,2023-01-01
EPCI,200072544,26590,394.23,67.4479364837785,22660.0,31,2023-01-01
EPCI,200072635,15541,637.41,24.381481307164933,20760.0,76,2023-01-01
EPCI,200072643,44192,985.51,44.84175705979645,20440.0,104,2023-01-01
EPCI,200072650,53703,485.02,110.72326914354048,23800.0,22,2023-01-01
EPCI,200072668,24895,684.31,36.37971094971577,20650.0,40,2023-01-01
EPCI,200072676,27546,610.07,45.15219564967954,20500.0,51,2023-01-01
EPCI,200072684,30258,396.73,76.26849494618506,22120.0,22,2023-01-01
EPCI,200072692,15013,415.05,36.17154559691603,21090.0,19,2023-01-01
EPCI,200072700,22652,489.28,46.29659908436887,21230.0,38,2023-01-01
EPCI,200072718,18035,429.22,42.01807930664927,21480.0,24,2023-01-01
EPCI,200072726,44359,879.42,50.44119988174024,20330.0,26,2023-01-01
EPCI,200072734,40126,306.25,131.02367346938775,24110.0,11,2023-01-01
EPCI,200072825,12556,424.15,29.602734881527763,23780.0,32,2023-01-01
EPCI,200072874,28473,332.97,85.51220830705468,26370.0,21,2023-01-01
EPCI,200072882,45298,489.73,92.49586506850713,22120.0,15,2023-01-01
EPCI,200072981,33157,757.88,43.7496701324748,21480.0,28,2023-01-01
EPCI,200072999,20773,696.39,29.829549534025475,21470.0,54,2023-01-01
EPCI,200073013,32623,123.25,264.6896551724138,27470.0,19,2023-01-01
EPCI,200073096,58331,497.96,117.13993091814604,22490.0,41,2023-01-01
EPCI,200073104,10807,389.63,27.736570592613507,20580.0,22,2023-01-01
EPCI,200073112,22655,542.5600000000001,41.75575051607195,20560.0,19,2023-01-01
EPCI,200073120,7581,387.15,19.581557535838822,21320.0,15,2023-01-01
EPCI,200073138,6110,904.46,6.755412069079893,20170.0,42,2023-01-01
EPCI,200073146,17791,516.66,34.43463786629505,21090.0,55,2023-01-01
EPCI,200073161,40295,213.46,188.77072987913425,24300.0,10,2023-01-01
EPCI,200073237,21980,507.28,43.32912789780792,23350.0,19,2023-01-01
EPCI,200073245,40339,326.92,123.3910436804111,20690.0,28,2023-01-01
EPCI,200073252,12653,233.03,54.297729906020685,19390.0,42,2023-01-01
EPCI,200073260,55090,942.14,58.47326299700681,21160.0,43,2023-01-01
EPCI,200073344,79058,629.5,125.58856235107228,28920.0,36,2023-01-01
EPCI,200073393,16542,1086.04,15.231483186622961,19750.0,60,2023-01-01
EPCI,200073401,11296,461.29,24.487849292202302,21220.0,22,2023-01-01
EPCI,200073419,82539,1323.99,62.34110529535722,21450.0,72,2023-01-01
EPCI,200073427,31106,353.0,88.11898016997168,22520.0,14,2023-01-01
EPCI,200077014,92201,418.95,220.0763814297649,23730.0,30,2023-01-01
EPCI,200083392,114501,686.07,166.89404871223053,22350.0,34,2023-01-01
EPCI,200084952,265498,495.77,535.526554652359,21640.0,54,2023-01-01
EPCI,200085728,16679,423.46,39.38742738393237,20960.0,27,2023-01-01
EPCI,200085751,68691,409.92,167.57172131147541,22400.0,37,2023-01-01
EPCI,200089456,103175,512.1,201.47432142159732,22350.0,60,2023-01-01
EPCI,200090504,93739,581.9399999999999,161.08018008729425,24000.0,54,2023-01-01
EPCI,200090561,38192,508.15,75.158909770737,19960.0,16,2023-01-01
EPCI,200090579,24567,979.93,25.070158072515387,22130.0,92,2023-01-01
EPCI,200090751,98975,184.10999999999999,537.5862256259845,19190.0,14,2023-01-01
EPCI,200093201,1182250,671.91,1759.5362474140884,21450.0,95,2023-01-01
EPCI,200096634,21124,305.24,69.20456034595728,21100.0,14,2023-01-01
EPCI,200096642,14233,196.38,72.47683063448416,21400.0,8,2023-01-01
EPCI,200096675,16088,247.66,64.96002584188,21380.0,6,2023-01-01
EPCI,200096683,26817,420.89,63.71498491292262,21200.0,12,2023-01-01
EPCI,200096956,101169,649.58,155.7452507774254,21670.0,44,2023-01-01
EPCI,240100610,25039,127.49000000000001,196.39971762491174,24660.0,9,2023-01-01
EPCI,240100750,100314,404.85,247.78065950351981,36620.0,27,2023-01-01
EPCI,240100800,24619,65.56,375.51860890787066,26550.0,6,2023-01-01
EPCI,240100883,79824,711.6,112.17537942664418,23560.0,53,2023-01-01
EPCI,240100891,21964,225.76,97.28915662650603,24160.0,12,2023-01-01
EPCI,240200444,26102,722.14,36.14534577782702,19700.0,68,2023-01-01
EPCI,240200469,14424,428.66,33.6490458638548,20220.0,42,2023-01-01
EPCI,240200477,52890,180.96,292.2745358090186,19820.0,27,2023-01-01
EPCI,240200493,31079,448.29,69.32789042807111,20280.0,54,2023-01-01
EPCI,240200501,20233,395.17,51.20074904471493,21540.0,57,2023-01-01
EPCI,240200519,5600,231.76,24.16292716603383,21690.0,26,2023-01-01
EPCI,240200576,20844,578.23,36.04793940127631,21320.0,46,2023-01-01
EPCI,240200584,15609,235.19,66.36761767081934,22380.0,21,2023-01-01
EPCI,240200592,5492,178.98,30.684992736618618,21470.0,30,2023-01-01
EPCI,240200600,20889,349.21,59.81787463131067,18070.0,26,2023-01-01
EPCI,240200634,6806,257.17,26.464984251662322,18440.0,30,2023-01-01
EPCI,240300491,8429,333.95,25.240305434945352,19990.0,14,2023-01-01
EPCI,240300558,7469,495.59,15.070925563469805,20110.0,15,2023-01-01
EPCI,240300566,5517,192.27,28.694024028709627,21460.0,7,2023-01-01
EPCI,240300657,7382,378.46000000000004,19.505363842942447,20530.0,14,2023-01-01
EPCI,240400440,9985,309.43,32.269010761723166,20500.0,13,2023-01-01
EPCI,240500439,19117,843.75,22.657185185185185,21230.0,13,2023-01-01
EPCI,240500462,6543,462.84,14.136634690173711,20900.0,8,2023-01-01
EPCI,240600551,73935,660.13,112.0006665353794,22510.0,15,2023-01-01
EPCI,240600585,180750,482.82,374.3631166894495,24750.0,24,2023-01-01
EPCI,240600593,21470,202.75,105.89395807644883,23760.0,11,2023-01-01
EPCI,240700302,9060,279.93,32.36523416568428,19680.0,19,2023-01-01
EPCI,240700617,6115,92.02,66.45294501195393,20150.0,11,2023-01-01
EPCI,240700716,5949,146.18,40.696401696538516,21520.0,8,2023-01-01
EPCI,240700815,7916,219.29,36.09831729673036,21370.0,13,2023-01-01
EPCI,240700864,18911,262.27,72.10508254851871,21320.0,9,2023-01-01
EPCI,240800821,25969,272.89,95.16288614460039,19510.0,19,2023-01-01
EPCI,240800847,19783,525.85,37.62099458020348,20340.0,50,2023-01-01
EPCI,240800862,21760,1015.65,21.424703391916506,21220.0,94,2023-01-01
EPCI,240800920,16957,1194.27,14.19863180017919,20470.0,95,2023-01-01
EPCI,240900431,8412,221.75,37.93461104847802,20130.0,20,2023-01-01
EPCI,240900464,14818,327.97,45.18096167332378,18970.0,24,2023-01-01
EPCI,241000223,6884,323.4,21.286332714904145,22710.0,15,2023-01-01
EPCI,241000405,10744,352.26,30.50019871685687,20690.0,27,2023-01-01
EPCI,241000447,7737,318.46999999999997,24.294282035984555,21040.0,14,2023-01-01
EPCI,241000488,8438,438.69,19.23453919624336,22200.0,25,2023-01-01
EPCI,241100593,131649,846.6,155.5031892274982,20200.0,37,2023-01-01
EPCI,241200187,56218,205.3,273.8334145153434,22790.0,8,2023-01-01
EPCI,241200542,5264,309.57,17.004231676196014,19170.0,11,2023-01-01
EPCI,241200567,28973,511.68,56.62328017510944,20840.0,15,2023-01-01
EPCI,241200625,5639,161.85,34.84090206981774,22090.0,8,2023-01-01
EPCI,241200641,12067,418.26,28.85047578061493,22560.0,12,2023-01-01
EPCI,241200658,7936,264.72,29.978845572680566,22660.0,9,2023-01-01
EPCI,241200674,6161,187.87,32.79395326555597,21310.0,13,2023-01-01
EPCI,241200765,5312,478.75,11.09556135770235,20170.0,10,2023-01-01
EPCI,241200807,5544,262.12,21.150618037540056,19660.0,7,2023-01-01
EPCI,241200906,6627,651.76,10.167853197496012,19800.0,16,2023-01-01
EPCI,241200914,5479,442.47,12.382760413135353,19810.0,13,2023-01-01
EPCI,241300375,27762,319.76,86.8213660245184,23480.0,10,2023-01-01
EPCI,241300417,83698,1445.84,57.88883970563825,19840.0,6,2023-01-01
EPCI,241400415,20605,118.14999999999999,174.39695302581467,22510.0,12,2023-01-01
EPCI,241400514,27565,488.42,56.4370828385406,21130.0,58,2023-01-01
EPCI,241400555,29775,199.01,149.61559720617055,22640.0,36,2023-01-01
EPCI,241400860,23864,60.620000000000005,393.66545694490264,25070.0,12,2023-01-01
EPCI,241400878,19404,323.57,59.96847668201626,22820.0,44,2023-01-01
EPCI,241500230,53538,491.9,108.83919495832487,22270.0,25,2023-01-01
EPCI,241500255,6647,460.2,14.443720121686225,19990.0,17,2023-01-01
EPCI,241500271,6603,224.03,29.473731196714727,20720.0,11,2023-01-01
EPCI,241501055,8271,324.63,25.478236761851957,20490.0,16,2023-01-01
EPCI,241501089,4935,237.46,20.78244757011707,20690.0,11,2023-01-01
EPCI,241501139,8401,642.86,13.068164141492705,19930.0,27,2023-01-01
EPCI,241600303,9893,287.82,34.37217705510388,21500.0,13,2023-01-01
EPCI,241700434,175608,326.96,537.0932224125276,23540.0,28,2023-01-01
EPCI,241700459,17503,85.32000000000001,205.14533520862634,25880.0,10,2023-01-01
EPCI,241700517,17468,271.76,64.27730350309096,21350.0,18,2023-01-01
EPCI,241700624,22076,174.39,126.58982739836,22110.0,8,2023-01-01
EPCI,241700632,14617,263.49,55.47459106607461,20960.0,16,2023-01-01
EPCI,241700640,84382,603.92,139.72380447741423,22530.0,33,2023-01-01
EPCI,241700699,15505,181.91,85.2344565994173,20730.0,6,2023-01-01
EPCI,241800374,10779,391.54,27.529754303519436,21990.0,15,2023-01-01
EPCI,241800424,7290,335.65,21.719052584537465,21670.0,17,2023-01-01
EPCI,241800432,5031,269.56,18.66374833061285,19110.0,11,2023-01-01
EPCI,241800457,11456,232.0,49.37931034482759,21490.0,9,2023-01-01
EPCI,241800507,102434,417.26,245.49201936442506,22410.0,17,2023-01-01
EPCI,241900133,10113,472.33,21.41087798784748,20780.0,19,2023-01-01
EPCI,241927201,44194,868.06,50.91122733451605,22100.0,43,2023-01-01
EPCI,241927243,9879,335.09000000000003,29.481631800411826,21300.0,12,2023-01-01
EPCI,242000354,62237,68.14,913.3695333137657,21210.0,5,2023-01-01
EPCI,242000495,8523,680.4,12.526455026455027,20850.0,18,2023-01-01
EPCI,242000503,9117,381.53000000000003,23.895892852462453,24130.0,10,2023-01-01
EPCI,242010056,89990,268.75,334.846511627907,22970.0,10,2023-01-01
EPCI,242010130,11744,525.6800000000001,22.34058742961497,20200.0,18,2023-01-01
EPCI,242020071,9868,361.97,27.2619277840705,20860.0,10,2023-01-01
EPCI,242020105,12641,561.66,22.506498593455117,19920.0,14,2023-01-01
EPCI,242100154,13702,374.64,36.57377749306001,23970.0,23,2023-01-01
EPCI,242100410,256758,239.96,1070.0033338889814,22570.0,23,2023-01-01
EPCI,242101434,19519,1813.85,10.761088292857734,20490.0,107,2023-01-01
EPCI,242101442,5278,265.42,19.885464546756083,20490.0,12,2023-01-01
EPCI,242101459,7407,315.92,23.44580906558622,21430.0,24,2023-01-01
EPCI,242101491,10330,430.5,23.995354239256677,21260.0,33,2023-01-01
EPCI,242101509,20439,379.11,53.91311228930917,21670.0,38,2023-01-01
EPCI,242200715,18170,699.02,25.993533804469113,19860.0,23,2023-01-01
EPCI,242300135,10380,273.29,37.98163123422005,20310.0,10,2023-01-01
EPCI,242320000,6817,389.41,17.505970570863614,20160.0,16,2023-01-01
EPCI,242320109,6933,339.51,20.420606167712293,19890.0,17,2023-01-01
EPCI,242400752,14030,499.71999999999997,28.075722404546546,20160.0,22,2023-01-01
EPCI,242400935,6678,242.96,27.486005926901548,19610.0,6,2023-01-01
EPCI,242401024,13626,533.54,25.538853694193502,20380.0,28,2023-01-01
EPCI,242500320,8102,198.23,40.87171467487263,27450.0,16,2023-01-01
EPCI,242500338,28131,154.42,182.1719984457972,26220.0,10,2023-01-01
EPCI,242500361,196278,528.61,371.30966118688633,22510.0,68,2023-01-01
EPCI,242504116,20949,161.69,129.56274352155359,32150.0,8,2023-01-01
EPCI,242504181,26617,643.63,41.3545049174215,24270.0,47,2023-01-01
EPCI,242504355,6787,148.70000000000002,45.64223268325487,30650.0,17,2023-01-01
EPCI,242504371,5491,229.87,23.88741462565798,22100.0,27,2023-01-01
EPCI,242504447,16035,348.91,45.957410220400675,22400.0,58,2023-01-01
EPCI,242504488,6557,204.46,32.069842511982785,24190.0,11,2023-01-01
EPCI,242504496,6210,178.4,34.809417040358746,27550.0,10,2023-01-01
EPCI,242600252,30632,588.54,52.04743942637714,22320.0,29,2023-01-01
EPCI,242600492,9556,370.19,25.81377130662633,21240.0,21,2023-01-01
EPCI,242600534,11845,1224.49,9.673415054430825,19570.0,50,2023-01-01
EPCI,242700276,18411,259.94,70.82788335769793,22230.0,25,2023-01-01
EPCI,242700607,22555,304.65999999999997,74.03334865095518,23470.0,41,2023-01-01
EPCI,242852465,12199,339.42,35.940722408815034,22130.0,19,2023-01-01
EPCI,242900074,49096,317.05,154.85254691689008,24260.0,19,2023-01-01
EPCI,242900314,211156,218.37,966.9643266016394,22420.0,8,2023-01-01
EPCI,242900553,41552,271.02,153.31709836912407,23180.0,13,2023-01-01
EPCI,242900561,14891,410.90999999999997,36.2390791170816,20100.0,11,2023-01-01
EPCI,242900629,15271,177.37,86.09685967187235,21430.0,10,2023-01-01
EPCI,242900645,18164,105.51,172.1542981707895,21360.0,5,2023-01-01
EPCI,242900660,28859,130.25,221.5662188099808,25180.0,7,2023-01-01
EPCI,242900694,56069,606.99,92.3721972355393,22230.0,16,2023-01-01
EPCI,242900702,37694,167.09,225.59099886288826,22800.0,12,2023-01-01
EPCI,242900710,18450,211.14,87.38277919863599,21780.0,10,2023-01-01
EPCI,242900744,15317,301.2,50.853253652058434,21150.0,11,2023-01-01
EPCI,242900751,33303,404.19,82.39441846656275,21240.0,19,2023-01-01
EPCI,242900769,51442,371.28,138.55311355311358,22440.0,9,2023-01-01
EPCI,242900793,27425,202.78,135.24509320445804,22210.0,14,2023-01-01
EPCI,242900801,49277,371.37,132.6897703099335,23630.0,22,2023-01-01
EPCI,242900835,64524,680.3,94.84639129795679,21790.0,26,2023-01-01
EPCI,243000270,9926,383.21,25.902246809843167,18400.0,21,2023-01-01
EPCI,243000296,24107,194.10999999999999,124.19246818814075,22440.0,18,2023-01-01
EPCI,243000569,27765,81.32,341.4289227742253,23460.0,10,2023-01-01
EPCI,243000585,31143,205.37,151.6433753712811,19670.0,5,2023-01-01
EPCI,243000593,27331,203.59,134.24529692028096,21060.0,5,2023-01-01
EPCI,243000643,257570,790.85,325.6875513687804,20240.0,39,2023-01-01
EPCI,243000650,20596,202.32,101.79913009094504,21780.0,3,2023-01-01
EPCI,243000684,25345,247.69,102.32548750454197,21800.0,16,2023-01-01
EPCI,243100518,806503,458.16,1760.308625807578,23370.0,37,2023-01-01
EPCI,243100567,21653,351.74,61.559674759765734,21070.0,28,2023-01-01
EPCI,243100633,81269,248.42,327.14354721842045,27140.0,36,2023-01-01
EPCI,243100732,22269,209.22,106.43819902494981,27220.0,18,2023-01-01
EPCI,243100773,18218,146.24,124.57603938730853,22490.0,9,2023-01-01
EPCI,243100781,41897,99.96,419.13765506202486,26150.0,7,2023-01-01
EPCI,243100815,20899,47.71,438.0423391322574,27680.0,7,2023-01-01
EPCI,243200391,19135,683.29,28.004214901432775,20800.0,43,2023-01-01
EPCI,243200409,8599,313.77,27.405424355419576,20280.0,26,2023-01-01
EPCI,243200417,14419,498.18,28.94335380786061,20190.0,26,2023-01-01
EPCI,243200425,7690,287.11,26.784159381421752,19950.0,19,2023-01-01
EPCI,243200458,13357,533.12,25.054396758703483,19530.0,25,2023-01-01
EPCI,243200508,6993,296.97,23.547833114456004,19930.0,30,2023-01-01
EPCI,243200599,9730,326.72,29.780852105778646,22470.0,32,2023-01-01
EPCI,243200607,7012,376.95,18.601936596365565,20250.0,25,2023-01-01
EPCI,243300316,819604,578.27,1417.337921732063,23580.0,28,2023-01-01
EPCI,243300563,68175,328.83,207.3259739074902,24300.0,4,2023-01-01
EPCI,243300811,15767,248.19,63.52794230226842,19680.0,14,2023-01-01
EPCI,243301165,32035,232.14999999999998,137.99267714839544,27340.0,3,2023-01-01
EPCI,243301181,21103,211.72,99.67409786510486,20990.0,12,2023-01-01
EPCI,243301215,18096,123.57000000000001,146.44331148336974,23370.0,15,2023-01-01
EPCI,243301223,36948,151.15,244.4459146543169,22020.0,16,2023-01-01
EPCI,243301249,28559,81.57,350.1164643864166,24340.0,6,2023-01-01
EPCI,243301264,46038,330.14,139.44993033258618,25790.0,13,2023-01-01
EPCI,243301355,21207,68.02,311.77594825051455,25920.0,8,2023-01-01
EPCI,243301371,16623,220.43,75.4116953227782,18850.0,20,2023-01-01
EPCI,243301389,22016,636.25,34.602750491159135,23530.0,10,2023-01-01
EPCI,243301397,17452,134.68,129.58122958122956,22600.0,18,2023-01-01
EPCI,243301405,21206,546.13,38.82958270008972,23850.0,5,2023-01-01
EPCI,243301439,21971,87.6,250.81050228310505,25720.0,11,2023-01-01
EPCI,243301447,29964,174.59,171.62494988258206,24450.0,10,2023-01-01
EPCI,243301454,19014,227.97,83.40571127779971,20130.0,31,2023-01-01
EPCI,243301504,70808,594.86,119.03304979322866,24700.0,8,2023-01-01
EPCI,243400017,499761,421.83,1184.745039470877,21850.0,31,2023-01-01
EPCI,243400355,28410,236.16,120.29979674796748,20210.0,21,2023-01-01
EPCI,243400470,45099,114.76,392.9853607528755,23680.0,8,2023-01-01
EPCI,243400488,28852,171.93,167.81248182399813,21040.0,8,2023-01-01
EPCI,243400520,51191,157.91,324.1783294281553,20600.0,14,2023-01-01
EPCI,243400694,41070,481.04,85.3775153833361,21760.0,28,2023-01-01
EPCI,243400736,13156,241.13,54.55978103097914,19680.0,13,2023-01-01
EPCI,243400769,127786,303.0,421.73597359735976,18600.0,17,2023-01-01
EPCI,243400819,80165,386.62,207.34830065697585,19930.0,20,2023-01-01
EPCI,243500139,462580,705.04,656.104618177692,23740.0,43,2023-01-01
EPCI,243500550,26134,194.39,134.44107207160863,23430.0,8,2023-01-01
EPCI,243500618,18981,296.86,63.939230613757324,22780.0,8,2023-01-01
EPCI,243500634,26834,369.31,72.65982507920175,21880.0,16,2023-01-01
EPCI,243500659,27347,129.6,211.01080246913583,25360.0,5,2023-01-01
EPCI,243500667,38080,297.94,127.81096865140633,23990.0,19,2023-01-01
EPCI,243500725,28169,73.73,382.05615082056147,24500.0,8,2023-01-01
EPCI,243500733,35872,440.55,81.42549086369311,21850.0,25,2023-01-01
EPCI,243500741,66727,990.93,67.33775342355162,20800.0,31,2023-01-01
EPCI,243500774,27058,252.25,107.26660059464817,23860.0,9,2023-01-01
EPCI,243500782,85342,245.5,347.62525458248473,22500.0,18,2023-01-01
EPCI,243600202,6167,249.56,24.71149222631832,20500.0,10,2023-01-01
EPCI,243600236,19311,310.66,62.161205176076734,21320.0,12,2023-01-01
EPCI,243600293,6273,342.9,18.293963254593177,21120.0,10,2023-01-01
EPCI,243600301,13464,481.56,27.959132818340393,20900.0,12,2023-01-01
EPCI,243600319,17655,823.5,21.438979963570127,20400.0,28,2023-01-01
EPCI,243600327,73022,537.88,135.75890533204432,21320.0,14,2023-01-01
EPCI,243600343,4697,441.83,10.630785596270059,19990.0,11,2023-01-01
EPCI,243600350,16208,642.78,25.21547030088055,20610.0,30,2023-01-01
EPCI,243700499,16532,353.06,46.824902282898094,21980.0,16,2023-01-01
EPCI,243700754,298041,389.16,765.8572309589886,22360.0,22,2023-01-01
EPCI,243700820,21555,326.34,66.0507446221732,23210.0,15,2023-01-01
EPCI,243800604,109717,245.91,446.1672969785694,22120.0,22,2023-01-01
EPCI,243800745,10658,546.09,19.516929443864562,22350.0,19,2023-01-01
EPCI,243800935,29311,61.54,476.2918427039324,23130.0,6,2023-01-01
EPCI,243800984,94501,367.34,257.2575815320956,24550.0,31,2023-01-01
EPCI,243801024,11926,255.0,46.76862745098039,25170.0,6,2023-01-01
EPCI,243801073,22700,154.4,147.02072538860102,23500.0,14,2023-01-01
EPCI,243801255,25130,137.97,182.14104515474378,25950.0,10,2023-01-01
EPCI,243900354,7162,100.52000000000001,71.24950258654994,35040.0,4,2023-01-01
EPCI,243900420,9056,272.72,33.206218832502195,22010.0,24,2023-01-01
EPCI,243900479,9150,147.37,62.08862047906629,25290.0,4,2023-01-01
EPCI,243900560,11739,264.07,44.45412201310259,22600.0,32,2023-01-01
EPCI,243900610,5415,169.68,31.91301272984441,25660.0,8,2023-01-01
EPCI,243901089,9153,210.02,43.58156366060375,21200.0,21,2023-01-01
EPCI,244000543,12636,360.49,35.05228993869456,21640.0,6,2023-01-01
EPCI,244000659,28770,149.77,192.0945449689524,23290.0,8,2023-01-01
EPCI,244000675,56850,344.25,165.14161220043573,21770.0,20,2023-01-01
EPCI,244000691,9370,518.08,18.086009882643605,20890.0,6,2023-01-01
EPCI,244000766,17827,599.5600000000001,29.733471212222295,21620.0,17,2023-01-01
EPCI,244000774,6249,214.01,29.1995701135461,21200.0,12,2023-01-01
EPCI,244000808,54172,481.1,112.60029099979214,22350.0,18,2023-01-01
EPCI,244000824,7689,166.69,46.12754214409983,21810.0,11,2023-01-01
EPCI,244000857,12235,607.33,20.145555134770223,22690.0,10,2023-01-01
EPCI,244000865,69473,603.9300000000001,115.03485503286804,23070.0,23,2023-01-01
EPCI,244000873,30562,667.52,45.78439597315436,23070.0,7,2023-01-01
EPCI,244000881,7639,186.57,40.9444176448518,21320.0,16,2023-01-01
EPCI,244100293,5986,297.88,20.09534040553243,20770.0,12,2023-01-01
EPCI,244100780,8632,543.62,15.878738824914462,21650.0,12,2023-01-01
EPCI,244100798,20659,433.0,47.711316397228636,23940.0,16,2023-01-01
EPCI,244100806,10489,497.2,21.096138374899436,21420.0,7,2023-01-01
EPCI,244200614,5881,196.3,29.959246051961284,20710.0,12,2023-01-01
EPCI,244200622,15430,306.79,50.294990058346094,23060.0,16,2023-01-01
EPCI,244200630,14082,251.59,55.972017965737905,21440.0,16,2023-01-01
EPCI,244200770,406868,723.5,562.3607463718038,20620.0,53,2023-01-01
EPCI,244200820,5161,256.07,20.154645214199242,20050.0,11,2023-01-01
EPCI,244200895,16859,144.15,116.9545612209504,23900.0,14,2023-01-01
EPCI,244300307,8018,212.17000000000002,37.790451053400574,21100.0,8,2023-01-01
EPCI,244301016,18202,281.41999999999996,64.67912728306447,21630.0,9,2023-01-01
EPCI,244301099,9366,153.24,61.11981205951448,20970.0,12,2023-01-01
EPCI,244301107,8059,200.24,40.24670395525369,20690.0,6,2023-01-01
EPCI,244301123,5159,369.4,13.965890633459665,19120.0,20,2023-01-01
EPCI,244301131,20523,112.89,181.79643901142705,22850.0,7,2023-01-01
EPCI,244400404,672420,523.35,1284.8380624820866,24290.0,24,2023-01-01
EPCI,244400438,40900,259.97,157.3258452898411,23700.0,9,2023-01-01
EPCI,244400453,16545,213.16,77.6177519234378,22080.0,4,2023-01-01
EPCI,244400503,65977,509.36,129.5292131302026,24920.0,12,2023-01-01
EPCI,244400537,16149,273.48,59.05002193944712,21260.0,7,2023-01-01
EPCI,244400552,68327,863.07,79.16739082577311,22180.0,20,2023-01-01
EPCI,244400586,30691,197.48000000000002,155.41320640064816,23010.0,6,2023-01-01
EPCI,244400610,75716,386.12,196.09447840049725,24330.0,15,2023-01-01
EPCI,244400644,128857,320.27,402.33865176257535,22320.0,10,2023-01-01
EPCI,244500203,62408,231.19,269.9424715601886,20130.0,15,2023-01-01
EPCI,244500211,24025,357.77,67.15208094585907,21350.0,11,2023-01-01
EPCI,244500419,17195,286.9,59.93377483443709,22140.0,19,2023-01-01
EPCI,244500427,43016,549.7,78.25359286883754,24180.0,20,2023-01-01
EPCI,244500468,290346,334.32,868.4673366834171,22650.0,22,2023-01-01
EPCI,244500484,17375,209.01,83.12999378020191,24670.0,10,2023-01-01
EPCI,244500542,6847,248.42,27.562193060140086,22890.0,15,2023-01-01
EPCI,244600433,14456,370.37,39.03123903123903,21210.0,27,2023-01-01
EPCI,244600482,10028,308.38,32.518321551332775,20880.0,20,2023-01-01
EPCI,244600532,8626,444.83,19.391677719578265,21270.0,23,2023-01-01
EPCI,244600573,3920,335.35,11.68927985686596,20660.0,17,2023-01-01
EPCI,244700449,5736,226.86,25.284316318434275,19480.0,17,2023-01-01
EPCI,244700464,10324,242.76,42.52759927500412,19190.0,20,2023-01-01
EPCI,244701355,12418,695.24,17.861457913813936,20630.0,27,2023-01-01
EPCI,244701405,7360,255.85,28.766855579441078,19740.0,15,2023-01-01
EPCI,244800405,15659,212.6,73.65475070555033,22510.0,7,2023-01-01
EPCI,244800470,9647,264.48,36.47534785238959,21570.0,12,2023-01-01
EPCI,244900015,303535,666.72,455.2660787137029,22550.0,29,2023-01-01
EPCI,244900809,34615,647.74,53.43965171210671,20540.0,11,2023-01-01
EPCI,244900882,34966,734.33,47.61619435403701,21060.0,7,2023-01-01
EPCI,245100615,14407,182.82,78.80428837107537,25600.0,14,2023-01-01
EPCI,245100888,7580,290.04,26.134326299820714,21310.0,20,2023-01-01
EPCI,245100979,5813,319.13,18.215147432080972,21270.0,14,2023-01-01
EPCI,245200597,7440,689.4,10.791993037423847,21310.0,29,2023-01-01
EPCI,245300223,13782,421.76,32.677352048558426,21120.0,22,2023-01-01
EPCI,245300355,20624,479.15,43.04288844829386,20930.0,15,2023-01-01
EPCI,245300389,18540,526.9399999999999,35.18427145405549,20340.0,27,2023-01-01
EPCI,245300447,30189,453.38,66.58652785742645,21510.0,16,2023-01-01
EPCI,245400171,28330,188.88,149.98941126641253,24100.0,19,2023-01-01
EPCI,245400189,29012,137.57999999999998,210.87367349905512,22970.0,16,2023-01-01
EPCI,245400262,62931,173.47,362.77742549143943,22460.0,21,2023-01-01
EPCI,245400510,11261,371.83,30.28534545356749,22200.0,38,2023-01-01
EPCI,245400601,39939,155.56,256.74337876060684,23120.0,13,2023-01-01
EPCI,245400676,256928,142.3,1805.5375966268446,22190.0,20,2023-01-01
EPCI,245400759,5859,246.98000000000002,23.722568629038786,22860.0,28,2023-01-01
EPCI,245500327,8430,247.54999999999998,34.05372651989497,20900.0,19,2023-01-01
EPCI,245501176,4763,256.75,18.55111976630964,21410.0,32,2023-01-01
EPCI,245501184,7089,184.39,38.44568577471664,21660.0,16,2023-01-01
EPCI,245501242,7519,239.1,31.447093266415727,20860.0,26,2023-01-01
EPCI,245501259,6964,243.65,28.581982351734045,21660.0,25,2023-01-01
EPCI,245600440,18317,116.60000000000001,157.09262435677527,23310.0,5,2023-01-01
EPCI,245600465,5528,85.63,64.55681420063063,22330.0,4,2023-01-01
EPCI,245614383,24015,328.07,73.20084128387235,21540.0,13,2023-01-01
EPCI,245614417,24533,763.3,32.14070483427224,19810.0,21,2023-01-01
EPCI,245614433,46475,718.96,64.64198286413708,21490.0,24,2023-01-01
EPCI,245700133,24225,259.62,93.30945227640397,22170.0,33,2023-01-01
EPCI,245700372,76391,139.08,549.2594190394017,19850.0,21,2023-01-01
EPCI,245700398,31532,74.3,424.3876177658143,18960.0,11,2023-01-01
EPCI,245700695,27409,197.39,138.8570849587112,32290.0,22,2023-01-01
EPCI,245700950,17321,183.31,94.49020784463477,22680.0,26,2023-01-01
EPCI,245701164,17716,47.519999999999996,372.81144781144786,20270.0,5,2023-01-01
EPCI,245701206,28365,974.35,29.111715502642788,21650.0,128,2023-01-01
EPCI,245701222,71066,86.24,824.0491651205938,20430.0,10,2023-01-01
EPCI,245701271,52936,93.07,568.7761899645428,21430.0,12,2023-01-01
EPCI,245701354,35242,224.02,157.3163110436568,25900.0,26,2023-01-01
EPCI,245701362,82041,156.49,524.2571410313758,24490.0,13,2023-01-01
EPCI,245701404,29402,72.88,403.4302963776071,24260.0,8,2023-01-01
EPCI,245801063,7223,180.94,39.91931026859733,23500.0,6,2023-01-01
EPCI,245804406,64617,249.98000000000002,258.48867909432755,21140.0,13,2023-01-01
EPCI,245804497,5270,291.12,18.102500687001925,20420.0,9,2023-01-01
EPCI,245900428,192635,299.89,642.3521958051285,20110.0,17,2023-01-01
EPCI,245900758,39993,125.82,317.85884597043395,22410.0,8,2023-01-01
EPCI,245901038,14678,117.63,124.78109325852249,20960.0,15,2023-01-01
EPCI,245901152,71494,143.26,499.05067709060455,19360.0,21,2023-01-01
EPCI,245901160,191916,263.45,728.4721958625926,19230.0,35,2023-01-01
EPCI,246000129,23934,48.67,491.76083829874665,22820.0,10,2023-01-01
EPCI,246000376,37467,147.2,254.53125000000003,23340.0,18,2023-01-01
EPCI,246000566,30041,439.28,68.3869058459297,22040.0,52,2023-01-01
EPCI,246000582,38428,225.64000000000001,170.30668321219642,22780.0,20,2023-01-01
EPCI,246000707,20519,313.08,65.53915932030152,24640.0,37,2023-01-01
EPCI,246000749,16164,210.44,76.81049230184375,23270.0,20,2023-01-01
EPCI,246000756,32519,266.98,121.80313132069817,20250.0,42,2023-01-01
EPCI,246000764,44588,149.55,298.14777666332327,29880.0,11,2023-01-01
EPCI,246000772,22644,113.88,198.84088514225502,22590.0,16,2023-01-01
EPCI,246000848,32391,633.19,51.15526145390798,21170.0,88,2023-01-01
EPCI,246000855,22096,350.99,62.953360494600986,23380.0,48,2023-01-01
EPCI,246000871,55425,614.35,90.21730284040042,24560.0,62,2023-01-01
EPCI,246000897,18227,164.04,111.11314313582054,24620.0,19,2023-01-01
EPCI,246000913,18248,244.82999999999998,74.53334967120043,22260.0,23,2023-01-01
EPCI,246000921,34267,139.47,245.69441456944145,24130.0,17,2023-01-01
EPCI,246100390,5657,254.38,22.238383520717036,20760.0,17,2023-01-01
EPCI,246100663,55816,461.68,120.89759140530238,21340.0,31,2023-01-01
EPCI,246200299,126895,112.07,1132.2833943071296,18930.0,14,2023-01-01
EPCI,246200364,242238,239.38,1011.9391762051968,18510.0,36,2023-01-01
EPCI,246200380,22288,183.34,121.56648849132759,20940.0,21,2023-01-01
EPCI,246200729,112077,205.1,546.4505119453925,19580.0,22,2023-01-01
EPCI,246200844,28012,219.95,127.35621732211867,21980.0,15,2023-01-01
EPCI,246201016,24172,269.33,89.74863550291465,20960.0,36,2023-01-01
EPCI,246300701,295821,300.63,984.0035924558427,22510.0,21,2023-01-01
EPCI,246300966,9638,605.73,15.911379657603222,20670.0,20,2023-01-01
EPCI,246301097,19382,229.1,84.60061108686163,22780.0,14,2023-01-01
EPCI,246400337,9688,619.89,15.62857926406298,21360.0,18,2023-01-01
EPCI,246401756,28901,324.46,89.07415397891883,22930.0,29,2023-01-01
EPCI,246500482,16538,389.06,42.50758237803937,21250.0,25,2023-01-01
EPCI,246500573,6906,663.65,10.406087546146312,20850.0,46,2023-01-01
EPCI,246600282,24156,40.730000000000004,593.0763564939847,21660.0,6,2023-01-01
EPCI,246600373,20376,183.93,110.78127548523895,20630.0,10,2023-01-01
EPCI,246600399,8725,441.4,19.766651563207976,20850.0,19,2023-01-01
EPCI,246600415,18608,233.41,79.72237693329335,19760.0,16,2023-01-01
EPCI,246600423,6344,368.06,17.23632016519046,17520.0,24,2023-01-01
EPCI,246600449,22446,231.5,96.95896328293736,21100.0,19,2023-01-01
EPCI,246600464,5887,352.65,16.693605557918616,21090.0,19,2023-01-01
EPCI,246600548,9830,465.46000000000004,21.11889313797104,18510.0,14,2023-01-01
EPCI,246700306,20588,303.55,67.8240816998847,22370.0,26,2023-01-01
EPCI,246700488,511552,337.61,1515.2157815230591,21560.0,33,2023-01-01
EPCI,246700744,18170,133.27,136.33976138665867,26980.0,9,2023-01-01
EPCI,246700777,10686,111.02,96.2529274004684,24030.0,18,2023-01-01
EPCI,246700843,17630,79.77,221.01040491412812,26150.0,7,2023-01-01
EPCI,246700926,15710,130.99,119.93281929918314,24040.0,12,2023-01-01
EPCI,246700959,16177,117.46000000000001,137.72348033373063,25470.0,20,2023-01-01
EPCI,246700967,36969,166.43,222.1294237817701,23510.0,12,2023-01-01
EPCI,246701064,40693,160.19,254.02958986203882,24870.0,18,2023-01-01
EPCI,246701080,19157,68.03,281.59635454946346,24650.0,6,2023-01-01
EPCI,246701098,23395,184.4,126.87093275488068,23140.0,13,2023-01-01
EPCI,246800205,12212,167.77,72.79012934374441,22440.0,15,2023-01-01
EPCI,246800395,9351,103.5,90.34782608695652,21030.0,4,2023-01-01
EPCI,246800445,16261,137.12,118.58955659276546,24930.0,9,2023-01-01
EPCI,246800494,12852,115.22,111.54313487241798,26190.0,11,2023-01-01
EPCI,246800551,16133,180.91,89.17693880935272,24540.0,8,2023-01-01
EPCI,246800569,37999,189.44,200.5859375,23510.0,19,2023-01-01
EPCI,246800577,18241,166.52,109.54239730963246,24650.0,16,2023-01-01
EPCI,246800585,16242,195.27,83.17713934552158,22830.0,16,2023-01-01
EPCI,246800676,15972,160.62,99.43967127381397,24310.0,15,2023-01-01
EPCI,246800726,113968,244.35999999999999,466.39384514650516,22840.0,20,2023-01-01
EPCI,246900575,41971,141.18,297.28715115455446,27990.0,8,2023-01-01
EPCI,246900625,38481,183.89,209.26097123280223,26290.0,17,2023-01-01
EPCI,246900724,31247,106.56,293.23385885885887,27070.0,8,2023-01-01
EPCI,246900740,29440,144.49,203.75112464530417,26800.0,11,2023-01-01
EPCI,246900757,32185,49.8,646.285140562249,28060.0,5,2023-01-01
EPCI,246900765,26903,77.72,346.1528564076171,27170.0,7,2023-01-01
EPCI,247000011,31979,145.49,219.80204825073886,21390.0,20,2023-01-01
EPCI,247000367,7574,283.55,26.711338388291306,21570.0,27,2023-01-01
EPCI,247000623,9470,561.48,16.866139488494692,20880.0,41,2023-01-01
EPCI,247000664,19156,195.13,98.17045046891816,21020.0,23,2023-01-01
EPCI,247000698,6145,240.03,25.600966545848436,21550.0,25,2023-01-01
EPCI,247000706,13090,292.08,44.81648863325117,23230.0,33,2023-01-01
EPCI,247000714,7797,205.56,37.93053123175715,20950.0,34,2023-01-01
EPCI,247000722,21053,163.61,128.67795367031354,22190.0,23,2023-01-01
EPCI,247000755,14877,152.7,97.42632612966602,20070.0,15,2023-01-01
EPCI,247000821,11724,152.8,76.72774869109946,21630.0,9,2023-01-01
EPCI,247000854,8664,354.58,24.43454227536804,20470.0,26,2023-01-01
EPCI,247100290,91612,742.0,123.46630727762803,20950.0,34,2023-01-01
EPCI,247100589,114258,551.66,207.11670231664434,21980.0,51,2023-01-01
EPCI,247100639,6043,224.67,26.89722704410914,20840.0,12,2023-01-01
EPCI,247100647,6537,242.67,26.937816788230933,20660.0,16,2023-01-01
EPCI,247103765,11062,258.38,42.812911216038394,22740.0,23,2023-01-01
EPCI,247103864,5191,196.59,26.405208810214152,21930.0,14,2023-01-01
EPCI,247104094,11514,316.36,36.395245922366925,23370.0,36,2023-01-01
EPCI,247200090,28490,365.67,77.91177837941314,20920.0,17,2023-01-01
EPCI,247200132,209557,272.49,769.044735586627,21550.0,20,2023-01-01
EPCI,247200348,27122,336.15999999999997,80.68181818181819,21270.0,14,2023-01-01
EPCI,247200421,17672,176.84,99.93214204931012,23650.0,5,2023-01-01
EPCI,247200447,19419,148.17,131.0589188094756,22520.0,8,2023-01-01
EPCI,247200629,30389,285.04,106.61310693236037,22990.0,16,2023-01-01
EPCI,247200686,28514,467.91,60.93906947917334,21730.0,33,2023-01-01
EPCI,247300015,7192,183.79999999999998,39.12948857453755,23250.0,3,2023-01-01
EPCI,247300254,15482,569.15,27.201967846789074,22950.0,8,2023-01-01
EPCI,247300262,7352,126.69,58.03141526560897,23360.0,13,2023-01-01
EPCI,247300361,7414,275.93,26.869133475881565,23470.0,12,2023-01-01
EPCI,247300452,5420,321.48,16.859524698270498,22900.0,6,2023-01-01
EPCI,247300528,12278,88.11,139.3485415957326,22530.0,11,2023-01-01
EPCI,247300668,6156,86.25,71.37391304347825,25170.0,10,2023-01-01
EPCI,247300676,6923,172.43,40.14962593516209,22470.0,11,2023-01-01
EPCI,247300817,9699,272.0,35.658088235294116,23240.0,4,2023-01-01
EPCI,247400047,8227,79.34,103.69296697756491,29220.0,8,2023-01-01
EPCI,247400112,16533,116.93,141.39228598306678,35740.0,13,2023-01-01
EPCI,247400567,15868,67.96000000000001,233.49028840494407,28330.0,7,2023-01-01
EPCI,247400583,20255,99.31,203.95730540731043,33350.0,8,2023-01-01
EPCI,247400617,18581,349.67,53.13867360654331,25250.0,12,2023-01-01
EPCI,247400666,19742,134.99,146.24787021260832,30650.0,11,2023-01-01
EPCI,247400682,12846,309.28,41.53517847904811,24600.0,15,2023-01-01
EPCI,247400690,48578,151.45,320.7527236711786,38480.0,17,2023-01-01
EPCI,247400724,28675,93.85,305.54075652637187,29820.0,9,2023-01-01
EPCI,247400740,32618,170.81,190.96071658568,24820.0,17,2023-01-01
EPCI,247400773,15254,150.47,101.37568950621386,23970.0,7,2023-01-01
EPCI,247600505,15038,145.27,103.51758793969849,23510.0,22,2023-01-01
EPCI,247600588,36073,214.78,167.95325449296956,20660.0,28,2023-01-01
EPCI,247600604,5195,194.62,26.69304285273867,19980.0,16,2023-01-01
EPCI,247600620,26035,168.27,154.72157841564152,22460.0,19,2023-01-01
EPCI,247600646,25189,88.53999999999999,284.4928845719449,21930.0,9,2023-01-01
EPCI,247600729,23604,328.48,71.85825621042376,21570.0,24,2023-01-01
EPCI,247600786,45775,128.97,354.9275025199659,20350.0,16,2023-01-01
EPCI,247700032,39229,228.24,171.87609533824045,25210.0,18,2023-01-01
EPCI,247700057,134869,153.21,880.2884929182168,22040.0,20,2023-01-01
EPCI,247700065,17375,234.71,74.02752332665843,23120.0,22,2023-01-01
EPCI,247700107,44861,272.93,164.36815300626535,20040.0,21,2023-01-01
EPCI,247700339,52768,70.14,752.3239235814086,27130.0,10,2023-01-01
EPCI,247700594,108133,105.03,1029.5439398267163,26100.0,20,2023-01-01
EPCI,247700644,28691,49.56,578.9144471347861,25730.0,4,2023-01-01
EPCI,247700701,28065,294.1,95.4267256035362,22960.0,20,2023-01-01
EPCI,247800550,29907,290.98,102.7802598116709,27900.0,36,2023-01-01
EPCI,247800584,267395,123.58,2163.7400873927822,31020.0,18,2023-01-01
EPCI,247800618,50577,228.2,221.63453111305873,31280.0,31,2023-01-01
EPCI,247900798,35495,620.18,57.23338385629979,20410.0,24,2023-01-01
EPCI,248000499,26744,246.37,108.55217761902828,22870.0,33,2023-01-01
EPCI,248000531,182017,348.73,521.9424769879276,20980.0,39,2023-01-01
EPCI,248000747,28237,464.0,60.855603448275865,21070.0,65,2023-01-01
EPCI,248100158,22985,372.39,61.72292489057171,21690.0,26,2023-01-01
EPCI,248100430,78503,406.12,193.3000098493056,20320.0,14,2023-01-01
EPCI,248100497,5567,257.46,21.62277635360833,19830.0,19,2023-01-01
EPCI,248100737,82582,208.85,395.4129758199665,21940.0,16,2023-01-01
EPCI,248100745,5057,158.42,31.92147456129277,19770.0,9,2023-01-01
EPCI,248200016,18810,343.26,54.798112218143686,20570.0,28,2023-01-01
EPCI,248200057,20355,392.38,51.875732708089096,20260.0,19,2023-01-01
EPCI,248200065,10072,377.95,26.649027649159944,20310.0,31,2023-01-01
EPCI,248200099,78933,280.86,281.0403759880367,21430.0,11,2023-01-01
EPCI,248200107,7717,462.79,16.674949761230796,19030.0,17,2023-01-01
EPCI,248300394,62968,355.64,177.05544933078394,25150.0,9,2023-01-01
EPCI,248300410,32380,83.61,387.2742494916876,23960.0,5,2023-01-01
EPCI,248300493,108951,914.71,119.10988182046768,21340.0,23,2023-01-01
EPCI,248300543,444634,366.40999999999997,1213.48762315439,21930.0,12,2023-01-01
EPCI,248300550,44194,448.15999999999997,98.61210282042128,21280.0,11,2023-01-01
EPCI,248400053,70930,511.55,138.6570227739224,20410.0,25,2023-01-01
EPCI,248400160,19937,142.18,140.22366014910676,22690.0,8,2023-01-01
EPCI,248400236,44587,189.09,235.79776825850124,20450.0,5,2023-01-01
EPCI,248400251,193914,302.57,640.8897114717256,20390.0,16,2023-01-01
EPCI,248400285,25226,364.85,69.14074277100178,23150.0,16,2023-01-01
EPCI,248400293,50385,154.73,325.63174562140506,21120.0,5,2023-01-01
EPCI,248400319,33790,121.53,278.0383444417016,22660.0,5,2023-01-01
EPCI,248400335,16679,273.79,60.91895248182914,21250.0,19,2023-01-01
EPCI,248500191,9182,48.83,188.0401392586525,22630.0,4,2023-01-01
EPCI,248500258,19488,184.46,105.64892117532256,22100.0,5,2023-01-01
EPCI,248500340,22985,317.66,72.35723729773972,21310.0,10,2023-01-01
EPCI,248500415,15598,316.59,49.26877033387031,20570.0,16,2023-01-01
EPCI,248500464,23179,318.82,72.70246534094474,21130.0,10,2023-01-01
EPCI,248500530,19532,224.21,87.11475848534856,21800.0,9,2023-01-01
EPCI,248500563,16178,299.33,54.047372465172224,21430.0,15,2023-01-01
EPCI,248500589,98290,499.36,196.8319448894585,22400.0,13,2023-01-01
EPCI,248500621,30226,249.61,121.09290493169344,21840.0,8,2023-01-01
EPCI,248500662,27953,228.78,122.18288311915377,22200.0,11,2023-01-01
EPCI,248600413,83569,1133.85,73.70375270097456,21110.0,47,2023-01-01
EPCI,248600447,24350,849.0,28.680800942285043,19920.0,45,2023-01-01
EPCI,248700189,12081,338.09000000000003,35.73308882250288,20830.0,9,2023-01-01
EPCI,248719262,5099,244.77,20.83180128283695,20060.0,6,2023-01-01
EPCI,248719288,16256,157.32,103.33079074497839,23570.0,9,2023-01-01
EPCI,248719312,207053,520.58,397.7352184102347,22000.0,20,2023-01-01
EPCI,248719338,5303,230.97,22.95969173485734,20560.0,10,2023-01-01
EPCI,248719353,5674,364.21999999999997,15.578496513096482,19690.0,12,2023-01-01
EPCI,248719361,11724,324.46000000000004,36.1338839918634,21610.0,12,2023-01-01
EPCI,248900334,59349,375.15000000000003,158.20071971211513,20830.0,27,2023-01-01
EPCI,248900383,14888,64.19999999999999,231.90031152647978,19750.0,8,2023-01-01
EPCI,248900524,10250,264.96,38.68508454106281,22340.0,13,2023-01-01
EPCI,248900664,8462,401.19,21.092250554600064,21240.0,22,2023-01-01
EPCI,248900748,17545,403.53999999999996,43.47772215889379,22520.0,26,2023-01-01
EPCI,248900896,24396,368.85,66.14070760471736,22280.0,23,2023-01-01
EPCI,248900938,20806,350.36,59.384632948966775,20540.0,19,2023-01-01
EPCI,249000241,23628,172.29,137.14086714260839,23690.0,27,2023-01-01
EPCI,249100074,27026,118.53999999999999,227.9905517125021,30240.0,14,2023-01-01
EPCI,249100157,18587,188.6,98.5524920466596,26760.0,15,2023-01-01
EPCI,249100546,61349,193.13,317.65650080256825,26710.0,21,2023-01-01
EPCI,249100553,27615,120.28,229.58929165281012,27810.0,16,2023-01-01
EPCI,249100595,26431,142.98,184.85802210099317,25950.0,11,2023-01-01
EPCI,249500109,213763,84.16,2539.9596007604564,22440.0,13,2023-01-01
EPCI,249500430,19172,119.8,160.03338898163605,28730.0,15,2023-01-01
EPCI,249500455,38783,75.86,511.2443975744793,27400.0,9,2023-01-01
EPCI,249500489,39774,48.730000000000004,816.211779191463,22020.0,9,2023-01-01
EPCI,249500513,16709,198.91,84.00281534362274,25150.0,26,2023-01-01
BV2022,01004,46834,462.44,101.27584119020845,22570.0,34,2023-01-01
BV2022,01033,29900,336.31,88.90606880556629,26070.0,20,2023-01-01
BV2022,01034,25684,422.22,60.83084647813936,22020.0,35,2023-01-01
BV2022,01053,84714,407.6,207.83611383709518,22420.0,23,2023-01-01
BV2022,01072,17890,271.63,65.86165003865553,24090.0,16,2023-01-01
BV2022,01093,16865,279.48,60.344210676971514,23350.0,17,2023-01-01
BV2022,01138,9524,121.0,78.7107438016529,22760.0,10,2023-01-01
BV2022,01143,10841,41.38,261.98646689221846,45560.0,2,2023-01-01
BV2022,01160,24151,22.490000000000002,1073.8550466874165,33880.0,3,2023-01-01
BV2022,01173,26646,116.2,229.3115318416523,37030.0,9,2023-01-01
BV2022,01185,9101,369.59999999999997,24.62391774891775,22440.0,13,2023-01-01
BV2022,01202,12804,98.37,130.16163464470876,23680.0,7,2023-01-01
BV2022,01244,23424,161.34,145.18408330234288,25460.0,12,2023-01-01
BV2022,01262,25039,127.49000000000001,196.39971762491174,24660.0,9,2023-01-01
BV2022,01265,18769,257.39,72.9204708807646,22160.0,21,2023-01-01
BV2022,01266,22085,320.48,68.91225661507738,23010.0,18,2023-01-01
BV2022,01283,45396,518.71,87.5171097530412,20490.0,35,2023-01-01
BV2022,01304,4679,39.93,117.18006511394941,22910.0,3,2023-01-01
BV2022,01305,21701,398.55,54.44988081796512,22200.0,32,2023-01-01
BV2022,01333,10409,102.05,101.99902008819207,26210.0,7,2023-01-01
BV2022,01354,34394,142.79,240.8712094684502,36170.0,9,2023-01-01
BV2022,01443,8954,189.95,47.13872071597789,24320.0,10,2023-01-01
BV2022,01457,11570,125.27000000000001,92.36050131715494,22700.0,9,2023-01-01
BV2022,02095,23956,287.88,83.21522856745867,18530.0,27,2023-01-01
BV2022,02163,9234,81.08,113.88751850024667,21740.0,9,2023-01-01
BV2022,02168,43513,503.87,86.35759223609264,21410.0,55,2023-01-01
BV2022,02173,32407,323.73,100.10502579309919,20470.0,40,2023-01-01
BV2022,02305,5852,156.07,37.495995386685465,20190.0,13,2023-01-01
BV2022,02360,6251,141.27,44.24860196786295,22630.0,11,2023-01-01
BV2022,02361,22227,547.69,40.583176614508204,19250.0,54,2023-01-01
BV2022,02381,26960,637.78,42.271629715575905,18190.0,57,2023-01-01
BV2022,02408,75342,1230.53,61.22727605178257,20380.0,125,2023-01-01
BV2022,02468,5360,170.74,31.39276092304088,19430.0,19,2023-01-01
BV2022,02502,4802,196.68,24.415293878381124,18710.0,17,2023-01-01
BV2022,02558,15639,294.41,53.11979891987364,19610.0,24,2023-01-01
BV2022,02691,89736,473.87,189.36839217506912,20030.0,63,2023-01-01
BV2022,02722,76198,711.68,107.06778327338131,20560.0,98,2023-01-01
BV2022,02738,39552,321.15,123.15740308267166,19670.0,40,2023-01-01
BV2022,02789,9285,274.18,33.86461448683347,19760.0,28,2023-01-01
BV2022,02810,30085,555.73,54.13600129559318,22010.0,58,2023-01-01
BV2022,03036,7094,389.12,18.230879934210527,19990.0,11,2023-01-01
BV2022,03082,21917,566.13,38.713722996484904,20890.0,29,2023-01-01
BV2022,03102,9975,494.24,20.182502427970217,20430.0,14,2023-01-01
BV2022,03118,25160,533.97,47.11875198981216,21510.0,41,2023-01-01
BV2022,03138,14565,762.11,19.111414362756033,19440.0,32,2023-01-01
BV2022,03185,77324,1245.9,62.06276587206035,20810.0,48,2023-01-01
BV2022,03186,3140,172.69,18.18287104059297,20150.0,9,2023-01-01
BV2022,03190,63476,1172.61,54.13223492891925,21630.0,41,2023-01-01
BV2022,03254,16378,499.25,32.80520781171758,21080.0,28,2023-01-01
BV2022,03298,7016,169.97,41.2778725657469,20420.0,8,2023-01-01
BV2022,03310,91063,906.12,100.49772657043218,21350.0,52,2023-01-01
BV2022,04019,6679,884.88,7.5479161016182985,20580.0,11,2023-01-01
BV2022,04049,17551,240.54000000000002,72.96499542695601,20960.0,10,2023-01-01
BV2022,04070,26743,1030.74,25.94543725866853,21410.0,28,2023-01-01
BV2022,04088,16746,638.17,26.24065687826128,20660.0,26,2023-01-01
BV2022,04094,14943,388.07,38.505939650063134,22150.0,8,2023-01-01
BV2022,04112,40910,259.52,157.63717632552405,21830.0,10,2023-01-01
BV2022,04143,8154,153.61,53.082481609270225,22000.0,6,2023-01-01
BV2022,04166,10410,743.27,14.005677613787721,20430.0,17,2023-01-01
BV2022,04173,9414,1426.73,6.59830521542268,20050.0,34,2023-01-01
BV2022,04209,17057,822.58,20.735977047825134,21080.0,27,2023-01-01
BV2022,05006,5416,407.32,13.296670922125111,20520.0,7,2023-01-01
BV2022,05023,19480,694.85,28.034827660646183,21390.0,12,2023-01-01
BV2022,05040,12338,603.93,20.429519977480837,21350.0,21,2023-01-01
BV2022,05046,13277,534.74,24.828888805774767,21240.0,14,2023-01-01
BV2022,05061,53391,701.47,76.11301980127446,21900.0,26,2023-01-01
BV2022,05065,7916,831.55,9.5195718838314,21100.0,15,2023-01-01
BV2022,05070,8354,473.87,17.62930761601283,20700.0,24,2023-01-01
BV2022,05132,7647,648.25,11.796374855379868,21070.0,19,2023-01-01
BV2022,05170,6838,214.27,31.91300695384328,21950.0,14,2023-01-01
BV2022,05179,10991,1044.47,10.523040393692494,19780.0,40,2023-01-01
BV2022,06029,400898,961.71,416.85955225587753,23100.0,43,2023-01-01
BV2022,06033,43544,1375.33,31.66076505275098,22760.0,44,2023-01-01
BV2022,06048,17299,151.89,113.89163210217922,23760.0,9,2023-01-01
BV2022,06083,83043,714.8,116.17655288192502,22820.0,18,2023-01-01
BV2022,06088,547688,426.83,1283.1525431670689,22220.0,26,2023-01-01
BV2022,06099,8936,1014.17,8.811146060325193,20260.0,35,2023-01-01
BV2022,07010,48261,400.12,120.61631510546836,21830.0,29,2023-01-01
BV2022,07019,54880,714.96,76.75953899518854,20590.0,54,2023-01-01
BV2022,07042,12616,212.15,59.46735800141409,21220.0,6,2023-01-01
BV2022,07064,9202,427.11,21.54480110510173,20640.0,26,2023-01-01
BV2022,07110,9918,308.26,32.174138714072534,19740.0,20,2023-01-01
BV2022,07129,7534,231.16,32.59214396954491,19610.0,12,2023-01-01
BV2022,07132,5195,94.94,54.718769749315356,20070.0,10,2023-01-01
BV2022,07186,30579,470.23,65.02987899538523,21980.0,35,2023-01-01
BV2022,07201,6104,101.82000000000001,59.948929483402075,21130.0,7,2023-01-01
BV2022,07324,42003,341.49,122.99920934727224,22450.0,27,2023-01-01
BV2022,07330,5179,157.91,32.79716294091571,20770.0,4,2023-01-01
BV2022,07334,9227,409.13,22.552733849876567,19810.0,18,2023-01-01
BV2022,07338,3533,101.01,34.976734976734974,19740.0,7,2023-01-01
BV2022,07341,5071,111.74,45.38213710399141,21270.0,6,2023-01-01
BV2022,07349,14682,111.33,131.87819994610618,22170.0,7,2023-01-01
BV2022,08090,9752,219.02,44.525614099169026,19980.0,28,2023-01-01
BV2022,08105,99277,982.27,101.06895252832724,20570.0,102,2023-01-01
BV2022,08185,5757,113.64,50.659978880675816,19460.0,4,2023-01-01
BV2022,08190,14175,118.57,119.54963312810999,20240.0,13,2023-01-01
BV2022,08302,6298,112.34,56.06195478013174,19840.0,6,2023-01-01
BV2022,08328,8266,45.92,180.00871080139373,19060.0,4,2023-01-01
BV2022,08362,37165,1129.78,32.89578502009241,21290.0,94,2023-01-01
BV2022,08363,15050,335.56,44.85039933245917,19240.0,20,2023-01-01
BV2022,08409,50867,636.23,79.95064677868066,19950.0,54,2023-01-01
BV2022,08490,17388,1012.02,17.181478626904607,20470.0,90,2023-01-01
BV2022,09122,21206,377.90999999999997,56.113889550422066,21300.0,32,2023-01-01
BV2022,09160,20925,592.53,35.314667611766495,19090.0,46,2023-01-01
BV2022,09167,9847,252.68,38.97023903751781,21280.0,17,2023-01-01
BV2022,09185,8876,221.28,40.112075198843094,21340.0,13,2023-01-01
BV2022,09194,7359,312.01,23.585782506970933,20140.0,29,2023-01-01
BV2022,09225,44740,541.94,82.55526442041554,20960.0,53,2023-01-01
BV2022,09261,26628,1474.26,18.061942940865247,19790.0,81,2023-01-01
BV2022,09282,5569,94.11,59.17543300393157,21160.0,6,2023-01-01
BV2022,09306,15027,1229.38,12.223234475914687,20380.0,65,2023-01-01
BV2022,10003,15172,601.34,25.230318954335317,21110.0,32,2023-01-01
BV2022,10006,13936,839.74,16.59561292781099,21550.0,52,2023-01-01
BV2022,10033,14404,760.07,18.950886102595813,20970.0,55,2023-01-01
BV2022,10034,17406,948.18,18.357273935328735,21910.0,62,2023-01-01
BV2022,10064,10133,500.2,20.257896841263495,21170.0,49,2023-01-01
BV2022,10268,16292,401.53,40.57480138470351,21590.0,27,2023-01-01
BV2022,10323,37939,841.6,45.0796102661597,20330.0,59,2023-01-01
BV2022,10387,189886,1504.46,126.2153862515454,20970.0,117,2023-01-01
BV2022,11049,15598,292.52,53.32284971967729,20330.0,22,2023-01-01
BV2022,11069,91613,809.24,113.208689634719,20150.0,58,2023-01-01
BV2022,11076,23998,360.87,66.5004018067448,20760.0,31,2023-01-01
BV2022,11106,12749,94.03,135.58438796128894,20760.0,3,2023-01-01
BV2022,11203,37872,833.92,45.41442824251727,19370.0,59,2023-01-01
BV2022,11206,25538,585.9,43.58764294248165,20050.0,62,2023-01-01
BV2022,11262,101286,681.51,148.61997622925563,20060.0,32,2023-01-01
BV2022,11266,5905,28.55,206.83012259194396,19270.0,1,2023-01-01
BV2022,11304,14316,1018.3100000000001,14.05858726713869,18140.0,68,2023-01-01
BV2022,11379,11960,366.01,32.67670282232726,20070.0,14,2023-01-01
BV2022,11397,8496,78.13,108.74184052220659,19820.0,9,2023-01-01
BV2022,12052,8060,100.65,80.07948335817188,21180.0,8,2023-01-01
BV2022,12056,7422,184.48000000000002,40.23200346921075,22200.0,7,2023-01-01
BV2022,12089,19830,238.72,83.06802949061662,20030.0,15,2023-01-01
BV2022,12096,16844,692.3199999999999,24.32978969262769,21040.0,21,2023-01-01
BV2022,12119,11104,1050.83,10.56688522406098,19750.0,32,2023-01-01
BV2022,12120,5459,253.38,21.544715447154474,21300.0,6,2023-01-01
BV2022,12133,20773,736.51,28.20464080596326,22460.0,21,2023-01-01
BV2022,12138,12852,456.82,28.13361936867913,22540.0,14,2023-01-01
BV2022,12145,38822,1618.61,23.984777061799942,20620.0,40,2023-01-01
BV2022,12148,5524,160.43,34.43246275634233,21300.0,11,2023-01-01
BV2022,12169,4569,162.32,28.148102513553475,20520.0,8,2023-01-01
BV2022,12197,10569,631.62,16.73316234444761,19080.0,28,2023-01-01
BV2022,12198,5491,269.6,20.36721068249258,19850.0,8,2023-01-01
BV2022,12199,4092,98.02000000000001,41.746582330136704,22200.0,5,2023-01-01
BV2022,12202,56010,344.7,162.48912097476068,22880.0,12,2023-01-01
BV2022,12208,22207,1319.75,16.826671718128434,20400.0,44,2023-01-01
BV2022,12224,4050,251.9,16.07780865422787,19950.0,8,2023-01-01
BV2022,12270,5157,408.76,12.616205108131911,21150.0,3,2023-01-01
BV2022,12300,29665,801.42,37.01554740335904,20610.0,31,2023-01-01
BV2022,13001,352297,932.74,377.7011814653601,25380.0,28,2023-01-01
BV2022,13004,57247,837.3499999999999,68.3668716785096,19810.0,3,2023-01-01
BV2022,13022,19342,61.47,314.65755653164143,26500.0,3,2023-01-01
BV2022,13035,6854,68.75,99.69454545454545,24920.0,1,2023-01-01
BV2022,13037,8800,13.98,629.4706723891273,26110.0,1,2023-01-01
BV2022,13047,59950,206.04000000000002,290.9629198213939,22470.0,2,2023-01-01
BV2022,13050,20282,160.2,126.60424469413235,26430.0,3,2023-01-01
BV2022,13051,9052,68.92,131.3406848520023,25950.0,1,2023-01-01
BV2022,13053,16680,119.73,139.31345527436733,23680.0,6,2023-01-01
BV2022,13054,66832,68.18,980.2288061014959,22130.0,4,2023-01-01
BV2022,13055,1060164,714.76,1483.2447255022664,20960.0,21,2023-01-01
BV2022,13056,70614,103.92,679.5034642032332,21720.0,3,2023-01-01
BV2022,13063,36544,67.4,542.1958456973293,20740.0,3,2023-01-01
BV2022,13074,10954,146.91,74.56265740929821,23970.0,3,2023-01-01
BV2022,13078,8370,73.38,114.06377759607523,20200.0,1,2023-01-01
BV2022,13080,6245,54.94,113.66945759009829,25740.0,2,2023-01-01
BV2022,13084,15385,102.33999999999999,150.33222591362127,22400.0,5,2023-01-01
BV2022,13088,10932,48.8,224.01639344262296,27010.0,2,2023-01-01
BV2022,13096,2123,374.61,5.667227249672993,19840.0,1,2023-01-01
BV2022,13097,23165,340.78,67.97640706614239,23390.0,6,2023-01-01
BV2022,13100,10208,90.66,112.59651444959188,22390.0,2,2023-01-01
BV2022,13103,62181,152.68,407.2635577678805,23060.0,5,2023-01-01
BV2022,13104,13275,22.2,597.972972972973,29440.0,2,2023-01-01
BV2022,13105,8922,49.8,179.1566265060241,22570.0,2,2023-01-01
BV2022,14020,14684,135.76999999999998,108.15349488104884,22170.0,12,2023-01-01
BV2022,14027,7581,141.75,53.48148148148148,21180.0,7,2023-01-01
BV2022,14047,51137,616.53,82.94324688174136,22220.0,87,2023-01-01
BV2022,14118,282238,501.02,563.3268133008662,22520.0,69,2023-01-01
BV2022,14174,14964,237.21,63.08334387251802,20660.0,21,2023-01-01
BV2022,14191,16483,119.67,137.73711038689729,23790.0,15,2023-01-01
BV2022,14225,21253,207.18,102.58229558837725,22030.0,27,2023-01-01
BV2022,14228,21616,54.82,394.3086464793871,26120.0,11,2023-01-01
BV2022,14257,9021,64.04,140.86508432229854,24400.0,13,2023-01-01
BV2022,14258,32559,585.85,55.575659298455236,21250.0,63,2023-01-01
BV2022,14333,18388,148.65,123.69996636394214,22280.0,14,2023-01-01
BV2022,14342,7115,145.22,48.99462883900289,20850.0,11,2023-01-01
BV2022,14366,44984,435.52,103.28802351212344,21100.0,45,2023-01-01
BV2022,14371,6343,188.06,33.72859725619483,19890.0,2,2023-01-01
BV2022,14431,11570,161.02,71.8544280213638,20800.0,7,2023-01-01
BV2022,14478,5930,128.33,46.208992441362106,19970.0,10,2023-01-01
BV2022,14488,16250,29.03,559.7657595590767,24460.0,4,2023-01-01
BV2022,14514,13930,201.13,69.25868841048079,22640.0,28,2023-01-01
BV2022,14654,10033,247.35,40.56195674145947,20690.0,12,2023-01-01
BV2022,14689,13813,244.95,56.39110022453562,22110.0,23,2023-01-01
BV2022,14712,7365,59.0,124.83050847457628,23440.0,9,2023-01-01
BV2022,14715,20878,89.23,233.979603272442,22680.0,17,2023-01-01
BV2022,14752,18185,294.65999999999997,61.71519717640671,21840.0,23,2023-01-01
BV2022,14762,39358,717.32,54.86812022528299,20690.0,13,2023-01-01
BV2022,15014,70305,1467.72,47.90082577058294,21870.0,71,2023-01-01
BV2022,15119,4859,392.62,12.375834139880801,19960.0,18,2023-01-01
BV2022,15120,13819,816.1,16.93297390025732,20190.0,36,2023-01-01
BV2022,15122,9074,377.45,24.040270234468142,20240.0,17,2023-01-01
BV2022,15138,8038,573.8100000000001,14.008121155086178,20590.0,20,2023-01-01
BV2022,15162,8332,731.43,11.391384001203123,19770.0,26,2023-01-01
BV2022,15187,21752,1211.71,17.951490042997087,20600.0,48,2023-01-01
BV2022,15258,4025,149.01,27.01160995906315,20970.0,5,2023-01-01
BV2022,16015,137782,842.59,163.52199765010266,21620.0,51,2023-01-01
BV2022,16028,20374,551.38,36.950923138307516,21160.0,38,2023-01-01
BV2022,16070,11137,298.1,37.359946326735994,20080.0,10,2023-01-01
BV2022,16073,11265,485.21,23.216751509655612,19490.0,34,2023-01-01
BV2022,16078,20702,267.86,77.28664227581572,23220.0,17,2023-01-01
BV2022,16085,10853,402.1,26.990798308878386,19570.0,21,2023-01-01
BV2022,16090,10474,248.77,42.10314748562929,21520.0,17,2023-01-01
BV2022,16102,44247,362.49,122.06405693950178,22840.0,28,2023-01-01
BV2022,16106,11019,551.62,19.97570791486893,19400.0,16,2023-01-01
BV2022,16167,22954,411.51,55.77993244392603,22260.0,25,2023-01-01
BV2022,16206,12918,406.99,31.740337600432444,20100.0,36,2023-01-01
BV2022,16281,22085,444.61,49.672746901779085,20950.0,25,2023-01-01
BV2022,16292,15364,513.16,29.93997973341648,19590.0,37,2023-01-01
BV2022,16366,4958,126.39999999999999,39.2246835443038,22850.0,7,2023-01-01
BV2022,17003,24028,204.23,117.65166723791803,22860.0,15,2023-01-01
BV2022,17024,5373,296.8,18.10309973045822,19770.0,22,2023-01-01
BV2022,17093,6519,39.25,166.0891719745223,21830.0,3,2023-01-01
BV2022,17131,13078,233.45999999999998,56.018161569433744,20780.0,15,2023-01-01
BV2022,17140,3142,29.02,108.27015851137146,22130.0,1,2023-01-01
BV2022,17161,17503,85.32000000000001,205.14533520862634,25880.0,10,2023-01-01
BV2022,17168,6471,38.21,169.3535723632557,24620.0,3,2023-01-01
BV2022,17172,7821,131.92,59.28593086719224,20980.0,10,2023-01-01
BV2022,17197,22299,505.38,44.123234002137,20620.0,44,2023-01-01
BV2022,17218,17986,313.78,57.32041557779336,21550.0,10,2023-01-01
BV2022,17219,11764,111.58,105.43108083886001,20750.0,3,2023-01-01
BV2022,17224,11672,388.67,30.03061723312836,20350.0,32,2023-01-01
BV2022,17236,4333,134.63,32.184505682240214,19630.0,10,2023-01-01
BV2022,17240,10108,257.17,39.30474005521639,20010.0,20,2023-01-01
BV2022,17241,11336,365.31,31.031178998658675,19720.0,19,2023-01-01
BV2022,17283,11154,219.08,50.91290852656564,21270.0,16,2023-01-01
BV2022,17299,67021,534.79,125.32208904429777,21190.0,34,2023-01-01
BV2022,17300,172599,330.73,521.8728267771294,23520.0,27,2023-01-01
BV2022,17306,46575,160.10999999999999,290.89376053962906,23530.0,10,2023-01-01
BV2022,17347,21602,406.43,53.150604040056095,20470.0,34,2023-01-01
BV2022,17385,12415,106.11999999999999,116.99019977384094,22280.0,4,2023-01-01
BV2022,17397,3409,74.94,45.48972511342407,20610.0,5,2023-01-01
BV2022,17415,71157,657.49,108.22522015543963,21920.0,47,2023-01-01
BV2022,17421,19796,243.33,81.35453910327539,21060.0,12,2023-01-01
BV2022,17434,38757,666.3299999999999,58.164873260996806,21250.0,33,2023-01-01
BV2022,17452,14471,151.31,95.6380939792479,21970.0,5,2023-01-01
BV2022,18015,14881,915.36,16.25699178465303,21110.0,19,2023-01-01
BV2022,18033,120521,1170.19,102.9926764029773,22450.0,49,2023-01-01
BV2022,18057,6345,387.43,16.37715200165191,19310.0,17,2023-01-01
BV2022,18087,7226,349.11,20.698347225802756,21270.0,16,2023-01-01
BV2022,18108,8270,355.5,23.263009845288327,20560.0,16,2023-01-01
BV2022,18109,4618,202.92,22.757737039227283,21420.0,5,2023-01-01
BV2022,18127,4142,283.95,14.58707518929389,20420.0,9,2023-01-01
BV2022,18141,15068,236.07,63.828525437370274,22710.0,10,2023-01-01
BV2022,18197,31673,1240.57,25.531005908574286,20600.0,54,2023-01-01
BV2022,18207,12587,253.15,49.721508986766736,21940.0,10,2023-01-01
BV2022,18223,4990,87.25999999999999,57.185422874169156,23160.0,5,2023-01-01
BV2022,18242,8643,490.75,17.611818644931226,19250.0,17,2023-01-01
BV2022,18279,43584,809.27,53.85594424604891,20350.0,26,2023-01-01
BV2022,19010,10174,559.15,18.19547527497094,20650.0,28,2023-01-01
BV2022,19028,12623,468.21000000000004,26.960124730356036,20480.0,24,2023-01-01
BV2022,19031,102815,878.66,117.01340677850364,21970.0,45,2023-01-01
BV2022,19073,9886,430.41,22.96879719337376,20810.0,17,2023-01-01
BV2022,19121,7940,279.6,28.397711015736764,20740.0,14,2023-01-01
BV2022,19138,6525,175.01,37.283583795211705,21290.0,17,2023-01-01
BV2022,19153,12576,252.95,49.717335441786915,21400.0,20,2023-01-01
BV2022,19255,7440,235.63,31.574926792004415,22230.0,9,2023-01-01
BV2022,19272,35596,628.67,56.62112077878697,22080.0,32,2023-01-01
BV2022,19275,28635,1551.04,18.461806271920775,21030.0,61,2023-01-01
BV2022,19276,8872,300.64,29.51037786056413,21310.0,10,2023-01-01
BV2022,21023,4853,277.21,17.50658345658526,20960.0,23,2023-01-01
BV2022,21038,22124,375.1,58.981604905358566,21500.0,33,2023-01-01
BV2022,21054,43519,632.1899999999999,68.83848210189976,23700.0,58,2023-01-01
BV2022,21154,17649,1537.03,11.482534498350715,20490.0,95,2023-01-01
BV2022,21231,305990,1410.89,216.87729022106612,23330.0,124,2023-01-01
BV2022,21292,40504,437.78,92.52135775960528,23700.0,49,2023-01-01
BV2022,21317,31198,1744.52,17.883429252745742,22520.0,101,2023-01-01
BV2022,21416,3433,89.96000000000001,38.161405068919514,23290.0,10,2023-01-01
BV2022,21425,9860,421.7,23.381550865544227,21150.0,27,2023-01-01
BV2022,21464,14637,269.16,54.38029424877396,24530.0,30,2023-01-01
BV2022,21501,8172,440.57,18.548698277231768,22170.0,45,2023-01-01
BV2022,21584,9772,794.55,12.29878547605563,20190.0,33,2023-01-01
BV2022,21603,12230,486.7,25.128415861927266,21940.0,49,2023-01-01
BV2022,21607,9420,235.23000000000002,40.04591251115929,21480.0,23,2023-01-01
BV2022,21663,8744,516.24,16.937858360452502,21240.0,38,2023-01-01
BV2022,22004,18740,371.95,50.383116010216426,20420.0,16,2023-01-01
BV2022,22020,14090,327.53,43.01896009525845,20860.0,14,2023-01-01
BV2022,22025,5453,258.68,21.08009896397093,19100.0,10,2023-01-01
BV2022,22050,78275,581.27,134.66203313434377,21980.0,44,2023-01-01
BV2022,22054,8703,91.66,94.94872354353045,23330.0,5,2023-01-01
BV2022,22055,14603,58.910000000000004,247.88660668816837,24420.0,5,2023-01-01
BV2022,22070,37340,492.75,75.77879249112125,20740.0,30,2023-01-01
BV2022,22093,46285,679.22,68.14434203939813,22230.0,23,2023-01-01
BV2022,22113,64173,385.81,166.33316917653767,23070.0,26,2023-01-01
BV2022,22121,8510,94.86,89.71115327851571,21320.0,10,2023-01-01
BV2022,22136,39461,750.48,52.581014817183664,21020.0,30,2023-01-01
BV2022,22143,8581,114.93,74.66283824936917,22880.0,6,2023-01-01
BV2022,22147,7065,244.10000000000002,28.94305612453912,20220.0,8,2023-01-01
BV2022,22162,22765,190.76,119.33843573076118,22280.0,13,2023-01-01
BV2022,22172,12636,158.69,79.62694561724116,21330.0,9,2023-01-01
BV2022,22186,6310,47.5,132.8421052631579,24320.0,2,2023-01-01
BV2022,22194,4571,63.95,71.47771696637999,22130.0,3,2023-01-01
BV2022,22203,5699,122.31,46.594718338647695,21060.0,2,2023-01-01
BV2022,22206,11933,177.55,67.20923683469445,21610.0,7,2023-01-01
BV2022,22222,4784,42.42,112.77699198491277,22050.0,2,2023-01-01
BV2022,22262,16115,206.54,78.02362738452601,21840.0,13,2023-01-01
BV2022,22266,18236,698.35,26.112980597121787,19810.0,24,2023-01-01
BV2022,22278,128744,367.38,350.4382383363275,22120.0,19,2023-01-01
BV2022,22362,23624,241.06,98.00049780137725,21180.0,19,2023-01-01
BV2022,23008,20138,1329.98,15.141581076407164,19290.0,69,2023-01-01
BV2022,23013,5943,434.28000000000003,13.684719535783364,18980.0,21,2023-01-01
BV2022,23025,3314,162.10999999999999,20.44290913577201,19770.0,6,2023-01-01
BV2022,23030,8452,610.0699999999999,13.854147884668974,18830.0,21,2023-01-01
BV2022,23031,5970,374.51,15.940829350351127,18940.0,16,2023-01-01
BV2022,23075,5798,267.79,21.6512939243437,20340.0,14,2023-01-01
BV2022,23076,5259,320.93,16.386751004892034,20120.0,13,2023-01-01
BV2022,23096,43779,1331.65,32.875755641497385,21080.0,70,2023-01-01
BV2022,23176,22911,973.04,23.545794623037082,19990.0,36,2023-01-01
BV2022,24037,57811,593.84,97.35113835376532,20880.0,39,2023-01-01
BV2022,24064,7942,293.89,27.0237163564599,21270.0,11,2023-01-01
BV2022,24067,17038,612.16,27.832592786199687,20220.0,35,2023-01-01
BV2022,24164,12503,449.76,27.79927072216293,20550.0,29,2023-01-01
BV2022,24167,6287,177.04,35.51174875734298,19550.0,11,2023-01-01
BV2022,24223,15639,518.25,30.17655571635311,20890.0,40,2023-01-01
BV2022,24291,12880,491.26,26.2182958107723,19950.0,23,2023-01-01
BV2022,24294,17135,418.0,40.99282296650718,20220.0,19,2023-01-01
BV2022,24299,10320,273.76,37.697253068381066,20210.0,17,2023-01-01
BV2022,24309,8762,188.64,46.44826123833758,20890.0,13,2023-01-01
BV2022,24311,18622,825.74,22.55189284762758,19870.0,35,2023-01-01
BV2022,24322,101415,895.08,113.30272154444295,21910.0,41,2023-01-01
BV2022,24352,17611,649.53,27.113451264760673,20000.0,42,2023-01-01
BV2022,24372,10772,129.68,83.06600863664404,21250.0,7,2023-01-01
BV2022,24396,3950,90.92,43.44478662560493,19280.0,7,2023-01-01
BV2022,24520,28962,662.43,43.720845976178616,21030.0,36,2023-01-01
BV2022,24547,15868,252.96,62.72928526249209,20250.0,16,2023-01-01
BV2022,24551,14225,473.28,30.056203515889116,20450.0,21,2023-01-01
BV2022,24571,4635,174.36,26.582931865106673,20450.0,12,2023-01-01
BV2022,25047,13563,379.72,35.71842410196987,21760.0,61,2023-01-01
BV2022,25056,187140,633.5,295.4064719810576,22380.0,90,2023-01-01
BV2022,25315,9797,227.97,42.97495284467254,21020.0,29,2023-01-01
BV2022,25356,16905,326.73,51.73996878156276,28390.0,35,2023-01-01
BV2022,25388,138283,370.84,372.89127386473956,21170.0,62,2023-01-01
BV2022,25411,30581,357.9,85.44565521095278,31020.0,22,2023-01-01
BV2022,25434,15020,384.58,39.05559311456654,23050.0,33,2023-01-01
BV2022,25462,62337,1092.71,57.04807313925927,27910.0,77,2023-01-01
BV2022,25463,15069,200.71,75.07847142643615,23480.0,25,2023-01-01
BV2022,25495,9659,94.36,102.36328952946164,22890.0,14,2023-01-01
BV2022,25512,5832,137.46,42.426887821911826,29670.0,15,2023-01-01
BV2022,25527,20697,264.42,78.27320172452916,23310.0,34,2023-01-01
BV2022,25532,10293,151.51,67.93610982773414,24560.0,12,2023-01-01
BV2022,25578,26556,741.6899999999999,35.804716256117786,23340.0,66,2023-01-01
BV2022,26037,13041,110.45,118.07152557718425,25340.0,7,2023-01-01
BV2022,26063,4697,301.21,15.593771787125263,19720.0,20,2023-01-01
BV2022,26064,14352,166.64000000000001,86.12578012481997,24900.0,8,2023-01-01
BV2022,26108,20753,468.62,44.28534846997567,21390.0,26,2023-01-01
BV2022,26113,11027,922.72,11.950537541182591,19880.0,41,2023-01-01
BV2022,26114,7452,391.18,19.050053683726162,20470.0,19,2023-01-01
BV2022,26116,6643,39.32,168.9471007121058,21390.0,2,2023-01-01
BV2022,26165,29054,257.09000000000003,113.01100781827374,21800.0,12,2023-01-01
BV2022,26176,6055,138.93,43.583099402576835,22420.0,10,2023-01-01
BV2022,26198,88274,609.16,144.91102501805767,21630.0,37,2023-01-01
BV2022,26220,13691,580.13,23.59988278489304,20330.0,35,2023-01-01
BV2022,26235,14834,77.29,191.92651054470176,20150.0,2,2023-01-01
BV2022,26281,80525,431.43,186.64673295783788,21930.0,29,2023-01-01
BV2022,26301,12528,145.87,85.88469184890656,22700.0,13,2023-01-01
BV2022,26307,12990,508.06,25.56784631736409,21340.0,23,2023-01-01
BV2022,26324,13312,89.83,148.19102749638205,23790.0,6,2023-01-01
BV2022,26325,21398,135.34,158.1055120437417,21320.0,12,2023-01-01
BV2022,26333,21842,166.38,131.27779781223705,21590.0,16,2023-01-01
BV2022,26362,148897,387.27,384.4785291915201,21920.0,20,2023-01-01
BV2022,27016,17039,225.1,75.69524655708574,21580.0,18,2023-01-01
BV2022,27051,9497,140.98,67.36416512980566,21760.0,11,2023-01-01
BV2022,27056,33301,619.74,53.733823861619385,21310.0,49,2023-01-01
BV2022,27065,11801,126.46,93.31804523169382,22280.0,13,2023-01-01
BV2022,27103,21869,202.19,108.16064098125526,24030.0,23,2023-01-01
BV2022,27105,5813,47.2,123.15677966101694,24090.0,3,2023-01-01
BV2022,27112,8176,205.45999999999998,39.79363379733282,20690.0,6,2023-01-01
BV2022,27116,16251,215.2,75.51579925650557,21600.0,29,2023-01-01
BV2022,27165,14278,243.88,58.54518615712646,21980.0,23,2023-01-01
BV2022,27170,3813,71.05,53.666432090077414,21550.0,8,2023-01-01
BV2022,27198,9075,183.5,49.45504087193461,22950.0,4,2023-01-01
BV2022,27226,11455,191.25,59.89542483660131,21730.0,20,2023-01-01
BV2022,27229,83380,337.53,247.02989363908395,21160.0,43,2023-01-01
BV2022,27246,15634,234.4,66.69795221843003,21860.0,25,2023-01-01
BV2022,27275,27814,164.37,169.21579363630832,22660.0,17,2023-01-01
BV2022,27284,30342,280.64,108.11716077537059,22340.0,30,2023-01-01
BV2022,27306,5600,44.85,124.86064659977703,24320.0,4,2023-01-01
BV2022,27375,59352,306.3,193.77081292850147,21810.0,36,2023-01-01
BV2022,27428,18227,243.02,75.00205744383177,23090.0,32,2023-01-01
BV2022,27448,16967,176.08,96.3596092685143,25130.0,26,2023-01-01
BV2022,27467,39639,507.96,78.03567210016537,21430.0,55,2023-01-01
BV2022,27469,22791,110.14,206.9275467586708,23290.0,17,2023-01-01
BV2022,27507,9060,138.02,65.64266048398783,22280.0,13,2023-01-01
BV2022,27679,17367,366.59000000000003,47.37445102157724,20790.0,28,2023-01-01
BV2022,27681,49725,328.27,151.47591921284308,22800.0,22,2023-01-01
BV2022,28007,42524,360.29,118.0271448000222,24660.0,44,2023-01-01
BV2022,28015,16728,270.72,61.79078014184397,23940.0,21,2023-01-01
BV2022,28051,10548,267.77,39.39201553572096,22380.0,18,2023-01-01
BV2022,28061,16815,621.12,27.072063369397217,21000.0,22,2023-01-01
BV2022,28085,121823,576.8,211.20492371705964,23360.0,45,2023-01-01
BV2022,28088,22507,320.39,70.24875932457319,20770.0,14,2023-01-01
BV2022,28089,11799,318.51,37.044362814354336,23220.0,13,2023-01-01
BV2022,28103,6684,185.66,36.00129268555424,22190.0,5,2023-01-01
BV2022,28116,12803,267.65,47.83485895759387,23510.0,18,2023-01-01
BV2022,28134,85901,552.68,155.4262864587103,20940.0,50,2023-01-01
BV2022,28140,22439,212.15,105.76950271034644,25750.0,16,2023-01-01
BV2022,28196,10928,264.63,41.29539356837849,22450.0,19,2023-01-01
BV2022,28199,11777,361.5,32.57814661134163,22340.0,19,2023-01-01
BV2022,28214,9803,203.54,48.16252333693623,20860.0,14,2023-01-01
BV2022,28227,15320,113.71,134.7286958051183,26010.0,11,2023-01-01
BV2022,28279,13529,138.24,97.86603009259258,24590.0,15,2023-01-01
BV2022,28280,30144,711.66,42.35730545485204,21320.0,35,2023-01-01
BV2022,28373,6394,256.55,24.92301695575911,21210.0,12,2023-01-01
BV2022,28422,9855,377.72,26.090755056655723,22410.0,13,2023-01-01
BV2022,29004,6683,98.92,67.55964415689446,21130.0,2,2023-01-01
BV2022,29019,227371,347.81,653.7218596360082,22700.0,18,2023-01-01
BV2022,29020,11568,161.78,71.50451230065521,21750.0,5,2023-01-01
BV2022,29024,23213,624.69,37.15923097856537,20660.0,20,2023-01-01
BV2022,29026,19713,330.87,59.57929096019585,21520.0,13,2023-01-01
BV2022,29027,13039,394.62,33.041913739800314,20020.0,11,2023-01-01
BV2022,29039,37032,200.32999999999998,184.8549892677083,23110.0,5,2023-01-01
BV2022,29042,16060,194.15,82.71954674220963,22330.0,7,2023-01-01
BV2022,29046,24180,197.65,122.33746521629142,21430.0,11,2023-01-01
BV2022,29053,11171,147.73999999999998,75.61256260999053,23720.0,7,2023-01-01
BV2022,29058,25338,105.6,239.94318181818184,25410.0,6,2023-01-01
BV2022,29069,13054,66.7,195.71214392803597,23770.0,3,2023-01-01
BV2022,29103,39051,276.09000000000003,141.44300771487556,23250.0,17,2023-01-01
BV2022,29105,29076,366.58,79.31692945605326,21180.0,19,2023-01-01
BV2022,29113,5883,68.45,85.94594594594594,22470.0,4,2023-01-01
BV2022,29124,34126,286.94,118.93078692409563,22030.0,19,2023-01-01
BV2022,29147,4911,47.209999999999994,104.02457106545225,22590.0,2,2023-01-01
BV2022,29150,11373,82.13,138.47558748325827,23790.0,2,2023-01-01
BV2022,29151,53655,527.23,101.7677294539385,21720.0,19,2023-01-01
BV2022,29160,12396,83.94,147.67691208005718,23280.0,2,2023-01-01
BV2022,29162,6787,189.04000000000002,35.90245450698264,20640.0,5,2023-01-01
BV2022,29174,8053,87.96,91.55297862664848,21830.0,4,2023-01-01
BV2022,29178,17718,140.88,125.76660988074958,23290.0,9,2023-01-01
BV2022,29195,15940,77.83,204.8053449826545,23250.0,3,2023-01-01
BV2022,29197,16906,158.95,106.36049072035232,21580.0,10,2023-01-01
BV2022,29199,9095,259.33,35.07114487332742,21120.0,8,2023-01-01
BV2022,29218,4416,78.7,56.1118170266836,21250.0,4,2023-01-01
BV2022,29220,37380,157.48,237.36347472694948,22790.0,11,2023-01-01
BV2022,29232,93327,337.38,276.62279921749956,22440.0,9,2023-01-01
BV2022,29233,19765,95.71,206.5092466826873,22190.0,5,2023-01-01
BV2022,29241,21365,289.7,73.74870555747326,21560.0,7,2023-01-01
BV2022,29259,27047,173.08,156.26877744395654,21810.0,11,2023-01-01
BV2022,29260,17976,114.0,157.68421052631578,23720.0,5,2023-01-01
BV2022,29274,7326,203.04,36.08156028368794,20430.0,2,2023-01-01
BV2022,2A004,108214,1595.57,67.82153086357853,23010.0,54,2023-01-01
BV2022,2A041,6223,321.21000000000004,19.37361850502786,20580.0,4,2023-01-01
BV2022,2A130,10784,577.23,18.682327668347106,24150.0,25,2023-01-01
BV2022,2A247,19468,522.86,37.23367631870864,20760.0,6,2023-01-01
BV2022,2A249,9035,385.77000000000004,23.420691085361742,20320.0,17,2023-01-01
BV2022,2A272,5679,537.73,10.56106224313317,20320.0,17,2023-01-01
BV2022,2B033,78996,514.22,153.6229629341527,21480.0,32,2023-01-01
BV2022,2B042,26498,422.88,62.66080211880439,20520.0,38,2023-01-01
BV2022,2B050,11075,533.21,20.77042816151235,19910.0,8,2023-01-01
BV2022,2B096,14229,1212.97,11.73071056992341,20650.0,50,2023-01-01
BV2022,2B123,9922,617.81,16.05995370745051,18960.0,14,2023-01-01
BV2022,2B134,12373,418.08,29.59481438959051,20500.0,28,2023-01-01
BV2022,2B207,16578,331.89,49.95028473289343,19860.0,51,2023-01-01
BV2022,2B251,9418,419.29,22.461780629158817,20720.0,9,2023-01-01
BV2022,2B298,5209,269.07,19.359274538224255,21130.0,7,2023-01-01
BV2022,30003,25658,123.09,208.44910228288245,22060.0,3,2023-01-01
BV2022,30006,8196,56.49,145.0876261285183,21850.0,2,2023-01-01
BV2022,30007,95758,446.3,214.55971319740084,19730.0,34,2023-01-01
BV2022,30010,16927,234.76,72.10342477423752,20190.0,21,2023-01-01
BV2022,30028,50326,469.5,107.19062832800851,21520.0,32,2023-01-01
BV2022,30029,6033,258.56,23.333075495049506,19960.0,12,2023-01-01
BV2022,30032,53214,331.69,160.43293436642648,19620.0,12,2023-01-01
BV2022,30034,7550,44.96,167.9270462633452,21310.0,1,2023-01-01
BV2022,30037,5503,70.95,77.56166314305848,17390.0,6,2023-01-01
BV2022,30047,11273,28.049999999999997,401.8894830659537,22750.0,2,2023-01-01
BV2022,30061,6690,79.13,84.54442057373942,21690.0,4,2023-01-01
BV2022,30062,14211,62.33,227.99614952671266,24720.0,6,2023-01-01
BV2022,30132,16723,445.52,37.53591309032142,17510.0,24,2023-01-01
BV2022,30155,11227,42.03,267.1187247204378,21680.0,2,2023-01-01
BV2022,30189,206378,381.88,540.4263119304494,20010.0,18,2023-01-01
BV2022,30202,19579,149.01,131.39386618347763,21160.0,12,2023-01-01
BV2022,30210,8434,158.02,53.37299076066321,20750.0,12,2023-01-01
BV2022,30212,13231,140.21,94.36559446544469,21830.0,10,2023-01-01
BV2022,30217,13472,89.6,150.35714285714286,24200.0,5,2023-01-01
BV2022,30221,14986,77.92,192.32546201232032,22400.0,6,2023-01-01
BV2022,30227,16934,228.51,74.10616603212114,18970.0,20,2023-01-01
BV2022,30255,19106,197.31,96.83239572246718,21360.0,22,2023-01-01
BV2022,30258,14197,153.73,92.35022441943669,17980.0,1,2023-01-01
BV2022,30263,8008,210.44,38.05360197681049,18810.0,12,2023-01-01
BV2022,30269,5485,345.04,15.896707628101089,17530.0,14,2023-01-01
BV2022,30321,24360,214.10999999999999,113.77329410116296,22610.0,25,2023-01-01
BV2022,30334,25704,391.23,65.70048309178743,21380.0,26,2023-01-01
BV2022,30341,16788,137.68,121.93492155723416,20350.0,2,2023-01-01
BV2022,30344,16305,40.3,404.590570719603,23670.0,5,2023-01-01
BV2022,30350,11717,547.46,21.402476893289005,18500.0,23,2023-01-01
BV2022,31033,21778,251.88,86.46180720978244,22110.0,15,2023-01-01
BV2022,31042,5262,294.74,17.853023003324964,20940.0,31,2023-01-01
BV2022,31066,12375,109.24,113.28268033687294,23740.0,7,2023-01-01
BV2022,31080,5702,264.36,21.569072476925403,19160.0,30,2023-01-01
BV2022,31106,7731,167.01,46.29064127896533,23890.0,19,2023-01-01
BV2022,31107,21971,408.96,53.72408059467919,21510.0,31,2023-01-01
BV2022,31135,15271,337.44,45.255452821242294,20970.0,30,2023-01-01
BV2022,31202,8680,64.25,135.09727626459144,23910.0,3,2023-01-01
BV2022,31232,23286,203.35,114.51192525202852,23860.0,10,2023-01-01
BV2022,31239,4316,206.78,20.87242479930361,19680.0,23,2023-01-01
BV2022,31324,5672,92.1,61.58523344191097,21380.0,11,2023-01-01
BV2022,31358,9769,73.48,132.94774088187262,27190.0,8,2023-01-01
BV2022,31390,21518,665.72,32.32289851589257,20620.0,91,2023-01-01
BV2022,31396,5831,57.31,101.74489617867737,24080.0,4,2023-01-01
BV2022,31399,6828,37.84,180.44397463002113,22760.0,3,2023-01-01
BV2022,31421,16453,33.53,490.69490008947207,26440.0,7,2023-01-01
BV2022,31451,23166,404.49,57.27212044797152,21010.0,30,2023-01-01
BV2022,31454,15110,220.12,68.64437579502089,23160.0,17,2023-01-01
BV2022,31483,36899,806.13,45.7730142780941,20820.0,76,2023-01-01
BV2022,31499,14386,119.74000000000001,120.1436445632203,24220.0,8,2023-01-01
BV2022,31523,9445,219.75,42.9806598407281,21040.0,26,2023-01-01
BV2022,31555,1086395,1348.39,805.6979063920675,24070.0,116,2023-01-01
BV2022,31573,7591,111.92,67.825232308792,26290.0,9,2023-01-01
BV2022,31574,8998,61.66,145.92928965293547,25510.0,8,2023-01-01
BV2022,31582,30475,398.68,76.43975117889033,24870.0,45,2023-01-01
BV2022,31584,14048,197.23,71.2264868427724,21880.0,13,2023-01-01
BV2022,32013,37135,548.13,67.74852680933355,22270.0,31,2023-01-01
BV2022,32096,8187,639.41,12.80399117936848,19530.0,25,2023-01-01
BV2022,32107,13744,471.31,29.161273896161763,20410.0,25,2023-01-01
BV2022,32119,11165,427.11,26.14080681791576,19570.0,17,2023-01-01
BV2022,32132,14402,461.05,31.237392907493764,20850.0,38,2023-01-01
BV2022,32147,11024,427.04,25.81491195204196,22110.0,34,2023-01-01
BV2022,32160,23968,415.84000000000003,57.63755290496344,24580.0,37,2023-01-01
BV2022,32208,5656,206.84000000000003,27.34480758073873,21060.0,10,2023-01-01
BV2022,32233,2632,145.46,18.09432146294514,19990.0,15,2023-01-01
BV2022,32242,8614,412.09000000000003,20.903200757116164,20390.0,50,2023-01-01
BV2022,32249,6548,269.65999999999997,24.28242972632204,21450.0,21,2023-01-01
BV2022,32256,9151,402.79,22.719034732739143,20720.0,28,2023-01-01
BV2022,32296,5507,189.07,29.126778441846938,20140.0,17,2023-01-01
BV2022,32319,7053,335.7,21.009830205540663,19720.0,27,2023-01-01
BV2022,32344,4577,172.74,26.496468681255063,20350.0,16,2023-01-01
BV2022,32410,8991,278.25,32.31266846361186,22480.0,27,2023-01-01
BV2022,32462,11516,582.82,19.75910229573453,20720.0,33,2023-01-01
BV2022,33005,19557,156.2,125.20486555697825,25990.0,2,2023-01-01
BV2022,33011,6413,48.25,132.9119170984456,24840.0,1,2023-01-01
BV2022,33036,22459,1532.63,14.653895591238589,20810.0,41,2023-01-01
BV2022,33042,16022,584.53,27.41005594238106,22990.0,7,2023-01-01
BV2022,33051,36504,296.78999999999996,122.99605781865968,23980.0,4,2023-01-01
BV2022,33058,32134,421.7,76.20109082285985,20310.0,31,2023-01-01
BV2022,33063,953552,1210.33,787.844637412937,24000.0,58,2023-01-01
BV2022,33081,14187,116.99,121.2667749380289,21390.0,16,2023-01-01
BV2022,33104,16308,315.1,51.75499841320215,23340.0,6,2023-01-01
BV2022,33108,20016,264.04,75.8066959551583,19950.0,32,2023-01-01
BV2022,33114,23589,235.17999999999998,100.3018964197636,20920.0,14,2023-01-01
BV2022,33138,32291,548.81,58.83821358940253,19750.0,25,2023-01-01
BV2022,33140,21262,191.07999999999998,111.27276533389157,23130.0,23,2023-01-01
BV2022,33203,3967,190.5,20.824146981627297,23030.0,1,2023-01-01
BV2022,33213,15919,242.24,65.71581902245707,26230.0,6,2023-01-01
BV2022,33214,7484,389.42,19.218324687997534,23770.0,2,2023-01-01
BV2022,33226,7052,38.9,181.28534704370182,22640.0,7,2023-01-01
BV2022,33227,41127,370.78000000000003,110.92022223420895,21480.0,38,2023-01-01
BV2022,33236,12831,372.13,34.47988606132266,24880.0,4,2023-01-01
BV2022,33240,20382,533.56,38.20001499362771,20320.0,16,2023-01-01
BV2022,33243,103414,683.47,151.3072995157066,22280.0,67,2023-01-01
BV2022,33314,21946,316.04,69.4405771421339,21140.0,11,2023-01-01
BV2022,33327,19607,176.77,110.91814221870226,23400.0,11,2023-01-01
BV2022,33352,14689,194.71,75.44039854142058,19560.0,28,2023-01-01
BV2022,33366,52207,262.44,198.929279073312,22080.0,32,2023-01-01
BV2022,33402,29881,529.83,56.39733499424343,19530.0,40,2023-01-01
BV2022,33478,5457,47.95,113.80604796663191,19450.0,5,2023-01-01
BV2022,33498,8641,200.12,43.17909254447331,24370.0,2,2023-01-01
BV2022,33506,7086,200.63,35.31874595025669,19920.0,21,2023-01-01
BV2022,33514,8255,136.05,60.676221977214254,21420.0,5,2023-01-01
BV2022,33529,68175,328.83,207.3259739074902,24300.0,4,2023-01-01
BV2022,34003,29201,50.81,574.7097028144066,19710.0,1,2023-01-01
BV2022,34022,13718,20.64,664.6317829457364,24330.0,3,2023-01-01
BV2022,34028,16988,550.4399999999999,30.862582661143815,19170.0,26,2023-01-01
BV2022,34031,20281,128.61,157.69380297022002,20300.0,6,2023-01-01
BV2022,34032,143238,544.93,262.85577964142186,18840.0,27,2023-01-01
BV2022,34052,4084,52.81,77.33383828820298,20450.0,3,2023-01-01
BV2022,34058,20299,82.66,245.57222356641665,26130.0,8,2023-01-01
BV2022,34079,24533,194.28,126.27650813259213,20430.0,19,2023-01-01
BV2022,34111,20029,521.66,38.394739868880116,20870.0,26,2023-01-01
BV2022,34114,14808,219.99,67.31215055229782,21390.0,9,2023-01-01
BV2022,34126,7146,209.26,34.14890566759056,19670.0,12,2023-01-01
BV2022,34142,15387,593.88,25.909274600929482,18870.0,30,2023-01-01
BV2022,34145,54439,223.25,243.84770436730122,20650.0,11,2023-01-01
BV2022,34147,9486,99.67,95.17407444567071,21200.0,6,2023-01-01
BV2022,34150,7692,51.71,148.75265906014312,20180.0,1,2023-01-01
BV2022,34154,16714,49.56,337.24778046811946,24250.0,1,2023-01-01
BV2022,34157,18500,87.71000000000001,210.9223577699236,21150.0,3,2023-01-01
BV2022,34162,4817,47.2,102.0550847457627,18360.0,2,2023-01-01
BV2022,34172,492076,531.8,925.302745393005,22020.0,33,2023-01-01
BV2022,34189,15200,335.2,45.34606205250597,18810.0,22,2023-01-01
BV2022,34192,5748,2.38,2415.126050420168,21750.0,1,2023-01-01
BV2022,34194,15017,121.49,123.60688122479218,20300.0,12,2023-01-01
BV2022,34199,26697,216.71,123.19228461999907,20310.0,16,2023-01-01
BV2022,34202,21721,74.71000000000001,290.73751840449734,23580.0,5,2023-01-01
BV2022,34239,10158,75.60000000000001,134.36507936507934,21470.0,8,2023-01-01
BV2022,34245,4033,189.95,21.231903132403264,19550.0,10,2023-01-01
BV2022,34276,13358,170.09,78.5348932917867,24720.0,12,2023-01-01
BV2022,34284,5764,284.42,20.265804092539202,18100.0,11,2023-01-01
BV2022,34299,20208,80.66999999999999,250.50204537002608,21030.0,4,2023-01-01
BV2022,34300,8612,56.489999999999995,152.45176137369447,20700.0,4,2023-01-01
BV2022,34301,98431,159.82,615.8866224502566,20900.0,9,2023-01-01
BV2022,34332,5804,32.49,178.63958140966452,19500.0,1,2023-01-01
BV2022,35006,11529,159.8,72.14643304130162,22270.0,7,2023-01-01
BV2022,35012,29567,427.53000000000003,69.15771992608705,21720.0,17,2023-01-01
BV2022,35037,11403,75.73,150.5744090849069,23290.0,4,2023-01-01
BV2022,35068,19145,120.82,158.45886442641947,23780.0,7,2023-01-01
BV2022,35069,17675,60.99,289.8016068207903,25480.0,3,2023-01-01
BV2022,35085,14739,252.7,58.32607835377919,21050.0,12,2023-01-01
BV2022,35093,33035,118.3,279.2476754015216,24120.0,10,2023-01-01
BV2022,35095,25197,239.14000000000001,105.36505812494772,21070.0,15,2023-01-01
BV2022,35115,46419,384.91,120.59702268062664,21120.0,22,2023-01-01
BV2022,35125,17376,318.57,54.5437423486204,20910.0,20,2023-01-01
BV2022,35126,26227,212.25,123.56654888103651,23520.0,7,2023-01-01
BV2022,35136,29307,274.51,106.76113802775855,22830.0,13,2023-01-01
BV2022,35152,14640,132.32,110.64087061668683,24390.0,3,2023-01-01
BV2022,35162,9506,208.91,45.502848116413766,20110.0,10,2023-01-01
BV2022,35168,8170,151.85,53.80309515969707,20780.0,6,2023-01-01
BV2022,35176,7846,97.1,80.8032955715757,21620.0,2,2023-01-01
BV2022,35177,13345,64.85,205.78257517347728,25150.0,4,2023-01-01
BV2022,35184,12992,146.59,88.62814653114128,22260.0,7,2023-01-01
BV2022,35188,34769,282.23,123.19384898841369,23170.0,14,2023-01-01
BV2022,35196,14229,50.52,281.6508313539192,23710.0,3,2023-01-01
BV2022,35207,15036,67.44,222.9537366548043,25190.0,3,2023-01-01
BV2022,35219,6990,128.73,54.29969704031695,20810.0,5,2023-01-01
BV2022,35223,10968,252.96,43.35863377609108,22230.0,6,2023-01-01
BV2022,35236,30689,321.2,95.54483188044833,21110.0,11,2023-01-01
BV2022,35238,395347,442.98,892.4714434060228,23760.0,25,2023-01-01
BV2022,35239,13254,236.35,56.07785064522953,21170.0,9,2023-01-01
BV2022,35240,16138,33.36,483.7529976019185,23620.0,3,2023-01-01
BV2022,35251,23331,253.54,92.02098288238543,22710.0,15,2023-01-01
BV2022,35253,14305,174.45,82.00057323015191,22800.0,7,2023-01-01
BV2022,35257,19599,333.65,58.74119586392927,20870.0,13,2023-01-01
BV2022,35288,72759,154.91,469.6856239106578,22810.0,12,2023-01-01
BV2022,35297,10563,186.21,56.72627678427582,21090.0,7,2023-01-01
BV2022,35337,20701,204.44,101.25709254549012,22670.0,18,2023-01-01
BV2022,35352,10508,27.45,382.8051001821494,25060.0,2,2023-01-01
BV2022,35360,47117,464.48,101.44032035825008,22020.0,27,2023-01-01
BV2022,36001,4239,211.36,20.05582891748675,18830.0,9,2023-01-01
BV2022,36006,27269,1122.44,24.29439435515484,20060.0,43,2023-01-01
BV2022,36018,22700,1105.3,20.53741065773998,20310.0,36,2023-01-01
BV2022,36031,16948,844.79,20.06179050414896,20530.0,25,2023-01-01
BV2022,36044,78489,811.51,96.71969538268166,21370.0,22,2023-01-01
BV2022,36045,6002,301.09,19.934238931880834,20290.0,12,2023-01-01
BV2022,36046,24213,1015.33,23.847419065722473,20470.0,46,2023-01-01
BV2022,36088,26455,864.84,30.589473197354422,21440.0,38,2023-01-01
BV2022,36093,6523,365.65,17.839463968275673,21160.0,11,2023-01-01
BV2022,36228,8268,405.52,20.388636811994477,20090.0,10,2023-01-01
BV2022,37003,25842,219.57999999999998,117.6883140541033,22510.0,12,2023-01-01
BV2022,37011,8100,90.50999999999999,89.49287371561154,22990.0,5,2023-01-01
BV2022,37014,10015,151.95,65.90983876275091,22980.0,6,2023-01-01
BV2022,37027,19003,221.72,85.70719826808588,23210.0,10,2023-01-01
BV2022,37031,10500,158.0,66.45569620253164,21780.0,6,2023-01-01
BV2022,37062,4540,133.37,34.04063882432331,20390.0,7,2023-01-01
BV2022,37063,15719,342.63,45.87747716195313,21800.0,18,2023-01-01
BV2022,37072,15092,263.54,57.26644911588373,21830.0,14,2023-01-01
BV2022,37104,17513,215.64,81.21406047115563,23890.0,8,2023-01-01
BV2022,37115,7710,189.1,40.77207826546801,20410.0,9,2023-01-01
BV2022,37119,5335,169.06,31.556843724121613,20800.0,11,2023-01-01
BV2022,37123,24814,531.49,46.68761406611601,21750.0,21,2023-01-01
BV2022,37130,7911,354.98,22.28576257817342,21190.0,14,2023-01-01
BV2022,37132,20937,670.76,31.21384697954559,21200.0,24,2023-01-01
BV2022,37159,13557,87.74000000000001,154.51333485297468,24270.0,4,2023-01-01
BV2022,37196,7557,317.94,23.76863559162106,19910.0,18,2023-01-01
BV2022,37226,15380,333.32,46.14184567382696,20950.0,18,2023-01-01
BV2022,37261,375705,1220.71,307.7758026066797,22800.0,54,2023-01-01
BV2022,38001,19668,140.69,139.79671618451917,22790.0,13,2023-01-01
BV2022,38006,8619,171.03,50.394667602175055,23840.0,5,2023-01-01
BV2022,38013,14989,116.66,128.48448482770445,23950.0,9,2023-01-01
BV2022,38022,11303,82.48,137.03928225024248,22320.0,3,2023-01-01
BV2022,38034,23580,377.46,62.47019551740582,21330.0,24,2023-01-01
BV2022,38052,10153,703.97,14.422489594727047,22340.0,20,2023-01-01
BV2022,38053,83766,274.17,305.5257686836634,23060.0,25,2023-01-01
BV2022,38085,44640,146.28,305.1681706316653,23430.0,10,2023-01-01
BV2022,38130,26161,378.21,69.17056661643002,21800.0,25,2023-01-01
BV2022,38138,13120,120.65,108.74430169912971,25300.0,13,2023-01-01
BV2022,38140,13612,58.79,231.53597550603845,28550.0,3,2023-01-01
BV2022,38185,461049,622.19,741.0099808740094,23850.0,53,2023-01-01
BV2022,38189,29169,172.73000000000002,168.87049151855496,26150.0,11,2023-01-01
BV2022,38247,15964,204.12,78.20889672741525,22300.0,15,2023-01-01
BV2022,38261,17778,187.09,95.02378534395211,22880.0,13,2023-01-01
BV2022,38269,22661,984.5,23.017775520568815,21940.0,54,2023-01-01
BV2022,38314,21360,121.27,176.13589511008493,24720.0,10,2023-01-01
BV2022,38315,24638,225.28,109.3661221590909,23250.0,30,2023-01-01
BV2022,38337,16762,60.56,276.783355350066,22970.0,7,2023-01-01
BV2022,38344,46409,187.11,248.03057025279244,22050.0,20,2023-01-01
BV2022,38384,9664,95.9,100.77163712200208,22610.0,9,2023-01-01
BV2022,38399,13049,137.1,95.17870167760759,23520.0,9,2023-01-01
BV2022,38412,15993,332.62,48.08189525584751,22960.0,16,2023-01-01
BV2022,38416,23472,251.70999999999998,93.25016884509952,22010.0,18,2023-01-01
BV2022,38509,37394,183.23,204.0823009332533,22890.0,19,2023-01-01
BV2022,38511,20424,137.39,148.65710750418518,26800.0,13,2023-01-01
BV2022,38517,12476,107.00999999999999,116.58723483786564,23710.0,7,2023-01-01
BV2022,38544,78656,366.0,214.9071038251366,23860.0,28,2023-01-01
BV2022,38545,19260,328.53999999999996,58.62299872161686,25300.0,17,2023-01-01
BV2022,38548,10941,276.20000000000005,39.612599565532214,24450.0,6,2023-01-01
BV2022,38553,44117,115.63,381.53593358125056,22270.0,9,2023-01-01
BV2022,38557,6720,30.21,222.44289970208538,27650.0,2,2023-01-01
BV2022,38559,11611,160.55,72.32014948614139,23120.0,15,2023-01-01
BV2022,38562,21815,175.12,124.57172224760164,24350.0,13,2023-01-01
BV2022,38563,60659,207.18,292.7840525147215,24800.0,19,2023-01-01
BV2022,38565,11922,68.59,173.81542498906546,26240.0,3,2023-01-01
BV2022,39013,5808,128.79000000000002,45.09666899604006,22300.0,13,2023-01-01
BV2022,39056,10325,223.7,46.15556548949486,22080.0,26,2023-01-01
BV2022,39097,18888,470.72,40.12576478585996,22460.0,59,2023-01-01
BV2022,39128,9985,230.55,43.3094773368033,21110.0,24,2023-01-01
BV2022,39154,4930,197.94,24.90653733454582,22030.0,22,2023-01-01
BV2022,39198,47585,493.95,96.33566150420083,22010.0,53,2023-01-01
BV2022,39300,48556,519.64,93.44161342467862,22390.0,63,2023-01-01
BV2022,39333,4334,93.87,46.170235431980394,21840.0,8,2023-01-01
BV2022,39368,8272,129.46,63.896184149544254,25060.0,4,2023-01-01
BV2022,39397,4036,187.11,21.570199347977123,22560.0,20,2023-01-01
BV2022,39434,11603,323.81,35.832741422439085,22280.0,38,2023-01-01
BV2022,39470,6514,78.24000000000001,83.2566462167689,35330.0,3,2023-01-01
BV2022,39475,19701,512.64,38.43047752808989,21580.0,41,2023-01-01
BV2022,39478,22549,471.62,47.81179763368814,22230.0,26,2023-01-01
BV2022,39487,6783,221.34,30.64516129032258,25780.0,13,2023-01-01
BV2022,39500,14557,457.61,31.810930705185637,21820.0,52,2023-01-01
BV2022,39526,12358,138.93,88.95127042395451,22280.0,14,2023-01-01
BV2022,40001,19820,545.72,36.31899142417357,21110.0,40,2023-01-01
BV2022,40046,18521,241.91,76.56153114794759,23680.0,2,2023-01-01
BV2022,40065,14871,43.94,338.4387801547565,24620.0,3,2023-01-01
BV2022,40075,5691,314.99,18.067240229848565,21910.0,4,2023-01-01
BV2022,40088,68663,562.31,122.10880119507034,21800.0,34,2023-01-01
BV2022,40119,15142,337.96,44.80411883063085,21210.0,32,2023-01-01
BV2022,40133,6934,24.48,283.2516339869281,23500.0,1,2023-01-01
BV2022,40184,17860,672.4,26.56157049375372,21860.0,11,2023-01-01
BV2022,40192,68877,1113.31,61.866865473228486,22220.0,45,2023-01-01
BV2022,40194,9724,180.18,53.96825396825397,21130.0,19,2023-01-01
BV2022,40197,12093,614.21,19.688705817228634,20810.0,8,2023-01-01
BV2022,40217,19497,1175.2,16.590367597004764,21320.0,14,2023-01-01
BV2022,40224,21131,372.81,56.680346557227544,21700.0,22,2023-01-01
BV2022,40233,4401,73.56,59.82871125611745,21850.0,3,2023-01-01
BV2022,40245,7363,569.24,12.93479024664465,21420.0,12,2023-01-01
BV2022,40282,9696,191.84,50.54211843202669,22280.0,12,2023-01-01
BV2022,40284,23817,221.3,107.62313601446,22150.0,12,2023-01-01
BV2022,40296,8978,60.83,147.59164885747165,24090.0,3,2023-01-01
BV2022,40310,19206,414.42,46.34428840306935,22630.0,9,2023-01-01
BV2022,40313,9957,282.45,35.252257036643655,21710.0,11,2023-01-01
BV2022,41018,114867,994.01,115.55919960563777,22500.0,50,2023-01-01
BV2022,41059,11781,212.87,55.34363696152581,22110.0,7,2023-01-01
BV2022,41106,13059,552.88,23.619953697004775,22040.0,9,2023-01-01
BV2022,41136,13531,186.0,72.74731182795699,22440.0,12,2023-01-01
BV2022,41143,4483,212.88,21.05881247651259,20730.0,9,2023-01-01
BV2022,41149,10052,319.11,31.500109680047633,21600.0,20,2023-01-01
BV2022,41151,16417,313.8,52.31676226896112,21810.0,14,2023-01-01
BV2022,41167,6254,107.67,58.08488901272406,22240.0,5,2023-01-01
BV2022,41173,7818,314.02,24.89650340742628,22390.0,8,2023-01-01
BV2022,41194,36416,727.4,50.063238933186696,21230.0,22,2023-01-01
BV2022,41198,12059,244.33999999999997,49.35336007203078,20840.0,9,2023-01-01
BV2022,41232,9084,413.44,21.971749226006192,21470.0,5,2023-01-01
BV2022,41242,16228,368.66999999999996,44.01768519271978,20580.0,16,2023-01-01
BV2022,41269,48200,982.77,49.04504614507972,21910.0,62,2023-01-01
BV2022,42011,14892,245.48,60.66481994459834,21340.0,18,2023-01-01
BV2022,42019,13967,287.1,48.64855451062347,20920.0,19,2023-01-01
BV2022,42023,6527,146.81,44.458824330767655,21190.0,8,2023-01-01
BV2022,42052,21952,311.76,70.41313831152169,21590.0,23,2023-01-01
BV2022,42059,10010,84.6,118.32151300236407,21590.0,7,2023-01-01
BV2022,42094,17027,166.99,101.9641894724235,21930.0,12,2023-01-01
BV2022,42103,11594,36.14,320.8079690094078,22350.0,3,2023-01-01
BV2022,42147,40399,388.53,103.97910071294366,22550.0,27,2023-01-01
BV2022,42149,15563,136.81,113.7563043637161,23750.0,11,2023-01-01
BV2022,42165,5678,72.11,78.74081264734434,21320.0,5,2023-01-01
BV2022,42168,9433,98.2,96.0590631364562,23370.0,9,2023-01-01
BV2022,42182,20768,500.41,41.50196838592354,22300.0,25,2023-01-01
BV2022,42186,37835,127.68,296.3267543859649,22070.0,14,2023-01-01
BV2022,42187,88519,447.06,198.00250525656512,21020.0,28,2023-01-01
BV2022,42204,6712,132.4,50.69486404833837,21690.0,11,2023-01-01
BV2022,42218,363078,762.62,476.0929427499934,20430.0,45,2023-01-01
BV2022,42222,10292,50.0,205.84,25780.0,4,2023-01-01
BV2022,42230,6881,234.82999999999998,29.302048290252525,20520.0,14,2023-01-01
BV2022,42279,67410,270.4,249.29733727810654,23780.0,16,2023-01-01
BV2022,43040,14670,438.54,33.45190860582843,20760.0,24,2023-01-01
BV2022,43051,7934,364.2,21.784733662822624,20110.0,12,2023-01-01
BV2022,43080,12364,635.64,19.451261720470708,20310.0,31,2023-01-01
BV2022,43087,8340,253.84,32.85534194768358,21050.0,10,2023-01-01
BV2022,43112,12414,587.71,21.122662537646118,19990.0,43,2023-01-01
BV2022,43137,22083,208.79999999999998,105.76149425287358,22860.0,7,2023-01-01
BV2022,43157,74752,1040.29,71.85688606061771,21530.0,58,2023-01-01
BV2022,43162,4608,111.92999999999999,41.168587510050926,20530.0,5,2023-01-01
BV2022,43200,4581,112.43,40.74535266387974,22210.0,6,2023-01-01
BV2022,43216,6229,252.53,24.666376272126083,20960.0,12,2023-01-01
BV2022,43224,8323,57.75,144.12121212121212,21910.0,2,2023-01-01
BV2022,43234,3497,380.96000000000004,9.179441411171776,18800.0,12,2023-01-01
BV2022,43244,4528,113.50999999999999,39.89075852347811,20540.0,4,2023-01-01
BV2022,43268,15784,274.99,57.39845085275828,21680.0,11,2023-01-01
BV2022,44002,18095,107.94999999999999,167.62389995368227,23300.0,6,2023-01-01
BV2022,44003,35007,326.85,107.10417622762735,22370.0,10,2023-01-01
BV2022,44015,17169,230.34,74.53764001041938,22200.0,4,2023-01-01
BV2022,44036,32162,568.22,56.60131639153849,20370.0,17,2023-01-01
BV2022,44043,26354,107.02,246.2530368155485,23600.0,7,2023-01-01
BV2022,44051,7991,196.74,40.61705804615228,20110.0,5,2023-01-01
BV2022,44055,55312,192.23000000000002,287.7386464131509,25120.0,9,2023-01-01
BV2022,44067,13644,298.08,45.772946859903385,20170.0,5,2023-01-01
BV2022,44072,24743,211.94,116.74530527507785,22410.0,7,2023-01-01
BV2022,44073,8692,111.33000000000001,78.07419383813885,23370.0,2,2023-01-01
BV2022,44081,22511,321.13,70.09933671721733,21260.0,8,2023-01-01
BV2022,44082,12549,94.74,132.45725142495252,23480.0,3,2023-01-01
BV2022,44084,23064,110.95,207.8774222622803,23820.0,3,2023-01-01
BV2022,44087,17973,239.62,75.00625991152658,21420.0,5,2023-01-01
BV2022,44109,704136,675.45,1042.4694648012435,24430.0,31,2023-01-01
BV2022,44110,20833,232.4,89.64285714285714,22510.0,6,2023-01-01
BV2022,44113,17673,301.15999999999997,58.68309204409617,21230.0,8,2023-01-01
BV2022,44120,11169,96.23,116.06567598462017,22840.0,4,2023-01-01
BV2022,44129,42344,407.06,104.02397680931558,22170.0,12,2023-01-01
BV2022,44131,35833,197.22,181.69049792110334,24170.0,7,2023-01-01
BV2022,44154,30691,197.48000000000002,155.41320640064816,23010.0,6,2023-01-01
BV2022,44158,19738,151.05,130.67196292618337,25500.0,4,2023-01-01
BV2022,44180,8040,248.41000000000003,32.36584678555614,20510.0,3,2023-01-01
BV2022,44184,121269,284.68,425.98356048897006,22300.0,8,2023-01-01
BV2022,44186,22077,220.32999999999998,100.19970044932602,22750.0,5,2023-01-01
BV2022,44188,26431,224.66,117.64889165850619,23040.0,6,2023-01-01
BV2022,44195,29797,257.51,115.7120111840317,23620.0,9,2023-01-01
BV2022,44209,19140,79.07,242.06399392942964,25900.0,3,2023-01-01
BV2022,44212,26000,165.22,157.36593632732115,23100.0,8,2023-01-01
BV2022,44213,7533,118.28,63.68785931687521,20900.0,1,2023-01-01
BV2022,45028,22818,348.95,65.39045708554234,22760.0,14,2023-01-01
BV2022,45030,11658,268.3,43.45136041744316,21310.0,18,2023-01-01
BV2022,45031,6804,163.13,41.70906638876969,21950.0,12,2023-01-01
BV2022,45053,16163,423.53,38.16258588529738,21200.0,15,2023-01-01
BV2022,45082,21207,382.56,55.43444165621079,23450.0,14,2023-01-01
BV2022,45085,12340,429.97,28.69967672163174,21480.0,18,2023-01-01
BV2022,45115,11502,289.71,39.7017707362535,21410.0,15,2023-01-01
BV2022,45145,9345,142.44,65.60657118786858,22410.0,7,2023-01-01
BV2022,45146,14926,394.91,37.79595350839431,24530.0,7,2023-01-01
BV2022,45155,24615,394.49,62.39701893584121,21240.0,10,2023-01-01
BV2022,45173,19765,176.1,112.23736513344691,24330.0,8,2023-01-01
BV2022,45187,9359,277.51,33.724910814024724,21990.0,13,2023-01-01
BV2022,45191,10589,159.86,66.23920930814462,22060.0,8,2023-01-01
BV2022,45203,22866,206.06,110.96767931670387,24450.0,10,2023-01-01
BV2022,45208,69260,381.48,181.5560448778442,20420.0,27,2023-01-01
BV2022,45224,21074,338.45,62.2662136209189,24260.0,16,2023-01-01
BV2022,45234,311599,717.49,434.2903733849949,22880.0,40,2023-01-01
BV2022,45248,8699,345.4,25.18529241459178,22560.0,19,2023-01-01
BV2022,45252,25892,411.09,62.98377484249192,21490.0,28,2023-01-01
BV2022,45258,9229,206.19,44.759687666715166,22990.0,21,2023-01-01
BV2022,45315,21651,502.23,43.109730601517235,22440.0,15,2023-01-01
BV2022,46042,49454,910.2,54.33311360140628,21870.0,51,2023-01-01
BV2022,46045,6589,487.06,13.528107420030386,20220.0,27,2023-01-01
BV2022,46063,1993,102.16,19.508613938919343,19580.0,2,2023-01-01
BV2022,46102,23032,567.0,40.620811287477956,22160.0,42,2023-01-01
BV2022,46127,20118,919.49,21.87952016878922,20620.0,50,2023-01-01
BV2022,46128,9112,360.24,25.29424827892516,21190.0,20,2023-01-01
BV2022,46143,3492,133.21,26.2142481795661,20880.0,13,2023-01-01
BV2022,46225,19450,719.89,27.01801664143133,20560.0,41,2023-01-01
BV2022,46251,25891,723.16,35.80258863875215,21320.0,54,2023-01-01
BV2022,46309,11870,311.67,38.08515416947412,20760.0,19,2023-01-01
BV2022,46330,3297,50.709999999999994,65.01676197988563,20560.0,5,2023-01-01
BV2022,47001,112113,1002.64,111.81780100534588,21760.0,66,2023-01-01
BV2022,47004,11797,162.09,72.78055401320255,18890.0,14,2023-01-01
BV2022,47052,13245,668.41,19.815681991591987,20300.0,30,2023-01-01
BV2022,47057,5450,235.13,23.178667120316423,19810.0,21,2023-01-01
BV2022,47106,22498,581.68,38.67762343556595,19270.0,32,2023-01-01
BV2022,47157,47887,625.49,76.55917760475786,20390.0,52,2023-01-01
BV2022,47168,12062,313.01,38.535510047602315,19350.0,24,2023-01-01
BV2022,47175,11108,459.83,24.156753582845834,19730.0,27,2023-01-01
BV2022,47195,21845,697.05,31.339215264328242,20680.0,29,2023-01-01
BV2022,47310,23196,360.45,64.35289221806076,19500.0,22,2023-01-01
BV2022,47323,60834,714.79,85.1075140950489,19980.0,39,2023-01-01
BV2022,48034,5847,395.32,14.790549428311241,20780.0,12,2023-01-01
BV2022,48061,6417,845.13,7.592914699513685,19980.0,15,2023-01-01
BV2022,48080,13713,1486.8600000000001,9.222791654896897,19420.0,55,2023-01-01
BV2022,48092,10010,315.34000000000003,31.743514936259274,21520.0,13,2023-01-01
BV2022,48095,23395,898.58,26.035522713614814,22130.0,24,2023-01-01
BV2022,48140,15239,902.71,16.881390479777558,20680.0,35,2023-01-01
BV2022,49007,276979,524.05,528.5354450911173,22440.0,26,2023-01-01
BV2022,49018,14955,341.02000000000004,43.85373291889038,20690.0,4,2023-01-01
BV2022,49021,18044,171.8,105.02910360884749,21890.0,5,2023-01-01
BV2022,49023,23465,230.45,101.8225211542634,21220.0,1,2023-01-01
BV2022,49050,12208,145.24,84.05397961993941,23040.0,2,2023-01-01
BV2022,49054,10328,257.97,40.0356630615963,20580.0,5,2023-01-01
BV2022,49063,9714,81.13,119.73376063108591,22550.0,3,2023-01-01
BV2022,49069,16468,156.34,105.33452731226814,21960.0,1,2023-01-01
BV2022,49080,14225,267.92,53.09420722603762,20730.0,4,2023-01-01
BV2022,49092,24642,353.61,69.68694324255536,21500.0,2,2023-01-01
BV2022,49099,91511,488.72,187.2462759862498,21950.0,18,2023-01-01
BV2022,49125,15590,274.7,56.75282125955588,20850.0,7,2023-01-01
BV2022,49127,7851,132.87,59.08783020997968,21060.0,5,2023-01-01
BV2022,49176,15141,221.8,68.26420198376915,21970.0,7,2023-01-01
BV2022,49180,9042,134.04000000000002,67.45747538048343,20560.0,3,2023-01-01
BV2022,49214,18978,128.09,148.1614489811851,23700.0,5,2023-01-01
BV2022,49215,7743,138.5,55.90613718411552,20380.0,6,2023-01-01
BV2022,49218,15732,198.85,79.11491073673623,20920.0,1,2023-01-01
BV2022,49228,6466,345.54,18.712739480233836,18850.0,3,2023-01-01
BV2022,49244,25250,287.78000000000003,87.74063520745013,21220.0,6,2023-01-01
BV2022,49248,17597,428.58,41.05884548975687,19990.0,16,2023-01-01
BV2022,49261,9577,155.16,61.723382315029646,21000.0,2,2023-01-01
BV2022,49283,9285,89.76,103.44251336898395,23580.0,5,2023-01-01
BV2022,49301,29061,238.92,121.63485685585134,21910.0,3,2023-01-01
BV2022,49307,16293,113.66,143.34858349463312,23770.0,1,2023-01-01
BV2022,49328,57379,555.81,103.23491840736943,20770.0,30,2023-01-01
BV2022,49331,19933,305.96,65.14903909007714,20940.0,4,2023-01-01
BV2022,49333,6404,92.03999999999999,69.57844415471534,21960.0,4,2023-01-01
BV2022,49345,11089,164.2,67.53349573690622,22060.0,3,2023-01-01
BV2022,49347,12008,122.93,97.68160741885626,22990.0,7,2023-01-01
BV2022,49373,12615,331.44,38.06118754525706,20620.0,9,2023-01-01
BV2022,50003,9448,85.08,111.04842501175365,23380.0,6,2023-01-01
BV2022,50025,41200,430.75,95.64712710388856,21800.0,43,2023-01-01
BV2022,50031,4883,78.87,61.91200710029162,23220.0,10,2023-01-01
BV2022,50074,6616,170.13,38.88790924587081,20190.0,19,2023-01-01
BV2022,50076,14257,160.76,88.6849962677283,22000.0,10,2023-01-01
BV2022,50082,10263,154.4,66.470207253886,21930.0,7,2023-01-01
BV2022,50099,16839,318.19,52.92121059744178,20630.0,17,2023-01-01
BV2022,50129,105973,396.17,267.49375268192944,22830.0,19,2023-01-01
BV2022,50147,23562,269.1,87.55852842809364,21130.0,27,2023-01-01
BV2022,50218,31870,144.98,219.8234239205408,23100.0,17,2023-01-01
BV2022,50236,30883,660.97,46.72375448204911,20800.0,43,2023-01-01
BV2022,50341,5565,97.96000000000001,56.80890159248673,20830.0,18,2023-01-01
BV2022,50359,10007,299.12,33.454800748863335,20560.0,8,2023-01-01
BV2022,50394,10591,224.28,47.22222222222222,19880.0,15,2023-01-01
BV2022,50402,13152,138.08,95.24913093858632,23330.0,14,2023-01-01
BV2022,50410,11219,230.58,48.65556422933472,20410.0,14,2023-01-01
BV2022,50484,15270,265.84,57.4405657538369,20630.0,11,2023-01-01
BV2022,50487,8050,163.82999999999998,49.13629982298725,20540.0,6,2023-01-01
BV2022,50502,66640,682.71,97.61099148979801,21700.0,55,2023-01-01
BV2022,50539,6461,94.33,68.49358634580727,22460.0,11,2023-01-01
BV2022,50582,4912,134.59,36.49602496470763,19740.0,7,2023-01-01
BV2022,50601,11778,193.49,60.87136286112977,21130.0,13,2023-01-01
BV2022,50615,22980,281.51,81.63120315441725,21830.0,30,2023-01-01
BV2022,50639,20873,444.12,46.99855894803206,20400.0,37,2023-01-01
BV2022,51030,7385,78.24000000000001,94.38905930470347,24540.0,5,2023-01-01
BV2022,51108,78437,1010.27,77.63964088807943,21910.0,58,2023-01-01
BV2022,51217,16614,473.21,35.109148158322945,23160.0,41,2023-01-01
BV2022,51230,56770,697.82,81.35335759938093,23470.0,66,2023-01-01
BV2022,51248,4187,241.48,17.338910054662914,21700.0,9,2023-01-01
BV2022,51250,18299,386.8,47.30868665977249,21700.0,51,2023-01-01
BV2022,51380,8236,315.65999999999997,26.09136412595831,21420.0,21,2023-01-01
BV2022,51388,9659,220.34,43.83679767631842,22330.0,10,2023-01-01
BV2022,51454,287757,1303.45,220.7656603628831,22340.0,131,2023-01-01
BV2022,51507,17483,1211.83,14.426941072592692,21220.0,86,2023-01-01
BV2022,51535,16804,704.28,23.859828477310163,22090.0,53,2023-01-01
BV2022,51559,7055,453.54999999999995,15.555065593650095,20900.0,15,2023-01-01
BV2022,51612,8328,297.51,27.99233639205405,24430.0,19,2023-01-01
BV2022,51649,35009,1038.45,33.71274495642544,20890.0,82,2023-01-01
BV2022,52060,5801,412.83,14.051788871932757,20050.0,29,2023-01-01
BV2022,52093,6459,193.2,33.43167701863354,21110.0,19,2023-01-01
BV2022,52121,43775,1325.6,33.02278213639107,21800.0,77,2023-01-01
BV2022,52197,3786,262.46999999999997,14.424505657789464,20330.0,23,2023-01-01
BV2022,52250,14417,706.14,20.416631262922365,19430.0,52,2023-01-01
BV2022,52269,17621,719.54,24.489257025321734,21570.0,51,2023-01-01
BV2022,52331,7486,418.11,17.90437923034608,20650.0,21,2023-01-01
BV2022,52353,13983,665.13,21.02295791800099,20960.0,48,2023-01-01
BV2022,52448,49742,564.34,88.14190027288514,20240.0,42,2023-01-01
BV2022,52550,7537,237.69,31.709369346627962,20330.0,23,2023-01-01
BV2022,53003,3895,89.78999999999999,43.37899543378996,20950.0,4,2023-01-01
BV2022,53062,33750,543.76,62.067824040017655,21420.0,20,2023-01-01
BV2022,53077,6889,144.04,47.82699250208276,21040.0,7,2023-01-01
BV2022,53084,9096,184.01,49.43209608173469,21130.0,10,2023-01-01
BV2022,53096,15923,403.01,39.5101858514677,20740.0,12,2023-01-01
BV2022,53097,25189,673.96,37.37462163926642,20790.0,26,2023-01-01
BV2022,53107,5698,160.02,35.60804899387576,19660.0,10,2023-01-01
BV2022,53130,115622,776.68,148.8669722408199,22380.0,37,2023-01-01
BV2022,53147,33427,495.66999999999996,67.43801319426231,22080.0,24,2023-01-01
BV2022,53152,7415,219.07999999999998,33.846083622421034,21290.0,12,2023-01-01
BV2022,53185,6334,219.72,28.827598762060806,20190.0,11,2023-01-01
BV2022,53271,5671,200.2,28.32667332667333,20330.0,9,2023-01-01
BV2022,54039,8807,200.22,43.98661472380382,20700.0,20,2023-01-01
BV2022,54076,9349,62.34,149.96791786974654,22460.0,7,2023-01-01
BV2022,54099,33267,374.38,88.85891340349377,21900.0,35,2023-01-01
BV2022,54159,30652,171.19,179.05251474969333,23040.0,21,2023-01-01
BV2022,54273,23739,414.67,57.24793209057805,21770.0,46,2023-01-01
BV2022,54280,38933,97.85,397.8845171180378,20850.0,14,2023-01-01
BV2022,54322,19568,633.66,30.880914054855918,21790.0,56,2023-01-01
BV2022,54323,61750,196.66,313.9936947015153,22400.0,26,2023-01-01
BV2022,54328,21498,151.25,142.13553719008266,26090.0,18,2023-01-01
BV2022,54329,38752,608.7,63.66354526039099,21130.0,63,2023-01-01
BV2022,54395,306421,598.12,512.3068949374707,22440.0,71,2023-01-01
BV2022,54397,19755,137.03,144.1655112019266,23280.0,13,2023-01-01
BV2022,54431,47742,659.84,72.35390397672163,22530.0,71,2023-01-01
BV2022,54528,51774,740.39,69.92801091316738,22140.0,65,2023-01-01
BV2022,54563,8798,252.91,34.787078407338576,23060.0,36,2023-01-01
BV2022,54580,41133,180.44,227.9594324983374,25160.0,20,2023-01-01
BV2022,55029,31319,665.98,47.02693774587825,22380.0,48,2023-01-01
BV2022,55122,17739,493.58,35.939462701081894,20770.0,34,2023-01-01
BV2022,55181,6107,189.19,32.279718801205135,20420.0,19,2023-01-01
BV2022,55291,13086,495.71999999999997,26.397966594045027,21320.0,40,2023-01-01
BV2022,55351,5893,180.39000000000001,32.668107988247684,21850.0,22,2023-01-01
BV2022,55427,14442,511.38,28.241229613985688,20800.0,38,2023-01-01
BV2022,55463,13469,634.67,21.22205240518695,21130.0,45,2023-01-01
BV2022,55502,10250,628.38,16.31178586205799,20050.0,52,2023-01-01
BV2022,55533,4016,173.69,23.121653520640223,20670.0,15,2023-01-01
BV2022,55545,43173,1117.83,38.6221518477765,21320.0,96,2023-01-01
BV2022,56001,8867,114.18,77.65808372744789,21090.0,5,2023-01-01
BV2022,56003,5549,18.49,300.1081665765279,28870.0,1,2023-01-01
BV2022,56007,54564,252.54,216.06082204799242,23430.0,14,2023-01-01
BV2022,56010,17651,244.36,72.23358978556229,21460.0,6,2023-01-01
BV2022,56013,13281,88.02000000000001,150.88616223585547,22930.0,4,2023-01-01
BV2022,56034,8169,57.230000000000004,142.739821771798,25410.0,3,2023-01-01
BV2022,56053,17185,185.26999999999998,92.75651751497814,22090.0,7,2023-01-01
BV2022,56057,10914,316.62,34.47034299791548,20000.0,8,2023-01-01
BV2022,56061,12688,225.29,56.31852279284478,20850.0,7,2023-01-01
BV2022,56066,5179,137.67,37.61894385123847,19970.0,4,2023-01-01
BV2022,56067,8695,107.28,81.04958985831469,22980.0,3,2023-01-01
BV2022,56073,5787,239.9,24.122551062942893,19680.0,8,2023-01-01
BV2022,56075,9472,138.54,68.37014580626534,21480.0,7,2023-01-01
BV2022,56078,11743,52.29,224.57448842991013,25610.0,1,2023-01-01
BV2022,56083,44873,259.37,173.00767243705903,22190.0,8,2023-01-01
BV2022,56091,10574,252.41,41.89215958163306,20750.0,9,2023-01-01
BV2022,56098,30031,61.0,492.3114754098361,21270.0,2,2023-01-01
BV2022,56117,35968,593.67,60.58584735627537,21190.0,18,2023-01-01
BV2022,56121,105114,165.12,636.5915697674418,22360.0,8,2023-01-01
BV2022,56124,17101,290.63,58.841138216976915,21400.0,13,2023-01-01
BV2022,56127,5873,141.62,41.47013133738172,19980.0,7,2023-01-01
BV2022,56143,14730,162.97,90.38473338651285,22860.0,7,2023-01-01
BV2022,56147,12325,152.44,80.85148255051168,21640.0,5,2023-01-01
BV2022,56152,5528,85.63,64.55681420063063,22330.0,4,2023-01-01
BV2022,56164,6669,20.44,326.27201565557726,25200.0,1,2023-01-01
BV2022,56165,24816,347.17,71.48083071693982,21830.0,12,2023-01-01
BV2022,56166,20704,449.58,46.05187063481472,21000.0,12,2023-01-01
BV2022,56169,6044,37.46,161.34543513080618,23460.0,2,2023-01-01
BV2022,56177,14099,122.52,115.0750897812602,21870.0,3,2023-01-01
BV2022,56178,36822,511.95,71.92499267506592,21580.0,18,2023-01-01
BV2022,56184,21450,292.6,73.30827067669172,21410.0,10,2023-01-01
BV2022,56186,7117,21.36,333.1928838951311,23590.0,4,2023-01-01
BV2022,56193,12534,18.71,669.9091394975949,22650.0,3,2023-01-01
BV2022,56240,14770,101.69,145.2453535254204,26150.0,5,2023-01-01
BV2022,56251,15879,116.54,136.25364681654366,23750.0,4,2023-01-01
BV2022,56260,92689,181.5,510.6831955922865,23410.0,9,2023-01-01
BV2022,57019,64570,113.76,567.598452883263,21850.0,16,2023-01-01
BV2022,57089,20342,382.81,53.138632742091374,21830.0,31,2023-01-01
BV2022,57097,12863,174.51,73.70924302332244,22950.0,22,2023-01-01
BV2022,57106,19425,278.95,69.63613550815559,22670.0,37,2023-01-01
BV2022,57132,9933,334.08,29.73239942528736,22150.0,44,2023-01-01
BV2022,57160,31816,108.62,292.911066102007,21360.0,15,2023-01-01
BV2022,57177,9812,384.43,25.523502328122156,20800.0,40,2023-01-01
BV2022,57207,16339,71.5,228.5174825174825,20620.0,10,2023-01-01
BV2022,57209,15502,157.82999999999998,98.21960337071533,21650.0,19,2023-01-01
BV2022,57227,61410,79.33,774.1081558048658,19110.0,12,2023-01-01
BV2022,57240,25896,41.22,628.2387190684134,19090.0,7,2023-01-01
BV2022,57269,17824,38.5,462.961038961039,25380.0,5,2023-01-01
BV2022,57323,18140,107.28999999999999,169.07447105974464,33110.0,11,2023-01-01
BV2022,57413,6571,62.760000000000005,104.70044614404078,23230.0,7,2023-01-01
BV2022,57443,10684,29.740000000000002,359.2468056489576,24270.0,5,2023-01-01
BV2022,57463,282011,856.9,329.10608005601586,22990.0,108,2023-01-01
BV2022,57483,15573,406.15,38.342976732734215,20600.0,57,2023-01-01
BV2022,57540,13837,126.21,109.63473575786388,22610.0,24,2023-01-01
BV2022,57556,10965,103.45,105.99323344610923,22070.0,12,2023-01-01
BV2022,57572,10202,212.19,48.07955134549225,23640.0,31,2023-01-01
BV2022,57589,10491,124.03999999999999,84.57755562721704,23370.0,10,2023-01-01
BV2022,57606,36464,147.91,246.52829423297953,20920.0,16,2023-01-01
BV2022,57628,12860,137.25,93.6976320582878,22090.0,11,2023-01-01
BV2022,57630,55895,1063.73,52.54622883626484,21640.0,101,2023-01-01
BV2022,57631,49818,193.06,258.044131358127,22400.0,24,2023-01-01
BV2022,57672,186811,596.5,313.17854149203686,23180.0,64,2023-01-01
BV2022,58059,16380,524.83,31.21010612960387,21390.0,27,2023-01-01
BV2022,58062,10421,742.09,14.042771092455093,19590.0,27,2023-01-01
BV2022,58079,21061,1231.21,17.105936436513673,20200.0,74,2023-01-01
BV2022,58083,8536,633.03,13.484353032241758,20620.0,34,2023-01-01
BV2022,58086,40496,1311.51,30.877385608954565,21490.0,59,2023-01-01
BV2022,58095,20339,868.4,23.421234454168587,20410.0,34,2023-01-01
BV2022,58134,5591,146.98,38.039189005306845,21320.0,5,2023-01-01
BV2022,58149,4660,364.51,12.78428575347727,19530.0,13,2023-01-01
BV2022,58194,95177,1447.57,65.74949743363015,21450.0,68,2023-01-01
BV2022,58218,3789,276.37,13.709881680356045,20370.0,16,2023-01-01
BV2022,58264,4771,223.45,21.35153278138286,19950.0,7,2023-01-01
BV2022,59011,25218,26.3,958.8593155893536,23070.0,6,2023-01-01
BV2022,59015,17256,92.76,186.02846054333764,21790.0,16,2023-01-01
BV2022,59017,92492,241.62,382.7994371326877,22140.0,19,2023-01-01
BV2022,59033,21268,81.99,259.3974874984754,19010.0,11,2023-01-01
BV2022,59036,27422,377.66,72.61028438277816,20010.0,40,2023-01-01
BV2022,59037,10215,44.56,229.24147217235188,19840.0,6,2023-01-01
BV2022,59051,43007,99.06,434.1510195840904,22070.0,17,2023-01-01
BV2022,59053,12638,106.28,118.91230711328566,22560.0,14,2023-01-01
BV2022,59067,21589,140.84,153.28741834706048,22640.0,12,2023-01-01
BV2022,59094,10420,84.45,123.38661930136175,19950.0,4,2023-01-01
BV2022,59107,10180,47.09,216.18177957103418,22870.0,3,2023-01-01
BV2022,59122,90094,631.96,142.5628204316729,20550.0,81,2023-01-01
BV2022,59136,14057,142.79,98.44526927655998,18030.0,16,2023-01-01
BV2022,59139,37476,181.2,206.82119205298014,19110.0,25,2023-01-01
BV2022,59168,11059,35.629999999999995,310.38450743755266,27440.0,6,2023-01-01
BV2022,59172,77556,140.51,551.9607145398904,17590.0,20,2023-01-01
BV2022,59178,162431,322.94,502.97578497553724,20060.0,51,2023-01-01
BV2022,59183,164264,234.22,701.3235419690889,20090.0,14,2023-01-01
BV2022,59239,5612,19.22,291.9875130072841,23870.0,1,2023-01-01
BV2022,59249,18392,83.46000000000001,220.3690390606278,17050.0,5,2023-01-01
BV2022,59273,26628,109.78999999999999,242.53575006831224,21450.0,7,2023-01-01
BV2022,59295,33248,148.68,223.62119989238633,21630.0,12,2023-01-01
BV2022,59324,17196,32.97,521.565059144677,17600.0,4,2023-01-01
BV2022,59331,9803,111.71,87.75400590815505,19830.0,9,2023-01-01
BV2022,59350,1069585,490.31,2181.4464318492383,21370.0,70,2023-01-01
BV2022,59375,7998,40.33,198.31391024051575,23920.0,4,2023-01-01
BV2022,59392,87608,247.3,354.25798625151634,17820.0,31,2023-01-01
BV2022,59400,42810,158.89,269.431682295928,22210.0,10,2023-01-01
BV2022,59449,23757,94.36999999999999,251.74313870933562,24680.0,8,2023-01-01
BV2022,59462,6536,15.32,426.6318537859008,26650.0,2,2023-01-01
BV2022,59466,31387,98.73,317.90742428846346,27800.0,11,2023-01-01
BV2022,59481,24086,257.15,93.66517596733425,22320.0,28,2023-01-01
BV2022,59484,11168,18.84,592.7813163481953,17120.0,3,2023-01-01
BV2022,59526,38745,140.92,274.9432302015328,22730.0,17,2023-01-01
BV2022,59571,10784,95.57,112.83875693209167,20050.0,10,2023-01-01
BV2022,59574,85021,202.27,420.33420675334946,19400.0,32,2023-01-01
BV2022,59580,17882,158.17,113.05557311753178,22920.0,14,2023-01-01
BV2022,59601,6437,102.37,62.879749926736345,18960.0,7,2023-01-01
BV2022,59606,174700,250.12,698.4647369262754,19660.0,34,2023-01-01
BV2022,59616,39360,74.53999999999999,528.0386369734372,17720.0,8,2023-01-01
BV2022,59653,19435,41.480000000000004,468.5390549662487,24640.0,6,2023-01-01
BV2022,59663,19962,202.75,98.45622688039458,22360.0,18,2023-01-01
BV2022,60057,100481,552.88,181.74106496889019,21540.0,60,2023-01-01
BV2022,60103,20270,202.14,100.27703571781934,23030.0,19,2023-01-01
BV2022,60104,17739,341.04,52.014426460239264,21110.0,43,2023-01-01
BV2022,60141,38565,99.33,388.2512836001208,29860.0,8,2023-01-01
BV2022,60143,9618,131.97,72.88020004546487,24140.0,14,2023-01-01
BV2022,60157,28402,114.53999999999999,247.96577614807057,23880.0,15,2023-01-01
BV2022,60159,108313,626.38,172.91899485935056,22960.0,60,2023-01-01
BV2022,60175,112745,156.44,720.6916389670162,19020.0,20,2023-01-01
BV2022,60176,28644,291.46,98.27763672545119,23990.0,30,2023-01-01
BV2022,60178,8357,161.94,51.605532913424724,21780.0,19,2023-01-01
BV2022,60223,14973,201.01000000000002,74.48883140142281,24170.0,24,2023-01-01
BV2022,60245,7423,127.91,58.03299194746306,19880.0,15,2023-01-01
BV2022,60286,18393,356.44,51.60195264280103,21220.0,52,2023-01-01
BV2022,60360,40666,172.25,236.08708272859215,23160.0,24,2023-01-01
BV2022,60395,53325,327.42,162.86421110500274,23260.0,35,2023-01-01
BV2022,60471,37110,354.15999999999997,104.78314885927266,20650.0,52,2023-01-01
BV2022,60500,26680,209.44,127.38731856378915,25720.0,18,2023-01-01
BV2022,60509,21882,77.49,282.3848238482385,22930.0,9,2023-01-01
BV2022,60533,6902,101.24,68.17463453180561,23040.0,16,2023-01-01
BV2022,60581,24478,322.47,75.90783638788103,21330.0,40,2023-01-01
BV2022,60612,20625,156.96,131.40290519877675,27840.0,12,2023-01-01
BV2022,60636,27024,146.09,184.98186049695394,23110.0,19,2023-01-01
BV2022,60667,5828,50.660000000000004,115.04145282273983,24490.0,7,2023-01-01
BV2022,61001,64683,635.2,101.83091939546598,21450.0,47,2023-01-01
BV2022,61006,33972,758.28,44.80139262541542,20800.0,52,2023-01-01
BV2022,61038,7878,299.71999999999997,26.28453223008141,21240.0,12,2023-01-01
BV2022,61145,13501,458.81,29.42612410365947,20320.0,18,2023-01-01
BV2022,61168,26832,714.39,37.55931633981439,20660.0,39,2023-01-01
BV2022,61169,44278,489.23,90.50548821617643,20650.0,38,2023-01-01
BV2022,61181,4039,178.32,22.650291610587708,20150.0,16,2023-01-01
BV2022,61214,35626,876.4,40.65038795070744,20590.0,55,2023-01-01
BV2022,61293,25912,906.76,28.576470069257578,20950.0,59,2023-01-01
BV2022,61464,13184,448.95,29.36629914244348,20630.0,35,2023-01-01
BV2022,61486,6726,132.81,50.64377682403433,20330.0,6,2023-01-01
BV2022,61508,7083,212.04,33.40407470288625,19550.0,18,2023-01-01
BV2022,62014,54393,413.12,131.6639233152595,20630.0,46,2023-01-01
BV2022,62038,19484,184.98000000000002,105.33030597902474,20980.0,23,2023-01-01
BV2022,62041,125609,603.6800000000001,208.0721574344023,22340.0,97,2023-01-01
BV2022,62045,9649,121.46000000000001,79.44179153630824,23190.0,22,2023-01-01
BV2022,62048,68789,264.67,259.9047870933615,19480.0,43,2023-01-01
BV2022,62057,17965,134.13,133.93722508014613,21540.0,11,2023-01-01
BV2022,62060,6448,174.52,36.94705477882191,18760.0,25,2023-01-01
BV2022,62080,18151,305.27,59.45883971566155,20860.0,48,2023-01-01
BV2022,62108,24153,92.42,261.3395368967756,21290.0,10,2023-01-01
BV2022,62119,73645,150.65,488.84832392963824,21280.0,21,2023-01-01
BV2022,62160,104290,213.26,489.0274781956298,19460.0,27,2023-01-01
BV2022,62178,48280,110.66,436.29134285197904,18180.0,16,2023-01-01
BV2022,62193,98544,183.78,536.2063336598106,19200.0,15,2023-01-01
BV2022,62268,20131,329.6,61.07706310679611,20320.0,38,2023-01-01
BV2022,62318,32193,187.5,171.696,21390.0,16,2023-01-01
BV2022,62361,8189,163.49,50.08869043978225,18740.0,23,2023-01-01
BV2022,62364,6857,159.87,42.89109901795209,18980.0,22,2023-01-01
BV2022,62397,9814,60.150000000000006,163.15876974231088,19800.0,5,2023-01-01
BV2022,62447,17946,304.34,58.966944864296515,19400.0,44,2023-01-01
BV2022,62497,13621,15.76,864.2766497461929,20220.0,3,2023-01-01
BV2022,62498,356851,346.44,1030.051379748297,18650.0,48,2023-01-01
BV2022,62534,15982,192.27,83.12269204764134,20430.0,23,2023-01-01
BV2022,62560,21802,194.35,112.17905839979419,20660.0,21,2023-01-01
BV2022,62588,24152,395.98,60.99297944340623,21010.0,50,2023-01-01
BV2022,62617,36943,70.38,524.9076442171072,19320.0,11,2023-01-01
BV2022,62765,83024,339.78,244.3463417505445,20220.0,39,2023-01-01
BV2022,62767,19350,309.47,62.52625456425501,20550.0,57,2023-01-01
BV2022,62773,6540,66.93,97.71402958314656,20610.0,7,2023-01-01
BV2022,62861,7718,34.13,226.13536478171696,24450.0,5,2023-01-01
BV2022,62893,13181,45.11,292.19685213921525,22320.0,5,2023-01-01
BV2022,62895,24864,33.89,733.6677485984065,20830.0,6,2023-01-01
BV2022,63003,17996,787.26,22.85903005360364,21210.0,35,2023-01-01
BV2022,63010,3181,110.25999999999999,28.849990930527845,19670.0,6,2023-01-01
BV2022,63038,4440,328.19,13.528748590755356,21150.0,11,2023-01-01
BV2022,63040,13484,205.05,65.75957083638137,22550.0,16,2023-01-01
BV2022,63047,8435,470.22,17.938411807239163,20150.0,15,2023-01-01
BV2022,63113,340950,1044.73,326.35226326419263,22970.0,71,2023-01-01
BV2022,63125,13052,384.24,33.968353112637935,20410.0,20,2023-01-01
BV2022,63178,59830,1082.33,55.2788890634095,21470.0,91,2023-01-01
BV2022,63195,11328,116.42999999999999,97.29451172378253,22420.0,8,2023-01-01
BV2022,63214,10724,33.12,323.792270531401,25680.0,4,2023-01-01
BV2022,63283,3928,315.6,12.44613434727503,20240.0,13,2023-01-01
BV2022,63284,23015,84.72,271.65958451369215,23620.0,9,2023-01-01
BV2022,63285,4783,151.73,31.523100243854216,22330.0,6,2023-01-01
BV2022,63300,79668,1001.26,79.56774464175139,23400.0,64,2023-01-01
BV2022,63338,10271,333.38,30.808686783850263,19740.0,19,2023-01-01
BV2022,63430,40890,824.22,49.6105408750091,20430.0,42,2023-01-01
BV2022,63457,10434,72.05,144.81609993060374,24120.0,9,2023-01-01
BV2022,64061,6765,63.63,106.31777463460631,23420.0,7,2023-01-01
BV2022,64062,9311,261.63,35.588426403699884,21670.0,14,2023-01-01
BV2022,64063,4246,145.78,29.126080395115928,21140.0,18,2023-01-01
BV2022,64102,206710,435.8,474.3230839834786,23190.0,25,2023-01-01
BV2022,64160,17892,202.93,88.16833390824422,22620.0,10,2023-01-01
BV2022,64233,4985,210.37,23.696344535817843,20830.0,25,2023-01-01
BV2022,64256,12859,215.99,59.53516366498449,21650.0,9,2023-01-01
BV2022,64260,29347,69.56,421.894767107533,21920.0,3,2023-01-01
BV2022,64320,2126,389.51,5.458139713999641,21190.0,6,2023-01-01
BV2022,64331,4761,212.42,22.413143771772905,21000.0,31,2023-01-01
BV2022,64371,13589,770.36,17.639804766602627,20560.0,40,2023-01-01
BV2022,64393,6156,147.22,41.814970792011955,23260.0,5,2023-01-01
BV2022,64410,10864,91.44,118.81014873140857,20490.0,11,2023-01-01
BV2022,64416,5934,183.07,32.41383077511335,21530.0,25,2023-01-01
BV2022,64417,29019,279.74,103.73561163937941,22970.0,26,2023-01-01
BV2022,64422,28057,970.72,28.903288280863688,21740.0,43,2023-01-01
BV2022,64430,34193,590.68,57.887519469086484,22010.0,48,2023-01-01
BV2022,64445,200307,840.85,238.21965867871796,23040.0,89,2023-01-01
BV2022,64453,5353,71.84,74.51280623608018,22420.0,6,2023-01-01
BV2022,64483,26087,47.16,553.1594571670907,22930.0,4,2023-01-01
BV2022,64485,13129,665.63,19.72417108603879,20520.0,33,2023-01-01
BV2022,64493,11806,444.95,26.533318350376447,20820.0,33,2023-01-01
BV2022,64495,9807,116.42,84.23810341865659,22110.0,2,2023-01-01
BV2022,64499,16286,330.51,49.27536231884058,20900.0,33,2023-01-01
BV2022,64526,8662,94.96,91.21735467565291,24260.0,14,2023-01-01
BV2022,65025,12690,582.8,21.7741935483871,21690.0,33,2023-01-01
BV2022,65031,6906,663.65,10.406087546146312,20850.0,46,2023-01-01
BV2022,65059,18283,457.38,39.9733263369627,21340.0,38,2023-01-01
BV2022,65258,20853,536.31,38.882362812552444,21350.0,68,2023-01-01
BV2022,65286,22126,263.35,84.01746724890829,19440.0,38,2023-01-01
BV2022,65295,2765,445.17,6.21111036233349,20490.0,15,2023-01-01
BV2022,65304,6248,182.39000000000001,34.256264049564116,19930.0,21,2023-01-01
BV2022,65440,118313,661.07,178.97196968550983,21380.0,108,2023-01-01
BV2022,65452,3831,191.26,20.030325211753635,19910.0,26,2023-01-01
BV2022,65460,17661,415.8,42.474747474747474,20610.0,55,2023-01-01
BV2022,66003,9877,487.14,20.2754854867184,18490.0,15,2023-01-01
BV2022,66016,6062,50.61,119.77869986168741,21100.0,2,2023-01-01
BV2022,66024,13493,139.07,97.02308190120084,20620.0,9,2023-01-01
BV2022,66025,6074,158.73,38.26623826623827,20920.0,11,2023-01-01
BV2022,66037,23522,50.22,468.37913181999204,21390.0,4,2023-01-01
BV2022,66049,12258,137.22,89.33100131176214,21200.0,8,2023-01-01
BV2022,66088,13907,289.02,48.117777316448695,19380.0,21,2023-01-01
BV2022,66108,8792,45.94,191.38006094906402,20310.0,4,2023-01-01
BV2022,66124,8995,770.86,11.66878551228498,20980.0,33,2023-01-01
BV2022,66136,235295,1140.01,206.39731230427805,19240.0,60,2023-01-01
BV2022,66144,12683,29.14,435.2436513383665,21260.0,4,2023-01-01
BV2022,66148,6395,27.79,230.11874775098957,20410.0,2,2023-01-01
BV2022,66149,17460,693.72,25.168655941878566,18850.0,39,2023-01-01
BV2022,66171,64173,233.65,274.65439760325273,21230.0,16,2023-01-01
BV2022,66180,34499,174.64000000000001,197.54351809436554,20670.0,10,2023-01-01
BV2022,66210,18801,160.14,117.40352191832147,21300.0,12,2023-01-01
BV2022,67021,18860,122.53999999999999,153.90892769707852,24470.0,15,2023-01-01
BV2022,67028,24200,144.96,166.94260485651213,24150.0,15,2023-01-01
BV2022,67061,7757,97.97,79.1772991732163,23780.0,9,2023-01-01
BV2022,67067,22726,103.19,220.23451884872566,26050.0,16,2023-01-01
BV2022,67095,14483,240.78,60.15034471301603,22230.0,34,2023-01-01
BV2022,67106,9546,36.29,263.04767153485807,25130.0,4,2023-01-01
BV2022,67130,20035,93.53,214.20934459531702,24300.0,8,2023-01-01
BV2022,67152,11391,40.08,284.2065868263473,25670.0,3,2023-01-01
BV2022,67180,92997,390.49,238.15462623882814,23580.0,25,2023-01-01
BV2022,67202,16744,114.83,145.81555342680485,25330.0,20,2023-01-01
BV2022,67205,8306,37.58,221.02182011708356,26310.0,3,2023-01-01
BV2022,67222,15552,228.73000000000002,67.99282997420539,22620.0,23,2023-01-01
BV2022,67281,11479,112.39,102.13542130082747,24140.0,10,2023-01-01
BV2022,67282,12415,55.64,223.13084112149534,26310.0,11,2023-01-01
BV2022,67283,6098,50.620000000000005,120.46621888581588,23550.0,8,2023-01-01
BV2022,67300,43343,165.9,261.2597950572634,25220.0,23,2023-01-01
BV2022,67348,22222,106.78,208.1101329837048,24820.0,9,2023-01-01
BV2022,67372,14058,83.87,167.6165494217241,24380.0,14,2023-01-01
BV2022,67388,24388,230.13,105.97488376135229,23160.0,15,2023-01-01
BV2022,67411,13998,75.39,185.67449263828092,27070.0,5,2023-01-01
BV2022,67434,6864,107.55,63.82147838214784,21090.0,11,2023-01-01
BV2022,67437,28623,180.38,158.6816720257235,23520.0,24,2023-01-01
BV2022,67448,27047,404.63,66.84378320935176,22550.0,36,2023-01-01
BV2022,67462,49417,277.32,178.194865137747,23710.0,23,2023-01-01
BV2022,67463,17925,145.43,123.25517431066491,26090.0,18,2023-01-01
BV2022,67474,22358,172.96,129.2668825161887,24240.0,22,2023-01-01
BV2022,67482,503167,316.42,1590.1870931041021,21490.0,37,2023-01-01
BV2022,67495,14244,70.01,203.45664905013567,28710.0,10,2023-01-01
BV2022,67507,11190,131.85999999999999,84.86273320188079,24030.0,19,2023-01-01
BV2022,67519,13576,49.67,273.32393799073884,27580.0,3,2023-01-01
BV2022,67520,14921,136.59,109.23932937989603,24140.0,16,2023-01-01
BV2022,67544,14136,113.91,124.0979720832236,23860.0,9,2023-01-01
BV2022,67550,12386,159.35,77.72827110134924,24070.0,17,2023-01-01
BV2022,68004,14376,90.72,158.46560846560845,27240.0,16,2023-01-01
BV2022,68063,24140,116.61999999999999,206.99708454810497,24290.0,14,2023-01-01
BV2022,68066,143490,502.14,285.75696021029995,23400.0,47,2023-01-01
BV2022,68068,19246,189.13,101.76069370274415,24460.0,41,2023-01-01
BV2022,68082,25566,222.61,114.84659269574591,25610.0,14,2023-01-01
BV2022,68112,41546,192.9,215.37584240539138,23540.0,21,2023-01-01
BV2022,68138,28155,350.87,80.24339498959729,29000.0,48,2023-01-01
BV2022,68162,15958,182.31,87.53222533048105,24430.0,8,2023-01-01
BV2022,68201,19183,231.58,82.83530529406684,23960.0,28,2023-01-01
BV2022,68224,273896,455.3,601.5725895014276,21520.0,42,2023-01-01
BV2022,68226,17160,200.72,85.49222797927462,23070.0,17,2023-01-01
BV2022,68269,16218,153.46,105.68226247882184,24730.0,14,2023-01-01
BV2022,68287,12275,111.24,110.34699748291982,25910.0,9,2023-01-01
BV2022,68297,59586,147.23,404.71371323779124,29910.0,22,2023-01-01
BV2022,68298,10128,130.87,77.38977611370062,21240.0,6,2023-01-01
BV2022,68309,27067,149.61,180.91705099926475,32910.0,21,2023-01-01
BV2022,68334,30271,234.4,129.14249146757678,22700.0,22,2023-01-01
BV2022,69006,15749,269.59,58.41833895916021,21400.0,16,2023-01-01
BV2022,69010,28418,148.29,191.6380066086722,25270.0,14,2023-01-01
BV2022,69018,8392,202.97,41.34601172587082,22010.0,9,2023-01-01
BV2022,69019,48188,315.17,152.8952628740045,23350.0,28,2023-01-01
BV2022,69024,11946,109.82000000000001,108.77800036423237,25700.0,12,2023-01-01
BV2022,69064,19399,105.65,183.61571225745385,24070.0,13,2023-01-01
BV2022,69066,7910,97.88000000000001,80.81324070290151,21210.0,8,2023-01-01
BV2022,69091,59378,108.72,546.1552612214864,22110.0,10,2023-01-01
BV2022,69112,31155,89.76,347.0922459893048,28970.0,13,2023-01-01
BV2022,69123,1471801,747.96,1967.7536231884058,23650.0,72,2023-01-01
BV2022,69141,21832,116.19,187.89913073414235,26620.0,8,2023-01-01
BV2022,69143,39346,92.21000000000001,426.69992408632464,27670.0,14,2023-01-01
BV2022,69201,6530,54.74,119.29119473876507,22590.0,7,2023-01-01
BV2022,69220,7588,113.56,66.81930257132792,22690.0,7,2023-01-01
BV2022,69227,10233,97.6,104.84631147540985,24260.0,6,2023-01-01
BV2022,69238,10410,96.84,107.49690210656753,22160.0,9,2023-01-01
BV2022,69243,27438,245.7,111.67277167277167,22110.0,15,2023-01-01
BV2022,69248,9405,110.64,85.0054229934924,21030.0,5,2023-01-01
BV2022,69264,131133,386.62,339.17800424189124,23700.0,43,2023-01-01
BV2022,69287,12485,34.97,357.0203031169574,27340.0,2,2023-01-01
BV2022,70198,5335,263.18,20.271297211034273,21390.0,28,2023-01-01
BV2022,70279,23394,611.51,38.25612009615542,20770.0,57,2023-01-01
BV2022,70285,21464,182.56,117.57230499561788,22090.0,28,2023-01-01
BV2022,70292,13095,717.5,18.250871080139373,20000.0,66,2023-01-01
BV2022,70310,39495,622.72,63.423368448098664,21000.0,59,2023-01-01
BV2022,70311,26061,433.09000000000003,60.17455956036851,20520.0,42,2023-01-01
BV2022,70334,14559,382.7,38.04285340998171,22590.0,48,2023-01-01
BV2022,70421,14944,502.99,29.710332213364083,21090.0,48,2023-01-01
BV2022,70447,12251,348.07,35.19694314362054,22660.0,48,2023-01-01
BV2022,70467,10675,318.97,33.467097219174214,19320.0,30,2023-01-01
BV2022,70550,49661,811.74,61.17845615591199,21660.0,83,2023-01-01
BV2022,70561,4273,137.65,31.042499091899746,20760.0,23,2023-01-01
BV2022,71014,29821,838.29,35.57360817855396,20740.0,43,2023-01-01
BV2022,71047,11401,534.0799999999999,21.346989215098866,20730.0,17,2023-01-01
BV2022,71073,17062,172.44,98.94456042681513,23280.0,18,2023-01-01
BV2022,71076,118051,818.04,144.30956921421935,21590.0,66,2023-01-01
BV2022,71090,17662,110.2,160.27223230490017,23570.0,18,2023-01-01
BV2022,71106,9396,397.38,23.644873924203534,21280.0,23,2023-01-01
BV2022,71120,12006,217.71,55.14675485737908,20940.0,18,2023-01-01
BV2022,71133,9487,310.9,30.514634930845933,21200.0,24,2023-01-01
BV2022,71137,22020,633.22,34.774643883642334,22040.0,50,2023-01-01
BV2022,71153,43728,466.64,93.70821189782274,21290.0,28,2023-01-01
BV2022,71176,14628,327.24,44.7011367803447,19890.0,13,2023-01-01
BV2022,71192,5264,366.75,14.353101567825494,20540.0,15,2023-01-01
BV2022,71221,11928,132.67000000000002,89.90728876158889,26590.0,15,2023-01-01
BV2022,71230,12474,373.79,33.37167928516011,20850.0,15,2023-01-01
BV2022,71263,23186,409.28,56.6507036747459,20870.0,25,2023-01-01
BV2022,71270,88554,399.49,221.66762622343487,22420.0,40,2023-01-01
BV2022,71275,6090,239.65,25.412059253077405,21010.0,16,2023-01-01
BV2022,71306,47897,574.96,83.30492556003895,20680.0,25,2023-01-01
BV2022,71310,10373,127.21000000000001,81.54233157770615,21950.0,10,2023-01-01
BV2022,71342,17610,324.44,54.278140796449264,21330.0,16,2023-01-01
BV2022,71351,5534,193.93,28.536069715876863,20670.0,12,2023-01-01
BV2022,71417,5345,185.58,28.801594999461148,22340.0,24,2023-01-01
BV2022,71419,9511,277.07,34.32706536254376,20640.0,17,2023-01-01
BV2022,71512,6843,110.66,61.83806253388759,22510.0,9,2023-01-01
BV2022,71543,19427,290.08,66.97118036403751,21910.0,28,2023-01-01
BV2022,72029,7510,139.7,53.7580529706514,21430.0,14,2023-01-01
BV2022,72039,11036,215.19,51.28491100887588,21090.0,14,2023-01-01
BV2022,72068,9406,314.21999999999997,29.93444083762969,20780.0,13,2023-01-01
BV2022,72071,15625,334.16,46.75903758678477,20280.0,15,2023-01-01
BV2022,72089,8230,205.33,40.08181951005698,21640.0,11,2023-01-01
BV2022,72090,20701,328.44,63.02825478017294,21170.0,21,2023-01-01
BV2022,72124,19414,297.91,65.16733241583027,21350.0,12,2023-01-01
BV2022,72132,25519,413.76,61.675850734725444,21710.0,22,2023-01-01
BV2022,72138,9171,231.51999999999998,39.61212854181065,20610.0,13,2023-01-01
BV2022,72143,6637,183.28,36.21235268441728,20880.0,8,2023-01-01
BV2022,72154,24033,270.71999999999997,88.77437943262413,21200.0,10,2023-01-01
BV2022,72168,10646,303.88,35.03356588126892,20900.0,21,2023-01-01
BV2022,72176,7572,209.25,36.18637992831541,19950.0,6,2023-01-01
BV2022,72180,13851,335.79,41.24899490753149,20330.0,29,2023-01-01
BV2022,72181,269364,842.41,319.7540390071343,22160.0,57,2023-01-01
BV2022,72189,4615,122.57000000000001,37.65195398547768,19960.0,12,2023-01-01
BV2022,72213,12588,60.29,208.79084425277824,22910.0,4,2023-01-01
BV2022,72231,8653,103.74,83.4104491999229,23420.0,3,2023-01-01
BV2022,72264,32889,519.95,63.25415905375516,20920.0,24,2023-01-01
BV2022,72269,15259,511.12,29.854046016591017,21070.0,22,2023-01-01
BV2022,72334,8761,294.91,29.707368349665998,20070.0,12,2023-01-01
BV2022,72346,27279,380.03,71.78117517038129,21980.0,20,2023-01-01
BV2022,72373,4795,149.69,32.03286792704924,21240.0,7,2023-01-01
BV2022,73006,8261,190.74,43.31026528258362,23350.0,2,2023-01-01
BV2022,73008,55384,115.24000000000001,480.5970149253731,25090.0,13,2023-01-01
BV2022,73010,11632,71.53999999999999,162.59435280961702,25660.0,3,2023-01-01
BV2022,73011,48476,346.98,139.70834053835955,22730.0,28,2023-01-01
BV2022,73034,3475,234.13,14.842181693930723,22500.0,3,2023-01-01
BV2022,73054,13315,474.39,28.067623685153567,22910.0,8,2023-01-01
BV2022,73055,6595,306.9,21.4890843923102,23540.0,6,2023-01-01
BV2022,73065,143171,390.73,366.4192665011645,23790.0,31,2023-01-01
BV2022,73157,8564,849.77,10.078021111594902,22850.0,10,2023-01-01
BV2022,73171,8390,40.86,205.33529123837494,23290.0,7,2023-01-01
BV2022,73181,18781,554.47,33.87198586037116,22800.0,12,2023-01-01
BV2022,73215,9286,115.04,80.71974965229485,23720.0,15,2023-01-01
BV2022,73236,9664,84.47,114.40748194625311,22190.0,8,2023-01-01
BV2022,73248,27517,964.88,28.518572257690074,23040.0,33,2023-01-01
BV2022,73270,16373,270.08,60.62277843601896,23710.0,23,2023-01-01
BV2022,73303,8797,77.63,113.31959294087338,22440.0,3,2023-01-01
BV2022,73304,3605,176.01999999999998,20.480627201454382,22800.0,2,2023-01-01
BV2022,73330,7823,126.22,61.97908413880526,23720.0,13,2023-01-01
BV2022,74010,207097,497.88,415.9576604804371,26840.0,37,2023-01-01
BV2022,74012,112917,215.32,524.4148244473342,27800.0,27,2023-01-01
BV2022,74042,25962,138.69,187.1944624702574,26080.0,6,2023-01-01
BV2022,74043,7935,36.0,220.41666666666666,32070.0,3,2023-01-01
BV2022,74056,12228,204.17000000000002,59.89126708135377,23180.0,3,2023-01-01
BV2022,74081,52278,215.75,242.30822711471612,23370.0,10,2023-01-01
BV2022,74096,17232,123.43,139.6094952604715,36160.0,14,2023-01-01
BV2022,74105,20776,76.41,271.90158356236094,36060.0,8,2023-01-01
BV2022,74123,16209,188.72,85.88914794404408,23960.0,9,2023-01-01
BV2022,74137,16021,154.04,104.00545312905739,31270.0,4,2023-01-01
BV2022,74191,8800,206.53,42.60882196291096,24350.0,9,2023-01-01
BV2022,74220,14076,61.97,227.1421655639826,33180.0,4,2023-01-01
BV2022,74224,22501,86.15,261.1839814277423,30230.0,9,2023-01-01
BV2022,74225,42601,376.17,113.24932876093256,24980.0,32,2023-01-01
BV2022,74236,14383,304.0,47.3125,23630.0,11,2023-01-01
BV2022,74243,49870,163.41,305.1832813169329,38390.0,19,2023-01-01
BV2022,74256,34733,206.39000000000001,168.2881922573768,24500.0,6,2023-01-01
BV2022,74258,4569,246.76,18.51596693143135,24530.0,4,2023-01-01
BV2022,74269,12237,189.12,64.70494923857868,26250.0,16,2023-01-01
BV2022,74276,8165,112.19,72.77832248863535,26530.0,5,2023-01-01
BV2022,74280,15075,260.28,57.91839557399724,24670.0,8,2023-01-01
BV2022,74281,109597,551.67,198.6640564105353,27130.0,42,2023-01-01
BV2022,74311,14504,114.24,126.9607843137255,29180.0,8,2023-01-01
BV2022,75056,10611981,3057.11,3471.2460461023643,24440.0,440,2023-01-01
BV2022,76034,15468,218.34,70.84363836218742,21700.0,27,2023-01-01
BV2022,76035,17833,451.46,39.50073096176849,20260.0,56,2023-01-01
BV2022,76057,32838,177.62,184.87782907330256,22760.0,18,2023-01-01
BV2022,76101,11640,246.69,47.184725769184,20000.0,24,2023-01-01
BV2022,76114,26187,120.67,217.01334217286814,21160.0,16,2023-01-01
BV2022,76146,7999,131.41,60.870557796210335,23030.0,14,2023-01-01
BV2022,76159,12869,181.81,70.78268522083494,21370.0,28,2023-01-01
BV2022,76164,11042,176.89,62.422974730058236,22590.0,6,2023-01-01
BV2022,76196,13042,93.36,139.69580119965724,24840.0,15,2023-01-01
BV2022,76217,70413,480.35,146.5868637451858,20730.0,46,2023-01-01
BV2022,76219,8601,109.66,78.43333941273026,21320.0,19,2023-01-01
BV2022,76222,20957,145.06,144.4712532745071,22450.0,13,2023-01-01
BV2022,76255,28654,200.43,142.96263034475876,20960.0,23,2023-01-01
BV2022,76258,9042,107.97999999999999,83.7377292091128,22090.0,12,2023-01-01
BV2022,76259,42032,250.55,167.7589303532229,21200.0,39,2023-01-01
BV2022,76276,13187,322.0405220883534,40.948263015118584,20530.0,28,2023-01-01
BV2022,76302,11927,107.19,111.2697079951488,23470.0,16,2023-01-01
BV2022,76312,21909,411.32947791164656,53.26387039225534,21170.0,35,2023-01-01
BV2022,76351,233657,221.81,1053.4105766196294,21090.0,21,2023-01-01
BV2022,76400,11761,152.0,77.375,21540.0,28,2023-01-01
BV2022,76462,16997,394.44,43.091471453199475,20690.0,39,2023-01-01
BV2022,76476,33166,194.08,170.88829348722174,21950.0,19,2023-01-01
BV2022,76482,12478,145.34,85.85385991468281,22750.0,24,2023-01-01
BV2022,76540,540239,1062.26,508.5751134373882,22020.0,128,2023-01-01
BV2022,76647,17093,152.72,111.92378208486119,25520.0,14,2023-01-01
BV2022,76648,5926,99.29,59.68375465807231,20820.0,9,2023-01-01
BV2022,76655,8779,88.58,99.10815082411379,22050.0,15,2023-01-01
BV2022,76752,8663,93.09,93.06047910624127,22500.0,14,2023-01-01
BV2022,76758,31176,236.04,132.07930859176412,22450.0,32,2023-01-01
BV2022,77051,7316,141.63,51.655722657629035,22400.0,14,2023-01-01
BV2022,77053,42430,119.37,355.4494429086035,26680.0,11,2023-01-01
BV2022,77088,6562,113.22,57.95795795795796,26400.0,8,2023-01-01
BV2022,77100,8965,103.26,86.819678481503,27170.0,7,2023-01-01
BV2022,77118,21846,79.09,276.21696801112654,27540.0,9,2023-01-01
BV2022,77131,57860,455.96,126.89709623651198,23890.0,33,2023-01-01
BV2022,77142,11786,72.81,161.8733690427139,26860.0,9,2023-01-01
BV2022,77153,37247,150.54,247.42261193038397,25690.0,17,2023-01-01
BV2022,77171,25243,63.43,397.96626202112566,27780.0,12,2023-01-01
BV2022,77182,21807,397.91,54.803850116860595,22140.0,28,2023-01-01
BV2022,77183,32071,255.44,125.55198872533667,22840.0,24,2023-01-01
BV2022,77186,55252,279.20000000000005,197.89398280802288,27450.0,13,2023-01-01
BV2022,77192,25731,146.75,175.3390119250426,25360.0,14,2023-01-01
BV2022,77268,19425,39.870000000000005,487.2084273890142,27580.0,4,2023-01-01
BV2022,77284,125425,454.96,275.68357657816074,22600.0,50,2023-01-01
BV2022,77288,112283,123.71,907.6307493331178,21130.0,16,2023-01-01
BV2022,77305,59814,474.15999999999997,126.14729205331534,20980.0,37,2023-01-01
BV2022,77316,29823,98.53,302.6793869887344,24890.0,7,2023-01-01
BV2022,77327,34867,448.16,77.80033916458407,23230.0,36,2023-01-01
BV2022,77333,38082,382.93,99.44898545426057,22640.0,29,2023-01-01
BV2022,77379,38000,621.59,61.13354461944368,21570.0,44,2023-01-01
BV2022,77393,7316,108.12,67.66555678875324,25950.0,6,2023-01-01
BV2022,77407,35826,136.32999999999998,262.7888212425732,27180.0,16,2023-01-01
BV2022,77437,4775,28.38,168.2522903453136,24680.0,4,2023-01-01
BV2022,77458,12981,139.8,92.85407725321888,21120.0,8,2023-01-01
BV2022,77470,23368,106.08,220.28657616892912,25760.0,7,2023-01-01
BV2022,78029,16192,21.75,744.4597701149426,23290.0,4,2023-01-01
BV2022,78089,17395,86.38,201.37763371150731,23280.0,11,2023-01-01
BV2022,78217,37041,135.45,273.46622369878185,28970.0,19,2023-01-01
BV2022,78220,10311,44.71,230.61954819950793,30330.0,3,2023-01-01
BV2022,78267,18858,27.970000000000002,674.2223811226313,24410.0,4,2023-01-01
BV2022,78310,25892,256.44,100.96708781781314,28520.0,27,2023-01-01
BV2022,78361,120650,251.5,479.72166998011926,20720.0,37,2023-01-01
BV2022,78420,6484,32.17,201.55424308361827,34270.0,5,2023-01-01
BV2022,78455,21418,50.75,422.0295566502463,38910.0,7,2023-01-01
BV2022,78486,9900,77.14,128.33808659579984,29710.0,4,2023-01-01
BV2022,78513,7911,62.080000000000005,127.43234536082473,30400.0,7,2023-01-01
BV2022,78517,31965,128.47,248.81295244025844,28070.0,6,2023-01-01
BV2022,78537,14984,173.39,86.41790183978316,28560.0,10,2023-01-01
BV2022,79005,9978,399.43,24.980597351225494,20460.0,16,2023-01-01
BV2022,79048,10527,75.61,139.22761539478904,24890.0,5,2023-01-01
BV2022,79049,31472,534.49,58.882299014013356,20530.0,9,2023-01-01
BV2022,79061,9532,136.86,69.6478152856934,22980.0,3,2023-01-01
BV2022,79062,13572,204.44,66.38622578751712,20490.0,9,2023-01-01
BV2022,79079,10664,165.92000000000002,64.27193828351012,20950.0,3,2023-01-01
BV2022,79083,6753,285.5,23.65323992994746,19160.0,13,2023-01-01
BV2022,79101,10874,244.21,44.527251136317105,21110.0,13,2023-01-01
BV2022,79174,19451,524.3199999999999,37.09757400061032,20730.0,29,2023-01-01
BV2022,79179,12394,271.99,45.56785175925585,20140.0,9,2023-01-01
BV2022,79191,126440,974.82,129.7059970045752,23600.0,54,2023-01-01
BV2022,79195,7547,143.92,52.438854919399674,20070.0,3,2023-01-01
BV2022,79202,36255,747.21,48.52049624603525,20350.0,34,2023-01-01
BV2022,79270,26767,471.98,56.71214881986525,20880.0,24,2023-01-01
BV2022,79307,5527,189.85999999999999,29.110923838617932,19230.0,13,2023-01-01
BV2022,79311,3951,140.92000000000002,28.037184217996025,20100.0,6,2023-01-01
BV2022,79329,34523,597.55,57.774244833068366,20380.0,23,2023-01-01
BV2022,80001,47934,483.85,99.06789294202748,20470.0,57,2023-01-01
BV2022,80010,5614,91.14,61.59754224270353,23160.0,11,2023-01-01
BV2022,80013,9898,179.76,55.06230529595016,20140.0,20,2023-01-01
BV2022,80016,29521,469.4,62.890924584576055,21000.0,65,2023-01-01
BV2022,80021,212665,811.55,262.04793296777774,21580.0,95,2023-01-01
BV2022,80211,6991,177.09,39.47710203851149,23170.0,17,2023-01-01
BV2022,80212,16119,132.95,121.24106807070328,22710.0,18,2023-01-01
BV2022,80222,5421,185.75,29.184387617765815,19970.0,15,2023-01-01
BV2022,80253,27087,536.75,50.46483465300419,20200.0,71,2023-01-01
BV2022,80318,18441,204.31,90.25989917282561,20590.0,25,2023-01-01
BV2022,80368,25297,201.77,125.37542746691777,20130.0,27,2023-01-01
BV2022,80373,8446,108.37,77.93669834825135,20030.0,13,2023-01-01
BV2022,80410,21392,318.49,67.1669440170806,19920.0,53,2023-01-01
BV2022,80561,11867,197.75,60.010113780025286,20430.0,33,2023-01-01
BV2022,80570,12364,181.98,67.94153203648753,22060.0,19,2023-01-01
BV2022,80606,6005,140.29,42.80419131798418,20140.0,29,2023-01-01
BV2022,80620,26537,445.93,59.50934003094656,20350.0,59,2023-01-01
BV2022,80630,6093,161.72,37.676230521889686,21710.0,19,2023-01-01
BV2022,80680,16885,264.64,63.80365779927449,20460.0,36,2023-01-01
BV2022,80685,15803,267.18,59.14739127180178,20610.0,41,2023-01-01
BV2022,80688,12267,275.67,44.4988573294156,20540.0,17,2023-01-01
BV2022,80721,8956,127.25,70.3811394891945,20900.0,9,2023-01-01
BV2022,80799,8485,84.83,100.0235765648945,23380.0,10,2023-01-01
BV2022,81003,3332,214.27,15.55047370140477,18870.0,10,2023-01-01
BV2022,81004,100430,594.5,168.9318755256518,21960.0,42,2023-01-01
BV2022,81060,26512,439.64,60.303884996815576,19700.0,28,2023-01-01
BV2022,81065,82029,1035.72,79.19997682771405,20860.0,47,2023-01-01
BV2022,81099,35767,687.34,52.036837664038174,20930.0,40,2023-01-01
BV2022,81105,20011,209.39,95.56807870480921,19290.0,12,2023-01-01
BV2022,81120,7131,84.35,84.54060462359219,20720.0,2,2023-01-01
BV2022,81124,7301,651.41,11.207994964768734,19900.0,16,2023-01-01
BV2022,81140,19546,266.96,73.21696134252323,22980.0,17,2023-01-01
BV2022,81163,29569,421.51,70.15017437308724,19890.0,22,2023-01-01
BV2022,81219,9370,255.8,36.63017982799062,20950.0,17,2023-01-01
BV2022,81220,11013,169.7,64.89687684148498,22470.0,5,2023-01-01
BV2022,81222,11101,281.15,39.484261070602884,21100.0,11,2023-01-01
BV2022,81271,12244,62.39,196.24939894213816,24370.0,5,2023-01-01
BV2022,82013,12004,434.56,27.623343151693668,20340.0,35,2023-01-01
BV2022,82033,24878,262.5,94.77333333333333,19830.0,17,2023-01-01
BV2022,82037,21482,469.9,45.716109810598,20190.0,23,2023-01-01
BV2022,82075,7056,39.480000000000004,178.72340425531914,23520.0,4,2023-01-01
BV2022,82087,7115,164.85,43.16044889293297,20530.0,5,2023-01-01
BV2022,82112,23437,418.98,55.938230941811064,19030.0,19,2023-01-01
BV2022,82121,99497,492.16999999999996,202.1598228254465,21560.0,23,2023-01-01
BV2022,82125,10287,96.09,107.05588510771152,21300.0,4,2023-01-01
BV2022,82134,13650,347.46000000000004,39.28509756518736,20560.0,12,2023-01-01
BV2022,82155,7968,478.57,16.649601939110266,18860.0,22,2023-01-01
BV2022,82186,20071,423.46,47.39762905587305,20530.0,34,2023-01-01
BV2022,82190,9925,83.11,119.4200457225364,22290.0,5,2023-01-01
BV2022,83007,2928,169.09,17.316222130226507,20060.0,4,2023-01-01
BV2022,83012,10759,327.03999999999996,32.89811643835617,20160.0,10,2023-01-01
BV2022,83019,14142,126.97,111.38064109632197,22480.0,2,2023-01-01
BV2022,83023,26305,169.64000000000001,155.06366423013438,20320.0,5,2023-01-01
BV2022,83032,8973,161.10999999999999,55.69486686115077,20500.0,5,2023-01-01
BV2022,83036,12068,45.85,263.206106870229,22470.0,3,2023-01-01
BV2022,83042,13267,73.21000000000001,181.2184127851386,20710.0,2,2023-01-01
BV2022,83050,79466,643.25,123.53828216090167,21320.0,15,2023-01-01
BV2022,83055,16779,290.12,57.83468909416793,22790.0,6,2023-01-01
BV2022,83061,102495,241.02,425.2551655464277,22470.0,4,2023-01-01
BV2022,83064,13477,172.59,78.08679529520829,23700.0,5,2023-01-01
BV2022,83071,11493,79.29,144.94892167990918,23330.0,1,2023-01-01
BV2022,83072,12613,119.54,105.51279906307512,22270.0,3,2023-01-01
BV2022,83073,23965,244.16,98.1528505897772,21040.0,5,2023-01-01
BV2022,83081,10097,58.96,171.2516960651289,24970.0,2,2023-01-01
BV2022,83091,6083,58.36,104.2323509252913,24850.0,1,2023-01-01
BV2022,83104,5201,185.09,28.099843319466206,22030.0,4,2023-01-01
BV2022,83106,10610,41.32,256.7763794772507,23420.0,3,2023-01-01
BV2022,83107,14335,106.1,135.10838831291235,23890.0,1,2023-01-01
BV2022,83115,24230,239.63,101.11421775236823,22320.0,4,2023-01-01
BV2022,83116,33049,307.94,107.32285510164319,23180.0,8,2023-01-01
BV2022,83119,8279,71.49,115.80640649041825,24330.0,3,2023-01-01
BV2022,83121,6603,108.84,60.667034178610805,20980.0,4,2023-01-01
BV2022,83137,612957,1175.93,521.2529657377564,22460.0,34,2023-01-01
BV2022,83148,14484,91.24000000000001,158.74616396317404,21080.0,2,2023-01-01
BV2022,84003,28104,614.22,45.75559245872814,20310.0,24,2023-01-01
BV2022,84007,248245,464.65999999999997,534.2508500839324,20590.0,23,2023-01-01
BV2022,84019,27457,180.63,152.00686486187234,20440.0,6,2023-01-01
BV2022,84031,92470,600.0,154.11666666666667,20710.0,29,2023-01-01
BV2022,84035,56115,268.46999999999997,209.0177673483071,20320.0,11,2023-01-01
BV2022,84054,33441,124.44,268.7319189971071,22420.0,5,2023-01-01
BV2022,84071,11350,180.95,62.724509533020175,23430.0,10,2023-01-01
BV2022,84087,60951,279.19,218.3136931838533,20990.0,9,2023-01-01
BV2022,84089,35344,241.74,146.20666832133696,23030.0,11,2023-01-01
BV2022,84106,11976,139.79000000000002,85.67136418914085,22530.0,9,2023-01-01
BV2022,84123,5772,636.89,9.062789492691046,19490.0,22,2023-01-01
BV2022,84133,8039,133.75,60.10467289719626,23080.0,5,2023-01-01
BV2022,84137,18987,321.79,59.00431958730849,21030.0,20,2023-01-01
BV2022,84138,21897,381.71999999999997,57.36403646651997,20780.0,19,2023-01-01
BV2022,85003,20476,215.65,94.95015070716438,21800.0,9,2023-01-01
BV2022,85018,12892,172.6,74.69293163383546,21210.0,5,2023-01-01
BV2022,85019,8585,77.99000000000001,110.0782151557892,22850.0,2,2023-01-01
BV2022,85020,7165,99.88,71.73608329995996,22510.0,4,2023-01-01
BV2022,85035,7948,43.17,184.10933518647207,23620.0,2,2023-01-01
BV2022,85047,48278,391.49,123.31860328488595,21870.0,10,2023-01-01
BV2022,85051,17623,268.25,65.69617893755824,20870.0,10,2023-01-01
BV2022,85059,15629,317.28,49.25932929904186,20620.0,16,2023-01-01
BV2022,85084,15310,198.21,77.241309722012,22080.0,4,2023-01-01
BV2022,85092,38340,518.32,73.96974841796573,21010.0,30,2023-01-01
BV2022,85109,39046,350.07,111.5376924615077,21850.0,14,2023-01-01
BV2022,85113,4870,23.32,208.8336192109777,22350.0,1,2023-01-01
BV2022,85128,36359,583.0,62.36535162950257,21130.0,25,2023-01-01
BV2022,85146,55393,475.62,116.4648248601825,22450.0,13,2023-01-01
BV2022,85151,18240,123.85,147.2749293500202,22350.0,5,2023-01-01
BV2022,85152,10867,119.82000000000001,90.69437489567684,21850.0,4,2023-01-01
BV2022,85156,8308,143.98000000000002,57.70245867481594,21000.0,7,2023-01-01
BV2022,85163,9182,48.83,188.0401392586525,22630.0,4,2023-01-01
BV2022,85178,10593,85.02000000000001,124.5942131263232,22960.0,2,2023-01-01
BV2022,85182,22656,286.83,78.98755360317959,21130.0,9,2023-01-01
BV2022,85191,107842,663.69,162.48851120251925,22350.0,18,2023-01-01
BV2022,85194,56343,172.14000000000001,327.3091669571279,23440.0,5,2023-01-01
BV2022,85215,7534,73.93,101.9072095225213,21720.0,3,2023-01-01
BV2022,85223,6371,144.2,44.181692094313455,20720.0,7,2023-01-01
BV2022,85226,40621,241.86,167.95253452410483,22630.0,12,2023-01-01
BV2022,85234,12951,115.56,112.07165109034268,22060.0,3,2023-01-01
BV2022,85288,21245,283.79,74.8616935057613,23150.0,9,2023-01-01
BV2022,85294,6848,78.93,86.76042062587102,22600.0,4,2023-01-01
BV2022,86066,77514,1210.66,64.02623362463449,21170.0,42,2023-01-01
BV2022,86070,17351,402.68,43.08880500645674,21940.0,12,2023-01-01
BV2022,86078,13000,533.69,24.358710112612187,19870.0,23,2023-01-01
BV2022,86082,9074,298.92,30.35594807975378,19980.0,9,2023-01-01
BV2022,86092,6753,142.47,47.39945251631922,21030.0,7,2023-01-01
BV2022,86103,9110,371.99,24.4899056426248,20590.0,11,2023-01-01
BV2022,86112,4042,254.68,15.870896811685252,18960.0,8,2023-01-01
BV2022,86128,6891,151.0,45.63576158940398,20570.0,9,2023-01-01
BV2022,86137,17769,496.71999999999997,35.77266870671606,19990.0,29,2023-01-01
BV2022,86139,10599,293.1,36.16171954964176,21050.0,9,2023-01-01
BV2022,86140,10268,415.03999999999996,24.739784117193526,20700.0,13,2023-01-01
BV2022,86165,11540,538.1899999999999,21.442241587543435,20390.0,13,2023-01-01
BV2022,86177,25260,440.63,57.327009055216394,22100.0,18,2023-01-01
BV2022,86194,193366,839.38,230.3676523148038,22450.0,35,2023-01-01
BV2022,86293,7751,106.64999999999999,72.6769807782466,22120.0,5,2023-01-01
BV2022,86294,12868,211.14000000000001,60.945344321303395,22200.0,10,2023-01-01
BV2022,87001,14314,197.36,72.52736116740981,22610.0,10,2023-01-01
BV2022,87002,10832,311.32,34.79378131825774,21790.0,11,2023-01-01
BV2022,87011,17161,970.1899999999999,17.6882878611406,19220.0,30,2023-01-01
BV2022,87014,9222,364.59000000000003,25.294166049535093,20380.0,10,2023-01-01
BV2022,87032,6193,230.63,26.852534362398647,20340.0,8,2023-01-01
BV2022,87064,15874,1240.52,12.79624673524006,20190.0,43,2023-01-01
BV2022,87085,236825,1243.65,190.4273710449081,22080.0,50,2023-01-01
BV2022,87106,5813,124.61,46.64954658534628,22090.0,6,2023-01-01
BV2022,87126,14587,460.64,31.66681139284474,20210.0,18,2023-01-01
BV2022,87154,23255,380.46,61.123376964726916,21610.0,13,2023-01-01
BV2022,87161,10886,333.79,32.61331975193984,21180.0,13,2023-01-01
BV2022,87187,15013,500.87,29.973845508814662,20500.0,12,2023-01-01
BV2022,88075,10710,164.87,64.96027172924121,20510.0,5,2023-01-01
BV2022,88078,15574,287.7,54.132777198470635,20440.0,33,2023-01-01
BV2022,88090,19265,340.34,56.60515954633602,21740.0,53,2023-01-01
BV2022,88114,11403,415.2,27.463872832369944,21170.0,38,2023-01-01
BV2022,88160,87447,715.54,122.21119713782598,21420.0,58,2023-01-01
BV2022,88181,11678,199.92,58.41336534613846,20440.0,9,2023-01-01
BV2022,88196,11437,153.88,74.3241486872888,21790.0,6,2023-01-01
BV2022,88304,18312,466.15999999999997,39.28264973399691,21400.0,77,2023-01-01
BV2022,88321,31952,1466.46,21.78852474666885,20690.0,131,2023-01-01
BV2022,88367,14013,362.08,38.70139195757844,20260.0,37,2023-01-01
BV2022,88372,23883,439.21,54.37717720452631,19880.0,38,2023-01-01
BV2022,88383,36573,314.16,116.4152024446142,21590.0,22,2023-01-01
BV2022,88408,4310,127.69999999999999,33.75097885669538,20060.0,7,2023-01-01
BV2022,88413,39400,339.96,115.89598776326628,20470.0,31,2023-01-01
BV2022,88468,12618,240.86,52.387278917213315,19950.0,10,2023-01-01
BV2022,88486,7015,94.33,74.36658539170996,21230.0,6,2023-01-01
BV2022,88487,4113,90.0,45.7,19820.0,2,2023-01-01
BV2022,88516,8333,177.16,47.03657710544141,23310.0,17,2023-01-01
BV2022,88530,9283,325.72,28.499938597568462,19540.0,13,2023-01-01
BV2022,89003,8802,231.59,38.006822401658106,22170.0,11,2023-01-01
BV2022,89024,80777,791.64,102.0375423172149,22130.0,54,2023-01-01
BV2022,89025,25850,1184.06,21.831663935949194,20990.0,75,2023-01-01
BV2022,89068,8044,286.28,28.09836523683108,23280.0,19,2023-01-01
BV2022,89086,12196,510.83,23.87487030910479,20940.0,10,2023-01-01
BV2022,89206,15639,201.79999999999998,77.49752229930625,20120.0,12,2023-01-01
BV2022,89257,21453,233.78,91.76576268286423,20200.0,16,2023-01-01
BV2022,89309,14043,183.7,76.4452912357104,22120.0,13,2023-01-01
BV2022,89345,21731,695.71,31.235716031104914,20530.0,41,2023-01-01
BV2022,89368,3666,215.88,16.9816564758199,19770.0,7,2023-01-01
BV2022,89387,68937,796.04,86.59991960203006,21230.0,52,2023-01-01
BV2022,89418,16184,961.87,16.825558547412854,20530.0,63,2023-01-01
BV2022,89419,15400,729.49,21.110638939533096,21220.0,28,2023-01-01
BV2022,89464,16178,255.07999999999998,63.42323976791595,21940.0,15,2023-01-01
BV2022,90010,96029,249.16,385.4109808958099,21840.0,45,2023-01-01
BV2022,90033,19024,138.96,136.90270581462292,23780.0,21,2023-01-01
BV2022,90052,6560,74.87,87.61853880058769,22380.0,7,2023-01-01
BV2022,91016,19028,383.22,49.65294086947445,23080.0,30,2023-01-01
BV2022,91021,45812,55.45,826.185752930568,24510.0,9,2023-01-01
BV2022,91045,27597,91.11,302.89759631215014,26660.0,8,2023-01-01
BV2022,91105,25160,87.27,288.3006760627936,27480.0,10,2023-01-01
BV2022,91200,20216,183.56,110.13292656352147,25340.0,14,2023-01-01
BV2022,91223,41655,295.56,140.93585058871295,22580.0,23,2023-01-01
BV2022,91226,20224,84.23,240.104475839962,27900.0,10,2023-01-01
BV2022,91232,17391,98.39,176.75576786258765,26620.0,11,2023-01-01
BV2022,91338,29880,159.79,186.9954315038488,30470.0,15,2023-01-01
BV2022,91376,7164,14.309999999999999,500.6289308176101,27910.0,2,2023-01-01
BV2022,91405,17183,223.76999999999998,76.78866693479912,27520.0,15,2023-01-01
BV2022,95250,36671,117.99,310.7975252140012,25780.0,13,2023-01-01
BV2022,95313,26620,72.59,366.7171786747486,27630.0,8,2023-01-01
BV2022,95351,16893,30.05,562.1630615640598,23270.0,5,2023-01-01
BV2022,95355,16421,218.82,75.04341467873138,25400.0,27,2023-01-01
BV2022,95370,11321,116.04,97.56118579800068,26910.0,17,2023-01-01
BV2022,95487,61542,124.22,495.4274673965545,23030.0,17,2023-01-01
BV2022,95652,20120,77.34,260.14998707008016,26970.0,10,2023-01-01
DEP,01,657856,5762.39,114.16374108659774,24030.0,392,2023-01-01
DEP,02,529374,7361.65,71.90969415823899,20300.0,798,2023-01-01
DEP,03,335628,7340.11,45.72520030353769,20990.0,317,2023-01-01
DEP,04,165451,6925.22,23.89108216056674,21130.0,198,2023-01-01
DEP,05,140605,5548.68,25.3402611071462,21420.0,162,2023-01-01
DEP,06,1097410,4298.58,255.2959349366535,22630.0,163,2023-01-01
DEP,07,329325,5528.64,59.56709064073623,21450.0,335,2023-01-01
DEP,08,269701,5229.41,51.5738869203218,20310.0,449,2023-01-01
DEP,09,153954,4889.92,31.483950657679472,20430.0,326,2023-01-01
DEP,10,311435,6004.16,51.869870223311835,20960.0,431,2023-01-01
DEP,11,375217,6138.98,61.12041414045982,19980.0,433,2023-01-01
DEP,12,279554,8735.12,32.00345272875472,21260.0,285,2023-01-01
DEP,13,2048070,5087.49,402.5698330610969,22210.0,119,2023-01-01
DEP,14,697547,5534.47,126.03682014718663,22180.0,528,2023-01-01
DEP,15,144379,5725.98,25.214723069238804,21140.0,246,2023-01-01
DEP,16,351718,5955.99,59.05281909472649,21410.0,363,2023-01-01
DEP,17,655709,6863.75,95.53217993079585,22080.0,463,2023-01-01
DEP,18,300933,7234.99,41.59411415910734,21560.0,287,2023-01-01
DEP,19,239190,5856.83,40.839498500041834,21590.0,279,2023-01-01
DEP,21,535078,8763.21,61.05958889493691,22940.0,698,2023-01-01
DEP,22,603640,6877.55,87.76962726552333,21850.0,348,2023-01-01
DEP,23,115995,5565.38,20.842242578224667,20130.0,256,2023-01-01
DEP,24,412807,9060.01,45.5636362432271,20830.0,503,2023-01-01
DEP,25,545209,5232.64,104.19386772260273,23260.0,571,2023-01-01
DEP,26,517709,6529.95,79.28223033867029,21790.0,363,2023-01-01
DEP,27,599668,6008.24,99.80759756600935,22240.0,585,2023-01-01
DEP,28,431443,5879.95,73.3752838034337,22650.0,365,2023-01-01
DEP,29,917179,6733.0,136.22144660626765,22400.0,277,2023-01-01
DEP,2A,160814,4014.22,40.06108285046659,22350.0,124,2023-01-01
DEP,2B,182887,4665.57,39.19928326013756,20740.0,236,2023-01-01
DEP,30,751457,5852.77,128.39339321381158,20740.0,351,2023-01-01
DEP,31,1415757,6309.34,224.39066526768252,23730.0,586,2023-01-01
DEP,32,191819,6256.82,30.657586441674844,21420.0,461,2023-01-01
DEP,33,1636391,9975.59,164.03952046946597,23180.0,535,2023-01-01
DEP,34,1188973,6101.01,194.88133931922746,21130.0,342,2023-01-01
DEP,35,1088855,6774.72,160.72324760285295,22840.0,333,2023-01-01
DEP,36,218707,6790.63,32.20717370847771,20820.0,241,2023-01-01
DEP,37,612119,6126.7,99.91006577766171,22450.0,272,2023-01-01
DEP,38,1277513,7431.49,171.90536487299318,23580.0,512,2023-01-01
DEP,39,258798,4999.18,51.768089966754545,22460.0,494,2023-01-01
DEP,40,418122,9242.6,45.23856923376539,22100.0,327,2023-01-01
DEP,41,329357,6343.44,51.92088204507334,21940.0,267,2023-01-01
DEP,42,768508,4780.59,160.7558899633727,21380.0,323,2023-01-01
DEP,43,227489,4977.14,45.70677135865175,21470.0,257,2023-01-01
DEP,44,1445171,6874.1,210.2342124787245,23430.0,207,2023-01-01
DEP,45,682304,6775.23,100.70565870088544,22480.0,325,2023-01-01
DEP,46,174670,5216.53,33.48394430780615,21310.0,313,2023-01-01
DEP,47,330844,5360.91,61.71414927689516,20550.0,319,2023-01-01
DEP,48,76633,5166.88,14.83158114761713,20940.0,152,2023-01-01
DEP,49,820713,7106.88,115.4814771038768,21790.0,177,2023-01-01
DEP,50,495093,5951.47,83.18835514587153,21740.0,445,2023-01-01
DEP,51,566659,8169.05,69.36657261248247,22230.0,611,2023-01-01
DEP,52,171798,6210.6,27.662061636556853,20780.0,426,2023-01-01
DEP,53,306538,5175.21,59.231992518178004,21510.0,240,2023-01-01
DEP,54,732590,5245.91,139.64974618321702,22400.0,591,2023-01-01
DEP,55,183001,6211.44,29.46192831291939,21320.0,499,2023-01-01
DEP,56,764161,6822.64,112.00371117338742,22270.0,249,2023-01-01
DEP,57,1049155,6216.27,168.77564841938974,22350.0,725,2023-01-01
DEP,58,202670,6816.71,29.73135134104282,20940.0,309,2023-01-01
DEP,59,2607746,5742.75,454.0935962735623,20750.0,648,2023-01-01
DEP,60,829699,5860.22,141.5815447201641,22680.0,679,2023-01-01
DEP,61,278475,6103.38,45.6263578541726,20800.0,385,2023-01-01
DEP,62,1462167,6671.35,219.17108231467392,20090.0,890,2023-01-01
DEP,63,661852,7969.66,83.04645367556458,22510.0,464,2023-01-01
DEP,64,687240,7644.76,89.8968705361581,22550.0,546,2023-01-01
DEP,65,229788,4464.04,51.475345202999975,20990.0,469,2023-01-01
DEP,66,482765,4116.02,117.28927459050246,20070.0,226,2023-01-01
DEP,67,1148073,4755.03,241.44390256212895,23330.0,514,2023-01-01
DEP,68,767842,3525.17,217.81701308022025,23760.0,366,2023-01-01
DEP,69,1883437,3249.12,579.676035357266,23690.0,267,2023-01-01
DEP,70,234601,5360.08,43.76819002701452,21260.0,539,2023-01-01
DEP,71,551063,8574.69,64.26623003280585,21520.0,564,2023-01-01
DEP,72,566993,6205.99,91.3622161814634,21630.0,354,2023-01-01
DEP,73,439750,6028.25,72.94820221457306,23630.0,273,2023-01-01
DEP,74,835206,4387.8,190.3473266785177,27030.0,279,2023-01-01
DEP,75,2145906,105.4,20359.6394686907,28790.0,1,2023-01-01
DEP,76,1254739,6277.57,199.87654458651994,21700.0,708,2023-01-01
DEP,77,1428636,5915.29,241.5158005778246,24000.0,507,2023-01-01
DEP,78,1449723,2284.43,634.6103842096278,27470.0,259,2023-01-01
DEP,79,374481,5999.35,62.42026219507113,21590.0,256,2023-01-01
DEP,80,568748,6170.12,92.17778584533202,20980.0,772,2023-01-01
DEP,81,391066,5757.89,67.91828256531473,21080.0,314,2023-01-01
DEP,82,262316,3718.28,70.54767257979495,20860.0,195,2023-01-01
DEP,83,1085189,5972.54,181.69639717775016,22320.0,153,2023-01-01
DEP,84,561941,3567.26,157.52734591815567,20640.0,151,2023-01-01
DEP,85,692705,6719.59,103.08739074854269,22040.0,255,2023-01-01
DEP,86,439332,6990.44,62.84754607721403,21580.0,266,2023-01-01
DEP,87,372123,5520.13,67.41199935508764,21610.0,195,2023-01-01
DEP,88,362397,5873.78,61.697407802130826,20900.0,507,2023-01-01
DEP,89,334156,7427.35,44.9899358452207,21390.0,423,2023-01-01
DEP,90,140120,609.44,229.91598844841164,22370.0,101,2023-01-01
DEP,91,1306118,1804.4,723.8516958545777,24410.0,194,2023-01-01
DEP,92,1626213,175.60999999999999,9260.366721712888,28810.0,36,2023-01-01
DEP,93,1655422,236.2,7008.560541913633,18470.0,40,2023-01-01
DEP,94,1407972,245.03,5746.120883157165,23540.0,47,2023-01-01
DEP,95,1251804,1245.91,1004.7306787809713,22650.0,184,2023-01-01
