commune_code,bassin_2022_cog2023,epci_2023,department,P20_POP
01001,01093,200069193,01,806.0
01006,01034,200040350,01,113.0
01009,01034,200040350,01,324.0
01010,74269,200070852,01,1101.0
01012,01185,200042935,01,327.0
01015,01034,200040350,01,663.0
01016,01305,200071371,01,458.0
01017,01185,240100883,01,445.0
01019,01034,200040350,01,26.0
01022,01034,200040350,01,1213.0
01028,01093,200069193,01,625.0
01029,39475,200071751,01,683.0
01034,01034,200040350,01,9207.0
01045,01443,200069193,01,285.0
01050,01305,200071371,01,380.0
01052,01443,200069193,01,332.0
01057,01305,200071371,01,514.0
01061,01034,200040350,01,1133.0
01066,01034,200040350,01,92.0
01076,01185,240100883,01,122.0
01079,01034,200040350,01,822.0
01082,74269,240100891,01,637.0
01084,01093,200070555,01,921.0
01085,01093,200069193,01,397.0
01093,01093,200069193,01,4968.0
01094,01305,200071371,01,761.0
01100,01034,200040350,01,131.0
01102,01305,200071371,01,966.0
01108,39475,200071751,01,1161.0
01110,01034,200040350,01,159.0
01113,01093,200069193,01,817.0
01116,01034,200040350,01,496.0
01117,01034,200040350,01,150.0
01118,74269,200070852,01,1279.0
01121,01185,200042935,01,116.0
01127,39475,200071751,01,506.0
01133,01034,200040350,01,395.0
01141,01034,200040350,01,443.0
01146,01093,200069193,01,436.0
01147,39475,200071751,01,509.0
01155,01185,200042935,01,142.0
01162,01034,200040350,01,65.0
01175,01305,200071371,01,790.0
01190,01034,240100883,01,86.0
01198,01443,240100883,01,266.0
01207,01443,200069193,01,314.0
01208,01034,200040350,01,135.0
01233,01034,240100883,01,130.0
01234,01034,200040350,01,167.0
01235,01443,200069193,01,1179.0
01239,01034,200040350,01,631.0
01260,01443,240100883,01,304.0
01272,01093,200069193,01,1490.0
01280,01034,240100883,01,136.0
01284,01305,200071371,01,700.0
01286,73330,200040350,01,959.0
01294,01034,200040350,01,897.0
01299,01443,200069193,01,589.0
01302,01034,200040350,01,165.0
01305,01305,200071371,01,2195.0
01309,39475,200071751,01,83.0
01310,01034,200040350,01,249.0
01311,01185,200042935,01,44.0
01319,01093,200069193,01,467.0
01323,01305,200071371,01,1018.0
01328,01093,200069193,01,606.0
01329,01034,200040350,01,157.0
01335,01093,200069193,01,410.0
01337,01305,200071371,01,1336.0
01351,01093,200070118,01,1602.0
01352,01305,200071371,01,586.0
01356,01093,200069193,01,203.0
01358,01034,200040350,01,426.0
01359,01443,200069193,01,251.0
01372,01034,200040350,01,441.0
01389,01093,200069193,01,1823.0
01391,39475,200071751,01,273.0
01393,01093,200069193,01,555.0
01407,74269,200070852,01,1006.0
01412,01093,200069193,01,611.0
01415,01034,200040350,01,524.0
01416,01185,240100883,01,1012.0
01428,01093,200069193,01,128.0
01432,39475,200071751,01,333.0
01434,01443,200069193,01,488.0
01443,01443,200069193,01,4946.0
01445,39475,200071751,01,628.0
01452,01034,200040350,01,1127.0
01454,01034,200040350,01,1118.0
02015,02810,200071991,02,74.0
02024,02408,200043495,02,49.0
02028,02408,200043495,02,2597.0
02037,02408,200043495,02,1380.0
02080,02408,200043495,02,327.0
02088,02408,200043495,02,88.0
02122,02408,200071785,02,55.0
02128,02408,200043495,02,1447.0
02132,02408,200043495,02,192.0
02151,02408,200043495,02,116.0
02157,02408,200043495,02,834.0
02177,02408,200043495,02,141.0
02191,02408,200043495,02,511.0
02192,02810,200071991,02,370.0
02196,02408,200043495,02,306.0
02201,02810,200071991,02,449.0
02216,02810,200071991,02,290.0
02232,02810,200071991,02,365.0
02238,02408,200043495,02,1798.0
02258,02810,200071991,02,372.0
02259,02810,200071991,02,390.0
02281,51380,240200584,02,252.0
02282,02408,200043495,02,432.0
02294,02408,200043495,02,206.0
02302,02810,200071991,02,332.0
02307,02810,200071991,02,2055.0
02309,02408,200043495,02,683.0
02316,02810,200071991,02,124.0
02329,02408,200071785,02,434.0
02368,02810,200071991,02,568.0
02390,80620,240200493,02,260.0
02407,02408,200043495,02,208.0
02408,02408,200043495,02,24091.0
02410,02810,200071991,02,242.0
02413,02408,200043495,02,241.0
02438,02810,200071991,02,244.0
02441,02810,200071991,02,181.0
02449,02810,200071991,02,64.0
02466,02810,200071991,02,131.0
02467,02810,200071991,02,50.0
02489,02408,200043495,02,348.0
02492,02408,200071785,02,445.0
02496,02810,200071991,02,98.0
02497,02408,200043495,02,1151.0
02501,02408,200043495,02,97.0
02506,02810,200071991,02,197.0
02557,02810,200071991,02,128.0
02561,02408,200043495,02,147.0
02568,02810,200071991,02,165.0
02573,02408,200043495,02,57.0
02587,02408,200043495,02,353.0
02594,02810,200071991,02,129.0
02621,02408,200043495,02,386.0
02628,02810,200071991,02,218.0
02687,02810,200071991,02,335.0
02697,02408,200043495,02,383.0
02718,02810,200071991,02,118.0
02729,02810,200071991,02,79.0
02734,02810,200071991,02,272.0
02749,02810,200071991,02,216.0
02765,02408,200043495,02,237.0
02777,51380,240200584,02,137.0
02791,02408,200043495,02,261.0
02798,77182,240200584,02,1214.0
02810,02810,200071991,02,10392.0
02812,02810,200071991,02,203.0
02821,02408,200043495,02,674.0
02822,02810,200071991,02,397.0
02824,02408,200043495,02,374.0
03080,03118,200071363,03,702.0
03098,03185,200071082,03,4465.0
03101,03185,200071082,03,8698.0
03136,03185,200071082,03,225.0
03140,03185,200071082,03,1147.0
03145,03185,200071082,03,743.0
03211,03185,200071082,03,2506.0
03212,03185,200071082,03,1527.0
03262,03185,200071082,03,2097.0
03279,03185,200071082,03,555.0
06009,06033,200030195,06,116.0
06017,06033,240600585,06,256.0
06021,06033,200030195,06,723.0
06022,06033,240600585,06,548.0
06025,06033,200030195,06,1417.0
06033,06033,200030195,06,12875.0
06034,06033,200030195,06,1674.0
06042,06033,200030195,06,670.0
06047,06033,240600585,06,95.0
06061,06033,240600585,06,91.0
06064,06033,200030195,06,4229.0
06066,06033,200030195,06,1598.0
06072,06033,200030195,06,147.0
06074,06033,200030195,06,1206.0
06080,06033,200030195,06,105.0
06102,06033,200030195,06,112.0
06107,06033,240600585,06,64.0
06109,06033,200030195,06,954.0
06110,06099,200030195,06,119.0
06111,06033,200030195,06,116.0
06117,06033,200030195,06,1350.0
06126,06033,200030195,06,3143.0
06129,06033,200030195,06,307.0
06144,06033,200030195,06,549.0
06146,06033,200030195,06,149.0
06151,06033,200030195,06,863.0
06153,06033,200030195,06,834.0
07008,07186,200071413,07,1447.0
07034,07042,240700864,07,256.0
07040,07129,200073096,07,254.0
07042,07042,240700864,07,7187.0
07066,07186,200071413,07,3004.0
07068,07129,200073096,07,571.0
07072,07186,200071413,07,1659.0
07074,07186,200071413,07,153.0
07090,07186,200071413,07,1240.0
07092,07186,200071413,07,46.0
07099,07042,240700864,07,618.0
07133,07042,240700864,07,250.0
07146,07186,200071413,07,598.0
07158,07064,200073245,07,97.0
07179,07186,200071413,07,135.0
07186,07186,200071413,07,8567.0
07194,07186,200071413,07,461.0
07219,07186,200071405,07,326.0
07255,07186,200071413,07,1434.0
07260,07186,200071405,07,953.0
07264,07042,240700864,07,2379.0
07279,07042,240700864,07,1926.0
07283,07186,200071405,07,62.0
07288,07186,200071413,07,1320.0
07298,07186,200071405,07,787.0
07302,07186,200071405,07,833.0
07340,07186,200071413,07,1510.0
08011,08363,240800821,08,212.0
08166,08185,240800821,08,258.0
08185,08185,240800821,08,3181.0
08214,08185,240800821,08,489.0
08222,08185,240800821,08,1829.0
08363,08363,240800821,08,5825.0
10066,10003,200069250,10,437.0
10114,10323,200000545,10,706.0
10142,10003,200069250,10,1849.0
10156,10003,200069250,10,707.0
10164,10323,200000545,10,734.0
10220,10323,200000545,10,1505.0
10240,10003,200069250,10,467.0
10280,10323,200000545,10,816.0
10323,10323,200000545,10,14623.0
10341,10323,200000545,10,355.0
11001,11203,200035715,11,550.0
11009,11049,200035715,11,1592.0
11022,34189,200035715,11,1123.0
11027,11203,200035715,11,793.0
11042,11203,200035715,11,235.0
11068,11203,200035715,11,1473.0
11095,11203,200035715,11,312.0
11122,11203,200035715,11,771.0
11188,11379,241100593,11,1712.0
11190,34189,200035715,11,1243.0
11220,11203,200035715,11,702.0
11242,11206,200035715,11,175.0
11280,34189,200035715,11,1087.0
11286,34189,200035715,11,1177.0
11295,11379,241100593,11,1322.0
11301,34189,200035715,11,1186.0
11307,11203,241100593,11,258.0
11308,11049,200035715,11,462.0
11315,34189,200035715,11,1937.0
11322,11379,241100593,11,1005.0
11325,11206,200035715,11,453.0
11340,11049,200035715,11,518.0
11342,34189,200035715,11,236.0
11357,11049,200035715,11,212.0
11379,11379,241100593,11,5542.0
11396,34189,200035715,11,598.0
11421,11203,241100593,11,554.0
13099,04094,200054807,13,891.0
14039,14689,200066710,14,802.0
14080,14174,200066710,14,125.0
14085,27170,241400878,14,814.0
14090,14689,200066710,14,778.0
14097,14258,200066710,14,303.0
14141,14371,200069532,14,160.0
14145,14258,200066710,14,550.0
14146,14689,200066710,14,169.0
14147,14478,200069532,14,139.0
14162,14174,200066710,14,1305.0
14171,14689,200066710,14,144.0
14183,14174,200066710,14,107.0
14207,14689,200066710,14,648.0
14211,14689,200066710,14,366.0
14226,14689,200066710,14,302.0
14248,14689,200066710,14,250.0
14251,14689,200066710,14,550.0
14252,14258,200066710,14,265.0
14261,27170,241400878,14,335.0
14273,14478,200069532,14,140.0
14291,14689,200066710,14,297.0
14309,14258,200066710,14,834.0
14310,14258,200066710,14,733.0
14320,14689,200066710,14,282.0
14334,27056,200069532,14,318.0
14368,61508,200069532,14,263.0
14371,14371,200069532,14,6183.0
14404,14258,200066710,14,121.0
14411,14689,200066710,14,319.0
14455,14689,200066710,14,276.0
14458,14689,200066710,14,515.0
14461,14689,200066710,14,506.0
14478,14478,200069532,14,1943.0
14483,14689,200066710,14,190.0
14510,14174,200066710,14,59.0
14576,61508,200069532,14,518.0
14589,14258,200066710,14,957.0
14602,14689,200066710,14,269.0
14603,14689,200066710,14,507.0
14621,14478,200069532,14,467.0
14635,14174,200066710,14,189.0
14656,14689,200066710,14,985.0
14689,14689,200066710,14,3599.0
14719,14258,200066710,14,725.0
14734,14752,200069516,14,332.0
14741,14174,200066710,14,119.0
16012,16366,200070514,16,498.0
16013,16090,200070514,16,313.0
16032,16167,200070514,16,517.0
16045,16090,200070514,16,369.0
16050,16090,200070514,16,247.0
16056,16167,200070514,16,884.0
16057,16090,200070514,16,322.0
16060,17224,200070514,16,449.0
16088,16167,200070514,16,1097.0
16090,16090,200070514,16,3546.0
16116,16366,200070514,16,381.0
16139,16167,200070514,16,239.0
16145,16167,200070514,16,641.0
16165,16167,200070514,16,376.0
16167,16167,200070514,16,4447.0
16171,16366,200070514,16,652.0
16174,16167,200070514,16,516.0
16216,16167,200070514,16,833.0
16220,16167,200070514,16,720.0
16297,16090,200070514,16,327.0
16316,16028,200070514,16,386.0
16340,16167,200070514,16,1028.0
16343,16366,200070514,16,295.0
16352,16090,200070514,16,223.0
16366,16366,200070514,16,2076.0
16369,16167,200070514,16,976.0
16387,16167,200070514,16,463.0
16399,16366,200070514,16,344.0
16402,16090,200070514,16,284.0
17007,17434,200041614,17,316.0
17008,17218,200041499,17,2295.0
17015,17131,241700640,17,745.0
17034,17131,241700640,17,459.0
17041,17434,200041499,17,1715.0
17060,17131,241700640,17,229.0
17063,17434,200041614,17,460.0
17068,17131,241700640,17,246.0
17080,17434,200041614,17,978.0
17091,17218,200041499,17,2007.0
17098,17131,241700640,17,592.0
17115,17283,200036473,17,305.0
17119,17131,241700640,17,1177.0
17127,17434,200041499,17,1879.0
17131,17131,241700640,17,2144.0
17132,17434,200041499,17,648.0
17152,17131,241700640,17,880.0
17158,17434,200041499,17,1183.0
17182,17434,200041499,17,549.0
17183,17131,241700640,17,943.0
17186,17434,200041499,17,968.0
17201,17434,200041499,17,482.0
17218,17218,200041499,17,4512.0
17221,17434,200041614,17,929.0
17242,17283,200036473,17,879.0
17248,17131,241700640,17,922.0
17253,17434,200041762,17,1351.0
17293,17434,200041614,17,700.0
17303,17434,200041499,17,1021.0
17322,17434,200041499,17,687.0
17338,17434,200041614,17,1807.0
17349,17218,200041499,17,2997.0
17359,17434,200041614,17,1210.0
17382,17434,200041614,17,550.0
17394,17434,200041614,17,902.0
17396,17434,200041499,17,1727.0
17425,17131,241700640,17,2429.0
17434,17434,200041614,17,6801.0
17437,17131,241700640,17,96.0
17439,17434,200041499,17,779.0
17482,17434,200041614,17,643.0
18005,18141,200066330,18,1074.0
18006,18087,241800507,18,240.0
18026,58086,200069227,18,986.0
18028,18141,241800507,18,1172.0
18032,58086,200069227,18,1375.0
18096,18141,200090561,18,2086.0
18125,58086,200069227,18,1075.0
18138,18141,241800507,18,1916.0
18141,18141,241800507,18,6502.0
18145,18109,200066330,18,1614.0
18150,18279,200090561,18,703.0
18189,18223,200066330,18,481.0
18208,58086,200069227,18,408.0
18211,18223,200066330,18,695.0
18223,18223,200066330,18,2484.0
18229,18223,200066330,18,615.0
18243,45053,200069227,18,413.0
18246,58086,200069227,18,1112.0
18255,18207,241800507,18,990.0
18257,58086,200069227,18,662.0
18263,18279,200090561,18,662.0
18279,18279,200090561,18,25045.0
18280,18223,200066330,18,715.0
19015,19153,200043172,19,703.0
19030,24547,200043172,19,966.0
19035,19153,200043172,19,540.0
19066,24547,200043172,19,1727.0
19094,19153,200043172,19,1125.0
19109,19153,200043172,19,224.0
19120,24547,200043172,19,241.0
19153,19153,200043172,19,3662.0
19161,19153,200043172,19,453.0
19177,19153,200043172,19,175.0
19182,19153,200043172,19,760.0
19187,19153,200043172,19,412.0
19195,19153,200043172,19,386.0
19196,19153,200043172,19,469.0
19239,19153,200043172,19,294.0
19242,19153,200043172,19,455.0
19253,19153,200043172,19,222.0
19279,19153,200043172,19,396.0
19286,19153,200043172,19,533.0
19288,19153,200043172,19,1235.0
21001,21464,200070894,21,457.0
21017,21464,200070894,21,505.0
21022,21464,200070894,21,538.0
21028,21038,200070902,21,782.0
21032,71014,200006682,21,167.0
21038,21038,200070902,21,7621.0
21039,21317,242100154,21,37.0
21050,71014,200006682,21,209.0
21053,21317,200072825,21,200.0
21070,21464,200070894,21,136.0
21071,21317,200072825,21,711.0
21072,21416,200072825,21,188.0
21079,21416,200072825,21,128.0
21088,21464,200070894,21,278.0
21127,21317,242100154,21,517.0
21135,70279,200072825,21,309.0
21138,21038,200070902,21,593.0
21146,21416,200072825,21,123.0
21162,21464,200070894,21,482.0
21167,21416,200072825,21,124.0
21169,21464,200070894,21,166.0
21180,21038,200070902,21,155.0
21182,21464,200070894,21,95.0
21186,21464,200070894,21,607.0
21208,21317,242100154,21,162.0
21211,21317,242100154,21,128.0
21215,21416,200072825,21,182.0
21219,21464,200070894,21,141.0
21228,21464,200070894,21,142.0
21230,21317,242100154,21,378.0
21233,21038,200070902,21,200.0
21240,21317,242100154,21,322.0
21246,21464,200070894,21,174.0
21254,21464,200070894,21,205.0
21267,21464,200070894,21,501.0
21268,21038,200070902,21,191.0
21269,21038,200070902,21,450.0
21290,21317,242100154,21,923.0
21294,21464,200070894,21,435.0
21297,21464,200070894,21,729.0
21316,21038,200070902,21,325.0
21317,21317,242100154,21,4360.0
21323,21416,200072825,21,143.0
21331,21038,200070902,21,333.0
21337,21038,200070902,21,1359.0
21361,21317,242100154,21,512.0
21367,21038,200070902,21,260.0
21371,21038,200070902,21,804.0
21376,21038,200070902,21,102.0
21383,21317,242100154,21,1713.0
21385,21317,242100154,21,326.0
21398,21038,200070902,21,362.0
21407,21464,200070894,21,240.0
21409,21464,200070894,21,448.0
21416,21416,200072825,21,1972.0
21420,71014,200006682,21,160.0
21421,21317,242100154,21,237.0
21437,21038,200070902,21,244.0
21459,21416,200072825,21,231.0
21461,71014,200006682,21,1426.0
21464,21464,200070894,21,5332.0
21467,21416,200072825,21,126.0
21482,21038,200070902,21,626.0
21483,21317,242100154,21,299.0
21491,21317,242100154,21,70.0
21493,21038,200070902,21,568.0
21495,21038,200070902,21,159.0
21496,21038,200070902,21,1297.0
21506,21464,200070894,21,362.0
21517,21464,200070894,21,505.0
21522,70279,200072825,21,459.0
21523,21464,200070894,21,158.0
21527,71014,200006682,21,281.0
21542,21464,200070894,21,453.0
21556,21038,200070902,21,245.0
21564,21464,200070894,21,398.0
21571,21038,200070902,21,231.0
21583,71014,200006682,21,57.0
21587,21317,242100154,21,250.0
21597,21464,200070894,21,54.0
21610,21038,200070902,21,361.0
21618,21038,200070902,21,564.0
21619,21416,200072825,21,216.0
21620,21317,242100154,21,157.0
21625,21464,200070894,21,84.0
21636,71014,200006682,21,254.0
21638,21317,242100154,21,1144.0
21639,21038,200070902,21,738.0
21666,21317,242100154,21,94.0
21680,21038,200070902,21,504.0
21688,21464,200070894,21,114.0
21691,21464,200070894,21,398.0
21692,21317,242100154,21,248.0
21699,21038,200070902,21,1177.0
21701,21038,200070902,21,125.0
21702,21317,242100154,21,263.0
21713,21038,200070902,21,348.0
21714,21464,200070894,21,338.0
21716,21464,200070894,21,162.0
22004,22004,200067981,22,4810.0
22006,22004,200065928,22,273.0
22020,22020,200068989,22,2910.0
22032,22020,200068989,22,2503.0
22034,22004,200065928,22,1516.0
22036,22020,200068989,22,210.0
22041,22004,200065928,22,261.0
22053,22020,200069391,22,682.0
22069,22020,200068989,22,216.0
22114,22020,200069391,22,852.0
22141,22004,200065928,22,236.0
22164,22004,200067981,22,1856.0
22184,22203,200069391,22,1591.0
22203,22203,200069409,22,4108.0
22240,22020,200068989,22,1103.0
22245,22004,200065928,22,959.0
22254,22004,200065928,22,1117.0
22267,22020,200069391,22,389.0
22305,22020,200068989,22,482.0
22310,22004,200067981,22,491.0
22337,22020,200069391,22,1116.0
22348,22020,200069391,22,499.0
22369,22020,200069391,22,787.0
22391,22020,200068989,22,1123.0
24032,24299,200040095,24,371.0
24040,24520,200027217,24,546.0
24051,24299,200070647,24,219.0
24104,24309,200040095,24,619.0
24157,24309,200040095,24,810.0
24182,33402,200070647,24,1492.0
24191,33402,200070647,24,172.0
24193,33402,200070647,24,478.0
24194,33402,200070647,24,1588.0
24205,24309,200040095,24,669.0
24213,24309,200040095,24,174.0
24252,24520,200027217,24,818.0
24255,24520,200027217,24,582.0
24276,33402,200070647,24,406.0
24277,33402,200070647,24,288.0
24309,24309,200040095,24,3618.0
24335,33402,243301371,24,2487.0
24341,24520,200027217,24,1055.0
24349,33402,200070647,24,342.0
24355,24520,200027217,24,429.0
24366,24520,200027217,24,863.0
24418,24309,200040095,24,933.0
24420,24299,200070647,24,248.0
24424,24299,200040095,24,133.0
24471,24520,200027217,24,629.0
24487,33402,200070647,24,1814.0
24502,24309,200040095,24,89.0
24510,24396,200027217,24,369.0
24512,24520,200027217,24,293.0
24520,24520,200027217,24,8788.0
24523,33402,200070647,24,423.0
24543,24299,200040095,24,1111.0
24544,24520,200027217,24,392.0
24562,24309,200040095,24,267.0
24577,24520,200027217,24,516.0
24587,24520,200027217,24,826.0
25006,25047,242504447,25,88.0
25007,25578,242504181,25,108.0
25009,25047,242504447,25,163.0
25021,39500,200068070,25,1614.0
25032,25047,242504447,25,427.0
25039,25578,242504181,25,927.0
25044,39500,200068070,25,59.0
25047,25047,242504447,25,4984.0
25049,25356,200023075,25,136.0
25052,25578,242504181,25,66.0
25088,25047,242504447,25,87.0
25089,25578,242504181,25,98.0
25091,25356,200023075,25,476.0
25094,25047,242504447,25,119.0
25098,39500,200068070,25,188.0
25101,70334,200041887,25,574.0
25104,39500,200068070,25,84.0
25106,25434,200068070,25,68.0
25108,25356,200023075,25,312.0
25110,25462,242500338,25,1031.0
25120,25434,200068070,25,394.0
25124,25356,200023075,25,278.0
25127,25356,200023075,25,2791.0
25129,25434,200068070,25,111.0
25130,25434,200068070,25,10.0
25141,25578,242504181,25,122.0
25143,39500,200068070,25,204.0
25150,70334,200041887,25,290.0
25151,25578,242504181,25,135.0
25157,25462,242500338,25,1331.0
25172,70334,200041887,25,233.0
25175,25578,242504181,25,91.0
25183,25047,242504447,25,76.0
25189,25047,242504447,25,184.0
25193,25356,200023075,25,1832.0
25201,25462,242500338,25,766.0
25204,25462,242500338,25,3235.0
25208,25578,200068070,25,184.0
25209,39500,200068070,25,125.0
25211,25434,200068070,25,87.0
25213,25356,200023075,25,745.0
25215,25047,242504447,25,88.0
25218,25578,242504181,25,165.0
25219,25578,242504181,25,637.0
25220,25434,200068070,25,593.0
25221,25047,242504447,25,64.0
25225,70334,200041887,25,187.0
25227,25578,242504181,25,285.0
25231,25578,242504181,25,120.0
25233,25578,242504181,25,286.0
25234,25356,200023075,25,174.0
25238,25356,200023075,25,157.0
25249,25047,242504447,25,62.0
25251,25047,242504447,25,174.0
25252,25462,200069565,25,117.0
25254,25462,200069565,25,1400.0
25255,25356,200023075,25,349.0
25256,25356,200023075,25,900.0
25257,70334,200041887,25,268.0
25278,25578,242504181,25,566.0
25280,25356,200023075,25,154.0
25293,25462,242500338,25,1288.0
25295,25462,200069565,25,308.0
25298,25047,242504447,25,244.0
25299,25047,242504447,25,111.0
25300,25578,242504181,25,304.0
25305,25578,200068070,25,590.0
25307,25462,200069565,25,907.0
25308,25462,200069565,25,464.0
25309,25462,242500338,25,1159.0
25312,25047,242504447,25,66.0
25313,25047,242504447,25,197.0
25317,70334,200041887,25,267.0
25318,25462,200069565,25,1850.0
25320,25462,200069565,25,1218.0
25331,25578,200068070,25,251.0
25332,70334,200041887,25,569.0
25336,39500,200068070,25,548.0
25339,25434,200068070,25,224.0
25341,25047,242504447,25,173.0
25342,25578,242504181,25,78.0
25343,25578,242504181,25,164.0
25348,25462,200069565,25,611.0
25354,25047,242504447,25,158.0
25355,25578,242504181,25,63.0
25356,25356,200023075,25,4259.0
25360,25434,200068070,25,174.0
25361,25462,200069565,25,851.0
25362,25462,200069565,25,286.0
25366,25356,200023075,25,191.0
25380,25462,200069565,25,1411.0
25392,25356,200023075,25,198.0
25400,25434,200068070,25,479.0
25405,25462,200069565,25,929.0
25406,25434,200068070,25,568.0
25414,70334,200041887,25,126.0
25415,25434,200068070,25,344.0
25416,39500,200068070,25,182.0
25433,25356,200023075,25,39.0
25434,25434,200068070,25,4422.0
25435,25578,242504181,25,168.0
25439,25047,242504447,25,254.0
25442,25462,200069565,25,725.0
25445,39500,200068070,25,123.0
25446,25047,242504447,25,188.0
25447,25578,242504181,25,341.0
25455,70334,200041887,25,196.0
25459,25462,200069565,25,315.0
25462,25462,242500338,25,17738.0
25465,25047,242504447,25,205.0
25474,25047,242504447,25,111.0
25482,70334,200041887,25,687.0
25486,25462,200069565,25,435.0
25488,39500,200068070,25,108.0
25494,25462,200069565,25,729.0
25510,70334,200041887,25,360.0
25511,25434,200068070,25,356.0
25514,25462,200069565,25,330.0
25515,25462,242500338,25,446.0
25520,25047,242504447,25,181.0
25525,25462,200069565,25,298.0
25535,25434,200068070,25,231.0
25537,25434,200068070,25,287.0
25538,25047,242504447,25,117.0
25546,25047,242504447,25,61.0
25559,25356,200023075,25,258.0
25565,25462,200069565,25,273.0
25571,25356,200023075,25,509.0
25573,25356,200023075,25,14.0
25578,25578,242504181,25,5734.0
25579,25047,242504447,25,209.0
25582,70447,242504447,25,143.0
25601,25578,242504181,25,1691.0
25602,25047,242504447,25,118.0
25604,25047,242504447,25,125.0
25605,25578,242504181,25,481.0
25609,25462,242500338,25,489.0
25624,25047,242504447,25,146.0
25626,25047,242504447,25,226.0
25629,25047,242504447,25,200.0
25630,25578,242504181,25,78.0
25633,25434,200068070,25,717.0
25634,25462,242500338,25,648.0
26034,26307,200068781,26,592.0
26078,26176,200040459,26,935.0
26083,38034,200040491,26,1827.0
26095,26176,200040459,26,965.0
26143,38034,200040491,26,900.0
26148,38034,200040491,26,1876.0
26155,38034,200040491,26,1210.0
26162,38034,200040491,26,888.0
26176,26176,200040459,26,1280.0
26287,26176,200040459,26,483.0
26293,38034,200040491,26,326.0
26298,38034,200068781,26,421.0
26314,38034,200040491,26,390.0
26349,38034,200040491,26,363.0
27027,27507,200071454,27,291.0
27047,27165,242700276,27,336.0
27120,27165,242700276,27,405.0
27141,27165,242700276,27,63.0
27144,27507,200071454,27,273.0
27153,27226,200071843,27,377.0
27154,27507,200071454,27,597.0
27162,27165,242700276,27,242.0
27165,27165,242700276,27,4950.0
27176,27226,200071843,27,217.0
27177,27507,200071454,27,551.0
27189,27165,242700276,27,425.0
27204,27226,200071843,27,275.0
27226,27226,200071843,27,3703.0
27235,27165,242700276,27,166.0
27238,27165,242700276,27,1162.0
27240,27165,242700276,27,222.0
27242,27165,242700276,27,1013.0
27256,27507,200071454,27,628.0
27259,27507,200071454,27,91.0
27271,27507,200071454,27,320.0
27276,27226,200071843,27,281.0
27277,27507,200071454,27,748.0
27310,27226,200071843,27,420.0
27333,27226,200071843,27,736.0
27360,27507,200071454,27,328.0
27368,27507,200071454,27,342.0
27372,27226,200071843,27,684.0
27374,27165,242700276,27,522.0
27379,27226,200071843,27,445.0
27405,27226,200071843,27,99.0
27411,27198,200071454,27,229.0
27417,27226,200071843,27,673.0
27421,27507,200071454,27,634.0
27424,27165,242700276,27,329.0
27430,27226,200071843,27,358.0
27436,27165,242700276,27,441.0
27437,27226,200071843,27,341.0
27446,27165,242700276,27,479.0
27472,27165,242700276,27,271.0
27480,27226,200071843,27,640.0
27507,27507,200071454,27,4055.0
27535,27165,242700276,27,427.0
27544,27507,200071454,27,202.0
27567,27226,200071843,27,280.0
27568,27165,242700276,27,496.0
27614,27226,200071843,27,173.0
27617,27226,200071843,27,530.0
27618,27165,242700276,27,465.0
27632,27226,200071843,27,596.0
27640,27165,242700276,27,190.0
27690,27226,200071843,27,312.0
28005,28051,242852465,28,751.0
28008,28089,200040277,28,208.0
28009,91016,200070159,28,71.0
28013,28015,200069953,28,1565.0
28015,28015,200069953,28,6230.0
28021,28196,200058360,28,1597.0
28037,27679,200040277,28,337.0
28039,28015,200069953,28,1670.0
28040,28116,200058360,28,320.0
28041,28196,200058360,28,278.0
28051,28051,242852465,28,4841.0
28057,28051,242852465,28,598.0
28065,28051,242852465,28,107.0
28067,28116,200058360,28,89.0
28068,28089,200033181,28,431.0
28074,28015,200069953,28,247.0
28081,28196,200058360,28,302.0
28089,28089,200040277,28,2614.0
28091,28196,200058360,28,146.0
28092,91016,200069953,28,230.0
28099,28116,200058360,28,1096.0
28102,28089,200033181,28,716.0
28116,28116,200058360,28,2812.0
28126,28051,242852465,28,199.0
28129,28015,200033181,28,775.0
28139,28196,200058360,28,184.0
28142,28196,200058360,28,182.0
28147,28089,200040277,28,609.0
28148,28116,200058360,28,371.0
28153,28051,242852465,28,207.0
28154,28116,200058360,28,1699.0
28164,28199,200070159,28,737.0
28166,28116,200058360,28,255.0
28167,28116,200058360,28,382.0
28176,28051,242852465,28,680.0
28188,28015,200069953,28,948.0
28189,28199,200070159,28,178.0
28196,28196,200058360,28,3237.0
28203,28116,200058360,28,641.0
28207,91016,200069953,28,233.0
28208,28015,200069953,28,378.0
28225,28196,200058360,28,645.0
28226,28089,200040277,28,896.0
28230,28015,200069953,28,384.0
28234,28196,200058360,28,476.0
28242,28196,200058360,28,101.0
28246,28051,200033181,28,533.0
28254,28116,200033181,28,797.0
28255,28015,200033181,28,166.0
28257,28015,200069953,28,87.0
28259,28051,242852465,28,332.0
28260,28051,242852465,28,100.0
28268,28015,200069953,28,16.0
28270,28051,242852465,28,222.0
28277,28422,242852465,28,304.0
28285,28015,200033181,28,352.0
28286,28196,200033181,28,623.0
28290,28116,200058360,28,284.0
28294,91016,200070159,28,523.0
28302,28116,200058360,28,1095.0
28305,28051,242852465,28,295.0
28306,28051,242852465,28,191.0
28317,28015,200033181,28,570.0
28322,27679,200040277,28,489.0
28323,28089,200040277,28,285.0
28324,28116,200058360,28,886.0
28325,28116,200033181,28,1055.0
28326,28196,200058360,28,358.0
28333,28116,200058360,28,143.0
28336,28196,200058360,28,103.0
28339,28116,200058360,28,369.0
28341,28089,200040277,28,250.0
28344,28015,200033181,28,266.0
28351,28089,200040277,28,403.0
28353,28051,242852465,28,401.0
28360,28089,200040277,28,923.0
28363,28015,200070159,28,1021.0
28364,28422,242852465,28,758.0
28365,28196,200033181,28,410.0
28366,28015,200033181,28,320.0
28370,28196,242852465,28,492.0
28385,28116,200058360,28,450.0
28386,28089,200040277,28,1240.0
28391,28199,200070159,28,2580.0
28396,28051,242852465,28,308.0
28397,28015,200033181,28,409.0
28408,91016,200069953,28,116.0
28409,28196,200058360,28,444.0
28414,28116,200058360,28,59.0
28418,28051,242852465,28,163.0
28419,28051,200033181,28,337.0
28421,28015,200033181,28,267.0
29002,56166,242900694,29,1397.0
29008,29218,242900629,29,1006.0
29014,29199,242900835,29,431.0
29067,29199,242900835,29,1286.0
29071,56166,242900694,29,790.0
29143,29218,242900629,29,971.0
29145,29218,242900629,29,873.0
29183,29199,242900835,29,716.0
29218,29218,242900629,29,1566.0
29229,29026,200068120,29,1112.0
29230,56057,242900694,29,1665.0
29274,29274,242900694,29,5245.0
29302,29026,200066868,29,3617.0
2A008,2A130,200038958,2A,1785.0
2A026,2A130,200038958,2A,193.0
2A056,2A130,200038958,2A,105.0
2A064,2A130,200038958,2A,31.0
2A091,2A130,200038958,2A,175.0
2A098,2A130,200038958,2A,724.0
2A119,2A130,200038958,2A,140.0
2A130,2A130,200038958,2A,3398.0
2A132,2A130,200038958,2A,153.0
2A228,2A130,200038958,2A,1945.0
2A253,2A130,200038958,2A,51.0
2A312,2A130,200038958,2A,387.0
2A331,2A130,200038958,2A,59.0
2B042,2B042,200036499,2B,9254.0
2B148,2B042,200036499,2B,6036.0
2B350,2B042,200036499,2B,212.0
30051,30132,200066918,30,1336.0
30085,30334,243000684,30,1066.0
30124,30029,200034692,30,212.0
30132,30132,200066918,30,4955.0
30137,30132,200066918,30,138.0
30142,30132,200066918,30,1116.0
30175,30029,200034692,30,188.0
30239,30132,200066918,30,572.0
30269,30269,200066918,30,2436.0
30307,30132,200066918,30,2507.0
31027,09167,200068807,31,198.0
31047,31107,200066819,31,93.0
31084,31324,200068815,31,1054.0
31106,31106,200071298,31,2524.0
31107,31107,200066819,31,5841.0
31135,31135,200068815,31,4753.0
31153,31135,200068815,31,412.0
31196,31135,200068815,31,242.0
31219,31135,200066819,31,448.0
31225,31107,200066819,31,185.0
31258,31107,200066819,31,242.0
31267,31135,200066819,31,62.0
31280,09167,200066819,31,395.0
31286,31135,200066819,31,628.0
31292,31324,200068815,31,73.0
31312,31107,200066819,31,35.0
31318,31324,200068815,31,200.0
31320,31107,200066819,31,951.0
31324,31324,200068815,31,2407.0
31327,31324,200068815,31,205.0
31339,32160,243100781,31,491.0
31349,31135,200068815,31,911.0
31359,31135,200068815,31,66.0
31361,09167,200066819,31,512.0
31362,31135,200068815,31,199.0
31367,31324,200068815,31,74.0
31379,09167,200066819,31,169.0
31406,31135,200068815,31,814.0
31416,31107,200066819,31,619.0
31422,31135,200068815,31,94.0
31425,31135,200068815,31,439.0
31455,31107,200066819,31,2627.0
31492,31135,200066819,31,551.0
31496,32160,243100781,31,258.0
31505,31135,200068815,31,316.0
31517,09167,200066819,31,2293.0
31525,31107,200066819,31,592.0
31530,31324,200068815,31,245.0
33001,33138,200070092,33,1998.0
33029,33042,243301405,33,5625.0
33042,33042,243301405,33,5831.0
33077,33213,243301264,33,2409.0
33088,33138,200070092,33,605.0
33094,33402,243301371,33,227.0
33124,33138,200070092,33,724.0
33138,33138,200070092,33,8623.0
33151,17240,243301181,33,925.0
33154,33138,200070092,33,2145.0
33160,33402,243301371,33,594.0
33166,33138,200070092,33,501.0
33173,24294,200035533,33,184.0
33197,33213,200069581,33,451.0
33213,33213,243301264,33,4461.0
33218,33138,200070092,33,1642.0
33236,33236,243301504,33,8334.0
33242,33402,243301371,33,561.0
33246,33402,243301371,33,149.0
33260,33498,243301405,33,995.0
33269,33402,243301371,33,390.0
33315,33138,200070092,33,1634.0
33320,33138,200035533,33,725.0
33324,33402,243301371,33,4421.0
33354,33402,243301371,33,197.0
33360,33402,243301371,33,313.0
33369,33402,243301371,33,669.0
33377,33402,243301371,33,78.0
33378,33402,243301371,33,1485.0
33385,33138,200070092,33,615.0
33402,33402,243301371,33,2665.0
33436,33042,243301405,33,1109.0
33447,33138,200070092,33,2386.0
33454,33213,243301264,33,1755.0
33462,33402,243301371,33,502.0
33467,33402,243301371,33,235.0
33472,33138,200070092,33,366.0
33474,33213,243301264,33,3488.0
33498,33498,243301405,33,7646.0
33501,33213,243301264,33,3355.0
33526,33138,200035533,33,131.0
34060,34111,200022986,34,416.0
34066,34111,200022986,34,230.0
34104,34028,200071058,34,128.0
34152,34111,200022986,34,672.0
34185,34111,200022986,34,522.0
34195,34111,200022986,34,56.0
34234,34028,200071058,34,94.0
34236,34111,200022986,34,68.0
34238,34111,200022986,34,40.0
34264,34111,200022986,34,208.0
34274,34111,200022986,34,2791.0
34342,34111,200022986,34,212.0
34343,34111,200022986,34,1242.0
35005,35125,243500634,35,299.0
35008,35125,200039022,35,671.0
35014,35125,200039022,35,2466.0
35018,35162,200072452,35,1067.0
35029,35085,243500733,35,1526.0
35035,35168,200043990,35,595.0
35044,35085,200070670,35,391.0
35045,35219,243500741,35,862.0
35046,35168,200043990,35,534.0
35056,35085,243500733,35,818.0
35057,35168,200043990,35,1505.0
35077,35125,243500634,35,346.0
35082,35239,243500634,35,1456.0
35085,35085,243500733,35,6082.0
35091,35297,200038990,35,595.0
35092,35085,243500733,35,832.0
35094,35085,243500733,35,1660.0
35097,35125,200039022,35,2020.0
35102,35125,200039022,35,505.0
35103,49248,243500634,35,428.0
35111,50487,200072452,35,722.0
35114,35239,243500634,35,259.0
35117,35297,200038990,35,1620.0
35119,35125,200039022,35,943.0
35125,35125,200039022,35,4245.0
35140,35239,200070662,35,557.0
35145,44067,243500741,35,1372.0
35148,35085,243500733,35,159.0
35151,35219,243500741,35,787.0
35159,35085,243500733,35,324.0
35162,35162,200072452,35,3335.0
35165,35239,243500634,35,947.0
35167,35239,243500634,35,2604.0
35169,35223,243500618,35,1467.0
35172,35085,243500733,35,1936.0
35174,35162,200072452,35,649.0
35175,35168,200043990,35,1006.0
35190,35162,200072452,35,248.0
35199,35125,200039022,35,344.0
35200,35125,200039022,35,914.0
35201,35297,200038990,35,884.0
35211,35223,243500618,35,1784.0
35219,35219,243500741,35,3847.0
35222,50410,200070670,35,1971.0
35223,35223,243500618,35,4030.0
35230,50487,200072452,35,370.0
35234,22020,200038990,35,1218.0
35235,35125,200039022,35,1073.0
35239,35239,243500634,35,4503.0
35247,50410,200070670,35,1000.0
35248,50410,200070670,35,458.0
35261,35257,200072452,35,235.0
35262,35239,243500634,35,356.0
35268,35219,243500741,35,424.0
35270,50410,200070670,35,371.0
35271,50487,200072452,35,1487.0
35285,35219,243500741,35,1070.0
35286,35085,243500733,35,289.0
35297,35297,200038990,35,4576.0
35302,35297,200038990,35,1113.0
35304,35257,200072452,35,1321.0
35305,35223,243500618,35,418.0
35311,35168,200043990,35,587.0
35325,35125,200039022,35,152.0
35328,56061,243500741,35,2144.0
35329,50410,200070670,35,537.0
35333,35239,243500634,35,1718.0
35335,35239,243500634,35,854.0
35339,50410,200070670,35,606.0
35340,35223,243500618,35,1314.0
35342,35085,243500733,35,346.0
35354,50410,200070670,35,320.0
35357,35162,200072452,35,300.0
35359,35125,200039022,35,841.0
37009,37063,243700499,37,430.0
37010,37063,243700499,37,2209.0
37030,37063,243700499,37,796.0
37038,37123,200072650,37,738.0
37046,41151,243700820,37,426.0
37056,37123,200072650,37,567.0
37063,37063,243700499,37,4895.0
37070,41151,243700820,37,345.0
37072,37072,200043081,37,8063.0
37073,41151,243700820,37,580.0
37092,37063,243700499,37,653.0
37095,37063,243700499,37,345.0
37100,41151,243700820,37,403.0
37116,41149,243700499,37,553.0
37128,37123,200072650,37,1306.0
37155,37063,243700499,37,642.0
37160,37063,243700499,37,349.0
37166,37063,200043065,37,784.0
37169,37063,243700499,37,927.0
37200,37123,200072650,37,984.0
37201,37072,200043081,37,695.0
37210,37072,200043081,37,847.0
37212,37226,200072650,37,785.0
37217,37123,243700754,37,1634.0
37229,37063,243700499,37,243.0
37240,37063,243700499,37,687.0
37272,37123,243700754,37,1136.0
37276,37063,243700499,37,1321.0
38006,38006,200018166,38,3999.0
38018,26307,200070431,38,367.0
38034,38034,200085751,38,5005.0
38037,38034,200085751,38,1000.0
38078,38006,200018166,38,568.0
38092,26307,200070431,38,95.0
38108,26307,200070431,38,126.0
38129,38548,243801024,38,362.0
38155,38412,200040111,38,1877.0
38187,38545,200040715,38,1794.0
38205,38548,243801024,38,2673.0
38225,38548,243801024,38,3068.0
38235,38545,200040715,38,454.0
38236,38412,200040111,38,1743.0
38240,38034,200085751,38,737.0
38268,38006,200018166,38,261.0
38277,38545,200040715,38,543.0
38290,38034,200085751,38,858.0
38291,38034,200059392,38,1119.0
38307,38034,200085751,38,523.0
38311,38034,200085751,38,717.0
38319,26307,200070431,38,795.0
38324,38034,200085751,38,711.0
38333,38548,200070431,38,331.0
38335,38034,200085751,38,1050.0
38356,26307,200070431,38,321.0
38363,38034,200085751,38,920.0
38376,38412,200040111,38,813.0
38388,38545,200040715,38,2592.0
38405,38412,200040111,38,1237.0
38409,26307,200070431,38,1361.0
38412,38412,200040111,38,4499.0
38442,38412,200040111,38,950.0
38545,38545,200040715,38,8614.0
38548,38548,243801024,38,4279.0
39002,39013,200071595,39,61.0
39003,39013,200071595,39,50.0
39009,39500,200069623,39,530.0
39013,39013,200071595,39,3239.0
39015,39097,200069623,39,115.0
39017,39056,200069615,39,1196.0
39019,39500,200071595,39,214.0
39028,39434,200071595,39,466.0
39040,39434,200071595,39,176.0
39047,39368,243900479,39,516.0
39049,39434,200071595,39,406.0
39050,39434,200071595,39,157.0
39054,39434,200071595,39,104.0
39056,39056,200069615,39,1527.0
39070,39097,200069623,39,93.0
39073,39434,200071595,39,172.0
39081,39434,200071595,39,391.0
39094,39434,200071595,39,161.0
39096,21038,200010650,39,465.0
39097,39097,200069623,39,8040.0
39104,39056,200069615,39,601.0
39105,39097,200069623,39,216.0
39106,39333,200090579,39,288.0
39116,39013,200071595,39,152.0
39118,39154,200090579,39,52.0
39119,39434,200071595,39,86.0
39127,39434,200071595,39,109.0
39153,39097,200069623,39,803.0
39159,39434,200071595,39,262.0
39167,39056,200069615,39,358.0
39175,39397,200090579,39,71.0
39179,39333,200090579,39,235.0
39183,39097,200069623,39,634.0
39184,39478,200090579,39,191.0
39191,39434,200071595,39,82.0
39193,39128,200010650,39,1008.0
39194,39056,200069615,39,481.0
39210,39097,200069623,39,583.0
39216,39478,200090579,39,307.0
39229,39056,200069615,39,205.0
39244,39434,200069615,39,159.0
39263,39434,200071595,39,389.0
39269,39478,200090579,39,258.0
39272,39434,200069615,39,47.0
39275,39478,243900354,39,648.0
39277,39097,200069623,39,53.0
39279,39056,200069615,39,610.0
39281,39097,200069623,39,87.0
39289,39333,200090579,39,348.0
39292,39097,200069623,39,156.0
39296,39056,200069615,39,214.0
39297,39478,243900479,39,1134.0
39301,39097,200069623,39,171.0
39307,39333,200090579,39,328.0
39318,39333,200090579,39,190.0
39319,39013,200071595,39,144.0
39325,39013,200071595,39,574.0
39328,39333,200090579,39,427.0
39330,39434,200071595,39,152.0
39333,39333,200090579,39,2133.0
39336,39434,200071595,39,112.0
39337,39013,200071595,39,88.0
39342,39434,200071595,39,123.0
39344,39097,200069623,39,333.0
39354,39434,200071595,39,372.0
39355,39013,200071595,39,235.0
39356,39097,200069623,39,207.0
39364,39097,200069623,39,494.0
39366,39097,200069623,39,231.0
39367,39368,243900479,39,2274.0
39368,39368,243900479,39,5226.0
39376,39097,200069623,39,74.0
39379,39056,200069615,39,526.0
39381,39097,200069623,39,98.0
39386,39434,200071595,39,95.0
39389,39097,200069623,39,595.0
39406,39097,200069623,39,268.0
39407,39434,200069615,39,336.0
39412,39128,200010650,39,312.0
39419,39097,200069623,39,62.0
39425,39013,200071595,39,88.0
39426,39434,200071595,39,210.0
39437,39097,200069623,39,275.0
39446,39013,200071595,39,248.0
39447,39056,200069615,39,268.0
39456,39056,200069615,39,345.0
39471,39056,200069615,39,758.0
39479,39013,200071595,39,243.0
39481,39097,200069623,39,383.0
39486,39434,200069615,39,114.0
39489,39434,200071595,39,456.0
39503,39097,200069623,39,396.0
39517,39097,200069623,39,527.0
39522,39500,200069623,39,105.0
39523,39097,200069623,39,191.0
39535,39434,200071595,39,456.0
39539,39013,200071595,39,296.0
39540,39097,200069623,39,189.0
39543,39097,200069623,39,219.0
39545,39097,200069623,39,170.0
39547,39478,200090579,39,677.0
39554,39097,200069623,39,227.0
39555,39434,200069615,39,252.0
39561,39333,200090579,39,385.0
39568,39434,200071595,39,38.0
39571,39128,200010650,39,235.0
39572,39013,200071595,39,390.0
39574,39056,200069615,39,711.0
40021,40310,244000865,40,904.0
40168,40310,244000865,40,2450.0
40181,40310,244000865,40,986.0
40182,40184,244000543,40,831.0
40187,40310,244000865,40,1225.0
40271,40224,244000865,40,1201.0
40310,40310,244000865,40,8318.0
40328,40310,244000865,40,1637.0
41003,41269,200072072,41,590.0
41010,41269,200072072,41,1005.0
41016,41242,200018406,41,1056.0
41038,41194,200018406,41,411.0
41044,18279,200018406,41,1110.0
41045,41167,200030385,41,1082.0
41071,45028,244100798,41,548.0
41073,41269,200072072,41,677.0
41097,41194,200018406,41,2367.0
41110,41194,200018406,41,830.0
41114,45028,200055481,41,282.0
41122,18279,200018406,41,236.0
41124,41269,200072072,41,332.0
41130,41269,200055481,41,669.0
41131,41269,200072072,41,819.0
41135,41194,200018406,41,877.0
41137,41167,200030385,41,570.0
41138,41269,200072072,41,313.0
41144,41167,200030385,41,727.0
41157,41194,200018406,41,1517.0
41158,41269,200072072,41,2423.0
41186,41269,200072072,41,301.0
41189,41167,200030385,41,474.0
41194,41194,200018406,41,18206.0
41200,41269,200072072,41,477.0
41205,37063,200030385,41,175.0
41208,37063,200030385,41,114.0
41209,41269,200072072,41,793.0
41218,41194,200018406,41,764.0
41220,45028,244100798,41,4299.0
41222,41194,200018406,41,370.0
41226,41269,200072072,41,3056.0
41259,41269,200072072,41,824.0
41269,41269,200072072,41,15680.0
41275,41269,200072072,41,1253.0
41280,41194,200018406,41,2647.0
41287,41269,200072072,41,498.0
41293,41269,200072072,41,247.0
41294,41269,200072072,41,1117.0
42001,42204,244200770,42,462.0
42002,42230,200065886,42,178.0
42003,42182,200035731,42,1898.0
42006,43080,200065886,42,397.0
42008,42182,200035731,42,111.0
42009,42019,200065886,42,525.0
42011,42011,200065894,42,2837.0
42014,71120,200035202,42,314.0
42015,71120,200035202,42,1467.0
42019,42019,200065886,42,3025.0
42023,42023,244200622,42,2950.0
42028,42023,244200622,42,384.0
42029,42011,200065894,42,1512.0
42030,42230,200065886,42,537.0
42035,42230,200065886,42,209.0
42050,42204,200065886,42,138.0
42060,42204,200065886,42,524.0
42067,42023,244200622,42,297.0
42086,71120,200035202,42,516.0
42088,42011,200065894,42,755.0
42091,42204,200065886,42,684.0
42101,42023,244200622,42,141.0
42119,42019,200065886,42,361.0
42126,42204,200065886,42,1271.0
42134,42019,200065886,42,1386.0
42136,42019,200065886,42,780.0
42140,42204,200065886,42,456.0
42142,43080,200065886,42,322.0
42143,42011,200065894,42,503.0
42146,42204,200065886,42,65.0
42150,42019,200065886,42,1358.0
42154,42011,200065894,42,467.0
42155,42011,200065894,42,1015.0
42157,42182,200035731,42,794.0
42158,42182,200035731,42,211.0
42171,42011,200065894,42,284.0
42175,42011,200065894,42,1207.0
42176,42182,200035731,42,2191.0
42182,42182,200035731,42,3209.0
42196,42011,200065894,42,116.0
42197,42019,200065886,42,1044.0
42198,42182,200035731,42,916.0
42199,42182,200035731,42,1920.0
42204,42204,200065886,42,1497.0
42209,42011,200065894,42,390.0
42213,42011,200065894,42,310.0
42219,42019,200065886,42,1028.0
42221,42011,200065886,42,531.0
42229,71120,200035202,42,225.0
42231,42182,200035731,42,1226.0
42232,42182,200035731,42,636.0
42233,42182,200035731,42,954.0
42235,42204,200065886,42,332.0
42241,42011,200065894,42,391.0
42246,42023,244200622,42,1146.0
42254,42011,200065894,42,792.0
42266,42204,244200770,42,660.0
42281,42182,200035731,42,132.0
42284,42182,200035731,42,1419.0
42287,42023,244200622,42,1086.0
42288,42019,200065886,42,699.0
42310,42023,244200622,42,144.0
42312,42204,200065886,42,623.0
42313,42019,200065886,42,667.0
42318,43080,200065886,42,1490.0
42329,42023,244200622,42,379.0
43034,43080,200073427,43,358.0
43166,43162,200073427,43,380.0
43212,43080,200073427,43,1004.0
43240,43162,200073427,43,266.0
43246,43080,200073427,43,457.0
44044,44067,243500741,44,1084.0
44067,44067,243500741,44,5239.0
44092,44067,243500741,44,684.0
44124,44180,244400552,44,751.0
44128,44067,243500741,44,5265.0
44213,44213,244400552,44,7533.0
45002,45085,200067676,45,376.0
45010,45252,200066280,45,1075.0
45014,45258,200071850,45,499.0
45017,45031,200067676,45,339.0
45018,45030,200071850,45,965.0
45021,45252,200071850,45,309.0
45022,45030,200071850,45,444.0
45027,45031,200067676,45,390.0
45028,45028,200070183,45,7384.0
45030,45030,200071850,45,2006.0
45031,45031,200067676,45,1446.0
45033,45258,200071850,45,368.0
45035,45030,200071850,45,1125.0
45036,45085,244500211,45,848.0
45038,45252,200066280,45,416.0
45039,45315,200070100,45,706.0
45041,45030,200071850,45,108.0
45042,45315,200070100,45,1895.0
45044,45224,244500484,45,162.0
45045,45252,200066280,45,311.0
45047,45252,200066280,45,414.0
45049,45315,244500427,45,1216.0
45050,45252,200066280,45,1326.0
45054,45258,200071850,45,540.0
45056,45258,200071850,45,319.0
45063,45315,200070100,45,924.0
45069,45252,200071850,45,954.0
45074,45248,200035764,45,111.0
45077,45085,200067676,45,622.0
45078,45031,200067676,45,252.0
45079,89086,200067676,45,157.0
45082,45082,244500427,45,8382.0
45085,45085,200067676,45,1869.0
45091,45145,244500419,45,317.0
45095,45224,200066280,45,2096.0
45096,45085,244500211,45,529.0
45099,45248,200035764,45,506.0
45101,45082,244500427,45,274.0
45103,45030,244500419,45,1556.0
45105,45085,200067676,45,77.0
45108,45155,244500211,45,2293.0
45109,41173,200070183,45,544.0
45110,45252,200071850,45,313.0
45111,45224,200066280,45,452.0
45116,45028,200070183,45,945.0
45119,45252,200066280,45,2404.0
45121,45085,200067676,45,472.0
45122,45315,200070100,45,1424.0
45124,45258,200071850,45,175.0
45125,45258,200071850,45,111.0
45131,45258,200071850,45,386.0
45132,45030,200071850,45,354.0
45137,45252,200066280,45,726.0
45139,45252,200066280,45,494.0
45145,45145,244500419,45,3712.0
45146,45146,200005932,45,7371.0
45148,45145,244500419,45,1710.0
45150,45031,200067676,45,183.0
45151,45030,200071850,45,250.0
45152,45248,200035764,45,213.0
45153,45082,200070100,45,727.0
45155,45155,244500211,45,13305.0
45157,45252,200066280,45,413.0
45159,45258,200071850,45,188.0
45161,45145,244500419,45,799.0
45162,45252,200066280,45,525.0
45164,45082,200070100,45,661.0
45168,45082,244500427,45,550.0
45171,45315,200070100,45,545.0
45175,45146,200005932,45,1504.0
45176,45030,200071850,45,426.0
45177,45252,200066280,45,238.0
45178,45031,200067676,45,1385.0
45179,45028,200070183,45,3101.0
45180,45187,244500211,45,82.0
45182,45146,200005932,45,1238.0
45183,28199,200035764,45,133.0
45184,45315,200070100,45,394.0
45186,45030,200071850,45,589.0
45188,45224,244500484,45,2515.0
45193,45146,200005932,45,2145.0
45195,45252,200066280,45,559.0
45198,45252,200066280,45,304.0
45200,45146,200005932,45,1401.0
45202,45028,200070183,45,1009.0
45205,45031,200067676,45,257.0
45209,45030,200071850,45,302.0
45210,45085,200067676,45,733.0
45215,45030,200071850,45,247.0
45218,45187,244500211,45,112.0
45219,45031,200067676,45,192.0
45220,45030,200071850,45,574.0
45222,45145,244500419,45,1469.0
45223,45030,200067676,45,360.0
45224,45224,244500484,45,4978.0
45225,45258,200071850,45,351.0
45226,45082,200070100,45,1356.0
45227,45155,244500211,45,1164.0
45228,45030,200071850,45,1189.0
45229,45085,200067676,45,2575.0
45233,45258,200071850,45,399.0
45237,45258,200071850,45,125.0
45241,45082,244500427,45,542.0
45243,45031,200067676,45,313.0
45244,45315,200070100,45,2593.0
45248,45248,200035764,45,2270.0
45252,45252,200066280,45,9067.0
45253,45252,200066280,45,1747.0
45254,45155,244500211,45,2419.0
45257,45085,200067676,45,510.0
45258,45258,200071850,45,3413.0
45259,45031,200067676,45,1128.0
45260,45252,200066280,45,250.0
45261,45224,244500484,45,1306.0
45262,45248,200035764,45,139.0
45265,45115,244500419,45,405.0
45268,45315,200070100,45,614.0
45270,45315,200070100,45,2004.0
45271,45155,244500211,45,962.0
45277,45155,200070100,45,451.0
45278,45085,200067676,45,1065.0
45280,45155,244500211,45,1079.0
45288,45030,200071850,45,396.0
45289,45224,244500484,45,1216.0
45290,45082,244500427,45,1789.0
45291,45155,244500211,45,1232.0
45292,45085,200067676,45,852.0
45294,45030,200071850,45,141.0
45296,45248,200035764,45,749.0
45297,45315,200070100,45,1025.0
45299,45248,200035764,45,270.0
45301,45224,200066280,45,397.0
45303,45030,244500419,45,626.0
45305,45082,244500427,45,214.0
45309,41106,200005932,45,702.0
45311,45082,244500427,45,659.0
45312,45085,244500203,45,475.0
45315,45315,200070100,45,5141.0
45316,45082,244500427,45,789.0
45317,45028,200070183,45,1351.0
45324,45082,244500427,45,2381.0
45326,45248,200035764,45,389.0
45327,45224,244500484,45,3445.0
45330,45224,200035764,45,215.0
45331,45082,200070100,45,614.0
45333,45224,244500484,45,1974.0
45336,45315,200070100,45,867.0
45337,45248,200035764,45,284.0
45339,45031,200067676,45,483.0
45340,45315,200070100,45,563.0
45341,45248,200035764,45,197.0
45342,45224,244500484,45,398.0
45344,45028,200070183,45,1084.0
45346,45082,244500427,45,2269.0
45347,45252,200066280,45,811.0
45348,45252,200066280,45,694.0
47046,47310,200030674,47,595.0
47065,47310,200030674,47,2578.0
47094,47310,200030674,47,814.0
47095,47310,200030674,47,860.0
47110,47310,200030674,47,1630.0
47127,47310,200030674,47,812.0
47130,47310,200030674,47,326.0
47159,47310,200030674,47,1482.0
47279,82186,200096956,47,359.0
47298,47310,200030674,47,209.0
47310,47310,200030674,47,9213.0
47316,47310,200030674,47,663.0
47325,47310,200030674,47,458.0
49003,49125,200071876,49,1743.0
49009,49215,200071876,49,460.0
49012,49373,200071553,49,365.0
49053,49125,200071876,49,347.0
49057,49373,200071678,49,334.0
49058,79195,200071678,49,883.0
49100,49125,200071876,49,470.0
49102,49373,200071678,49,341.0
49109,49373,200071678,49,1566.0
49121,49125,200071876,49,464.0
49125,49125,200071876,49,11224.0
49171,49018,200071876,49,122.0
49182,49125,200071876,49,893.0
49211,49373,200071678,49,1220.0
49215,49215,200071876,49,3705.0
49221,49228,200071876,49,808.0
49236,49373,200071678,49,127.0
49253,49215,200071876,49,1154.0
49272,49261,200071876,49,1097.0
49302,49125,200071876,49,449.0
49310,49373,200071678,49,601.0
49364,49215,200071876,49,1122.0
49373,49373,200071678,49,7748.0
50026,50341,200067205,50,78.0
50028,50639,200067023,50,106.0
50031,50031,200067205,50,2214.0
50033,50031,200067205,50,138.0
50039,50639,200066389,50,129.0
50049,50236,200067205,50,658.0
50050,50601,200066389,50,135.0
50054,14752,200066389,50,191.0
50055,50236,200067205,50,113.0
50064,50236,200067205,50,180.0
50097,50236,200067205,50,121.0
50105,50236,200067205,50,96.0
50156,50236,200067205,50,65.0
50164,50601,200066389,50,1001.0
50169,50341,200067205,50,106.0
50172,50341,200067205,50,349.0
50175,50341,200067205,50,190.0
50183,50236,200067205,50,350.0
50190,50341,200067205,50,168.0
50192,50601,200066389,50,130.0
50194,50236,200067205,50,372.0
50207,50236,200067205,50,172.0
50214,50601,200066389,50,281.0
50216,50099,200066389,50,801.0
50221,50639,200067023,50,63.0
50227,50341,200067205,50,312.0
50228,50639,200067023,50,1082.0
50233,50236,200067205,50,157.0
50235,50031,200067205,50,272.0
50258,50341,200067205,50,103.0
50261,50601,200066389,50,167.0
50266,50639,200067023,50,430.0
50268,50341,200067205,50,248.0
50299,50236,200067205,50,220.0
50304,50639,200042604,50,195.0
50311,50639,200067023,50,225.0
50326,50639,200067023,50,234.0
50332,50031,200067205,50,716.0
50336,50639,200067023,50,221.0
50341,50341,200067205,50,2051.0
50364,50394,200067023,50,715.0
50370,50236,200067205,50,608.0
50374,50236,200067205,50,26.0
50387,50236,200067205,50,354.0
50390,50341,200067205,50,154.0
50398,50601,200066389,50,200.0
50421,50341,200067205,50,265.0
50426,50236,200067205,50,366.0
50430,50236,200067205,50,41.0
50457,50236,200067205,50,189.0
50461,50341,200067205,50,206.0
50463,50639,200067023,50,526.0
50467,50341,200067205,50,496.0
50471,50031,200067205,50,273.0
50490,50031,200067205,50,358.0
50504,50601,200066389,50,207.0
50507,50341,200067205,50,345.0
50511,50341,200067205,50,136.0
50522,50031,200067205,50,251.0
50536,50031,200067205,50,161.0
50551,50236,200067205,50,2076.0
50563,50601,200066389,50,280.0
50572,50031,200067205,50,189.0
50577,50031,200067205,50,311.0
50578,50341,200067205,50,79.0
50587,50236,200067205,50,16.0
50601,50601,200066389,50,4434.0
50610,50341,200067205,50,208.0
50621,50341,200067205,50,71.0
50626,50639,200067023,50,379.0
51014,51250,200067213,51,291.0
51037,51250,200067213,51,347.0
51085,51217,200066850,51,377.0
51086,51250,200067213,51,331.0
51121,51217,200066850,51,251.0
51187,51250,200067213,51,289.0
51192,51217,200066850,51,346.0
51194,51250,200067213,51,466.0
51198,51250,200067213,51,671.0
51217,51217,200066850,51,2916.0
51249,51217,200066850,51,391.0
51250,51250,200067213,51,5721.0
51294,51250,200067213,51,80.0
51298,51217,200066850,51,433.0
51320,51217,200066850,51,307.0
51337,51250,200067213,51,269.0
51346,51217,200066850,51,1152.0
51382,51250,200067213,51,113.0
51396,51217,200066850,51,139.0
51410,51217,200066850,51,657.0
51464,51250,200067213,51,310.0
51484,51250,200067213,51,272.0
51530,51388,200067213,51,686.0
51534,51250,200067213,51,211.0
51585,51217,200066850,51,786.0
51586,51250,200067213,51,183.0
51604,51250,200067213,51,257.0
51609,51217,200066850,51,844.0
51644,51217,200066850,51,317.0
53101,53062,245300447,53,835.0
53150,53062,245300447,53,894.0
53178,53062,245300447,53,231.0
54002,54273,200070845,54,229.0
54005,54563,200035772,54,110.0
54009,54273,200070845,54,166.0
54011,54322,200043693,54,647.0
54038,54039,200070324,54,750.0
54039,54039,200070324,54,4160.0
54042,88090,200035772,54,279.0
54054,88090,200067643,54,1530.0
54056,54322,200043693,54,144.0
54058,55181,200070845,54,87.0
54061,54329,200070324,54,586.0
54065,88372,200070324,54,1086.0
54067,54322,200043693,54,765.0
54081,54322,200043693,54,419.0
54082,54273,200070845,54,169.0
54085,88090,200067643,54,88.0
54093,54273,200070845,54,170.0
54098,88090,200067643,54,167.0
54101,54039,200070324,54,128.0
54103,54273,200070845,54,222.0
54116,54329,200070324,54,2148.0
54117,54563,200035772,54,116.0
54118,54322,200043693,54,605.0
54125,54329,200070324,54,489.0
54130,88090,200067643,54,179.0
54132,54563,200035772,54,59.0
54134,54322,200043693,54,242.0
54136,54273,200070845,54,2377.0
54142,88090,200035772,54,154.0
54148,54329,200070324,54,645.0
54154,54039,200070324,54,476.0
54164,54563,200035772,54,88.0
54170,88090,200067643,54,72.0
54171,54273,200070845,54,1141.0
54172,54322,200043693,54,288.0
54175,88090,200067643,54,373.0
54178,54322,200043693,54,198.0
54185,54563,200035772,54,59.0
54199,54039,200070324,54,384.0
54201,54039,200070324,54,306.0
54203,54563,200035772,54,140.0
54213,54273,200070845,54,371.0
54216,88090,200067643,54,124.0
54217,54039,200070324,54,170.0
54221,54563,200035772,54,230.0
54224,88090,200035772,54,123.0
54227,54273,200070845,54,1349.0
54229,54039,200070324,54,367.0
54235,54563,200035772,54,420.0
54236,54322,200043693,54,360.0
54238,88090,200035772,54,268.0
54243,54039,200070324,54,217.0
54245,88090,200067643,54,62.0
54247,54563,200035772,54,178.0
54252,54563,200035772,54,507.0
54253,54273,200070845,54,775.0
54260,54329,200070324,54,937.0
54264,54563,200035772,54,320.0
54266,54563,200035772,54,404.0
54273,54273,200070845,54,8190.0
54277,54273,200070845,54,372.0
54281,54329,200070324,54,894.0
54282,54322,200070290,54,161.0
54283,54273,200070845,54,286.0
54286,54273,200070845,54,1580.0
54287,88372,200070324,54,268.0
54291,54563,200035772,54,294.0
54293,88090,200067643,54,84.0
54297,54329,200070324,54,304.0
54299,88090,200035772,54,227.0
54303,54329,200070324,54,366.0
54307,88090,200035772,54,167.0
54310,88090,200035772,54,3.0
54322,54322,200043693,54,5223.0
54324,88090,200067643,54,87.0
54325,88090,200067643,54,79.0
54329,54329,200070324,54,17858.0
54344,88090,200035772,54,215.0
54349,54329,200070324,54,166.0
54350,54329,200070324,54,700.0
54359,88090,200067643,54,244.0
54362,54322,200070290,54,1282.0
54365,54039,200070324,54,325.0
54373,54329,200070324,54,611.0
54389,54273,200070845,54,101.0
54399,88090,200035772,54,250.0
54407,54563,200035772,54,95.0
54408,54273,200070845,54,228.0
54409,54563,200035772,54,190.0
54412,55351,200043693,54,39.0
54413,54273,200070845,54,151.0
54417,54563,200035772,54,239.0
54420,54322,200043693,54,87.0
54422,54039,200070324,54,69.0
54428,54322,200043693,54,851.0
54434,54563,200035772,54,250.0
54440,54273,200070845,54,122.0
54442,54563,200035772,54,96.0
54449,54329,200070324,54,1049.0
54450,54039,200070324,54,144.0
54461,88090,200067643,54,69.0
54465,88090,200035772,54,761.0
54467,88090,200067643,54,188.0
54471,88090,200067643,54,72.0
54472,54329,200070324,54,853.0
54475,88090,200067643,54,154.0
54476,54322,200043693,54,414.0
54478,54273,200070845,54,150.0
54479,88090,200067643,54,99.0
54487,88090,200067643,54,63.0
54489,54322,200043693,54,152.0
54497,54563,200035772,54,107.0
54513,54563,200035772,54,646.0
54515,54563,245400171,54,250.0
54516,88304,200035772,54,18.0
54519,88372,200070324,54,594.0
54520,54329,200070324,54,382.0
54522,54563,200035772,54,135.0
54524,54273,200070845,54,90.0
54539,54039,200070324,54,230.0
54552,54563,200035772,54,65.0
54553,54563,200035772,54,146.0
54554,54563,200035772,54,78.0
54555,54039,200070324,54,87.0
54560,54039,200070324,54,52.0
54563,54563,200035772,54,1361.0
54567,88090,200067643,54,356.0
54576,54322,200043693,54,121.0
54581,54273,200070845,54,298.0
54582,54322,200043693,54,185.0
54585,88090,200067643,54,494.0
54587,54563,200035772,54,190.0
54588,54329,200070324,54,393.0
54590,54322,200043693,54,660.0
54592,54563,200035772,54,262.0
54597,54563,200035772,54,443.0
54602,54322,200043693,54,148.0
56009,56152,245600465,56,1018.0
56024,22136,245614433,56,2291.0
56026,56166,200042174,56,2289.0
56029,56166,200042174,56,1247.0
56042,56117,200067932,56,2216.0
56047,22136,245614433,56,1501.0
56060,56061,243500741,56,948.0
56072,22136,245614433,56,511.0
56076,56166,245614433,56,1314.0
56089,56166,200042174,56,2193.0
56104,56166,200042174,56,804.0
56114,56152,245600465,56,962.0
56152,56152,245600465,56,2536.0
56157,56117,200067932,56,1957.0
56160,56117,245614433,56,1292.0
56166,56166,200042174,56,5789.0
56188,56166,200042174,56,1421.0
56189,56117,245614433,56,1067.0
56190,56117,245614433,56,1963.0
56198,22136,245614433,56,1605.0
56215,22136,245614433,56,1100.0
56241,56152,245600465,56,1012.0
57003,57630,200068146,57,1409.0
57007,57572,245700133,57,128.0
57020,57572,200039907,57,303.0
57027,57483,245700133,57,123.0
57029,57572,245700133,57,216.0
57033,57630,245700950,57,538.0
57034,57630,200068146,57,35.0
57050,57630,200068146,57,111.0
57051,57483,200067502,57,370.0
57056,57630,200068146,57,190.0
57057,57572,200039907,57,604.0
57063,57483,200067502,57,216.0
57066,57630,200068146,57,512.0
57071,57630,200068146,57,380.0
57075,57572,200039907,57,294.0
57080,67095,200068146,57,83.0
57086,57630,200068146,57,232.0
57088,57483,200067502,57,310.0
57089,57089,200069441,57,4955.0
57103,57089,200069441,57,122.0
57108,57089,200069441,57,313.0
57113,57630,200068146,57,971.0
57114,57630,245700950,57,436.0
57115,57483,200067502,57,98.0
57116,57572,200039907,57,93.0
57119,57630,200068146,57,1199.0
57127,57572,200039907,57,148.0
57163,57630,245700950,57,2384.0
57173,57177,200068146,57,101.0
57174,57483,200067502,57,101.0
57178,57483,200067502,57,351.0
57180,57630,200068146,57,342.0
57188,57089,200069441,57,424.0
57192,57089,200069441,57,1218.0
57195,57089,200069441,57,562.0
57198,57483,200067502,57,192.0
57210,57630,200068146,57,664.0
57220,57572,200039907,57,117.0
57231,57132,200039907,57,100.0
57233,57630,200068146,57,86.0
57250,57089,200069441,57,1465.0
57255,57630,200068146,57,568.0
57258,57483,200067502,57,115.0
57262,57483,200067502,57,658.0
57280,57630,245700950,57,362.0
57293,57572,245700133,57,257.0
57294,57089,200069441,57,195.0
57297,57483,200067502,57,184.0
57298,57630,200068146,57,377.0
57299,57630,200068146,57,926.0
57300,57630,245700950,57,319.0
57301,57089,200069441,57,303.0
57302,57630,200068146,57,189.0
57304,57630,200068146,57,355.0
57310,57630,200068146,57,192.0
57311,57483,200067502,57,518.0
57314,57630,200068146,57,496.0
57318,57630,200068146,57,216.0
57319,57572,245700133,57,526.0
57321,57630,200068146,57,559.0
57324,57630,200068146,57,615.0
57328,57572,245700133,57,90.0
57333,57630,200068146,57,827.0
57334,57630,200068146,57,319.0
57338,57089,200069441,57,512.0
57344,57630,200068146,57,737.0
57374,57630,200068146,57,198.0
57376,57089,200069441,57,492.0
57377,57630,200068146,57,247.0
57379,57483,200067502,57,272.0
57380,57630,200068146,57,106.0
57390,57089,200069441,57,1420.0
57392,57572,200039907,57,539.0
57393,57089,200069441,57,196.0
57402,57089,200069441,57,119.0
57407,57630,245700950,57,589.0
57414,57630,200068146,57,1144.0
57421,57089,200069441,57,154.0
57425,57572,200039907,57,575.0
57456,57089,200069441,57,662.0
57461,57630,200068146,57,276.0
57469,57630,200068146,57,595.0
57472,57572,200039907,57,147.0
57477,57089,200069441,57,1597.0
57483,57483,200067502,57,3390.0
57489,57089,200069441,57,288.0
57497,57483,200070746,57,262.0
57500,57630,200068146,57,43.0
57504,57630,200068146,57,278.0
57505,57630,200068146,57,1192.0
57506,57630,200068146,57,247.0
57509,57630,200068146,57,487.0
57513,57089,200069441,57,154.0
57518,57630,200068146,57,327.0
57526,57089,200069441,57,378.0
57536,57483,200067502,57,219.0
57544,57630,200068146,57,610.0
57551,57630,200068146,57,208.0
57560,57483,200067502,57,621.0
57561,67095,200069441,57,722.0
57566,57630,200068146,57,2349.0
57572,57572,200039907,57,2009.0
57577,57089,200069441,57,371.0
57590,57089,200069441,57,259.0
57592,57630,200068146,57,344.0
57594,57089,200069441,57,98.0
57605,57572,200039907,57,303.0
57613,57630,200068146,57,344.0
57618,57630,245700950,57,642.0
57619,57089,200069441,57,467.0
57623,57630,200068146,57,705.0
57629,57630,200068146,57,780.0
57630,57630,200068146,57,12278.0
57635,67095,200068146,57,368.0
57636,67095,200069441,57,322.0
57637,57630,200068146,57,307.0
57639,57089,200069441,57,536.0
57641,57089,200069441,57,309.0
57643,57572,200039907,57,201.0
57655,57572,200039907,57,1124.0
57658,57089,200069441,57,1038.0
57661,57089,200069441,57,172.0
57662,57483,200067502,57,98.0
57671,57572,200039907,57,154.0
57673,57483,245700133,57,49.0
57676,57572,200039907,57,90.0
57680,57630,200068146,57,1255.0
57682,57630,200068146,57,11.0
57687,57483,200067502,57,212.0
57697,57630,200068146,57,314.0
57698,57572,245700133,57,314.0
57703,67095,200068146,57,234.0
57713,57630,200068146,57,248.0
57717,57483,200067502,57,181.0
57718,57572,200067957,57,216.0
57726,57572,245700133,57,385.0
57728,57572,245700133,57,254.0
57732,57089,200069441,57,768.0
57734,57630,200068146,57,458.0
57737,57132,200039907,57,32.0
57738,57089,200069441,57,387.0
57741,57089,200069441,57,408.0
57742,57630,200068146,57,1496.0
57756,57630,200068146,57,314.0
59045,59601,200043404,59,166.0
59061,02558,200043263,59,268.0
59198,59601,200043404,59,243.0
59261,59601,200043404,59,1751.0
59420,59601,200043404,59,58.0
59445,59601,200043404,59,1193.0
59496,02558,200030633,59,237.0
59601,59601,200043404,59,2744.0
59633,59601,200043404,59,282.0
60011,80685,246000855,60,410.0
60031,02810,246000871,60,265.0
60035,80685,246000855,60,245.0
60053,80685,246000855,60,591.0
60083,02810,246000871,60,982.0
60093,80685,246000855,60,462.0
60094,02810,246000871,60,314.0
60160,80685,246000855,60,728.0
60164,76312,246000913,60,859.0
60174,80685,246000855,60,211.0
60187,76312,246000913,60,975.0
60200,80561,246000566,60,318.0
60207,02810,246000871,60,286.0
60262,80561,246000566,60,244.0
60294,80561,246000855,60,85.0
60320,02810,246000871,60,257.0
60380,02810,246000871,60,1601.0
60381,80685,246000855,60,254.0
60385,02810,246000871,60,659.0
60448,02810,246000871,60,388.0
60474,80685,246000855,60,286.0
60516,76312,246000913,60,407.0
60556,80561,246000566,60,202.0
60577,76312,246000913,60,1706.0
60592,76312,246000913,60,698.0
60621,80685,246000855,60,138.0
60637,02810,246000871,60,497.0
60658,02810,246000871,60,694.0
60672,02810,246000871,60,270.0
60679,02810,246000871,60,151.0
60687,76312,246000913,60,372.0
61044,14174,200035814,61,446.0
61069,14174,200035814,61,164.0
61070,14174,200035814,61,825.0
61269,14174,200035814,61,482.0
61287,14174,200035814,61,724.0
61447,14174,200035814,61,1381.0
62002,62080,200035442,62,231.0
62005,62080,200035442,62,969.0
62006,62080,200035442,62,312.0
62022,62268,200018083,62,306.0
62030,80253,200069482,62,301.0
62044,62588,200069029,62,811.0
62064,62080,200035442,62,167.0
62068,62080,200035442,62,324.0
62070,62767,200069482,62,263.0
62079,62080,200035442,62,86.0
62080,62080,200035442,62,3749.0
62082,62080,200035442,62,319.0
62093,62080,200035442,62,226.0
62094,62588,200069029,62,401.0
62103,62080,200035442,62,134.0
62116,62588,200069029,62,178.0
62121,62080,200035442,62,174.0
62122,62080,200035442,62,358.0
62124,62588,200069029,62,446.0
62129,62080,200035442,62,96.0
62131,62080,200035442,62,338.0
62165,62268,200018083,62,231.0
62179,62268,200018083,62,408.0
62181,62080,200035442,62,1454.0
62196,62588,200069029,62,599.0
62206,62588,200069029,62,284.0
62207,62588,200069029,62,544.0
62208,62361,200069482,62,71.0
62231,80688,200069029,62,128.0
62242,80253,200069482,62,88.0
62243,80253,200069482,62,125.0
62248,62080,200035442,62,473.0
62251,62268,200018083,62,512.0
62253,80253,200069482,62,74.0
62255,62268,200018083,62,796.0
62268,62268,200018083,62,4861.0
62272,62080,200035442,62,314.0
62273,62268,200018083,62,630.0
62289,62588,200069029,62,694.0
62306,62080,200035442,62,391.0
62312,62588,200069029,62,290.0
62315,62588,200069029,62,346.0
62316,62361,200069482,62,208.0
62322,80253,200069482,62,111.0
62326,62080,200035442,62,245.0
62341,62080,200035442,62,412.0
62353,62080,200035442,62,237.0
62368,80253,200069482,62,210.0
62374,62080,200035442,62,153.0
62375,62080,200035442,62,89.0
62387,62080,200035442,62,358.0
62389,80253,200069482,62,29.0
62404,80253,200069482,62,202.0
62410,62080,200035442,62,185.0
62422,80016,200035442,62,521.0
62429,62268,200018083,62,280.0
62430,80253,200069482,62,161.0
62459,62361,200069482,62,238.0
62472,62588,200069029,62,160.0
62475,62361,200069482,62,243.0
62484,62080,200044048,62,319.0
62495,62268,246201016,62,327.0
62499,62588,200069029,62,289.0
62515,62080,200035442,62,521.0
62524,62268,200018083,62,1504.0
62526,62268,200018083,62,147.0
62530,62268,200018083,62,533.0
62535,62588,200069029,62,151.0
62537,62361,200069482,62,103.0
62561,62080,200035442,62,192.0
62566,62268,200018083,62,664.0
62583,80253,200069482,62,561.0
62585,62588,200069029,62,396.0
62588,62588,200069029,62,1913.0
62591,62080,200035442,62,209.0
62593,62080,200035442,62,89.0
62594,62080,200035442,62,308.0
62610,62588,200069029,62,650.0
62640,80253,200069482,62,370.0
62649,80253,200069482,62,754.0
62663,80253,200069482,62,310.0
62672,62080,200035442,62,647.0
62678,62268,200018083,62,701.0
62694,62361,200069482,62,188.0
62695,62361,200069482,62,261.0
62698,62588,200069029,62,272.0
62708,62080,200035442,62,31.0
62715,62080,200035442,62,289.0
62733,80016,200035442,62,301.0
62741,80253,200069482,62,117.0
62759,62268,200018083,62,463.0
62776,62080,200035442,62,193.0
62777,62080,200035442,62,160.0
62779,80253,200069482,62,189.0
62784,80253,200069482,62,771.0
62786,62268,200018083,62,320.0
62789,62268,200018083,62,268.0
62799,62588,200069029,62,914.0
62800,80253,200035442,62,378.0
62802,80253,200069482,62,185.0
62804,80253,200069482,62,365.0
62814,80253,200069482,62,97.0
62829,62080,200035442,62,430.0
62839,62080,200035442,62,1047.0
62853,62268,200018083,62,376.0
62855,62080,200035442,62,246.0
62870,62588,200069029,62,1041.0
62876,62080,200035442,62,132.0
62877,80253,200069482,62,156.0
62879,80253,200069482,62,224.0
62896,62268,200018083,62,748.0
63001,03118,200071199,63,2770.0
63040,63040,200067627,63,4790.0
63044,63040,200067627,63,427.0
63061,03118,200071199,63,481.0
63090,03118,200071199,63,509.0
63143,03118,200071199,63,1134.0
63146,63040,200067627,63,808.0
63154,63040,200067627,63,436.0
63168,63040,200067627,63,589.0
63177,63040,200067627,63,412.0
63196,63430,200071199,63,747.0
63205,63178,200069177,63,469.0
63216,63040,200067627,63,116.0
63229,63040,246301097,63,1245.0
63239,63040,200067627,63,727.0
63240,03118,200071199,63,466.0
63252,63040,200067627,63,378.0
63265,63430,246301097,63,2218.0
63276,63430,246301097,63,2115.0
63297,63040,200067627,63,379.0
63311,03118,200071199,63,330.0
63347,03118,200071199,63,461.0
63368,63040,200067627,63,1309.0
63405,63040,200069177,63,582.0
63446,03118,200071199,63,528.0
63461,63430,246301097,63,363.0
64042,64430,200039204,64,702.0
64057,64430,200039204,64,1829.0
64086,64256,200067106,64,1120.0
64087,64430,200039204,64,866.0
64088,64430,200039204,64,305.0
64108,64499,200039204,64,913.0
64131,64430,200039204,64,617.0
64134,64256,200067106,64,369.0
64135,64430,200039204,64,813.0
64167,64233,200067239,64,217.0
64172,64430,200039204,64,312.0
64177,64430,200039204,64,636.0
64179,64430,200039204,64,134.0
64181,64430,200039204,64,335.0
64190,64233,200067239,64,240.0
64200,64430,200039204,64,178.0
64254,64430,200039204,64,578.0
64256,64256,200067106,64,7538.0
64277,64256,200067106,64,518.0
64286,64430,200039204,64,437.0
64289,64256,200067106,64,969.0
64295,64430,200039204,64,111.0
64296,64430,200039204,64,148.0
64312,64430,200039204,64,304.0
64349,64430,200039204,64,497.0
64367,64430,200039204,64,881.0
64377,64256,200067106,64,836.0
64382,64430,200039204,64,334.0
64396,64430,200039204,64,1131.0
64430,64430,200039204,64,10466.0
64456,64063,200067239,64,49.0
64461,64499,200039204,64,1108.0
64462,64499,200039204,64,491.0
64471,64430,200039204,64,358.0
64476,64256,200067106,64,421.0
64479,64430,200039204,64,166.0
64489,64256,200067106,64,341.0
64491,64430,200039204,64,199.0
64500,64430,200039204,64,302.0
64501,64430,200039204,64,569.0
64505,64430,200039204,64,296.0
64510,64430,200039204,64,946.0
65079,65258,200070803,65,195.0
65118,65258,200070803,65,36.0
65281,65059,200069300,65,250.0
65290,65059,200070803,65,183.0
65367,65059,200070803,65,166.0
65464,65059,200069300,65,500.0
66022,66088,246600415,66,58.0
66023,66088,246600415,66,957.0
66040,66088,246600415,66,41.0
66055,66088,246600415,66,777.0
66056,66088,246600415,66,1040.0
66086,66088,246600415,66,22.0
66088,66088,246600415,66,5519.0
66111,66088,246600415,66,153.0
66153,66003,246600415,66,47.0
66165,66088,246600415,66,636.0
66185,66088,246600415,66,353.0
67002,67095,200067841,67,396.0
67009,67434,200067841,67,377.0
67013,67095,200067841,67,272.0
67017,57630,200067841,67,296.0
67029,67095,200067841,67,352.0
67036,67095,200067841,67,308.0
67047,67434,200067841,67,157.0
67070,67434,200067841,67,277.0
67072,67095,200067841,67,660.0
67088,67095,200067841,67,349.0
67091,57630,200067841,67,340.0
67095,67095,200067841,67,1598.0
67099,67095,200067841,67,280.0
67105,67095,200067841,67,1429.0
67111,67095,200067841,67,422.0
67134,67095,200067841,67,185.0
67136,67095,200067841,67,275.0
67148,67095,200067783,67,161.0
67159,57630,200067841,67,204.0
67178,67095,200067841,67,283.0
67183,67434,200067841,67,882.0
67198,67095,200067783,67,113.0
67201,57630,200067841,67,302.0
67241,57630,200067841,67,147.0
67273,67095,200067783,67,516.0
67274,67095,200067841,67,240.0
67278,67095,200067841,67,543.0
67369,67095,200067841,67,255.0
67370,67095,200067783,67,665.0
67385,67095,200067841,67,241.0
67386,57630,200067841,67,208.0
67396,67095,200067841,67,202.0
67401,67434,200067841,67,309.0
67434,67434,200067841,67,2791.0
67435,67434,200067841,67,831.0
67456,67434,200067841,67,438.0
67467,67095,200067841,67,381.0
67483,67095,200067783,67,224.0
67488,67434,200067841,67,184.0
67491,67095,200067783,67,250.0
67508,67095,200067841,67,420.0
67514,67095,200067841,67,638.0
67522,67095,200067841,67,548.0
67528,67095,200067841,67,548.0
67552,57630,200067841,67,350.0
68370,88075,246800205,68,163.0
69006,69006,200040566,69,4906.0
69012,69018,200067817,69,606.0
69018,69018,200067817,69,2144.0
69037,69006,200040566,69,830.0
69054,69018,200040566,69,354.0
69060,69006,200040566,69,570.0
69070,69006,200040566,69,1296.0
69093,69006,200040566,69,1185.0
69107,69006,200040566,69,1049.0
69109,69018,200067817,69,851.0
69124,69018,200067817,69,457.0
69130,69006,200040566,69,232.0
69160,71120,200040566,69,1047.0
69162,69018,200067817,69,1354.0
69169,69006,200040566,69,645.0
69181,69006,200040566,69,229.0
69183,69006,200040566,69,316.0
69192,69006,200040590,69,153.0
69196,69018,200067817,69,609.0
69214,69006,200040566,69,1196.0
69217,69006,200040566,69,748.0
69229,69006,200040566,69,792.0
69261,69018,200067817,69,103.0
70019,70550,247000011,70,142.0
70020,70550,247000011,70,244.0
70021,70310,247000664,70,187.0
70029,70310,247000664,70,235.0
70036,70447,247000706,70,155.0
70045,70334,200041887,70,420.0
70046,70310,247000664,70,365.0
70055,70311,247000755,70,494.0
70057,70334,200041887,70,152.0
70060,70334,200041887,70,288.0
70075,70334,200041887,70,198.0
70093,70311,247000755,70,652.0
70094,70311,247000755,70,304.0
70098,70311,247000755,70,207.0
70102,70334,200041887,70,278.0
70118,70447,247000706,70,196.0
70120,70310,247000821,70,3717.0
70128,70311,247000755,70,390.0
70134,70550,247000011,70,205.0
70136,70550,247000011,70,493.0
70150,70334,200041887,70,324.0
70154,70447,247000706,70,367.0
70157,70310,247000821,70,352.0
70163,70550,247000011,70,439.0
70166,70550,247000011,70,150.0
70172,70311,247000755,70,109.0
70174,70447,247000706,70,143.0
70178,70310,247000664,70,526.0
70179,70550,247000011,70,166.0
70181,70334,200041887,70,134.0
70192,70334,200041887,70,206.0
70193,70334,200041887,70,231.0
70207,70550,247000011,70,3235.0
70216,70311,247000755,70,445.0
70229,70310,247000664,70,259.0
70239,70447,247000706,70,200.0
70254,70310,247000821,70,259.0
70258,70311,247000755,70,1987.0
70259,70310,247000664,70,368.0
70260,70310,247000664,70,684.0
70261,70550,247000011,70,1358.0
70286,70334,200041887,70,125.0
70288,70447,247000706,70,118.0
70306,70310,247000664,70,469.0
70310,70310,247000664,70,7960.0
70311,70311,247000755,70,6644.0
70313,70310,247000664,70,411.0
70314,70311,247000755,70,167.0
70318,70310,247000664,70,438.0
70319,70310,247000664,70,131.0
70321,70310,247000664,70,1375.0
70325,70447,247000706,70,356.0
70326,70447,247000706,70,307.0
70334,70334,200041887,70,1522.0
70348,70310,247000664,70,618.0
70355,70447,247000706,70,311.0
70358,70550,247000011,70,269.0
70363,70550,247000011,70,637.0
70367,70550,247000011,70,186.0
70378,70550,247000011,70,1605.0
70383,70447,247000706,70,425.0
70385,70310,247000664,70,323.0
70388,70550,247000011,70,1973.0
70398,70311,247000755,70,67.0
70403,70310,247000664,70,243.0
70405,70447,247000706,70,196.0
70413,70310,247000821,70,1872.0
70414,70310,247000821,70,955.0
70428,70550,247000011,70,1452.0
70429,70550,247000011,70,544.0
70431,70447,247000706,70,252.0
70433,70550,247000011,70,1401.0
70441,70447,247000706,70,251.0
70447,70447,247000706,70,2395.0
70451,70310,247000821,70,2747.0
70455,70310,247000664,70,1480.0
70464,70310,247000664,70,1355.0
70473,70311,247000755,70,1936.0
70493,70447,247000706,70,462.0
70494,70334,200041887,70,349.0
70503,70447,247000706,70,161.0
70507,70447,247000706,70,259.0
70509,70334,200041887,70,115.0
70513,70550,247000011,70,2420.0
70515,70310,247000664,70,66.0
70519,70447,247000706,70,108.0
70550,70550,247000011,70,14866.0
70559,70550,247000011,70,194.0
70560,70447,247000706,70,166.0
70577,70310,247000664,70,381.0
70581,70310,247000664,70,709.0
71016,71137,200070308,71,1083.0
71026,71512,247103765,71,332.0
71035,01305,200069698,71,204.0
71037,71417,247104094,71,83.0
71058,71417,247103765,71,186.0
71066,01305,200069698,71,117.0
71080,71417,247103765,71,92.0
71085,71014,200006682,71,223.0
71089,71417,247103765,71,235.0
71135,01305,200069698,71,873.0
71156,01305,200069698,71,261.0
71159,71417,247104094,71,201.0
71193,71512,247103765,71,476.0
71201,71417,247104094,71,194.0
71216,71417,247104094,71,195.0
71226,01305,200069698,71,28.0
71236,71137,200070308,71,877.0
71245,71512,247103765,71,325.0
71249,71512,247103765,71,981.0
71252,71512,247103765,71,364.0
71256,71419,200071538,71,547.0
71267,01305,200069698,71,855.0
71296,71417,247104094,71,741.0
71305,01305,200069698,71,841.0
71308,71512,247103765,71,31.0
71328,71512,247103765,71,631.0
71343,71014,200006682,71,308.0
71345,01305,200070308,71,670.0
71365,71263,200071538,71,604.0
71373,01305,200071538,71,1721.0
71383,01305,200069698,71,543.0
71392,71417,247104094,71,490.0
71402,71512,247103765,71,760.0
71416,71137,200069698,71,584.0
71455,71417,247104094,71,156.0
71460,01305,200070308,71,482.0
71461,71417,247104094,71,62.0
71494,01305,200070308,71,516.0
71498,71417,247104094,71,132.0
71503,71417,247104094,71,128.0
71505,71417,247104094,71,77.0
71512,71512,247103765,71,2943.0
71515,71417,247104094,71,102.0
71584,01305,200069698,71,1201.0
71591,01305,200069698,71,512.0
72010,72264,247200090,72,379.0
72016,72264,247200090,72,1484.0
72020,72132,247200686,72,694.0
72021,72264,247200090,72,579.0
72031,72090,247200686,72,529.0
72038,72132,247200686,72,547.0
72040,72132,247200686,72,144.0
72041,72090,247200686,72,349.0
72042,72090,200072684,72,2109.0
72046,72090,200072684,72,1544.0
72061,49127,247200348,72,1711.0
72062,72132,247200686,72,832.0
72067,72090,247200686,72,993.0
72090,72090,200072684,72,2953.0
72093,72132,247200686,72,897.0
72094,72090,200072684,72,623.0
72106,72264,247200090,72,928.0
72114,72132,247200686,72,267.0
72122,72090,247200686,72,1061.0
72124,72124,247200447,72,4752.0
72132,72132,247200686,72,8863.0
72151,72264,247200090,72,1131.0
72167,72264,247200090,72,714.0
72172,72090,247200686,72,1441.0
72178,72090,200072684,72,190.0
72187,72124,247200447,72,1613.0
72224,72090,200072684,72,528.0
72228,72264,247200090,72,2086.0
72232,72264,247200090,72,674.0
72236,72264,247200090,72,190.0
72244,72264,247200090,72,2938.0
72245,72132,247200686,72,684.0
72246,72039,247200686,72,203.0
72264,72264,247200090,72,12123.0
72267,72132,247200686,72,913.0
72268,72124,247200447,72,705.0
72271,72039,200072684,72,897.0
72277,72039,247200686,72,113.0
72299,72124,247200421,72,2450.0
72302,72132,247200686,72,170.0
72303,72090,200072684,72,731.0
72306,72124,247200447,72,1323.0
72331,72090,247200686,72,577.0
72336,72264,247200090,72,1212.0
72341,72090,200072684,72,619.0
72342,72132,247200686,72,163.0
72343,72264,247200090,72,619.0
72345,72090,200072684,72,339.0
72353,72132,247200686,72,215.0
72358,72090,200072684,72,1613.0
72359,72039,200072684,72,1430.0
72361,72269,200072684,72,491.0
72375,72132,247200686,72,529.0
72378,72264,247200090,72,1426.0
72383,72090,247200686,72,132.0
73012,73248,200070464,73,146.0
73013,73248,200070464,73,364.0
73015,73181,200040798,73,1829.0
73023,73157,200070340,73,693.0
73024,73181,247300015,73,768.0
73028,73330,247300262,73,344.0
73033,38412,200040111,73,510.0
73041,73270,200041010,73,307.0
73042,73330,247300262,73,259.0
73053,73270,200041010,73,694.0
73054,73054,247300254,73,7160.0
73055,73055,200040798,73,1876.0
73057,73181,200040798,73,491.0
73067,73248,247300361,73,1164.0
73068,73270,200041010,73,597.0
73069,73270,200041010,73,954.0
73071,73055,200040798,73,557.0
73072,73270,200041010,73,31.0
73074,73248,247300361,73,330.0
73076,73330,200068674,73,260.0
73077,73054,247300254,73,563.0
73078,73330,247300262,73,142.0
73079,73270,200041010,73,936.0
73083,73248,247300361,73,223.0
73088,74236,200068997,73,151.0
73089,73270,200041010,73,1281.0
73094,74236,200068997,73,332.0
73105,38412,200040111,73,1246.0
73113,73181,200040798,73,175.0
73114,74236,200068997,73,796.0
73116,73248,200070464,73,481.0
73117,73157,200070340,73,698.0
73119,73157,200070340,73,100.0
73120,73270,200041010,73,616.0
73123,74236,200068997,73,383.0
73133,73270,200041010,73,351.0
73138,73248,200070464,73,495.0
73140,73330,247300262,73,281.0
73142,73054,247300817,73,802.0
73147,73330,247300262,73,200.0
73149,73330,247300262,73,298.0
73150,73006,247300817,73,3828.0
73157,73157,200070340,73,3010.0
73161,73055,200040798,73,651.0
73166,73270,200041010,73,53.0
73173,73248,200070464,73,477.0
73176,73054,247300254,73,718.0
73177,73248,200070464,73,236.0
73180,74269,200068674,73,436.0
73186,74236,200068997,73,474.0
73189,73248,247300361,73,223.0
73193,73330,200068674,73,107.0
73194,73248,247300452,73,317.0
73197,73054,247300817,73,636.0
73201,73055,200040798,73,441.0
73206,73055,200040798,73,712.0
73223,73157,200070340,73,446.0
73224,73248,247300361,73,899.0
73229,38412,200040111,73,529.0
73231,73248,247300361,73,1208.0
73232,73054,247300254,73,707.0
73233,38412,200040111,73,158.0
73242,73248,200070464,73,272.0
73245,73330,247300262,73,834.0
73246,38412,200040111,73,303.0
73247,73270,200041010,73,963.0
73248,73248,200070464,73,7560.0
73250,73248,200070464,73,1588.0
73255,73248,247300361,73,826.0
73256,73248,247300452,73,310.0
73258,73248,247300452,73,679.0
73259,73248,247300361,73,541.0
73261,73248,247300452,73,2474.0
73262,74236,200068997,73,476.0
73267,73248,200070464,73,301.0
73269,73330,247300262,73,730.0
73270,73270,200041010,73,4168.0
73275,38412,200040111,73,319.0
73278,73248,247300361,73,1238.0
73280,73248,200070464,73,349.0
73285,73054,247300254,73,2367.0
73296,73304,247300254,73,2016.0
73299,73330,247300262,73,326.0
73304,73304,247300254,73,1589.0
73306,73248,247300452,73,1071.0
73307,73248,247300452,73,569.0
73314,73270,200041010,73,257.0
73318,73248,200070464,73,250.0
73320,73248,200070464,73,834.0
73323,73054,247300254,73,362.0
73330,73330,247300262,73,3083.0
74027,74280,247400617,74,451.0
74029,74269,200070852,74,414.0
74030,74191,247400682,74,322.0
74034,74191,247400682,74,636.0
74056,74056,200023372,74,8644.0
74065,74269,200070852,74,513.0
74071,74269,200070852,74,224.0
74078,74269,200070852,74,400.0
74079,74280,247400617,74,684.0
74080,74280,247400617,74,1706.0
74085,74236,200034882,74,1107.0
74091,74191,247400682,74,359.0
74099,74236,200034882,74,814.0
74100,74269,200070852,74,775.0
74107,74269,200070852,74,153.0
74114,74191,247400682,74,516.0
74131,74269,200070852,74,2047.0
74134,74191,247400682,74,1224.0
74136,74280,247400617,74,2082.0
74143,74056,200023372,74,3177.0
74160,74280,247400617,74,999.0
74173,74236,200034882,74,2999.0
74188,74191,247400682,74,944.0
74190,74258,200034098,74,671.0
74191,74191,247400682,74,2690.0
74195,74269,200070852,74,416.0
74215,74236,200034882,74,1245.0
74236,74236,200034882,74,5606.0
74238,74191,247400682,74,1580.0
74239,74280,247400617,74,1465.0
74258,74258,200034098,74,2380.0
74269,74269,200070852,74,2353.0
74271,74191,247400682,74,529.0
74273,74258,200034098,74,752.0
74280,74280,247400617,74,6599.0
74290,74056,200023372,74,407.0
74291,74269,200070852,74,340.0
74294,74258,200034098,74,766.0
74302,74280,247400617,74,1089.0
76107,76146,200070449,76,297.0
76109,76146,200070449,76,173.0
76120,76146,200070449,76,441.0
76121,76146,200070449,76,366.0
76164,76164,200010700,76,4092.0
76243,76146,200070449,76,293.0
76359,76146,200070449,76,147.0
76371,76462,247600729,76,71.0
76401,76164,200010700,76,2524.0
76418,76164,200010700,76,1017.0
76473,76164,200010700,76,808.0
76521,76146,200070449,76,147.0
76557,76164,200010700,76,1455.0
76571,76146,200070449,76,688.0
76727,76164,200010700,76,1146.0
76738,76146,200070449,76,767.0
77001,77088,200072346,77,1151.0
77003,77088,200023240,77,342.0
77015,77051,200040251,77,100.0
77019,77051,200040251,77,335.0
77020,77379,200037133,77,649.0
77025,77051,200040251,77,872.0
77030,77182,200072544,77,773.0
77033,77379,200037133,77,230.0
77036,77182,200037133,77,134.0
77041,77088,200072346,77,278.0
77051,77051,200040251,77,2337.0
77056,45258,200023240,77,147.0
77073,77379,200037133,77,553.0
77076,77379,200040251,77,757.0
77088,77088,200072346,77,2367.0
77090,77379,200037133,77,240.0
77093,77182,200072544,77,434.0
77097,77182,200072544,77,299.0
77113,77182,200090504,77,1068.0
77116,77182,200072544,77,1314.0
77174,77379,200040251,77,578.0
77182,77182,200072544,77,4877.0
77187,10268,200040251,77,581.0
77197,77182,200037133,77,166.0
77198,45258,200023240,77,241.0
77200,45258,200023240,77,122.0
77208,77379,200040251,77,1361.0
77218,77051,200040251,77,107.0
77220,77088,200023240,77,265.0
77227,77379,200040251,77,615.0
77228,77182,200072544,77,257.0
77236,77051,200040251,77,345.0
77240,77182,200072544,77,2212.0
77242,77379,200040251,77,532.0
77244,77088,200023240,77,697.0
77247,77182,200072544,77,441.0
77250,77182,200072544,77,163.0
77256,77379,200040251,77,187.0
77260,77379,200037133,77,1778.0
77287,77182,200072544,77,499.0
77303,51380,200072544,77,236.0
77304,51380,200072544,77,25.0
77310,77051,200040251,77,305.0
77314,51380,200072544,77,239.0
77319,77379,200037133,77,142.0
77321,77051,200040251,77,667.0
77325,77051,200040251,77,360.0
77341,77379,200040251,77,382.0
77347,77051,200040251,77,855.0
77356,77051,200040251,77,45.0
77368,77379,200037133,77,508.0
77379,77379,200037133,77,12115.0
77386,77088,200072346,77,607.0
77391,77379,200037133,77,491.0
77395,45258,200023240,77,120.0
77398,77182,200072544,77,722.0
77402,77182,200072544,77,339.0
77403,77379,200037133,77,808.0
77404,77379,200037133,77,1808.0
77414,77379,200037133,77,489.0
77418,77379,200037133,77,871.0
77421,77182,200072544,77,256.0
77423,77182,200072544,77,658.0
77432,77182,200072544,77,987.0
77434,77051,200040251,77,366.0
77436,77182,200072544,77,905.0
77446,77379,200040251,77,598.0
77456,77379,200037133,77,823.0
77477,77088,200072346,77,855.0
77492,77182,200072544,77,641.0
77507,77051,200040251,77,424.0
77512,77182,200072544,77,1128.0
77522,10268,200040251,77,297.0
77523,10268,200040251,77,258.0
77532,77379,200037133,77,65.0
78009,28015,200073344,78,286.0
79020,79270,200041994,79,886.0
79023,86139,200041994,79,61.0
79024,79270,200041994,79,1995.0
79042,79270,200041994,79,176.0
79046,17434,200041317,79,568.0
79114,79270,200041994,79,1571.0
79170,17434,200041317,79,2893.0
79189,79270,200041994,79,1701.0
79201,79270,200041994,79,1683.0
79220,17434,200041317,79,600.0
79246,79270,200041994,79,604.0
79257,17434,200041317,79,1523.0
79270,79270,200041994,79,7243.0
79276,79270,200041994,79,1072.0
79302,79270,200041994,79,1355.0
79303,79270,200041994,79,326.0
79316,79270,200041994,79,431.0
79319,79270,200041994,79,862.0
80010,80010,200070969,80,2778.0
80013,80013,200071181,80,2331.0
80019,80013,200071181,80,792.0
80022,76035,200071181,80,267.0
80023,80685,200070977,80,283.0
80026,76035,200071181,80,30.0
80027,80685,200070977,80,30.0
80031,80680,200070969,80,773.0
80032,80561,200070977,80,114.0
80034,80620,200070985,80,596.0
80040,80606,200071181,80,172.0
80041,76035,200071181,80,147.0
80044,80253,200070951,80,406.0
80046,80013,200071181,80,54.0
80048,76035,200071181,80,64.0
80049,80561,200070977,80,155.0
80052,80016,248000499,80,222.0
80053,80685,200070977,80,69.0
80061,76035,200071181,80,183.0
80062,76035,200071181,80,1452.0
80070,80253,200070951,80,1337.0
80071,80253,200070951,80,2007.0
80074,80561,200070977,80,129.0
80079,80211,200071181,80,310.0
80081,80013,200071181,80,89.0
80083,80630,200071181,80,138.0
80084,76035,200071181,80,209.0
80098,76035,200071181,80,107.0
80099,80013,200070993,80,222.0
80101,80685,200070977,80,863.0
80106,80630,200071181,80,173.0
80114,80211,200071181,80,341.0
80121,80561,200070977,80,152.0
80122,80253,200070951,80,490.0
80125,80561,200070977,80,86.0
80134,80211,200071181,80,81.0
80138,80016,248000499,80,123.0
80140,80253,200070951,80,110.0
80143,76035,200071181,80,103.0
80152,80685,200070977,80,147.0
80157,80630,200071181,80,94.0
80169,80606,200071181,80,64.0
80170,80561,200070977,80,110.0
80174,80561,200070977,80,76.0
80176,80685,200070977,80,267.0
80179,80630,200071181,80,222.0
80181,80680,200070969,80,122.0
80183,80606,200071181,80,267.0
80185,80685,200070977,80,285.0
80188,80010,200070969,80,589.0
80192,80016,248000499,80,166.0
80193,80010,200070969,80,145.0
80196,80606,200070993,80,247.0
80197,80620,200070985,80,29.0
80205,80013,200070993,80,900.0
80207,80016,200070951,80,346.0
80210,80211,200071181,80,144.0
80211,80211,200071181,80,1815.0
80214,60104,200070969,80,314.0
80219,80211,200071181,80,67.0
80220,80561,200070977,80,99.0
80223,80685,200070977,80,137.0
80227,80630,200071181,80,449.0
80232,80685,200070977,80,233.0
80233,80685,200070977,80,154.0
80253,80253,200070951,80,5870.0
80259,76035,200071181,80,86.0
80263,80685,200070977,80,48.0
80267,80620,200070985,80,269.0
80269,80606,200071181,80,112.0
80273,80630,200071181,80,347.0
80276,80630,200071181,80,287.0
80278,80685,200070977,80,189.0
80280,80606,200070944,80,122.0
80283,80010,200070969,80,164.0
80285,80211,200071181,80,261.0
80293,80561,200070977,80,354.0
80297,80013,200071181,80,40.0
80299,60104,200070969,80,238.0
80300,80620,200070985,80,159.0
80301,80630,200071181,80,278.0
80302,80561,200070977,80,171.0
80306,80561,200070977,80,130.0
80311,80561,200070977,80,150.0
80315,80211,200070969,80,507.0
80317,80211,200071181,80,209.0
80321,60104,200070969,80,141.0
80322,80680,200070977,80,171.0
80324,80606,200071181,80,140.0
80326,80561,200070977,80,105.0
80328,80013,200070993,80,518.0
80330,80606,200071181,80,237.0
80336,80606,200071181,80,80.0
80340,76035,200071181,80,200.0
80343,76101,200071181,80,167.0
80349,60104,200070969,80,132.0
80352,80630,200071181,80,160.0
80354,80606,200071181,80,204.0
80355,76035,200071181,80,101.0
80356,80606,200071181,80,92.0
80359,80685,200070977,80,284.0
80361,80606,200071181,80,73.0
80365,80630,200071181,80,183.0
80372,80606,200070993,80,122.0
80375,76035,200071181,80,339.0
80377,80253,200070951,80,399.0
80383,80685,200070977,80,93.0
80386,80561,200070977,80,178.0
80388,80606,200070944,80,210.0
80391,80685,200070977,80,90.0
80392,80253,200070951,80,572.0
80393,80685,200070977,80,311.0
80395,80561,200070977,80,275.0
80402,80630,200071181,80,138.0
80403,80010,200070969,80,176.0
80406,80013,200070993,80,1295.0
80407,60104,200070969,80,139.0
80421,80685,200070977,80,296.0
80427,80253,200070951,80,379.0
80429,80016,248000499,80,193.0
80436,80630,200071181,80,525.0
80437,80013,200071181,80,109.0
80443,76035,200071181,80,1679.0
80445,80253,200070951,80,266.0
80450,76035,200071181,80,113.0
80452,80010,200070969,80,526.0
80453,80561,200070977,80,140.0
80455,80630,200071181,80,92.0
80456,76035,200071181,80,555.0
80459,80013,200071181,80,104.0
80460,76035,200071181,80,66.0
80467,80685,200070977,80,190.0
80469,60104,200070969,80,160.0
80473,80685,200070977,80,292.0
80474,80680,200070985,80,401.0
80478,80561,200070977,80,145.0
80479,76035,200071181,80,343.0
80480,80606,200071181,80,113.0
80484,76035,200071181,80,387.0
80488,80013,200070993,80,1550.0
80491,80253,200070951,80,75.0
80494,80010,200070969,80,199.0
80495,80253,200070951,80,515.0
80504,80561,200070977,80,76.0
80511,80561,200070977,80,110.0
80515,76035,200071181,80,146.0
80517,80685,200070977,80,194.0
80522,76035,200071181,80,107.0
80525,76035,200071181,80,179.0
80528,80630,200071181,80,9.0
80529,80606,200070993,80,192.0
80531,80013,200071181,80,102.0
80541,80561,200070977,80,200.0
80543,80013,200071181,80,117.0
80555,80620,200070985,80,593.0
80558,80211,200071181,80,219.0
80559,80013,200071181,80,142.0
80561,80561,200070977,80,6051.0
80569,80680,248000499,80,328.0
80573,76035,200071181,80,389.0
80575,80606,200071181,80,78.0
80582,80211,200071181,80,1010.0
80586,76101,200071181,80,162.0
80587,76101,200071181,80,83.0
80591,80606,200071181,80,149.0
80592,76035,200071181,80,509.0
80596,80253,200070951,80,218.0
80604,76035,200071181,80,83.0
80606,80606,200071181,80,1137.0
80623,80561,200070977,80,373.0
80630,80630,200071181,80,2332.0
80651,76035,200071181,80,263.0
80652,80680,200070969,80,778.0
80655,80013,200071181,80,421.0
80657,60104,200070969,80,317.0
80663,80606,200071181,80,352.0
80667,80561,200070977,80,133.0
80668,80010,248000531,80,170.0
80669,80685,200070985,80,343.0
80671,80253,200071223,80,231.0
80675,80211,200070969,80,132.0
80676,80685,200070977,80,153.0
80678,80561,200070977,80,768.0
80681,80010,200070969,80,310.0
80685,80685,200070977,80,5703.0
80687,80561,200070977,80,133.0
80693,80016,248000499,80,329.0
80699,76035,200071181,80,113.0
80701,80620,200070985,80,429.0
80703,76035,200071181,80,210.0
80707,76035,200071181,80,77.0
80708,80685,200070977,80,156.0
80709,76035,200071181,80,272.0
80719,80630,200071181,80,51.0
80728,80630,200071181,80,76.0
80732,76035,200071181,80,627.0
80734,60286,200071181,80,208.0
80736,80013,200070993,80,217.0
80740,80010,200070969,80,349.0
80744,80013,200071181,80,56.0
80749,80253,200070951,80,321.0
80750,80620,200070985,80,145.0
80754,80630,200071181,80,394.0
80755,80630,200071181,80,145.0
80757,80211,200071181,80,144.0
80758,80010,200070969,80,208.0
80759,80685,200070977,80,346.0
80767,76101,200071181,80,248.0
80769,80016,248000499,80,224.0
80773,80016,200070951,80,106.0
80783,80606,200070993,80,82.0
80786,80211,200071181,80,146.0
80788,80606,200071181,80,175.0
80790,80685,200070977,80,168.0
80796,80606,200071181,80,178.0
80800,76035,200071181,80,139.0
80803,80685,200070977,80,276.0
80805,80561,200070977,80,154.0
80813,76035,200071181,80,96.0
80820,80016,248000499,80,750.0
80821,80013,200071181,80,221.0
80822,80561,200070977,80,139.0
80825,80606,200070993,80,112.0
80828,80606,200071181,80,60.0
82018,82134,200066884,82,1164.0
82019,82112,200066322,82,750.0
82020,82013,200066652,82,588.0
82043,82013,200066652,82,269.0
82046,82013,200066322,82,115.0
82112,82112,200066322,82,13738.0
82118,82013,200066322,82,97.0
82132,82134,200066884,82,1175.0
82134,82134,200066884,82,5740.0
82169,82112,200066322,82,2298.0
82173,82013,200066652,82,1166.0
82184,82134,200066884,82,930.0
83008,83055,200004802,83,2889.0
83032,83032,200068104,83,3388.0
83039,83012,200068104,83,147.0
83045,83032,200068104,83,902.0
83046,83032,200068104,83,2105.0
83051,83032,200068104,83,1122.0
83055,83055,200004802,83,5770.0
83080,83055,200004802,83,802.0
83083,83032,200068104,83,1456.0
83117,83055,200004802,83,1770.0
83121,83121,248300493,83,3771.0
83124,83055,200004802,83,2674.0
83128,83121,248300493,83,762.0
83138,83055,200004802,83,2874.0
83150,04094,200034700,83,4280.0
84009,84133,248400285,84,1652.0
84025,84071,200040442,84,1845.0
84049,84137,248400053,84,432.0
84052,84133,248400285,84,1225.0
84062,84071,200040442,84,1638.0
84071,84071,200040442,84,1914.0
84090,84133,248400285,84,673.0
84133,84133,248400285,84,4327.0
84151,84133,248400285,84,162.0
85050,85156,200071900,85,1852.0
85051,85051,248500340,85,8434.0
85077,85128,200071900,85,523.0
85094,79101,200071934,85,1173.0
85101,85156,200071900,85,487.0
85156,85156,200071900,85,2255.0
85158,85128,200071934,85,1190.0
85200,85156,200071900,85,1106.0
85202,85051,248500340,85,1588.0
85206,85156,200071900,85,402.0
85220,85051,248500340,85,1600.0
85232,85051,248500340,85,1094.0
85237,85051,200071934,85,389.0
85276,85051,248500340,85,746.0
85277,85156,200071900,85,1554.0
85282,85051,248500340,85,914.0
85287,85059,248500464,85,453.0
85305,85059,200071934,85,846.0
86009,86070,248600413,86,1063.0
86014,86066,248600413,86,1740.0
86017,86294,200069763,86,1096.0
86020,86066,248600413,86,252.0
86031,86070,200069854,86,1715.0
86032,86066,248600413,86,2091.0
86042,37115,248600413,86,913.0
86045,86139,200069854,86,1352.0
86046,86066,248600413,86,1720.0
86047,86128,248600413,86,488.0
86048,86177,200069763,86,1188.0
86050,86294,200069763,86,844.0
86058,86066,200069854,86,728.0
86074,86294,200069763,86,921.0
86076,86177,200069763,86,2849.0
86080,86139,200069854,86,496.0
86081,86066,248600413,86,1428.0
86083,86139,200069854,86,1131.0
86091,86139,200069854,86,383.0
86092,86092,248600413,86,2963.0
86096,86128,248600413,86,660.0
86102,86294,200069763,86,593.0
86116,86139,200069854,86,788.0
86121,86294,200069763,86,1460.0
86128,86128,248600413,86,2474.0
86130,37115,248600413,86,378.0
86139,86139,200069854,86,2622.0
86142,86294,200069763,86,640.0
86148,86103,200043628,86,713.0
86164,86066,248600413,86,667.0
86174,86066,248600413,86,5933.0
86177,86177,200069763,86,5376.0
86182,86128,248600413,86,362.0
86183,86092,248600413,86,1611.0
86184,86128,248600413,86,949.0
86186,86066,248600413,86,956.0
86195,37226,248600413,86,563.0
86198,86070,200069854,86,709.0
86204,86294,200069763,86,2132.0
86213,86139,200069854,86,2498.0
86221,86128,248600413,86,1197.0
86241,37115,248600413,86,412.0
86244,86139,200069854,86,1268.0
86253,79270,200069854,86,549.0
86257,86128,248600413,86,369.0
86258,86066,248600413,86,2209.0
86265,86066,248600413,86,423.0
86268,86070,200069854,86,1124.0
86272,86066,248600413,86,2843.0
86292,86294,200069763,86,933.0
86294,86294,200069763,86,3677.0
86298,86066,248600413,86,2284.0
86300,86177,200069763,86,617.0
87002,87002,200066512,87,5556.0
87016,87002,200066512,87,287.0
87030,87154,200059400,87,1254.0
87044,87126,200059400,87,317.0
87078,87154,200059400,87,693.0
87110,87154,200059400,87,2478.0
87126,87126,200059400,87,3725.0
87131,87126,200059400,87,799.0
87140,87154,200059400,87,1665.0
87154,87154,200059400,87,11295.0
87157,87002,200066512,87,829.0
87164,87154,200059400,87,567.0
87183,87002,200066512,87,920.0
87185,87154,200059400,87,1764.0
87189,87126,200059400,87,145.0
87199,87126,200059400,87,725.0
87204,87126,200059400,87,203.0
88005,88372,200071066,88,200.0
88009,88181,200071066,88,3339.0
88014,88181,200071066,88,184.0
88027,88367,200068757,88,144.0
88035,88078,200071066,88,143.0
88048,88530,200068757,88,975.0
88053,88372,200071066,88,155.0
88059,88078,200071066,88,395.0
88073,88090,200068757,88,209.0
88075,88075,200096634,88,4139.0
88081,88468,200033868,88,1339.0
88082,88372,200071066,88,773.0
88084,88090,200068757,88,458.0
88085,88078,200096642,88,191.0
88089,88078,200071066,88,555.0
88090,88090,200068757,88,4625.0
88106,88181,200071066,88,952.0
88115,88181,200071066,88,1500.0
88116,88075,200096634,88,3062.0
88163,88090,200068757,88,746.0
88165,88372,200071066,88,2558.0
88170,88468,200033868,88,724.0
88173,88090,200068757,88,477.0
88181,88181,200071066,88,2844.0
88188,88468,200033868,88,1719.0
88198,88181,200071066,88,580.0
88205,88487,200068377,88,253.0
88215,88372,200071066,88,77.0
88228,88367,200068757,88,178.0
88244,88181,200071066,88,527.0
88260,88090,200068757,88,152.0
88300,88372,200071066,88,127.0
88302,88468,200033868,88,1005.0
88306,88372,200071066,88,51.0
88317,88372,200071066,88,561.0
88319,88372,200071066,88,3065.0
88346,88372,200071066,88,739.0
88349,88181,200071066,88,1627.0
88351,88530,200068377,88,1566.0
88355,88090,200068757,88,1230.0
88356,88078,200071066,88,287.0
88362,88372,200071066,88,114.0
88369,88468,200033868,88,1869.0
88372,88372,200071066,88,6113.0
88406,88090,200068757,88,131.0
88408,88408,200033868,88,3536.0
88426,88468,200033868,88,1369.0
88435,88372,200071066,88,517.0
88436,88372,200071066,88,72.0
88444,88372,200071066,88,317.0
88447,88075,200096634,88,2514.0
88451,88372,200071066,88,2394.0
88458,88090,200068757,88,283.0
88468,88468,200033868,88,3316.0
88480,88090,200068757,88,167.0
88487,88487,200068377,88,3860.0
88500,88075,200096634,88,832.0
88501,88372,200071066,88,72.0
88503,88372,200071066,88,148.0
88505,88181,200071066,88,125.0
88506,88372,200071066,88,311.0
88513,88090,200068757,88,2151.0
88530,88530,200068757,88,2583.0
89018,89464,248900334,89,767.0
89051,89464,248900334,89,538.0
89060,89464,248900748,89,456.0
89088,89003,248900524,89,467.0
89094,89464,248900748,89,703.0
89115,77051,248900896,89,198.0
89142,89464,248900334,89,911.0
89144,45115,248900748,89,806.0
89160,89464,248900334,89,763.0
89196,89003,248900524,89,1752.0
89245,89464,248900334,89,835.0
89251,89419,248900524,89,367.0
89281,89003,248900524,89,336.0
89291,89464,248900334,89,338.0
89298,45115,248900748,89,598.0
89304,89003,248900524,89,675.0
89327,89464,248900334,89,389.0
89334,89003,248900524,89,555.0
89360,89003,248900524,89,372.0
89361,89003,248900524,89,253.0
89380,45115,248900748,89,451.0
89384,89003,248900524,89,682.0
89397,89003,248900524,89,372.0
89442,45115,248900748,89,239.0
89443,89464,248900334,89,1855.0
89464,89464,248900334,89,5148.0
91016,91016,200017846,91,4374.0
91067,91016,200017846,91,115.0
91131,91016,200017846,91,390.0
91414,91016,200017846,91,378.0
91511,91016,200017846,91,2120.0
91613,91016,200017846,91,215.0
