treated_code,control_code,treated_epci,control_epci,treated_department,control_department,shared_boundary_m,treated_population,control_population,treated_density,control_density,i,j
01029,01296,200071751,200071751,01,01,6068.93465247046,700.0,407.0,49.530023914816304,31.261501620454656,0,221
01108,01296,200071751,200071751,01,01,4544.578139614988,1227.0,407.0,72.80411855442688,31.261501620454656,1,221
01127,01350,200071751,200071751,01,01,2270.5870339926196,504.0,2553.0,33.5659424172033,89.26660559420343,2,264
01127,01426,200071751,200071751,01,01,10267.104730555324,504.0,2500.0,33.5659424172033,54.68531429514256,2,327
01147,01296,200071751,200071751,01,01,171.34143183899124,526.0,407.0,34.4620591722028,31.261501620454656,3,221
01445,01038,200071751,200071751,01,01,6762.348174962282,617.0,764.0,44.57711803666304,41.85844252279675,7,30
01445,01232,200071751,200071751,01,01,3504.3873670895287,617.0,2268.0,44.57711803666304,56.33758873243917,7,167
01445,01296,200071751,200071751,01,01,4841.989961500977,617.0,407.0,44.57711803666304,31.261501620454656,7,221
01445,01350,200071751,200071751,01,01,731.5463140572112,617.0,2553.0,44.57711803666304,89.26660559420343,7,264
02056,02246,200071785,200071892,02,02,6176.611405208081,176.0,603.0,32.303209754008236,64.14104822095064,15,407
02056,02362,200071785,200071785,02,02,675.1391681558675,176.0,239.0,32.303209754008236,33.05751200299253,15,444
02056,02546,200071785,200071785,02,02,1778.2231642447998,176.0,186.0,32.303209754008236,48.606781151990155,15,492
02091,51250,240200501,200067213,02,51,1519.4099907337604,92.0,5803.0,17.424800909114094,346.4929959492719,18,6296
02118,02243,240200501,240200477,02,02,2573.8372393117143,130.0,2999.0,95.89425618050552,288.728488759296,21,405
02122,02685,200071785,200071785,02,02,1241.6271318045679,55.0,123.0,19.189825699506716,18.60575513266705,23,525
02131,02003,240200501,240200477,02,02,1116.7277818920988,1882.0,1016.0,145.7501502190905,87.8443768049256,26,351
02131,02243,240200501,240200477,02,02,4597.619888992084,1882.0,2999.0,145.7501502190905,288.728488759296,26,405
02131,02722,240200501,240200477,02,02,183.99302673243747,1882.0,28705.0,145.7501502190905,2325.2501968185984,26,540
02131,02780,240200501,240200477,02,02,4250.320725201889,1882.0,1348.0,145.7501502190905,360.9704521209636,26,555
02131,02805,240200501,240200477,02,02,2714.2566269795484,1882.0,2541.0,145.7501502190905,559.6144294393727,26,563
02131,02828,240200501,240200477,02,02,1689.7389649438348,1882.0,91.0,145.7501502190905,19.826522216682626,26,571
02132,02680,200043495,200071785,02,02,2119.690103396095,189.0,2315.0,21.58256997834939,77.62677935705773,27,524
02190,02828,240200501,240200477,02,02,3009.4685473380264,527.0,91.0,94.34806667125557,19.826522216682626,37,571
02195,02003,240200501,240200477,02,02,428.15683684837035,896.0,1016.0,99.84867518243429,87.8443768049256,39,351
02195,02711,240200501,240200477,02,02,1676.7823871849816,896.0,279.0,99.84867518243429,30.54124433963982,39,535
02195,02714,240200501,240200477,02,02,4937.496125759112,896.0,354.0,99.84867518243429,63.87118029678593,39,536
02198,02243,240200501,240200477,02,02,1127.7493883777483,233.0,2999.0,67.40676339654046,288.728488759296,41,405
02198,02424,240200501,240200477,02,02,2277.826096417987,233.0,102.0,67.40676339654046,27.683729439866827,41,459
02210,02714,240200501,240200477,02,02,134.02354634525773,358.0,354.0,95.3088618620518,63.87118029678593,42,536
02230,02711,240200501,240200477,02,02,3035.0584801398186,180.0,279.0,24.003551077766357,30.54124433963982,44,535
02238,02680,200043495,200071785,02,02,282.2328745127115,1803.0,2315.0,64.7807947011879,77.62677935705773,45,524
02238,02685,200043495,200071785,02,02,183.80436118107428,1803.0,123.0,64.7807947011879,18.60575513266705,45,525
02270,02317,240200493,240200493,02,02,3192.3225287716964,165.0,205.0,32.434022481247666,38.889550270804,48,430
02273,02694,200071892,200071892,02,02,1395.3984949135563,196.0,612.0,25.294859133720525,95.94726003617748,49,527
02281,02798,240200584,240200584,02,02,4509.212486187736,249.0,1205.0,20.20968303254819,55.90670497743975,50,562
02327,02060,240200493,240200493,02,02,2383.762123079475,161.0,252.0,32.443709479024456,33.500882944343445,54,366
02329,02335,200071785,200071785,02,02,2061.6849735654882,424.0,175.0,44.540730829409114,69.01636923376603,55,438
02329,02680,200071785,200071785,02,02,799.1885886714374,424.0,2315.0,44.540730829409114,77.62677935705773,55,524
02329,02685,200071785,200071785,02,02,4526.638961298631,424.0,123.0,44.540730829409114,18.60575513266705,55,525
02329,02788,200071785,200071785,02,02,2652.2067840589148,424.0,466.0,44.540730829409114,36.044306313898964,55,558
02343,02060,240200493,240200493,02,02,1801.071204745664,83.0,252.0,18.13582665748134,33.500882944343445,56,366
02343,02317,240200493,240200493,02,02,247.15423146823971,83.0,205.0,18.13582665748134,38.889550270804,56,430
02343,02772,240200493,240200493,02,02,3125.1526066144525,83.0,148.0,18.13582665748134,37.968402392253616,56,552
02390,02774,240200493,240200493,02,02,3104.0162410451308,255.0,121.0,43.591704630884834,22.974525582927807,57,553
02390,02782,240200493,240200493,02,02,4554.62156427095,255.0,218.0,43.591704630884834,50.618047580041036,57,556
02390,02808,240200493,240200493,02,02,1147.9907287677424,255.0,275.0,43.591704630884834,68.54642271921865,57,565
02402,02060,240200493,240200493,02,02,4123.8947926882765,37.0,252.0,9.938521607901771,33.500882944343445,60,366
02439,51037,240200501,200067213,02,51,3391.035745809731,1215.0,344.0,31.86227658724066,61.305027405629204,67,6245
02439,51250,240200501,200067213,02,51,2758.946518161409,1215.0,5803.0,31.86227658724066,346.4929959492719,67,6296
02439,51464,240200501,200067213,02,51,1641.1749271468027,1215.0,318.0,31.86227658724066,37.59713786240065,67,6350
02464,02243,240200501,240200477,02,02,1184.5393891682158,362.0,2999.0,65.97641325961648,288.728488759296,68,405
02464,02828,240200501,240200477,02,02,1689.7551205586221,362.0,91.0,65.97641325961648,19.826522216682626,68,571
02487,02003,240200501,240200477,02,02,390.2477943047655,619.0,1016.0,186.51286901232166,87.8443768049256,69,351
02487,02714,240200501,240200477,02,02,2528.1489380187286,619.0,354.0,186.51286901232166,63.87118029678593,69,536
02492,02222,200071785,200071785,02,02,1473.5426081872788,439.0,37.0,32.70663680684545,11.628983422669728,72,400
02492,02788,200071785,200071785,02,02,7842.995024152715,439.0,466.0,32.70663680684545,36.044306313898964,72,558
02523,51250,240200501,200067213,02,51,646.258125076437,71.0,5803.0,12.494441890193782,346.4929959492719,76,6296
02523,51382,240200501,200067213,02,51,1150.6996414964312,71.0,115.0,12.494441890193782,18.965771480840417,76,6330
02523,51484,240200501,200067213,02,51,2607.8597950412736,71.0,268.0,12.494441890193782,41.39072925642177,76,6359
02537,02828,240200501,240200477,02,02,1208.8875409675845,207.0,91.0,27.799643647669733,19.826522216682626,77,571
02570,02246,200071892,200071892,02,02,4144.436852596072,173.0,603.0,32.231870557093195,64.14104822095064,80,407
02570,02694,200071892,200071892,02,02,1224.4403574171288,173.0,612.0,32.231870557093195,95.94726003617748,80,527
02726,02246,200071892,200071892,02,02,1475.0301447758245,177.0,603.0,28.138627067529455,64.14104822095064,94,407
02739,02398,240200501,240200477,02,02,1576.630393137903,336.0,280.0,47.4778110782606,20.08647809111619,97,454
02739,02424,240200501,240200477,02,02,893.9370084918608,336.0,102.0,47.4778110782606,27.683729439866827,97,459
02752,02025,200071892,200071892,02,02,1642.125196834602,283.0,365.0,47.71438217236838,57.583675614677915,98,358
02752,02317,200071892,240200493,02,02,1357.7783360417034,283.0,205.0,47.71438217236838,38.889550270804,98,430
02752,02367,200071892,200071892,02,02,3923.449948339283,283.0,161.0,47.71438217236838,30.908302696868766,98,445
02752,02694,200071892,200071892,02,02,1694.3323232333291,283.0,612.0,47.71438217236838,95.94726003617748,98,527
02777,02798,240200584,240200584,02,02,1867.7362752828028,133.0,1205.0,10.401253229995817,55.90670497743975,104,562
02777,77492,240200584,200072544,02,77,1495.7848917776912,133.0,634.0,10.401253229995817,24.809800801412027,104,12536
02817,51250,240200501,200067213,02,51,1802.2104335671663,83.0,5803.0,30.88176074164241,346.4929959492719,108,6296
02829,02243,240200501,240200477,02,02,55.7428672221612,43.0,2999.0,39.94421155098428,288.728488759296,111,405
03080,03110,200071363,200071363,03,03,5902.5671255455045,708.0,974.0,56.34346642146815,54.597629888426255,112,582
03080,03271,200071363,200071363,03,03,4319.80232346578,708.0,813.0,56.34346642146815,57.14654723157024,112,589
04063,84014,200034700,248400285,04,84,7843.11094934775,1254.0,1115.0,66.72141717219975,20.706237531673658,125,13299
04128,84009,200034700,248400285,04,84,2707.6632841732567,225.0,1686.0,11.896422696633941,60.92685881589373,128,13295
04152,84009,200034700,248400285,04,84,3512.9585707695314,3941.0,1686.0,141.42580224325582,60.92685881589373,131,13295
04152,84014,200034700,248400285,04,84,1967.4074373918622,3941.0,1115.0,141.42580224325582,20.706237531673658,131,13299
06110,06072,200030195,200030195,06,06,2160.505091059036,116.0,142.0,4.300629486418065,3.496651325066701,154,641
06110,06111,200030195,200030195,06,06,13013.033650758438,116.0,113.0,4.300629486418065,2.8502516431815095,154,661
07034,30005,240700864,200034692,07,30,4589.492618772675,259.0,213.0,8.789363598678165,10.604954770954649,155,3453
07040,07217,200073096,200073096,07,07,2080.8079641645377,251.0,850.0,28.364399061992753,44.600158537696466,156,754
07042,26116,240700864,200042901,07,26,904.568993509933,7352.0,5952.0,171.53988741512245,183.0528271579167,157,2533
07042,26235,240700864,200042901,07,26,7506.797325701837,7352.0,13799.0,171.53988741512245,279.1840613294999,157,2568
07068,07177,200073096,200073096,07,07,2568.9813641031137,568.0,839.0,37.325919945405076,50.784977270426,158,745
07068,07217,200073096,200073096,07,07,4589.3372720535945,568.0,850.0,37.325919945405076,44.600158537696466,158,754
07099,07332,240700864,200071405,07,07,6560.634398018837,603.0,435.0,10.469963760781463,14.355881566213412,159,796
07133,07300,240700864,200071405,07,07,3068.7117448543645,261.0,470.0,18.773977304736075,23.75842986226481,160,782
07133,07332,240700864,200071405,07,07,1335.0184678822945,261.0,435.0,18.773977304736075,14.355881566213412,160,796
07133,07346,240700864,240700864,07,07,1065.0485807153323,261.0,3674.0,18.773977304736075,108.67330571229944,160,804
07158,07139,200073245,200073245,07,07,3757.7181892951776,97.0,101.0,3.6374623863645024,7.209616219269293,161,733
07264,07259,240700864,240700864,07,07,12016.600607735552,2368.0,1646.0,65.67588458397775,158.84389587952168,162,770
07264,07268,240700864,240700864,07,07,5918.815084993737,2368.0,939.0,65.67588458397775,166.20507762687726,162,774
07264,26235,240700864,200042901,07,26,499.57395418195875,2368.0,13799.0,65.67588458397775,279.1840613294999,162,2568
07264,30005,240700864,200034692,07,30,263.8749032382996,2368.0,213.0,65.67588458397775,10.604954770954649,162,3453
07264,84064,240700864,200000628,07,84,3973.130077173555,2368.0,3836.0,65.67588458397775,218.2879268320531,162,13327
07279,07346,240700864,240700864,07,07,9274.002038803426,1942.0,3674.0,57.84358523462474,108.67330571229944,163,804
07279,26116,240700864,200042901,07,26,3849.0169227315705,1942.0,5952.0,57.84358523462474,183.0528271579167,163,2533
08166,08304,240800821,240800821,08,08,2852.35904200472,247.0,78.0,41.9578457028085,9.678511596111528,165,846
08214,08028,240800821,240800821,08,08,940.2630755186175,471.0,982.0,10.993409273471283,91.84614470351713,167,809
08214,08122,240800821,240800821,08,08,1523.6632925424947,471.0,758.0,10.993409273471283,57.05434416468012,167,817
08214,08207,240800821,240800821,08,08,755.5970654232823,471.0,227.0,10.993409273471283,36.93270471387584,167,836
08214,08487,240800821,240800821,08,08,5441.4693110619955,471.0,1894.0,10.993409273471283,89.35687746899606,167,867
08222,08304,240800821,240800821,08,08,588.7625245451618,1819.0,78.0,64.30444464718276,9.678511596111528,168,846
08222,08487,240800821,240800821,08,08,2846.3432050415977,1819.0,1894.0,64.30444464718276,89.35687746899606,168,867
09067,31319,200066231,200068807,09,31,998.5208296499716,210.0,131.0,29.295252749566664,18.140973437513445,175,3743
09076,31206,200066231,200068807,09,31,1853.8920815158513,202.0,1322.0,20.3617573528543,32.51285882517489,177,3702
09076,31319,200066231,200068807,09,31,2061.139443289474,202.0,131.0,20.3617573528543,18.140973437513445,177,3743
09146,31319,200066231,200068807,09,31,3340.568435691304,59.0,131.0,12.91897931967301,18.140973437513445,188,3743
09147,31206,200066231,200068807,09,31,842.8682400453354,177.0,1322.0,49.046690017158845,32.51285882517489,189,3702
09170,31206,200066231,200068807,09,31,1571.2579615003417,245.0,1322.0,64.32453184380869,32.51285882517489,191,3702
09275,31206,200066231,200068807,09,31,4250.848264407151,370.0,1322.0,98.2168171314269,32.51285882517489,208,3702
10066,10307,200069250,200069250,10,10,194.0601239331084,437.0,366.0,33.68940008779257,42.705155793876244,223,911
10066,10396,200069250,200069250,10,10,3245.9664238323053,437.0,499.0,33.68940008779257,20.68979723464242,223,934
10156,10211,200069250,200069250,10,10,4081.713301946819,712.0,990.0,54.96925392018142,47.50523380015582,230,896
10208,89469,200006716,248900896,10,89,8938.460684310709,290.0,935.0,21.144186693698384,15.29343340873116,233,13844
10240,10211,200069250,200069250,10,10,3756.7699783534513,469.0,990.0,40.90517916305709,47.50523380015582,237,896
10240,10248,200069250,200069250,10,10,668.8097823665343,469.0,390.0,40.90517916305709,34.63322731650453,237,903
10240,10307,200069250,200069250,10,10,6164.476208661605,469.0,366.0,40.90517916305709,42.705155793876244,237,911
10240,10381,200069250,200069250,10,10,1977.6500638489492,469.0,1042.0,40.90517916305709,85.42068364192053,237,932
11001,11023,200035715,200035715,11,11,3867.4068268025494,543.0,738.0,51.58910739590093,74.25224886159467,254,949
11001,11198,200035715,200035715,11,11,3086.334657541716,543.0,1000.0,51.58910739590093,24.553111916728554,254,972
11009,11253,200035715,200035715,11,11,1885.527727940436,1595.0,828.0,71.63377307299234,33.552974529429655,255,984
11009,11259,200035715,200035715,11,11,3247.1158812718973,1595.0,996.0,71.63377307299234,50.94754974271204,255,988
11027,11146,200035715,200035715,11,11,3026.9984930305727,789.0,418.0,84.1982195111177,90.04773123254557,257,968
11027,11397,200035715,200035715,11,11,3147.0387250476538,789.0,5416.0,84.1982195111177,302.1136585747124,257,1006
11075,11056,200035715,200035715,11,11,7041.528693933314,131.0,173.0,7.503699318016917,9.516740411157766,260,956
11075,11200,200035715,200035715,11,11,2409.504267818539,131.0,135.0,7.503699318016917,8.144831527433583,260,974
11188,11086,241100593,241100593,11,11,5084.313945308861,1784.0,888.0,54.56287628100593,98.75032264469425,263,960
11188,11202,241100593,241100593,11,11,9122.445021609132,1784.0,4550.0,54.56287628100593,96.35607264409308,263,976
11188,11266,241100593,241100593,11,11,6206.266534880427,1784.0,5905.0,54.56287628100593,157.25494693904682,263,990
11220,11023,200035715,200035715,11,11,3791.7157952459993,700.0,738.0,62.605219049985244,74.25224886159467,265,949
11220,11397,200035715,200035715,11,11,482.7642180334921,700.0,5416.0,62.605219049985244,302.1136585747124,265,1006
11242,11005,200035715,200035715,11,11,1119.0214769396287,173.0,1364.0,14.876519068340775,81.90096489250074,266,944
11242,11299,200035715,200035715,11,11,2531.217523682391,173.0,633.0,14.876519068340775,73.69828160287885,266,997
11242,11327,200035715,200035715,11,11,2561.9812958809352,173.0,545.0,14.876519068340775,66.88614901487377,266,998
11286,11081,200035715,200035715,11,11,443.9811490694482,1160.0,1581.0,113.77859862555293,54.795857133145184,268,957
11286,11198,200035715,200035715,11,11,4548.00648692766,1160.0,1000.0,113.77859862555293,24.553111916728554,268,972
11295,11285,241100593,241100593,11,11,4529.0163615132415,1305.0,1167.0,37.26791999100752,32.86341352149503,269,994
11307,11217,241100593,241100593,11,11,1136.7606907535023,246.0,1303.0,38.91279874134756,227.92715909477397,271,980
11307,11264,241100593,241100593,11,11,2402.212093559701,246.0,1280.0,38.91279874134756,89.26515516878145,271,989
11307,11360,241100593,241100593,11,11,3941.6704762323293,246.0,2091.0,38.91279874134756,238.43658025189418,271,1001
11307,11405,241100593,241100593,11,11,585.0077548047967,246.0,581.0,38.91279874134756,94.56004818286758,271,1009
11315,11198,200035715,200035715,11,11,1676.5143647383675,1975.0,1000.0,90.44252442936786,24.553111916728554,273,972
11322,11266,241100593,241100593,11,11,233.534565296747,1021.0,5905.0,22.433344024260943,157.25494693904682,274,990
11325,11102,200035715,200035715,11,11,1315.5224020126007,472.0,554.0,85.54571119279314,54.393381157188365,275,964
11325,11299,200035715,200035715,11,11,3504.1336329122714,472.0,633.0,85.54571119279314,73.69828160287885,275,997
11340,11018,200035715,200035715,11,11,2401.0117393095093,544.0,1202.0,84.64178268248928,55.06432455742224,276,948
11340,11259,200035715,200035715,11,11,795.2960309742934,544.0,996.0,84.64178268248928,50.94754974271204,276,988
11340,11288,200035715,200035715,11,11,2952.3690840713907,544.0,1598.0,84.64178268248928,142.15304989451963,276,995
11340,11437,200035715,200035715,11,11,2886.956376308262,544.0,887.0,84.64178268248928,166.03027406403945,276,1017
11342,11198,200035715,200035715,11,11,3204.8685608270107,233.0,1000.0,35.80528577264288,24.553111916728554,277,972
11357,11253,200035715,200035715,11,11,3453.8681691432844,212.0,828.0,15.442433106366963,33.552974529429655,278,984
11379,11266,241100593,241100593,11,11,10664.958955133498,5583.0,5905.0,137.5794248142457,157.25494693904682,279,990
11379,11285,241100593,241100593,11,11,6746.261481684287,5583.0,1167.0,137.5794248142457,32.86341352149503,279,994
11396,11081,200035715,200035715,11,11,4768.676106507272,603.0,1581.0,54.761964967594416,54.795857133145184,280,957
11421,11264,241100593,241100593,11,11,3421.1870082394116,548.0,1280.0,218.09744187840963,89.26515516878145,281,989
13038,13011,241300375,241300375,13,13,3938.335847642245,3521.0,289.0,87.3948405370674,15.996955937903556,282,1026
13038,13068,241300375,241300375,13,13,4596.12644359154,3521.0,2200.0,87.3948405370674,138.37586604748867,282,1075
13038,13094,241300375,241300375,13,13,3347.6955704745315,3521.0,2486.0,87.3948405370674,85.08047809346604,282,1101
14085,14032,241400878,241400878,14,14,1866.7981909681662,818.0,276.0,39.101877692141784,26.810708265157768,284,1136
14085,14077,241400878,241400878,14,14,3764.404735049106,818.0,734.0,39.101877692141784,68.79595930331635,284,1158
14085,14555,241400878,241400878,14,14,110.053122717641,818.0,451.0,39.101877692141784,45.703466907927435,284,1341
14097,14674,200066710,200066710,14,14,890.4251202476142,300.0,120.0,65.681264362006,20.381210486969547,285,1384
14145,14160,200066710,200066710,14,14,4421.324510514744,554.0,181.0,56.90182556629628,24.01201653302476,287,1188
14145,14659,200066710,200066710,14,14,5211.95836825346,554.0,1438.0,56.90182556629628,104.60120791775503,287,1379
14145,14674,200066710,200066710,14,14,1767.556360332153,554.0,120.0,56.90182556629628,20.381210486969547,287,1384
14147,14570,200069532,200069532,14,14,1744.190849314968,138.0,2491.0,23.414769107675788,86.18314020279063,288,1350
14162,14602,200066710,200066710,14,14,2443.210497940975,1316.0,268.0,53.57319982265334,36.1030691681031,289,1362
14162,14656,200066710,200066710,14,14,3507.497769801445,1316.0,982.0,53.57319982265334,129.61498391150934,289,1377
14252,14674,200066710,200066710,14,14,2479.4121886479484,258.0,120.0,34.7327769740118,20.381210486969547,291,1384
14261,14077,241400878,241400878,14,14,3048.2847207622185,331.0,734.0,73.76439087857564,68.79595930331635,292,1158
14261,14104,241400878,241400878,14,14,1246.5545753225908,331.0,191.0,73.76439087857564,42.676787558104444,292,1170
14261,14504,241400878,200069532,14,14,1697.5503452802911,331.0,811.0,73.76439087857564,70.11106135254838,292,1324
14309,14039,200066710,200066710,14,14,1297.0937134788217,831.0,780.0,159.04035796860123,89.67817835118679,294,1140
14309,14100,200066710,200066710,14,14,4139.082399434284,831.0,1911.0,159.04035796860123,194.12395299852062,294,1167
14309,14160,200066710,200066710,14,14,692.9608370546256,831.0,181.0,159.04035796860123,24.01201653302476,294,1188
14334,14403,200069532,200069532,14,14,4558.1901686584115,317.0,744.0,54.1926990091669,60.231719604022445,296,1293
14371,14362,200069532,200069532,14,14,4180.85511525819,6158.0,157.0,33.559018480451435,15.401373828802212,298,1279
14371,14522,200069532,200069532,14,14,8062.949322561698,6158.0,389.0,33.559018480451435,34.238892046493525,298,1329
14371,14570,200069532,200069532,14,14,4727.530572143888,6158.0,2491.0,33.559018480451435,86.18314020279063,298,1350
14371,14582,200069532,200069532,14,14,6351.793768115881,6158.0,708.0,33.559018480451435,42.874682511934765,298,1355
14589,14039,200066710,200066710,14,14,2954.2022186074055,958.0,780.0,101.91376606413758,89.67817835118679,303,1140
14589,14455,200066710,200066710,14,14,3542.6793544842267,958.0,274.0,101.91376606413758,29.039435437165444,303,1308
14621,14570,200069532,200069532,14,14,7914.2885088907215,499.0,2491.0,42.859490477099406,86.18314020279063,304,1350
14635,14171,200066710,200066710,14,14,2886.299495506997,189.0,144.0,23.2773857069598,31.599362391478426,305,1194
14635,14226,200066710,200066710,14,14,3398.6722202398905,189.0,311.0,23.2773857069598,27.431418877813595,305,1219
14635,14656,200066710,200066710,14,14,2743.1926837932915,189.0,982.0,23.2773857069598,129.61498391150934,305,1377
14719,14039,200066710,200066710,14,14,1291.1838810637335,743.0,780.0,120.21806672008294,89.67817835118679,306,1140
14741,14656,200066710,200066710,14,14,221.56933899563438,121.0,982.0,34.10884278651079,129.61498391150934,307,1377
16050,16343,200070514,200070514,16,16,220.8645303888719,245.0,299.0,17.98507241256399,23.880320615072105,321,1471
16057,16340,200070514,200070514,16,16,3154.228325657904,325.0,1024.0,26.84415681053324,67.68107200316562,322,1469
16057,16343,200070514,200070514,16,16,3323.5804359612684,325.0,299.0,26.84415681053324,23.880320615072105,322,1471
16060,16349,200070514,200070514,16,16,6293.630440469511,444.0,500.0,28.39173986033314,27.16437607282147,323,1473
16297,16032,200070514,200070514,16,16,2897.381493653657,325.0,515.0,36.19825188624411,67.07966770346788,325,1422
16297,16340,200070514,200070514,16,16,4132.876710237894,325.0,1024.0,36.19825188624411,67.68107200316562,325,1469
16316,16012,200070514,200070514,16,16,3387.2238851030024,384.0,498.0,56.90794683277298,34.736028160409425,326,1418
16316,16171,200070514,200070514,16,16,2750.871347042463,384.0,651.0,56.90794683277298,44.69497387191789,326,1449
16316,16359,200070514,200070514,16,16,538.5455007578669,384.0,1011.0,56.90794683277298,46.578315648847855,326,1475
16316,16399,200070514,200070514,16,16,2309.855133097972,384.0,333.0,56.90794683277298,24.876429751843457,326,1483
16352,16032,200070514,200070514,16,16,3058.042616809971,226.0,515.0,60.28430560985376,67.07966770346788,327,1422
16352,16234,200070514,200070514,16,16,2958.9780061827914,226.0,686.0,60.28430560985376,39.86692929877583,327,1459
16402,16234,200070514,200070514,16,16,1174.42474340113,282.0,686.0,99.59660332676259,39.86692929877583,328,1459
17007,17009,200041614,200041499,17,17,2017.321008728006,316.0,1285.0,33.22347423312184,118.6662818059013,329,1489
17007,17057,200041614,200041614,17,17,2587.756789155723,316.0,916.0,33.22347423312184,60.20865015987548,329,1498
17007,17315,200041614,241700434,17,17,2263.0462315552745,316.0,1389.0,33.22347423312184,101.71492946989864,329,1576
17007,17466,200041614,241700434,17,17,420.12986433965506,316.0,2339.0,33.22347423312184,173.130812059137,329,1620
17007,17480,200041614,200041614,17,17,1672.300986633892,316.0,747.0,33.22347423312184,74.85481897540731,329,1623
17008,17208,200041499,200041499,17,17,5670.687705175659,2312.0,1058.0,80.60200463470875,80.60285271047448,330,1547
17008,17376,200041499,200041499,17,17,4560.726166393112,2312.0,2083.0,80.60200463470875,234.17827160746327,330,1592
17008,17472,200041499,200041499,17,17,4498.7130386209765,2312.0,2316.0,80.60200463470875,147.6119439136859,330,1622
17015,17230,241700640,241700640,17,17,6835.281779756239,730.0,3160.0,27.824774004581126,112.08592188724963,331,1553
17041,17057,200041499,200041614,17,17,3112.13793260998,1763.0,916.0,37.152019728455,60.20865015987548,333,1498
17080,17166,200041614,200041614,17,17,4915.568729135855,988.0,1328.0,52.955579388349605,97.09898173151385,337,1534
17080,17203,200041614,200041614,17,17,4548.277015865193,988.0,778.0,52.955579388349605,49.897432441437196,337,1544
17080,17480,200041614,200041614,17,17,3033.5916402213015,988.0,747.0,52.955579388349605,74.85481897540731,337,1623
17091,17153,200041499,241700434,17,17,97.4114738576753,2002.0,2103.0,57.088943773090136,275.38582745383684,338,1530
17091,17472,200041499,200041499,17,17,3776.2048265747503,2002.0,2316.0,57.088943773090136,147.6119439136859,338,1622
17115,17191,200036473,200036473,17,17,4137.089279786329,303.0,428.0,42.06560085505163,50.73965657187049,340,1540
17119,17097,241700640,241700640,17,17,5633.98856882363,1228.0,817.0,69.76974671972104,66.81135285063861,341,1512
17119,17393,241700640,241700640,17,17,1767.3267814037918,1228.0,1754.0,69.76974671972104,53.10879600265126,341,1596
17186,17057,200041499,200041614,17,17,2843.575065397822,975.0,916.0,127.26367216350148,60.20865015987548,349,1498
17218,17208,200041499,200041499,17,17,668.0568710404209,4500.0,1058.0,53.74042716844829,80.60285271047448,351,1547
17218,17267,200041499,200041499,17,17,3220.507112996205,4500.0,1228.0,53.74042716844829,74.61165163404083,351,1561
17242,17100,200036473,200036473,17,17,2010.3128356094755,875.0,1130.0,36.67630690221037,37.897592695437964,353,1513
17242,17128,200036473,200036473,17,17,586.4388568606721,875.0,701.0,36.67630690221037,54.94779683596359,353,1520
17242,17191,200036473,200036473,17,17,78.7695928992177,875.0,428.0,36.67630690221037,50.73965657187049,353,1540
17242,17400,200036473,200036473,17,17,3407.5748197910134,875.0,635.0,36.67630690221037,77.66442111585778,353,1598
17253,17018,200041762,200041614,17,17,4294.640564671027,1359.0,865.0,34.287894335347445,54.19702157187366,355,1491
17253,17107,200041762,200041614,17,17,1940.3846860262881,1359.0,1538.0,34.287894335347445,59.54224138781352,355,1515
17253,17203,200041762,200041614,17,17,2596.083281304376,1359.0,778.0,34.287894335347445,49.897432441437196,355,1544
17253,17205,200041762,200041762,17,17,5172.5961571659755,1359.0,386.0,34.287894335347445,31.100029029099055,355,1545
17253,17449,200041762,200041762,17,17,11312.46635861439,1359.0,8195.0,34.287894335347445,234.801362632114,355,1614
17293,17057,200041614,200041614,17,17,4789.908079982451,705.0,916.0,51.34584878140714,60.20865015987548,356,1498
17293,17480,200041614,200041614,17,17,353.121186384329,705.0,747.0,51.34584878140714,74.85481897540731,356,1623
17349,17267,200041499,200041499,17,17,4056.854337941188,3038.0,1228.0,73.11910469224726,74.61165163404083,360,1561
17396,17009,200041499,200041499,17,17,2035.0104864756977,1744.0,1285.0,90.74328975556581,118.6662818059013,364,1489
17396,17267,200041499,200041499,17,17,6000.7005034775575,1744.0,1228.0,90.74328975556581,74.61165163404083,364,1561
17425,17097,241700640,241700640,17,17,3520.536557219311,2479.0,817.0,99.57446523130837,66.81135285063861,365,1512
17425,17228,241700640,241700640,17,17,2920.446657671553,2479.0,3036.0,99.57446523130837,128.55130702848092,365,1552
17425,17230,241700640,241700640,17,17,5394.049436130053,2479.0,3160.0,99.57446523130837,112.08592188724963,365,1553
17425,17333,241700640,241700640,17,17,3158.5266055801417,2479.0,5170.0,99.57446523130837,315.355502290481,365,1581
17482,17057,200041614,200041614,17,17,2778.5169248546417,641.0,916.0,40.66239469912267,60.20865015987548,369,1498
18006,18218,241800507,241800507,18,18,1781.8541038982664,245.0,650.0,20.134006442076643,43.7345691611868,370,1650
18145,18176,200066330,200066330,18,18,9515.155986153426,1614.0,409.0,42.33389332283782,15.358365756797923,376,1641
18145,18189,200066330,200066330,18,18,6342.373940907834,1614.0,481.0,42.33389332283782,37.596732371006375,376,1644
18145,18253,200066330,200066330,18,18,2888.5039435064105,1614.0,461.0,42.33389332283782,32.86569277997509,376,1655
18145,18280,200066330,200066330,18,18,3929.9618900487862,1614.0,706.0,42.33389332283782,46.77950296378817,376,1659
18201,18008,241800457,241800507,18,18,7363.47184816502,768.0,487.0,52.775484064566676,26.457976826816715,380,1631
18201,18255,241800457,241800507,18,18,2498.2019797305215,768.0,979.0,52.775484064566676,47.7650391583728,380,1656
18207,18157,241800457,241800507,18,18,459.7151953638093,6419.0,790.0,285.9237844032604,53.67182280011021,381,1640
18207,18255,241800457,241800507,18,18,5564.681683843287,6419.0,979.0,285.9237844032604,47.7650391583728,381,1656
18279,18096,200090561,200090561,18,18,2007.7613920200597,25348.0,2069.0,339.58152737666893,127.22541860232165,388,1636
18285,18157,241800457,241800507,18,18,5620.479683189802,406.0,790.0,15.316341474097769,53.67182280011021,389,1640
19030,19124,200043172,200043172,19,19,5503.224003487691,967.0,1511.0,51.34610265150392,80.4890001864629,391,1672
19030,19289,200043172,200043172,19,19,2592.166367099338,967.0,687.0,51.34610265150392,35.02255946313907,391,1683
19066,19124,200043172,200043172,19,19,3276.216233034653,1726.0,1511.0,84.1757066190513,80.4890001864629,393,1672
19153,19005,200043172,200043172,19,19,4726.782920818031,3699.0,4019.0,385.9475104862297,103.56535287308506,398,1660
19161,19289,200043172,200043172,19,19,3107.6519032326346,442.0,687.0,23.412725146647063,35.02255946313907,399,1683
19182,19005,200043172,200043172,19,19,3914.3426609097264,764.0,4019.0,69.5448675754333,103.56535287308506,401,1660
19182,19289,200043172,200043172,19,19,4545.00143120319,764.0,687.0,69.5448675754333,35.02255946313907,401,1683
19288,19005,200043172,200043172,19,19,7771.508875241102,1237.0,4019.0,56.31500207813096,103.56535287308506,410,1660
21038,21074,200070902,200070902,21,21,2532.8542683418655,7602.0,250.0,187.7881109562607,64.60497094046039,413,1709
21038,39051,200070902,200010650,21,39,1366.864343303909,7602.0,432.0,187.7881109562607,69.27077668543612,413,5028
21038,39449,200070902,200010650,21,39,826.813619541254,7602.0,260.0,187.7881109562607,70.04386313593022,413,5167
21050,21037,200006682,200006682,21,21,2731.208727198301,209.0,295.0,20.157602364452753,26.853555301548496,414,1695
21050,21569,200006682,200006682,21,21,6484.472392433456,209.0,206.0,20.157602364452753,10.49450015836177,414,1855
21135,21079,200072825,200072825,21,21,3100.126284436438,312.0,127.0,23.423651245317206,16.73865264940871,415,1711
21135,21467,200072825,200072825,21,21,1005.2979985451688,312.0,124.0,23.423651245317206,20.719914016208573,415,1825
21138,21643,200070902,200070902,21,21,8267.767234216157,590.0,434.0,56.14024405504926,75.67129299561849,416,1880
21268,21074,200070902,200070902,21,21,2491.188964927786,199.0,250.0,24.993172348917188,64.60497094046039,419,1709
21268,39101,200070902,200010650,21,39,1757.0958528293356,199.0,1461.0,24.993172348917188,101.62956917359111,419,5043
21268,39501,200070902,200010650,21,39,1973.6002262517109,199.0,1143.0,24.993172348917188,152.99191628135605,419,5184
21337,21130,200070902,200000925,21,21,469.7193768018742,1367.0,405.0,40.4831493338141,65.37194588147523,423,1724
21337,21175,200070902,200070902,21,21,1405.3373669476,1367.0,183.0,40.4831493338141,21.096955513099818,423,1736
21337,21351,200070902,200000925,21,21,5364.582373516232,1367.0,1165.0,40.4831493338141,71.75685941296855,423,1792
21337,21624,200070902,200070902,21,21,1562.7409857561809,1367.0,142.0,40.4831493338141,27.86168332429659,423,1876
21376,21146,200070902,200072825,21,21,1604.2283855876885,100.0,120.0,22.056646017536927,18.275058673004626,426,1727
21376,21215,200070902,200072825,21,21,695.5912648802865,100.0,178.0,22.056646017536927,28.020891474874826,426,1752
21376,21256,200070902,200070902,21,21,1657.8378560750602,100.0,313.0,22.056646017536927,35.92226020739165,426,1767
21376,21644,200070902,200072825,21,21,3245.10563519919,100.0,168.0,22.056646017536927,32.86750326118348,426,1881
21437,21146,200070902,200072825,21,21,3719.431614490574,243.0,120.0,26.998623521358947,18.275058673004626,429,1727
21437,21167,200070902,200072825,21,21,913.9297929867641,243.0,117.0,26.998623521358947,13.243724878771715,429,1731
21522,21167,200072825,200072825,21,21,3344.7812769586035,470.0,117.0,32.73207814997668,13.243724878771715,435,1731
21522,21323,200072825,200072825,21,21,3364.4743952976446,470.0,148.0,32.73207814997668,21.298538644118338,435,1788
21522,21467,200072825,200072825,21,21,4937.392523476927,470.0,124.0,32.73207814997668,20.719914016208573,435,1825
21527,21037,200006682,200006682,21,21,1323.102477129397,279.0,295.0,19.999487738689332,26.853555301548496,436,1695
21527,21541,200006682,200006682,21,21,7528.066857314939,279.0,204.0,19.999487738689332,21.555160444410845,436,1847
21527,21582,200006682,200006682,21,21,1511.4832107613138,279.0,883.0,19.999487738689332,85.47852173040222,436,1857
21527,71174,200006682,200006682,21,71,2718.607434801566,279.0,167.0,19.999487738689332,32.558494586096664,436,10882
21556,21175,200070902,200070902,21,21,4300.491113567213,242.0,183.0,23.05326116387192,21.096955513099818,437,1736
21556,21256,200070902,200070902,21,21,4557.012472530765,242.0,313.0,23.05326116387192,35.92226020739165,437,1767
21571,21167,200070902,200072825,21,21,2223.787905608687,230.0,117.0,24.484695595109805,13.243724878771715,438,1731
21571,21323,200070902,200072825,21,21,2755.4524086039855,230.0,148.0,24.484695595109805,21.298538644118338,438,1788
21618,21323,200070902,200072825,21,21,4015.271790806703,548.0,148.0,24.864959099736236,21.298538644118338,441,1788
21699,21609,200070902,200070902,21,21,1363.7239243439717,1192.0,502.0,114.4662399437537,112.44153202244279,445,1869
21701,21074,200070902,200070902,21,21,2125.8405912582393,125.0,250.0,40.2486917099117,64.60497094046039,446,1709
22004,22018,200067981,200067981,22,22,1796.443453124951,4839.0,304.0,133.13022953665038,36.65712268529704,448,1907
22006,22101,200065928,200065928,22,22,1020.1057786272933,273.0,1152.0,81.73755191573235,61.564703855488105,449,1945
22032,22071,200068989,200068989,22,22,5571.6021116110705,2504.0,725.0,76.99323377126295,48.5074087661771,451,1928
22032,22239,200068989,200068989,22,22,2435.3812447226483,2504.0,1382.0,76.99323377126295,72.17117366271074,451,2022
22034,22030,200065928,200065928,22,22,5601.186904337021,1528.0,905.0,90.89027322488728,124.76032753908675,452,1912
22034,22101,200065928,200065928,22,22,1245.6211458587313,1528.0,1152.0,90.89027322488728,61.564703855488105,452,1945
22034,22257,200065928,200065928,22,22,1744.6367494032759,1528.0,404.0,90.89027322488728,50.62855652844715,452,2028
22034,22340,200065928,200065928,22,22,5846.535564186021,1528.0,1201.0,90.89027322488728,64.91033166145974,452,2074
22036,22071,200068989,200068989,22,22,4131.819863224218,211.0,725.0,26.173165760746432,48.5074087661771,453,1928
22036,35171,200068989,200038990,22,35,4999.516080274092,211.0,1837.0,26.173165760746432,51.97380265350694,453,4390
22041,22018,200065928,200067981,22,22,3144.851004564667,255.0,304.0,31.312736962046692,36.65712268529704,454,1907
22041,22269,200065928,200067981,22,22,1792.7749007004281,255.0,262.0,31.312736962046692,49.678030998760114,454,2036
22069,22071,200068989,200068989,22,22,5788.091606629993,217.0,725.0,28.62487487173096,48.5074087661771,456,1928
22069,22208,200068989,200068989,22,22,2423.8873454586214,217.0,1729.0,28.62487487173096,50.0682667928596,456,2002
22069,22239,200068989,200068989,22,22,1277.1789302580635,217.0,1382.0,28.62487487173096,72.17117366271074,456,2022
22069,22312,200068989,200068989,22,22,1657.481380057133,217.0,221.0,28.62487487173096,32.66567342760273,456,2060
22141,22101,200065928,200065928,22,22,4069.5267751336924,235.0,1152.0,81.84996453378167,61.564703855488105,458,1945
22164,22223,200067981,200067981,22,22,3342.84217123322,1874.0,2006.0,69.38203113155683,83.77198171509117,459,2012
22184,22079,200069391,200069391,22,22,8870.526001490716,1589.0,2320.0,39.771792477435824,55.173957162220525,460,1932
22184,22153,200069391,200069391,22,22,2402.7312033359135,1589.0,745.0,39.771792477435824,1548.8333044326405,460,1969
22184,22346,200069391,200069391,22,22,4233.76836580004,1589.0,886.0,39.771792477435824,55.45540516670956,460,2079
22203,22009,200069409,200069409,22,22,4517.6318099960745,4112.0,170.0,48.91746730441793,16.576961898578926,461,1901
22203,22079,200069409,200069391,22,22,4004.428509024963,4112.0,2320.0,48.91746730441793,55.173957162220525,461,1932
22203,22099,200069409,200069409,22,22,8340.64576179734,4112.0,1104.0,48.91746730441793,49.39289695450091,461,1944
22203,22171,200069409,200069409,22,22,10896.974874022782,4112.0,4540.0,48.91746730441793,164.99909463931675,461,1977
22203,22277,200069409,200069409,22,22,7961.532040617177,4112.0,2295.0,48.91746730441793,89.89903362302805,461,2041
22203,22281,200069409,200069409,22,22,2186.796607091721,4112.0,1532.0,48.91746730441793,115.77200378662276,461,2043
22245,22340,200065928,200065928,22,22,5718.697141428685,952.0,1201.0,40.337362842365444,64.91033166145974,463,2074
22254,22269,200065928,200067981,22,22,1868.0738652686903,1103.0,262.0,49.4929953261655,49.678030998760114,464,2036
22267,22185,200069391,200069391,22,22,3275.1042300935155,396.0,2487.0,24.63249464550526,39.8740706793894,465,1987
22310,22018,200067981,200067981,22,22,3484.561410159353,512.0,304.0,57.0909139968786,36.65712268529704,467,1907
22310,22091,200067981,200067981,22,22,2433.299105760891,512.0,433.0,57.0909139968786,70.19345389095885,467,1938
22310,22095,200067981,200067981,22,22,941.3914256683187,512.0,172.0,57.0909139968786,26.758522488398054,467,1940
22310,22223,200067981,200067981,22,22,1053.5763976085952,512.0,2006.0,57.0909139968786,83.77198171509117,467,2012
22337,22145,200069391,200068989,22,22,1379.0404059443863,1116.0,818.0,25.405255968187134,38.556320077030534,468,1966
22337,22185,200069391,200069391,22,22,6623.590735916571,1116.0,2487.0,25.405255968187134,39.8740706793894,468,1987
22348,22104,200069391,200068989,22,22,2994.1673231120403,502.0,553.0,44.32646147845232,63.437577014643736,469,1947
22348,22145,200069391,200068989,22,22,5179.72426545491,502.0,818.0,44.32646147845232,38.556320077030534,469,1966
22369,22145,200069391,200068989,22,22,6339.211331816001,797.0,818.0,53.56601991231493,38.556320077030534,470,1966
22391,22021,200068989,200068989,22,22,432.6312163800462,1113.0,1158.0,30.619094723282235,95.85467073556316,471,1909
22391,22104,200068989,200068989,22,22,2236.50975777235,1113.0,553.0,30.619094723282235,63.437577014643736,471,1947
22391,22239,200068989,200068989,22,22,8003.92829408412,1113.0,1382.0,30.619094723282235,72.17117366271074,471,2022
22391,22342,200068989,200068989,22,22,3962.923157412919,1113.0,435.0,30.619094723282235,38.90920433699898,471,2076
24051,24246,200070647,200070647,24,24,5323.727997714687,226.0,432.0,15.418382893785324,25.545183430826604,474,2130
24051,24413,200070647,200070647,24,24,4215.149278211295,226.0,286.0,15.418382893785324,20.391031529319818,474,2148
24104,24371,200040095,200040095,24,24,6375.054066085373,627.0,470.0,32.97890856408922,21.002824362696156,475,2145
24104,24372,200040095,200040095,24,24,831.7449628111738,627.0,5320.0,32.97890856408922,149.19552789038062,475,2146
24191,24413,200070647,200070647,24,24,3420.0287471503475,175.0,286.0,8.150345141784712,20.391031529319818,478,2148
24193,24148,200070647,200070647,24,24,3364.019798434828,459.0,305.0,32.53277788107684,50.39347559727914,479,2121
24193,24225,200070647,200070647,24,24,3522.490832809229,459.0,2741.0,32.53277788107684,132.84758077369784,479,2127
24193,24331,200070647,200070647,24,24,3133.570496058965,459.0,732.0,32.53277788107684,37.45719232058676,479,2139
24194,24225,200070647,200070647,24,24,4182.288944240698,1590.0,2741.0,191.01529058930657,132.84758077369784,480,2127
24205,24251,200040095,200040392,24,24,4694.966339519866,667.0,547.0,31.68749820308318,26.723175451240806,481,2131
24205,24295,200040095,200040095,24,24,2023.6906994576966,667.0,1194.0,31.68749820308318,57.51026113096549,481,2136
24205,24372,200040095,200040095,24,24,2739.04004868974,667.0,5320.0,31.68749820308318,149.19552789038062,481,2146
24205,24442,200040095,200040095,24,24,3164.979315226801,667.0,2051.0,31.68749820308318,141.3466531800341,481,2152
24213,24251,200040095,200040392,24,24,1680.1992787069812,176.0,547.0,22.729429711190736,26.723175451240806,482,2131
24276,24148,200070647,200070647,24,24,2195.191592373283,409.0,305.0,23.119652794833492,50.39347559727914,485,2121
24276,24549,200070647,200070647,24,24,6744.033561051895,409.0,462.0,23.119652794833492,22.605922332373922,485,2157
24309,24442,200040095,200040095,24,24,7151.8217373450425,3640.0,2051.0,140.81161511943688,141.3466531800341,487,2152
24418,24372,200040095,200040095,24,24,2820.4635794031933,920.0,5320.0,47.0180456742044,149.19552789038062,493,2146
24418,24442,200040095,200040095,24,24,2144.348662717819,920.0,2051.0,47.0180456742044,141.3466531800341,493,2152
24487,24222,200070647,200070647,24,24,6587.093963706307,1808.0,2658.0,68.98749699678194,170.81216261156894,497,2125
24487,24225,200070647,200070647,24,24,1892.3425202225687,1808.0,2741.0,68.98749699678194,132.84758077369784,497,2127
24487,24413,200070647,200070647,24,24,1927.9796517180444,1808.0,286.0,68.98749699678194,20.391031529319818,497,2148
26034,26129,200068781,200068781,26,26,3007.4969016995074,592.0,1065.0,69.49039987094932,105.19759177436835,508,2538
26034,26149,200068781,200068781,26,26,4115.068725797541,592.0,1029.0,69.49039987094932,55.94945948158232,508,2544
26034,38394,200068781,200070431,26,38,419.14891077153436,592.0,1865.0,69.49039987094932,114.03347962005292,508,4886
26034,38410,200068781,200070431,26,38,899.6689572889854,592.0,1442.0,69.49039987094932,79.35805814105133,508,4896
26083,26010,200040491,200040491,26,26,3651.716669472643,1817.0,4136.0,99.32042322723711,113.19163822182377,509,2494
26083,26330,200040491,200040491,26,26,4250.7932213984195,1817.0,2241.0,99.32042322723711,84.88103609306388,509,2592
26148,26213,200040491,200040491,26,26,2444.303241753108,1887.0,687.0,61.42651769012952,80.61212339399702,511,2564
26148,26330,200040491,200040491,26,26,2312.5519275599154,1887.0,2241.0,61.42651769012952,84.88103609306388,511,2592
26155,26118,200040491,200040491,26,26,2988.9213305653248,1199.0,1523.0,104.37807569943712,133.04776395305507,512,2534
26155,26172,200040491,200040491,26,26,4303.182518254506,1199.0,670.0,104.37807569943712,98.27878962879281,512,2552
26155,38198,200040491,200085751,26,38,3266.6127178145475,1199.0,1130.0,104.37807569943712,176.48841595034037,512,4766
26162,26172,200040491,200040491,26,26,5234.694127387625,886.0,670.0,53.9676145909638,98.27878962879281,513,2552
26162,26213,200040491,200040491,26,26,1748.1133863455098,886.0,687.0,53.9676145909638,80.61212339399702,513,2564
26293,26028,200040491,200073096,26,26,1741.231900012489,323.0,224.0,36.03276673144596,38.99183381208564,514,2497
26293,26094,200040491,200040491,26,26,1762.3111142667515,323.0,904.0,36.03276673144596,55.61340119461278,514,2525
26293,26259,200040491,200040491,26,26,5046.088418094372,323.0,272.0,36.03276673144596,29.88866559805661,514,2574
26298,26107,200068781,200068781,26,26,880.8464485953875,420.0,528.0,36.41612202403233,45.81609397651367,515,2531
26298,26194,200068781,200073096,26,26,3840.9010457260006,420.0,596.0,36.41612202403233,36.13355899000287,515,2559
26349,26028,200040491,200073096,26,26,891.6782220414065,359.0,224.0,37.48603738842046,38.99183381208564,517,2497
26349,26194,200040491,200073096,26,26,3999.4068573631407,359.0,596.0,37.48603738842046,36.13355899000287,517,2559
27040,27217,200066413,242700607,27,27,2128.9966875048012,448.0,550.0,32.133195887784716,50.859029865558576,524,2726
27043,27242,200066462,242700276,27,27,1012.2541812831175,677.0,1007.0,19.774779311676006,30.143217350978826,525,2742
27052,27468,200066413,200065787,27,27,4744.729784360617,390.0,576.0,40.886458548455984,169.22408622980225,528,2867
27063,27162,200066413,242700276,27,27,793.4967385859994,260.0,242.0,29.94938136041276,30.341638687213486,532,2690
27063,27217,200066413,242700607,27,27,1878.146828032865,260.0,550.0,29.94938136041276,50.859029865558576,532,2726
27063,27235,200066413,242700276,27,27,2954.1047056320813,260.0,160.0,29.94938136041276,33.960649635815386,532,2738
27063,27374,200066413,242700276,27,27,2282.975300041367,260.0,514.0,29.94938136041276,47.70193313683452,532,2815
27063,27640,200066413,242700276,27,27,3457.585252875088,260.0,194.0,29.94938136041276,37.472403303340954,532,2955
27115,27002,200066462,200071454,27,27,4663.880329280277,334.0,466.0,46.32843884128617,50.294588427706934,543,2611
27115,27206,200066462,200071454,27,27,3628.2424960546814,334.0,460.0,46.32843884128617,25.992685232356028,543,2720
27116,27028,200066413,200065787,27,27,1737.3462179159756,4219.0,337.0,249.939539536831,113.97423518113754,544,2632
27116,27468,200066413,200065787,27,27,267.07654692867675,4219.0,576.0,249.939539536831,169.22408622980225,544,2867
27164,27217,200066413,242700607,27,27,4235.040779776744,820.0,550.0,50.5295633367824,50.859029865558576,551,2726
27164,27224,200066413,242700607,27,27,3331.7291160363598,820.0,450.0,50.5295633367824,58.05417490110528,551,2729
27164,27524,200066413,242700607,27,27,1984.0259501469905,820.0,866.0,50.5295633367824,79.8278786868208,551,2895
27164,27641,200066413,242700607,27,27,283.82382266052156,820.0,264.0,50.5295633367824,45.41074973334279,551,2956
27164,27658,200066413,242700607,27,27,1715.4465036921486,820.0,376.0,50.5295633367824,69.58547559924448,551,2964
27210,27224,200066413,242700607,27,27,2469.3607839660604,455.0,450.0,61.499632269793466,58.05417490110528,555,2729
27210,27695,200066413,242700607,27,27,494.05295697290995,455.0,249.0,61.499632269793466,51.79882437225733,555,2988
27258,27561,200066017,200066827,27,27,261.05312250614116,518.0,655.0,55.75694445273686,117.40552668761508,557,2915
27258,27662,200066017,200065787,27,27,5433.549333156347,518.0,343.0,55.75694445273686,35.871143513623224,557,2967
27311,27576,200066413,242700607,27,27,2280.435116949394,1090.0,644.0,71.45911250499512,78.68450346565969,561,2922
27345,27240,200066413,242700276,27,27,279.99021679980757,206.0,211.0,47.745759922696955,844.4533932405417,566,2740
27345,27618,200066413,242700276,27,27,4698.5982224929685,206.0,463.0,47.745759922696955,31.217782574871936,566,2945
27361,14555,200066017,241400878,27,14,3973.838412109437,396.0,451.0,49.771436161538126,45.703466907927435,568,1341
27361,27065,200066017,200066827,27,27,2766.268256931424,396.0,4689.0,49.771436161538126,200.8955431802966,568,2645
27371,27028,200066413,200065787,27,27,574.134575471905,163.0,337.0,41.294269342380474,113.97423518113754,570,2632
27371,27267,200066413,200065787,27,27,2790.6939992977505,163.0,340.0,41.294269342380474,41.608039955596354,570,2752
27380,27083,200066413,200065787,27,27,5462.638052979132,266.0,263.0,37.12699257622131,34.899299201949894,571,2654
27380,27631,200066413,200065787,27,27,1558.313958146747,266.0,370.0,37.12699257622131,101.43353701864693,571,2951
27393,27662,200066017,200065787,27,27,83.58951032284472,499.0,343.0,55.856200730893924,35.871143513623224,574,2967
27432,27219,200066413,242700607,27,27,132.1753795470611,710.0,530.0,48.64008522122515,121.42447173299887,579,2727
27432,27576,200066413,242700607,27,27,2583.2074410184637,710.0,644.0,48.64008522122515,78.68450346565969,579,2922
27466,27217,200066413,242700607,27,27,1231.2455561776464,344.0,550.0,30.064638876550156,50.859029865558576,585,2726
27492,27162,200066413,242700276,27,27,3157.5927656971207,321.0,242.0,26.859294965852964,30.341638687213486,587,2690
27492,27618,200066413,242700276,27,27,2058.870477833256,321.0,463.0,26.859294965852964,31.217782574871936,587,2945
27498,27576,200066413,242700607,27,27,3442.046368345874,365.0,644.0,87.82987737783154,78.68450346565969,588,2922
27498,27695,200066413,242700607,27,27,4635.303301849551,365.0,249.0,87.82987737783154,51.79882437225733,588,2988
27536,27531,200066413,200066405,27,27,3851.213374623517,543.0,205.0,73.92206514885406,52.49310708786179,593,2899
27536,27586,200066413,200066405,27,27,856.3215459186089,543.0,173.0,73.92206514885406,56.453443354647376,593,2927
27592,27028,200066413,200065787,27,27,3240.528502116716,243.0,337.0,35.22299814314509,113.97423518113754,598,2632
27630,27576,200066413,242700607,27,27,598.4809521056011,323.0,644.0,36.51858043494517,78.68450346565969,603,2922
27646,27065,200066017,200066827,27,27,5379.215789992096,451.0,4689.0,68.04220636777099,200.8955431802966,605,2645
27646,27100,200066017,200066827,27,27,1357.3367654417532,451.0,1209.0,68.04220636777099,168.49629483764113,605,2658
27646,27561,200066017,200066827,27,27,2689.313172898766,451.0,655.0,68.04220636777099,117.40552668761508,605,2915
27671,27606,200066017,200065787,27,27,1619.2277513389731,163.0,476.0,33.142383356095216,124.41748701999322,607,2938
27671,27662,200066017,200065787,27,27,2781.0474947904763,163.0,343.0,33.142383356095216,35.871143513623224,607,2967
27693,27436,200066462,242700276,27,27,584.9365317039349,1293.0,435.0,54.09248561456625,42.90684739111301,608,2853
27693,27464,200066462,200071454,27,27,2976.9850144796883,1293.0,910.0,54.09248561456625,110.5117151900892,608,2865
27693,27678,200066462,200071454,27,27,9419.74926328883,1293.0,1045.0,54.09248561456625,50.65795597559227,608,2977
28037,27002,200040277,200071454,28,27,4468.933656825229,341.0,466.0,25.815207806805496,50.294588427706934,610,2611
28037,28124,200040277,200040277,28,28,947.2584263347059,341.0,755.0,25.815207806805496,41.145871302680106,610,3057
29002,29136,242900694,242900694,29,29,6042.262191516159,1419.0,1169.0,41.82880199438805,69.37664355350618,620,3307
29002,29234,242900694,242900694,29,29,6576.732684529879,1419.0,2955.0,41.82880199438805,119.86041532948839,620,3372
29002,29297,242900694,242900694,29,29,2646.402414593813,1419.0,2353.0,41.82880199438805,152.77171072935008,620,3418
29002,56040,242900694,200042174,29,56,2767.9205319097778,1419.0,3348.0,41.82880199438805,103.04399874567756,620,6831
29002,56179,242900694,200042174,29,56,5298.6156779883495,1419.0,3965.0,41.82880199438805,168.896251094906,620,6896
29004,29147,242900694,242900694,29,29,3579.323166046191,5713.0,3329.0,73.30955758129828,125.65336003769546,621,3312
29004,29217,242900694,242900769,29,29,2860.658184291245,5713.0,2813.0,73.30955758129828,98.39009984460453,621,3364
29004,29236,242900694,242900694,29,29,4044.0776403015047,5713.0,4307.0,73.30955758129828,78.92922218964559,621,3374
29004,29241,242900694,242900769,29,29,11191.468359706634,5713.0,7609.0,73.30955758129828,132.52586636604724,621,3379
29004,29300,242900694,242900694,29,29,10816.986227829659,5713.0,1609.0,73.30955758129828,77.15204523208509,621,3421
29008,29003,242900629,242900629,29,29,2424.449092483923,1012.0,3697.0,28.99780698717665,198.57192773418652,622,3215
29008,29063,242900629,242900629,29,29,5032.254490614649,1012.0,434.0,28.99780698717665,33.763736519029,622,3251
29008,29226,242900629,242900645,29,29,2663.1252364267793,1012.0,1472.0,28.99780698717665,48.22625387270306,622,3369
29014,29114,242900835,242900835,29,29,8678.074444080044,429.0,344.0,16.797520272716394,21.108528076500193,623,3293
29071,29136,242900694,242900694,29,29,3507.5523504172875,797.0,1169.0,34.66521509926707,69.37664355350618,625,3307
29143,29070,242900629,242900710,29,29,6976.36683673036,994.0,523.0,46.839265455759545,46.072184700747904,626,3257
29143,29197,242900629,242900629,29,29,6184.250355954435,994.0,3932.0,46.839265455759545,138.713693182299,626,3349
29143,29215,242900629,242900710,29,29,4399.209571786513,994.0,2940.0,46.839265455759545,106.46505037956763,626,3362
29143,29224,242900629,242900645,29,29,2759.0341174848345,994.0,1214.0,46.839265455759545,49.797253149916024,626,3367
29143,29226,242900629,242900645,29,29,6383.1092475770465,994.0,1472.0,46.839265455759545,48.22625387270306,626,3369
29145,29226,242900629,242900645,29,29,7582.794764501866,866.0,1472.0,58.45272924018092,48.22625387270306,627,3369
29183,22366,242900835,200065928,29,22,4433.009019619468,718.0,404.0,48.075432447188504,33.94146056650282,628,2092
29218,29003,242900629,242900629,29,29,2304.622093347511,1600.0,3697.0,188.33895785235248,198.57192773418652,629,3215
29218,29197,242900629,242900629,29,29,4553.254901625616,1600.0,3932.0,188.33895785235248,138.713693182299,629,3349
29229,29106,200068120,200068120,29,29,3099.2494930671305,1111.0,1861.0,39.64205848751534,90.8750224774014,630,3285
29229,29134,200068120,200068120,29,29,2593.838223176397,1111.0,784.0,39.64205848751534,98.0430758141651,630,3305
29229,29169,200068120,200068120,29,29,7586.782935363191,1111.0,3210.0,39.64205848751534,59.78250986856568,630,3326
29230,29136,242900694,242900694,29,29,7270.816567803988,1655.0,1169.0,30.490232099111825,69.37664355350618,631,3307
29230,29147,242900694,242900694,29,29,3739.6338336654862,1655.0,3329.0,30.490232099111825,125.65336003769546,631,3312
29230,29297,242900694,242900694,29,29,4190.760382732308,1655.0,2353.0,30.490232099111825,152.77171072935008,631,3418
29269,29147,242900694,242900694,29,29,2213.0400505110097,1016.0,3329.0,47.485955515472064,125.65336003769546,632,3312
29274,29241,242900694,242900769,29,29,9800.055070370247,5223.0,7609.0,44.36239632852562,132.52586636604724,633,3379
29274,29281,242900694,242900769,29,29,8802.853850617203,5223.0,1007.0,44.36239632852562,50.77642034179415,633,3405
29302,29053,200066868,200066868,29,29,6459.035825744926,3595.0,1832.0,85.57844087847103,152.72932961666032,634,3243
29302,29078,200066868,242900801,29,29,1346.4850747135508,3595.0,2035.0,85.57844087847103,34.19693961932301,634,3263
29302,29240,200066868,200066868,29,29,8109.58698953297,3595.0,974.0,85.57844087847103,28.421680910920326,634,3378
2B042,2B037,200036499,200036499,2B,2B,7564.256101946301,9678.0,7654.0,200.21234340878257,285.6806138599062,635,3446
30013,30346,200034379,243000684,30,30,4985.540496688151,448.0,1773.0,66.49243768647769,92.57306600269968,638,3624
30085,30057,243000684,243000643,30,30,4186.076826040916,1064.0,1746.0,50.365145242924804,117.64860504579065,640,3474
30085,30145,243000684,243000643,30,30,3179.8302625508795,1064.0,1658.0,50.365145242924804,85.62787450407482,640,3518
30085,30346,243000684,243000684,30,30,2709.676395493948,1064.0,1773.0,50.365145242924804,92.57306600269968,640,3624
30117,30032,243000585,243000585,30,30,6453.990198373386,2719.0,15680.0,70.99551263905464,181.26924312768134,641,3464
30117,30034,243000585,243000585,30,30,8714.428975897219,2719.0,7740.0,70.99551263905464,171.42762685870844,641,3466
30117,30258,243000585,243000643,30,30,2459.3866352602317,2719.0,14264.0,70.99551263905464,93.67785142250489,641,3579
30124,30005,200034692,200034692,30,30,3367.2875771893723,234.0,213.0,21.100715504907026,10.604954770954649,642,3453
30124,30143,200034692,200034692,30,30,4222.641937636305,234.0,213.0,21.100715504907026,20.32268371946602,642,3516
30137,30323,200066918,200066918,30,30,2485.9085490468196,138.0,121.0,15.54672227669808,10.854786206262558,644,3612
30142,30159,200066918,200066918,30,30,4012.387810390707,1096.0,759.0,61.93008248074086,73.07296353640784,645,3525
30142,30253,200066918,200066918,30,30,1329.5316401641192,1096.0,1188.0,61.93008248074086,127.78951096868998,645,3574
30142,30274,200066918,200066918,30,30,6127.485466000458,1096.0,3436.0,61.93008248074086,243.64882178224013,645,3589
30142,30284,200066918,200066918,30,30,3081.71373774958,1096.0,4603.0,61.93008248074086,343.5812588424131,645,3594
30175,30230,200034692,200034692,30,30,4868.0585374942475,181.0,591.0,8.235817099234708,48.44185483084687,646,3562
30269,30168,200066918,200066918,30,30,9980.6366745085,2480.0,626.0,59.64396838151283,20.241132583335038,648,3531
30307,30077,200066918,200066918,30,30,2736.963861219555,2455.0,1626.0,116.1626132498491,124.96361516430454,649,3483
30307,30284,200066918,200066918,30,30,2373.9204717658063,2455.0,4603.0,116.1626132498491,343.5812588424131,649,3594
30307,30323,200066918,200066918,30,30,5037.719009602885,2455.0,121.0,116.1626132498491,10.854786206262558,649,3612
31027,31052,200068807,200068807,31,31,3535.994589525215,196.0,1620.0,21.461055281438583,61.194774302339326,650,3648
31027,31264,200068807,200068807,31,31,1901.7342373026308,196.0,561.0,21.461055281438583,64.62543548593099,650,3724
31027,31345,200068807,200068807,31,31,4731.7552025290815,196.0,2744.0,21.461055281438583,121.417928000175,650,3751
31107,31104,200066819,200066819,31,31,331.91546760180887,5737.0,664.0,214.35295992534097,96.55991118037794,653,3671
31107,31303,200066819,200066819,31,31,3547.3504605459448,5737.0,3280.0,214.35295992534097,152.43042963839926,653,3740
31320,31104,200066819,200066819,31,31,5631.381719038716,956.0,664.0,50.802186959686715,96.55991118037794,666,3671
31359,31283,200068815,200068815,31,31,1724.8335301269944,64.0,254.0,11.108177887890331,14.276296463336632,670,3731
31359,31520,200068815,200068815,31,31,3569.8414972933974,64.0,111.0,11.108177887890331,22.204597151191237,670,3828
31361,31052,200066819,200068807,31,31,3938.9054754140043,536.0,1620.0,29.853228813318264,61.194774302339326,671,3648
31361,31104,200066819,200066819,31,31,4782.820825296833,536.0,664.0,29.853228813318264,96.55991118037794,671,3671
31361,31334,200066819,200066819,31,31,3232.0677470017317,536.0,1335.0,29.853228813318264,145.16416583255545,671,3746
31361,31399,200066819,200066819,31,31,3773.411004021082,536.0,2949.0,29.853228813318264,301.2805831365433,671,3771
31416,31071,200066819,200066819,31,31,2747.4043649620603,653.0,453.0,101.81748912719071,60.79062785889073,676,3657
31416,31303,200066819,200066819,31,31,1385.002802140512,653.0,3280.0,101.81748912719071,152.43042963839926,676,3740
31517,31264,200066819,200068807,31,31,2219.8113998261647,2298.0,561.0,163.31083681158975,64.62543548593099,682,3724
32016,31075,200023620,200068641,32,31,3345.8065889243303,678.0,1252.0,31.327518106763964,122.62280741149664,686,3660
32016,31166,200023620,200068641,32,31,5978.8839416627025,678.0,292.0,31.327518106763964,63.97834144731508,686,3688
32016,31518,200023620,200068641,32,31,836.1567267424535,678.0,600.0,31.327518106763964,42.43762984716591,686,3826
32160,31339,200023620,243100781,32,31,2311.606837628117,9324.0,485.0,131.46453656601807,49.73842159797921,694,3748
32160,31496,200023620,243100781,32,31,5123.715623582371,9324.0,257.0,131.46453656601807,41.34094993767029,694,3815
32210,31075,200023620,200068641,32,31,3874.51990388163,761.0,1252.0,70.03646747798217,122.62280741149664,695,3660
32334,31291,200023620,243100781,32,31,5376.293358813685,1657.0,9474.0,93.61724074456075,384.71888691996367,700,3736
32334,31339,200023620,243100781,32,31,3643.9813335877516,1657.0,485.0,93.61724074456075,49.73842159797921,700,3748
32425,31339,200023620,243100781,32,31,2076.3990101559316,1151.0,485.0,217.93104371218678,49.73842159797921,702,3748
32425,31496,200023620,243100781,32,31,2429.436956195449,1151.0,257.0,217.93104371218678,41.34094993767029,702,3815
33001,33014,200070092,200035533,33,33,782.6833266212722,2013.0,1114.0,149.8768015697692,109.33238255550326,703,3866
33001,33261,200070092,200035533,33,33,1688.6229749142997,2013.0,1184.0,149.8768015697692,50.78337982166949,703,3975
33001,33362,200070092,200070092,33,33,3331.8425749577145,2013.0,1310.0,149.8768015697692,110.97995028071942,703,4014
33001,33393,200070092,200070092,33,33,3748.366657376729,2013.0,5816.0,149.8768015697692,208.13236993586227,703,4028
33088,33332,200070092,200070092,33,33,1252.9616278307976,619.0,864.0,203.6162094114212,65.18710368642516,704,4002
33088,33478,200070092,200070092,33,33,1363.271955482189,619.0,3151.0,203.6162094114212,354.0107730454366,704,4064
33138,33198,200070092,200070092,33,33,3424.094320341255,8669.0,1622.0,256.8813996105857,327.4153944909256,707,3946
33138,33332,200070092,200070092,33,33,2013.5953065935971,8669.0,864.0,256.8813996105857,65.18710368642516,707,4002
33138,33362,200070092,200070092,33,33,1597.4213537513954,8669.0,1310.0,256.8813996105857,110.97995028071942,707,4014
33151,33473,243301181,243301181,33,33,5036.793206503942,927.0,3347.0,25.429201670440065,98.97168905281791,708,4061
33166,33332,200070092,200070092,33,33,4355.050885937422,497.0,864.0,34.02977860332318,65.18710368642516,711,4002
33173,33347,200035533,200070092,33,33,1253.3454943103804,182.0,308.0,27.644435500419387,39.96132845946758,712,4010
33173,33386,200035533,200035533,33,33,3553.5717924644623,182.0,192.0,27.644435500419387,54.46373106513673,712,4024
33218,33034,200070092,200070092,33,33,6704.157177589698,1616.0,458.0,57.192704807019695,38.82448379762582,713,3877
33218,33198,200070092,200070092,33,33,1105.3123582397166,1616.0,1622.0,57.192704807019695,327.4153944909256,713,3946
33320,33261,200035533,200035533,33,33,7189.141255036881,731.0,1184.0,51.373330818035484,50.78337982166949,718,3975
33320,33347,200035533,200070092,33,33,1607.694247164753,731.0,308.0,51.373330818035484,39.96132845946758,718,4010
33385,33332,200070092,200070092,33,33,3707.379056429115,611.0,864.0,16.928781426556355,65.18710368642516,725,4002
33385,33373,200070092,200070092,33,33,5473.087242616573,611.0,580.0,16.928781426556355,55.65704495906593,725,4019
33447,33261,200070092,200035533,33,33,2016.8306794977545,2389.0,1184.0,231.31531634118664,50.78337982166949,727,3975
33472,33347,200070092,200070092,33,33,1924.5453649864169,366.0,308.0,66.3712096150011,39.96132845946758,730,4010
33472,33478,200070092,200070092,33,33,1821.6572795987845,366.0,3151.0,66.3712096150011,354.0107730454366,730,4064
33526,33261,200035533,200035533,33,33,732.4898891135176,129.0,1184.0,17.96587177529869,50.78337982166949,731,3975
33526,33342,200035533,200035533,33,33,255.18870693942776,129.0,815.0,17.96587177529869,46.82516623298746,731,4008
33526,33347,200035533,200070092,33,33,1234.5324344985738,129.0,308.0,17.96587177529869,39.96132845946758,731,4010
33526,33386,200035533,200035533,33,33,2244.1359858984974,129.0,192.0,17.96587177529869,54.46373106513673,731,4024
34010,34035,243400694,243400694,34,34,6369.774664840066,2943.0,1038.0,96.95550586367762,42.431721330016124,732,4118
34016,34035,243400694,243400694,34,34,2636.9132347824516,557.0,1038.0,9.547257885062589,42.431721330016124,733,4118
34016,34088,243400694,243400017,34,34,3575.3703016672457,557.0,6654.0,9.547257885062589,230.65684175249385,733,4143
34016,34165,243400694,200066355,34,34,6457.995323829019,557.0,2928.0,9.547257885062589,136.22591391585578,733,4187
34016,34204,243400694,243400694,34,34,1748.1275990563831,557.0,1545.0,9.547257885062589,258.8729027639049,733,4210
34016,34281,243400694,243400694,34,34,7636.419010705132,557.0,2378.0,9.547257885062589,99.3417340457933,733,4243
34016,34282,243400694,243400694,34,34,4148.348784232447,557.0,1342.0,9.547257885062589,104.70022464184541,733,4244
34016,34328,243400694,243400694,34,34,9807.859193317217,557.0,1151.0,9.547257885062589,67.90149480160939,733,4271
34016,34341,243400694,200066355,34,34,1972.1532110960459,557.0,3934.0,9.547257885062589,105.52016576393304,733,4279
34060,34012,200022986,243400694,34,34,6162.75735420972,429.0,970.0,9.47125846365954,19.16103947664167,734,4105
34066,34153,200022986,200022986,34,34,4958.590210156524,229.0,2047.0,14.100993746064432,121.39911430388294,735,4178
34066,34266,200022986,200022986,34,34,4740.199678630519,229.0,525.0,14.100993746064432,57.67047489886949,735,4237
34104,34168,200071058,200071058,34,34,3805.6200383877917,128.0,75.0,19.499502782180844,5.160025929274767,736,4189
34114,34035,243400694,243400694,34,34,2849.9560679601063,6650.0,1038.0,222.44775317934892,42.431721330016124,737,4118
34114,34125,243400694,243400694,34,34,1122.985587181584,6650.0,110.0,222.44775317934892,24.36574547830912,737,4160
34114,34239,243400694,243400694,34,34,4885.16689539986,6650.0,6344.0,222.44775317934892,322.7979883531046,737,4222
34208,34210,243400694,243400694,34,34,1785.3041337954598,355.0,2099.0,60.368205608420055,150.5879573236999,741,4213
34215,34051,243400694,243400355,34,34,816.0305312153052,957.0,3570.0,322.30313016041265,487.3257904430891,742,4126
34215,34210,243400694,243400694,34,34,2171.781280910139,957.0,2099.0,322.30313016041265,150.5879573236999,742,4213
34215,34239,243400694,243400694,34,34,2271.1535019231956,957.0,6344.0,322.30313016041265,322.7979883531046,742,4222
34221,34012,243400694,243400694,34,34,9476.971090213103,504.0,970.0,16.02441091985843,19.16103947664167,743,4105
34221,34035,243400694,243400694,34,34,957.9570055928672,504.0,1038.0,16.02441091985843,42.431721330016124,743,4118
34234,34105,200071058,200071058,34,34,79.80063566425856,102.0,249.0,11.222648356677553,45.87064271867026,744,4149
34234,34109,200071058,200071058,34,34,2603.8317012333846,102.0,843.0,11.222648356677553,52.39569613039684,744,4151
34234,34168,200071058,200071058,34,34,1225.5393676787837,102.0,75.0,11.222648356677553,5.160025929274767,744,4189
34241,34210,243400694,243400694,34,34,2460.013142161705,922.0,2099.0,107.10517772951447,150.5879573236999,747,4213
34241,34328,243400694,243400694,34,34,2897.829973672275,922.0,1151.0,107.10517772951447,67.90149480160939,747,4271
34261,34173,243400694,243400694,34,34,3160.310592253818,244.0,1386.0,6.317173998394075,61.39986129798375,748,4191
34267,34125,243400694,243400694,34,34,4014.584381923297,1741.0,110.0,123.00394469808347,24.36574547830912,750,4160
34267,34173,243400694,243400694,34,34,5138.628924778561,1741.0,1386.0,123.00394469808347,61.39986129798375,750,4191
34274,34012,200022986,243400694,34,34,4434.774378487721,2759.0,970.0,71.56974866021305,19.16103947664167,751,4105
34342,34012,200022986,243400694,34,34,3036.900786592524,215.0,970.0,13.28779611551036,19.16103947664167,752,4105
34342,34153,200022986,200022986,34,34,1718.305334694916,215.0,2047.0,13.28779611551036,121.39911430388294,752,4178
34342,34177,200022986,200022986,34,34,3030.1502279305428,215.0,352.0,13.28779611551036,14.768845608378065,752,4194
34343,34012,200022986,243400694,34,34,18773.238633142395,1226.0,970.0,72.74540674445436,19.16103947664167,753,4105
35014,35161,200039022,200039022,35,35,5465.559595658579,2488.0,1887.0,70.71793366016863,120.12531476120077,756,4386
35014,35198,200039022,200039022,35,35,6659.0615722468965,2488.0,714.0,70.71793366016863,46.43804172965682,756,4409
35014,35338,200039022,200039022,35,35,1580.5862672916462,2488.0,1241.0,70.71793366016863,86.86513034115646,756,4497
35014,35350,200039022,200039022,35,35,5031.975843021995,2488.0,805.0,70.71793366016863,71.99697313132337,756,4503
35018,35142,200072452,200072452,35,35,10149.641339510124,1065.0,1201.0,42.43696095882294,42.502703308806744,757,4374
35029,35009,243500733,200070670,35,35,8093.771130070753,1527.0,1698.0,63.2601162755122,69.69608446444319,758,4286
35029,35104,243500733,200070670,35,35,5609.948708337372,1527.0,1417.0,63.2601162755122,57.937842243184484,758,4345
35029,35362,243500733,243500782,35,35,4313.15943872392,1527.0,1204.0,63.2601162755122,105.52419546540958,758,4512
35035,35016,200043990,200043990,35,35,3602.2872227605335,593.0,2197.0,40.414349578438504,87.1955397323547,759,4291
35035,35169,200043990,243500618,35,35,2781.8324403561096,593.0,1465.0,40.414349578438504,36.55185129617919,759,4388
35044,35034,200070670,200070670,35,35,4085.302403423142,401.0,1228.0,31.107569518605864,56.069002631960835,760,4305
35044,35104,200070670,200070670,35,35,4269.35996094557,401.0,1417.0,31.107569518605864,57.937842243184484,760,4345
35056,35226,243500733,243500733,35,35,457.28055761055606,822.0,2018.0,127.54207284166596,81.36931517263771,763,4428
35056,35233,243500733,243500733,35,35,6865.272325018811,822.0,1593.0,127.54207284166596,76.4262870678212,763,4434
35056,35265,243500733,243500733,35,35,2535.874223498327,822.0,2553.0,127.54207284166596,162.09377065725934,763,4454
35057,35016,200043990,200043990,35,35,2131.494149302691,1517.0,2197.0,73.28166155137842,87.1955397323547,764,4291
35057,35127,200043990,200043990,35,35,9622.322215687562,1517.0,4081.0,73.28166155137842,76.81937799708436,764,4361
35082,35089,243500634,200070662,35,35,1501.149682071577,1443.0,446.0,60.74375530071412,37.52615459775464,766,4337
35085,35233,243500733,243500733,35,35,3048.550361433526,6203.0,1593.0,97.00606087825393,76.4262870678212,768,4434
35092,35104,243500733,200070670,35,35,876.8675675687523,829.0,1417.0,34.757959814767425,57.937842243184484,770,4345
35094,35110,243500733,243500667,35,35,8312.43514405963,1676.0,1057.0,31.319042837325334,52.06623362316973,771,4351
35094,35128,243500733,243500667,35,35,7604.10152903048,1676.0,1732.0,31.319042837325334,67.95905569304018,771,4362
35094,35130,243500733,243500733,35,35,5545.966546743187,1676.0,2278.0,31.319042837325334,154.45220848173904,771,4363
35094,35195,243500733,243500667,35,35,4153.82439823142,1676.0,2418.0,31.319042837325334,158.35558732496173,771,4406
35094,35233,243500733,243500733,35,35,2785.8349264946555,1676.0,1593.0,31.319042837325334,76.4262870678212,771,4434
35094,35337,243500733,243500733,35,35,3072.2534827835284,1676.0,3851.0,31.319042837325334,164.05555455225678,771,4496
35097,35006,200039022,200039022,35,35,2515.456256465325,2021.0,4549.0,60.30281591601381,110.37555874557897,772,4284
35097,35109,200039022,200039022,35,35,2274.787191433137,2021.0,2640.0,60.30281591601381,94.61833953906206,772,4350
35097,35272,200039022,200039022,35,35,2273.517963180083,2021.0,987.0,60.30281591601381,87.4866165026158,772,4456
35097,35350,200039022,200039022,35,35,5113.762289091342,2021.0,805.0,60.30281591601381,71.99697313132337,772,4503
35119,35006,200039022,200039022,35,35,3373.815174615963,941.0,4549.0,50.64066652164355,110.37555874557897,778,4284
35119,35042,200039022,200039022,35,35,7604.144204876385,941.0,665.0,50.64066652164355,57.28254462032773,778,4311
35119,35272,200039022,200039022,35,35,5732.3652448962075,941.0,987.0,50.64066652164355,87.4866165026158,778,4456
35140,35030,200070662,200070662,35,35,721.4121797578634,570.0,693.0,37.041712164504084,65.27806212098228,780,4301
35140,35089,200070662,200070662,35,35,1910.7120914912946,570.0,446.0,37.041712164504084,37.52615459775464,780,4337
35140,35106,200070662,200070662,35,35,6313.260983659147,570.0,1550.0,37.041712164504084,39.468804387396126,780,4347
35140,35343,200070662,200070662,35,35,7309.441279777726,570.0,1236.0,37.041712164504084,48.07125706924078,780,4499
35145,35237,243500741,243500741,35,35,3182.8549206133125,1361.0,1036.0,37.274778627602636,39.57263590717988,781,4436
35145,35249,243500741,200070662,35,35,7439.638477485427,1361.0,1037.0,37.274778627602636,36.09818951604288,781,4442
35145,44123,243500741,243500741,35,44,1280.6241806861926,1361.0,1004.0,37.274778627602636,36.20810317276765,781,5640
35151,35155,243500741,200043990,35,35,1953.4114866072912,794.0,682.0,47.03933381690636,129.78842106908522,783,4383
35160,35169,200043990,243500618,35,35,3039.0472275137236,240.0,1465.0,32.94489570136407,36.55185129617919,785,4388
35160,35223,200043990,243500618,35,35,978.7328804658479,240.0,4048.0,32.94489570136407,80.85503712919834,785,4425
35162,35142,200072452,200072452,35,35,3058.014234737972,3331.0,1201.0,78.846083879735,42.502703308806744,786,4374
35162,35215,200072452,200072452,35,35,1603.7457686355353,3331.0,1315.0,78.846083879735,65.14821499365092,786,4420
35165,35028,243500634,243500634,35,35,5488.319267550288,971.0,724.0,47.150013924981906,56.080302218599485,787,4300
35165,35108,243500634,243500634,35,35,2167.0593353400836,971.0,1036.0,47.150013924981906,44.285629545353906,787,4349
35165,35198,243500634,200039022,35,35,1818.6170735547578,971.0,714.0,47.150013924981906,46.43804172965682,787,4409
35172,35226,243500733,243500733,35,35,8544.479142416592,1955.0,2018.0,59.98017931759762,81.36931517263771,789,4428
35175,35127,200043990,200043990,35,35,1463.0421599873978,1014.0,4081.0,60.51702011750538,76.81937799708436,791,4361
35200,35272,200039022,200039022,35,35,4659.223315427958,910.0,987.0,50.87974967432494,87.4866165026158,794,4456
35201,35026,200038990,200038990,35,35,2583.0306954984926,889.0,99.0,30.38480409105593,29.597238641372567,795,4298
35201,35211,200038990,243500618,35,35,2334.9093509700147,889.0,1781.0,30.38480409105593,16.151779632264798,795,4417
35201,35290,200038990,200038990,35,35,4317.718213086251,889.0,601.0,30.38480409105593,36.993950744987266,795,4468
35201,35295,200038990,200038990,35,35,2824.193976099429,889.0,530.0,30.38480409105593,62.03283137131568,795,4471
35222,35034,200070670,200070670,35,35,5328.90022891222,1972.0,1228.0,60.52539876503968,56.069002631960835,797,4305
35234,35171,200038990,200038990,35,35,2300.3670128822614,1245.0,1837.0,46.40474938879891,51.97380265350694,799,4390
35247,35259,200070670,200070670,35,35,1490.3128595234896,1013.0,1152.0,38.95540737900049,47.75347239409757,802,4450
35247,35291,200070670,200070670,35,35,6275.278169999816,1013.0,434.0,38.95540737900049,56.18168372493655,802,4469
35248,35034,200070670,200070670,35,35,1049.0952219137448,458.0,1228.0,43.85595524535841,56.069002631960835,803,4305
35248,35259,200070670,200070670,35,35,3386.267866944059,458.0,1152.0,43.85595524535841,47.75347239409757,803,4450
35248,35291,200070670,200070670,35,35,887.3528899697283,458.0,434.0,43.85595524535841,56.18168372493655,803,4469
35261,35355,200072452,243500667,35,35,2946.2084106008815,234.0,1273.0,71.06041189483128,58.89079442390666,804,4507
35262,35089,243500634,200070662,35,35,3490.0087698758016,360.0,446.0,46.47153178126519,37.52615459775464,805,4337
35262,35136,243500634,243500634,35,35,2730.634730186913,360.0,8570.0,46.47153178126519,205.94345765610308,805,4369
35285,35237,243500741,243500741,35,35,5847.1604149289005,1087.0,1036.0,38.8722114498841,39.57263590717988,809,4436
35302,35027,200038990,200038990,35,35,4637.305073104768,1116.0,1756.0,44.83787803466775,87.40643946611969,812,4299
35302,35133,200038990,243500550,35,35,1401.624062619673,1116.0,4585.0,44.83787803466775,61.30978805182441,812,4366
35302,35295,200038990,200038990,35,35,156.38373447417422,1116.0,530.0,44.83787803466775,62.03283137131568,812,4471
35304,35178,200072452,243500774,35,35,5807.839612898243,1320.0,1756.0,85.54975566000614,69.67014733217937,813,4393
35304,35355,200072452,243500667,35,35,1943.8324496114012,1320.0,1273.0,85.54975566000614,58.89079442390666,813,4507
35328,35013,243500741,243500741,35,35,3592.6556800873177,2163.0,3502.0,50.111346067053404,77.81154796976776,816,4289
35328,35237,243500741,243500741,35,35,5298.1501735864795,2163.0,1036.0,50.111346067053404,39.57263590717988,816,4436
35333,35108,243500634,243500634,35,35,10121.097390642497,1710.0,1036.0,69.98456311439516,44.285629545353906,818,4349
35333,35136,243500634,243500634,35,35,3854.83995090577,1710.0,8570.0,69.98456311439516,205.94345765610308,818,4369
35335,35089,243500634,200070662,35,35,1086.5259598903501,856.0,446.0,34.78597209708618,37.52615459775464,819,4337
35335,35106,243500634,200070662,35,35,1387.7153772648735,856.0,1550.0,34.78597209708618,39.468804387396126,819,4347
35335,35332,243500634,200070662,35,35,1257.0338744498852,856.0,1089.0,34.78597209708618,40.97679781861422,819,4494
35339,35034,200070670,200070670,35,35,1518.8004830239993,622.0,1228.0,41.104704474524524,56.069002631960835,820,4305
35342,35104,243500733,200070670,35,35,368.9820788502171,348.0,1417.0,55.568653930253575,57.937842243184484,821,4345
35357,35215,200072452,200072452,35,35,5517.402272288249,294.0,1315.0,26.984963554899505,65.14821499365092,823,4420
37116,37106,243700499,243700499,37,37,3152.434081866196,563.0,318.0,17.211973063602013,20.374250173195207,836,4552
37116,37155,243700499,243700499,37,37,7767.5725570881295,563.0,642.0,17.211973063602013,18.927881058833034,836,4566
37212,37211,200072650,200072650,37,37,1168.8442769233397,789.0,2625.0,50.488533391399805,50.60135622114644,837,4594
37212,37250,200072650,200072650,37,37,1860.908844825151,789.0,2817.0,50.488533391399805,64.93215927404803,837,4610
37212,37278,200072650,200072650,37,37,450.29857737910874,789.0,1093.0,50.488533391399805,90.97817167282922,837,4623
38005,38206,243800745,200018166,38,38,5405.453748022221,940.0,990.0,16.620336152097753,38.52627194916123,838,4770
38005,38334,243800745,200018166,38,38,2599.7706868687083,940.0,1308.0,16.620336152097753,44.979128570762775,838,4841
38005,38350,243800745,200018166,38,38,5472.684458728703,940.0,558.0,16.620336152097753,20.980988603638696,838,4854
38034,26172,200085751,200040491,38,26,1119.001805220169,5004.0,670.0,271.7834651152848,98.27878962879281,841,2552
38037,38077,200085751,200085751,38,38,4530.9376266294175,1021.0,765.0,60.46642905840233,68.25486008600446,842,4682
38037,38198,200085751,200085751,38,38,1525.182501735665,1021.0,1130.0,60.46642905840233,176.48841595034037,842,4766
38037,38259,200085751,200085751,38,38,2421.0513046534006,1021.0,996.0,60.46642905840233,59.90916850514927,842,4800
38037,38496,200085751,200085751,38,38,4790.707594943097,1021.0,1276.0,60.46642905840233,90.18857797172402,842,4955
38040,73242,243800745,200070464,38,73,11147.016597967131,151.0,270.0,2.9677629894423005,3.549263363790561,843,11269
38040,73280,243800745,200070464,38,73,1580.2667464991712,151.0,348.0,2.9677629894423005,7.844738201261473,843,11295
38106,38364,200040657,200040715,38,38,2237.009452342181,347.0,426.0,35.63933152249788,34.59907352906728,846,4863
38108,38322,200070431,200070431,38,38,11084.739022505593,133.0,97.0,12.456631232535235,3.8036916895557265,847,4833
38108,38333,200070431,200070431,38,38,374.29916289711184,133.0,340.0,12.456631232535235,9.847623146123604,847,4840
38112,73280,243800745,200070464,38,73,2249.582065439163,89.0,348.0,2.49079752273235,7.844738201261473,848,11295
38203,38364,200040657,200040715,38,38,1921.1479611116235,468.0,426.0,65.0302522065417,34.59907352906728,853,4863
38203,38445,200040657,200040715,38,38,4114.4677166073325,468.0,791.0,65.0302522065417,112.32172783534827,853,4918
38212,38334,243800745,200018166,38,38,4847.282537549555,1264.0,1308.0,20.377972181116306,44.979128570762775,854,4841
38212,38364,243800745,200040715,38,38,1698.1112518917764,1264.0,426.0,20.377972181116306,34.59907352906728,854,4863
38212,38478,243800745,200040715,38,38,6897.289088905343,1264.0,1024.0,20.377972181116306,50.34540137141738,854,4943
38212,38567,243800745,200018166,38,38,6502.417652351362,1264.0,414.0,20.377972181116306,33.88913335557265,854,5005
38240,38259,200085751,200085751,38,38,3685.471896187491,730.0,996.0,50.511491369104306,59.90916850514927,858,4800
38254,38277,200040657,200040715,38,38,2635.4123839687263,498.0,535.0,44.21978615308224,94.83036906089036,859,4811
38280,38277,200040657,200040715,38,38,1480.2330198016298,522.0,535.0,65.96554820018896,94.83036906089036,864,4811
38280,38388,200040657,200040715,38,38,799.4050387977221,522.0,2646.0,65.96554820018896,186.56904777114235,864,4881
38290,38198,200085751,200085751,38,38,2620.988154797844,861.0,1130.0,89.11688210359665,176.48841595034037,868,4766
38291,38161,200059392,200059392,38,38,4375.803507687437,1086.0,1122.0,75.7798413659992,104.2767945414375,869,4740
38291,38300,200059392,200059392,38,38,4546.985305089196,1086.0,369.0,75.7798413659992,30.51801036806587,869,4822
38307,38406,200085751,200085751,38,38,2496.5986086089697,527.0,160.0,28.028705323448584,17.30699033652598,871,4894
38311,38049,200085751,200059392,38,38,4046.6600635241016,724.0,320.0,37.717017590061985,23.546083673019904,872,4656
38311,38161,200085751,200059392,38,38,1582.823105536083,724.0,1122.0,37.717017590061985,104.2767945414375,872,4740
38311,38406,200085751,200085751,38,38,4147.74822027566,724.0,160.0,37.717017590061985,17.30699033652598,872,4894
38324,38134,200085751,200085751,38,38,5744.978041972702,703.0,932.0,31.93466085322192,67.2160901447886,875,4718
38324,38259,200085751,200085751,38,38,316.9465037860982,703.0,996.0,31.93466085322192,59.90916850514927,875,4800
38324,38406,200085751,200085751,38,38,1874.176999115628,703.0,160.0,31.93466085322192,17.30699033652598,875,4894
38356,38322,200070431,200070431,38,38,1301.1489702749284,331.0,97.0,31.728451897420392,3.8036916895557265,878,4833
38356,38453,200070431,200070431,38,38,6309.69238739314,331.0,1801.0,31.728451897420392,105.36379950125202,878,4924
38402,38388,200040657,200040715,38,38,5408.890914350327,529.0,2646.0,50.98079957931095,186.56904777114235,883,4881
38402,38445,200040657,200040715,38,38,1574.1513973558879,529.0,791.0,50.98079957931095,112.32172783534827,883,4918
38409,38394,200070431,200070431,38,38,5886.764750511755,1369.0,1865.0,117.93042545421746,114.03347962005292,884,4886
38409,38453,200070431,200070431,38,38,4151.495356193391,1369.0,1801.0,117.93042545421746,105.36379950125202,884,4924
38409,38495,200070431,200070431,38,38,630.1658841243191,1369.0,593.0,117.93042545421746,194.92891897956568,884,4954
38527,73280,243800745,200070464,38,73,4899.037742949714,348.0,348.0,4.683173211377313,7.844738201261473,888,11295
39293,39184,200026573,200090579,39,39,4393.812230273997,204.0,190.0,24.947261196200827,24.748750752723222,900,5071
39412,39099,200010650,200010650,39,39,3336.065909368327,303.0,445.0,55.19605685256048,57.774121961672066,901,5042
39412,39476,200010650,200010650,39,39,311.55208535314796,303.0,1840.0,55.19605685256048,54.52132315117843,901,5177
39453,39184,200026573,200090579,39,39,1178.6007019732156,450.0,190.0,58.42009985516246,24.748750752723222,902,5071
39453,39333,200026573,200090579,39,39,2464.218186838314,450.0,2138.0,58.42009985516246,76.59923404748447,902,5123
39460,39297,200026573,243900479,39,39,1606.634772409749,190.0,1130.0,15.189878605448198,19.56390732738074,903,5108
39463,39547,200026573,200090579,39,39,3482.820055977161,237.0,673.0,22.332013549006057,71.24660899475748,904,5195
39478,39275,200026573,243900354,39,39,3984.8731938958413,8727.0,654.0,124.24737719653263,29.419108848175824,905,5097
39478,39297,200026573,243900479,39,39,8823.237181346363,8727.0,1130.0,124.24737719653263,19.56390732738074,905,5108
39571,39387,200010650,200010650,39,39,1701.7450654332997,239.0,292.0,23.926889014515226,41.400645994567824,907,5146
39579,01014,200026573,200042935,39,01,8292.720060123365,883.0,3409.0,34.355840156536,144.25947230977079,908,12
39579,01035,200026573,200042935,39,01,2647.1964874405767,883.0,306.0,34.355840156536,17.19959581345093,908,28
39579,01148,200026573,200042935,39,01,551.1933214363846,883.0,1953.0,34.355840156536,104.17812940706696,908,109
39579,01152,200026573,200042935,39,01,740.024636756595,883.0,765.0,34.355840156536,27.21528609687102,908,113
39579,39283,200026573,200090579,39,39,4588.506008048486,883.0,614.0,34.355840156536,57.0097845427476,908,5101
39579,39547,200026573,200090579,39,39,975.3556807027187,883.0,673.0,34.355840156536,71.24660899475748,908,5195
41157,41086,200018406,244100798,41,41,3124.75403635418,1513.0,648.0,28.566701428630328,12.82131011873147,917,5285
42006,42091,200065886,200065886,42,42,6243.499266889986,410.0,696.0,26.434818137414247,30.650843709670365,923,5392
42014,69164,200035202,200040566,42,69,3279.2791067401477,313.0,318.0,22.38206659081864,21.020966951220583,926,10637
42015,69066,200035202,200040566,42,69,2531.5550847968257,1448.0,4352.0,60.8447600118719,128.949631314553,927,10562
42015,69164,200035202,200040566,42,69,2176.599219513979,1448.0,318.0,60.8447600118719,21.020966951220583,927,10637
42016,42157,200035202,200035731,42,42,5897.837967280152,421.0,804.0,37.67227637149766,25.183828386713174,928,5434
42023,07265,244200622,200072015,42,07,1214.416836170973,2949.0,1381.0,145.75392049882382,81.16749194448003,930,773
42025,42074,200035202,200035731,42,42,3561.565198450491,196.0,1074.0,37.51069120483106,48.922514826624464,931,5383
42025,42112,200035202,200035202,42,42,4411.447765460278,196.0,406.0,37.51069120483106,33.79228561982747,931,5408
42026,42127,200035202,200035731,42,42,6133.557712069406,1724.0,7382.0,77.40957114094057,221.85898974101212,932,5418
42026,42157,200035202,200035731,42,42,714.0690374062664,1724.0,804.0,77.40957114094057,25.183828386713174,932,5434
42028,07010,244200622,200072015,42,07,3430.8114729759304,397.0,16873.0,12.952443240231418,799.1255427793952,933,699
42028,07041,244200622,200072015,42,07,867.5168481003582,397.0,2294.0,12.952443240231418,240.36715667927518,933,707
42028,07265,244200622,200072015,42,07,2980.580767305511,397.0,1381.0,12.952443240231418,81.16749194448003,933,773
42028,07333,244200622,200072015,42,07,12693.36940058274,397.0,959.0,12.952443240231418,36.457782674809934,933,797
42029,42193,200065894,200065894,42,42,3530.303741028855,1521.0,1422.0,91.15960108983882,148.2901767245529,934,5458
42067,42085,244200622,244200770,42,42,960.8567095623534,295.0,852.0,16.52132842743986,30.532755472307922,939,5388
42067,42201,244200622,244200895,42,42,1793.43441096762,295.0,699.0,16.52132842743986,71.03985057921538,939,5462
42067,42322,244200622,244200770,42,42,319.6940671111902,295.0,1092.0,16.52132842743986,31.423353561458573,939,5525
42067,42326,244200622,244200895,42,42,4444.590017346781,295.0,903.0,16.52132842743986,55.82066860287133,939,5528
42086,42007,200035202,200035202,42,42,2656.077627641418,504.0,217.0,45.40338135729361,63.24498524058736,940,5346
42086,42033,200035202,200035202,42,42,1591.1424532825538,504.0,619.0,45.40338135729361,104.82850017958384,940,5358
42086,69066,200035202,200040566,42,69,1200.4268176111311,504.0,4352.0,45.40338135729361,128.949631314553,940,10562
42088,42065,200065894,200065894,42,42,1269.219739877305,757.0,1432.0,92.74736248167105,107.97293627786568,941,5377
42088,42066,200065894,200065894,42,42,3323.674597375756,757.0,538.0,92.74736248167105,34.94893034676954,941,5378
42101,42017,244200622,244200622,42,42,1784.6012994355383,139.0,502.0,16.191630695533657,49.336168328585295,942,5351
42101,42322,244200622,244200770,42,42,2777.284874735303,139.0,1092.0,16.191630695533657,31.423353561458573,942,5525
42134,42037,200065886,200065886,42,42,3183.4420894236428,1390.0,647.0,84.47363133712562,80.29871754852395,945,5360
42134,42179,200065886,200065886,42,42,4045.8377453851654,1390.0,858.0,84.47363133712562,106.33281673147606,945,5447
42141,42007,200035202,200035202,42,42,1909.1422422853502,565.0,217.0,46.531577486017625,63.24498524058736,947,5346
42141,42079,200035202,200035202,42,42,1657.7352839574169,565.0,709.0,46.531577486017625,126.33287306731506,947,5385
42142,42091,200065886,200065886,42,42,4505.710099598972,324.0,696.0,19.703543855241552,30.650843709670365,948,5392
42142,42235,200065886,200065886,42,42,7893.803011988106,324.0,329.0,19.703543855241552,17.672633098442027,948,5480
42142,42266,200065886,244200770,42,42,1703.640740618071,324.0,656.0,19.703543855241552,41.14494258022909,948,5493
42142,43249,200065886,200073427,42,43,6999.088650722144,324.0,528.0,19.703543855241552,23.612503446189777,948,5551
42143,42066,200065894,200065894,42,42,3229.083133512789,514.0,538.0,72.88646652507262,34.94893034676954,949,5378
42150,42037,200065886,200065886,42,42,836.254415680662,1322.0,647.0,79.63234639906699,80.29871754852395,950,5360
42150,42151,200065886,200065886,42,42,2258.561579762999,1322.0,419.0,79.63234639906699,19.464724025539976,950,5433
42150,42174,200065886,200065894,42,42,2231.200768101774,1322.0,1218.0,79.63234639906699,59.216434979142356,950,5445
42150,42269,200065886,200065886,42,42,4572.573715469545,1322.0,187.0,79.63234639906699,19.38673421502467,950,5494
42152,42074,200035202,200035731,42,42,4392.093904097081,561.0,1074.0,68.82489601574244,48.922514826624464,951,5383
42175,42065,200065894,200065894,42,42,3440.884774110647,1206.0,1432.0,91.7080642200216,107.97293627786568,955,5377
42175,42193,200065894,200065894,42,42,3470.6318787201503,1206.0,1422.0,91.7080642200216,148.2901767245529,955,5458
42196,42073,200065894,200065894,42,42,1409.2304220953085,117.0,745.0,34.49121548833997,53.643710822462715,957,5382
42196,42148,200065894,200065894,42,42,2450.639148627586,117.0,503.0,34.49121548833997,56.736816047587425,957,5431
42196,42193,200065894,200065894,42,42,332.5106123971101,117.0,1422.0,34.49121548833997,148.2901767245529,957,5458
42196,42334,200065894,200065894,42,42,2891.9328298943556,117.0,1215.0,34.49121548833997,44.878673437343345,957,5534
42209,42334,200065894,200065894,42,42,5170.998514498381,388.0,1215.0,28.608082948553246,44.878673437343345,959,5534
42213,42334,200065894,200065894,42,42,3399.2760667794005,312.0,1215.0,31.38227138614373,44.878673437343345,960,5534
42213,69102,200065894,200040566,42,69,3553.0762707877125,312.0,751.0,31.38227138614373,30.028997554164793,960,10593
42219,42174,200065886,200065894,42,42,3156.925124881172,1032.0,1218.0,62.23170187723827,59.216434979142356,962,5445
42221,42066,200065886,200065894,42,42,2003.2448569182345,548.0,538.0,18.692723397446567,34.94893034676954,963,5378
42221,42174,200065886,200065894,42,42,4017.0473454451053,548.0,1218.0,18.692723397446567,59.216434979142356,963,5445
42236,42112,200035202,200035202,42,42,489.1769432914413,533.0,406.0,38.76048275217183,33.79228561982747,965,5408
42246,07243,244200622,200072015,42,07,963.6294024743746,1137.0,284.0,119.63934100262435,56.7789057121099,967,765
42246,07265,244200622,200072015,42,07,5741.326240493148,1137.0,1381.0,119.63934100262435,81.16749194448003,967,773
42246,07310,244200622,200072015,42,07,1066.6750755505886,1137.0,897.0,119.63934100262435,71.55959389160215,967,785
42246,42201,244200622,244200895,42,42,2488.7892201367217,1137.0,699.0,119.63934100262435,71.03985057921538,967,5462
42287,42280,244200622,244200622,42,42,8414.945234633667,1085.0,412.0,35.4721444822348,20.146834314213223,971,5500
42310,42017,244200622,244200622,42,42,2053.3720491623276,143.0,502.0,9.856473444493107,49.336168328585295,973,5351
42310,42306,244200622,244200622,42,42,1489.581374859529,143.0,500.0,9.856473444493107,39.90440469190055,973,5516
42318,42091,200065886,200065886,42,42,1474.6949604735125,1474.0,696.0,31.19642242027424,30.650843709670365,975,5392
42329,42224,244200622,244200622,42,42,4650.149715542681,377.0,2917.0,24.829792841381696,62.113134154541626,976,5473
42329,42280,244200622,244200622,42,42,1798.844063356745,377.0,412.0,24.829792841381696,20.146834314213223,976,5500
42329,42306,244200622,244200622,42,42,1568.7617644021157,377.0,500.0,24.829792841381696,39.90440469190055,976,5516
42333,42079,200035202,200035202,42,42,1461.7903263273597,596.0,709.0,102.36636246622083,126.33287306731506,977,5385
42333,42112,200035202,200035202,42,42,3711.4882107073227,596.0,406.0,102.36636246622083,33.79228561982747,977,5408
42338,42074,200035202,200035731,42,42,1530.095469814487,1506.0,1074.0,71.63915803978746,48.922514826624464,978,5383
42338,42127,200035202,200035731,42,42,5678.093389379983,1506.0,7382.0,71.63915803978746,221.85898974101212,978,5418
42338,42170,200035202,200035731,42,42,3863.2222616734743,1506.0,2099.0,71.63915803978746,50.70463801197785,978,5443
43034,43249,200073427,200073427,43,43,2257.882770623322,370.0,528.0,26.10810032939683,23.612503446189777,979,5551
43246,43020,200073427,200073427,43,43,916.0711918380882,454.0,4546.0,16.8417086877891,96.87070292278577,983,5538
43246,43025,200073427,200073427,43,43,2579.2464253975113,454.0,2971.0,16.8417086877891,82.99048458690768,983,5539
43246,43249,200073427,200073427,43,43,5117.597467516009,454.0,528.0,16.8417086877891,23.612503446189777,983,5551
44044,44123,243500741,243500741,44,44,7979.681982704569,1077.0,1004.0,32.69127196291956,36.20810317276765,984,5640
44067,44007,243500741,243500741,44,44,6919.663735490241,5240.0,2450.0,49.516274718902366,32.14949640781503,985,5556
44067,44062,243500741,244400453,44,44,3713.798440181049,5240.0,1861.0,49.516274718902366,34.51512183038521,985,5597
44067,44123,243500741,243500741,44,44,6750.241352687811,5240.0,1004.0,49.516274718902366,36.20810317276765,985,5640
44081,44156,200071546,200071546,44,44,9699.602127397475,4701.0,3152.0,76.3072315679712,62.255544500224985,986,5664
44081,85102,200071546,200072882,44,85,2846.0740106829685,4701.0,721.0,76.3072315679712,35.421785921116026,986,13428
44092,44007,243500741,243500741,44,44,4523.741603970452,677.0,2450.0,35.90779715216433,32.14949640781503,987,5556
44128,44007,243500741,243500741,44,44,5841.875507455388,5257.0,2450.0,50.04620840100124,32.14949640781503,989,5556
44128,44057,243500741,243500741,44,44,8302.771835658592,5257.0,2283.0,50.04620840100124,51.39516719761761,989,5595
44128,44062,243500741,244400453,44,44,11621.417471237612,5257.0,1861.0,50.04620840100124,34.51512183038521,989,5597
44128,44068,243500741,200000438,44,44,12663.109118835513,5257.0,3480.0,50.04620840100124,49.85825962117376,989,5601
44206,44156,200071546,200071546,44,44,5683.477751958537,1913.0,3152.0,51.748989230640554,62.255544500224985,990,5664
44206,44157,200071546,200071546,44,44,7016.986769379489,1913.0,1742.0,51.748989230640554,63.40352192256423,990,5665
44206,85095,200071546,200071629,44,85,3535.0177864455723,1913.0,2049.0,51.748989230640554,94.0732621456233,990,13422
44206,85102,200071546,200072882,44,85,2169.96608101875,1913.0,721.0,51.748989230640554,35.421785921116026,990,13428
44213,44104,244400552,244400552,44,44,11971.48456768415,7517.0,827.0,63.530292759226,59.12690015369752,991,5626
44213,44163,244400552,244400552,44,44,13431.453070273055,7517.0,4828.0,63.530292759226,97.667351315962,991,5669
44213,44222,244400552,244400552,44,44,2666.0042035179204,7517.0,1245.0,63.530292759226,83.48860076093706,991,5711
44213,49244,244400552,200060010,44,49,8145.055009861897,7517.0,18331.0,63.530292759226,94.44372630055705,991,6000
45026,45032,200067668,244500419,45,45,2847.288887273817,972.0,311.0,63.02935573054112,24.197545308924727,997,5725
45026,89209,200067668,248900748,45,89,5335.6436011984815,972.0,511.0,63.02935573054112,29.014793491703237,997,13781
45026,89264,200067668,248900748,45,89,2114.302892131147,972.0,710.0,63.02935573054112,24.366189775555966,997,13793
45069,45168,200071850,244500427,45,45,1086.4558239099724,957.0,547.0,55.798070659757066,14.053085040770023,1006,5790
45076,45004,200067668,244500203,45,45,3906.9975287137527,226.0,13267.0,36.31364744493202,329.8165550945562,1008,5713
45076,45249,200067668,244500203,45,45,849.8343460128482,226.0,913.0,36.31364744493202,44.10235165047712,1008,5833
45096,45122,244500211,200070100,45,45,2007.5740993049749,530.0,1431.0,15.755672485804075,29.57429341576139,1013,5765
45096,45180,244500211,244500211,45,45,6535.199637589786,530.0,82.0,15.755672485804075,9.130639810857316,1013,5797
45096,45218,244500211,244500211,45,45,2008.0449671866763,530.0,120.0,15.755672485804075,6.117020273279301,1013,5818
45103,45078,244500419,200067676,45,45,2779.90768247168,1561.0,251.0,47.850591818250564,38.25770059646222,1015,5747
45103,45114,244500419,244500419,45,45,693.0936130298736,1561.0,221.0,47.850591818250564,16.599647066492807,1015,5763
45103,45207,244500419,244500419,45,45,4097.973169183203,1561.0,373.0,47.850591818250564,60.1223853906487,1015,5814
45105,45102,200067676,244500203,45,45,1756.1943475202308,80.0,357.0,7.291253301682302,38.88262175377817,1016,5759
45105,45212,200067676,200067676,45,45,7264.312744938452,80.0,1252.0,7.291253301682302,59.48629657418278,1016,5816
45105,45216,200067676,244500203,45,45,947.7436662063683,80.0,128.0,7.291253301682302,11.634659937241274,1016,5817
45108,45063,244500211,200070100,45,45,5209.67084391241,2274.0,909.0,28.02765643150281,13.54917979776744,1017,5741
45139,45014,200066280,200071850,45,45,3947.5603331832676,494.0,499.0,26.425167663157143,30.93665756734023,1026,5717
45139,45225,200066280,200071850,45,45,2608.534128726497,494.0,348.0,26.425167663157143,37.74013207099921,1026,5822
45151,45033,200071850,200071850,45,45,2285.114738690399,250.0,374.0,34.33360526907192,28.56760354743563,1028,5726
45157,45033,200066280,200071850,45,45,5061.172804039933,417.0,374.0,37.068057372324354,28.56760354743563,1030,5726
45157,45131,200066280,200071850,45,45,156.99431073196206,417.0,385.0,37.068057372324354,30.802797215811797,1030,5772
45157,45225,200066280,200071850,45,45,3627.146378122834,417.0,348.0,37.068057372324354,37.74013207099921,1030,5822
45165,45102,200067668,244500203,45,45,1475.4073463776972,606.0,357.0,30.049539077421393,38.88262175377817,1032,5759
45165,45212,200067668,200067676,45,45,7484.461482440191,606.0,1252.0,30.049539077421393,59.48629657418278,1032,5816
45176,45205,200071850,200067676,45,45,4354.683635778405,421.0,257.0,27.685492504818477,25.80241926603701,1033,5812
45186,45078,200071850,200067676,45,45,2902.4793020333036,589.0,251.0,34.31917742643757,38.25770059646222,1035,5747
45186,45178,200071850,200067676,45,45,5822.729211219294,589.0,1385.0,34.31917742643757,100.94331357473168,1035,5795
45186,45205,200071850,200067676,45,45,2115.853694657312,589.0,257.0,34.31917742643757,25.80241926603701,1035,5812
45189,45161,200067668,244500419,45,45,3858.399642945938,245.0,810.0,21.73432895897539,26.879061588717114,1036,5786
45195,45095,200066280,200066280,45,45,1060.4135140656108,560.0,2109.0,48.37575433276557,40.176749668352514,1037,5754
45195,45111,200066280,200066280,45,45,2342.7834270452267,560.0,453.0,48.37575433276557,21.683984977298696,1037,5762
45195,45301,200066280,200066280,45,45,3709.2245199818726,560.0,393.0,48.37575433276557,45.258149660676686,1037,5859
45210,45212,200067676,200067676,45,45,4779.256670063218,730.0,1252.0,27.27245691621037,59.48629657418278,1042,5816
45215,45150,200071850,200067676,45,45,2574.30032755469,237.0,180.0,26.316204035796087,17.97211924792305,1043,5779
45215,45259,200071850,200067676,45,45,2431.5778502149537,237.0,1146.0,26.316204035796087,69.08215474460388,1043,5836
45223,45031,200067676,200067676,45,45,632.3644616322242,364.0,1435.0,28.14964404963373,291.24893023360636,1045,5724
45223,45259,200067676,200067676,45,45,3092.969076065878,364.0,1146.0,28.14964404963373,69.08215474460388,1045,5836
45223,45316,200067676,244500427,45,45,4453.649805528187,364.0,782.0,28.14964404963373,20.61398849122266,1045,5868
45227,45122,244500211,200070100,45,45,8237.409171642485,1156.0,1431.0,37.51304720216787,29.57429341576139,1046,5765
45228,45168,200071850,244500427,45,45,1338.51037734096,1182.0,547.0,43.565617223908426,14.053085040770023,1047,5790
45228,45305,200071850,244500427,45,45,4361.9666549369185,1182.0,221.0,43.565617223908426,14.88051164926759,1047,5861
45228,45316,200071850,244500427,45,45,2549.600205250881,1182.0,782.0,43.565617223908426,20.61398849122266,1047,5868
45229,45180,200067676,244500211,45,45,521.4499160219732,2569.0,82.0,76.9354317217596,9.130639810857316,1048,5797
45250,45032,200067668,244500419,45,45,1440.1833571093523,245.0,311.0,22.895988155773985,24.197545308924727,1049,5725
45250,45091,200067668,244500419,45,45,2143.0876800082788,245.0,316.0,22.895988155773985,26.304545054404247,1049,5750
45250,45094,200067668,244500419,45,45,2498.674116018514,245.0,226.0,22.895988155773985,30.56010302057844,1049,5753
45250,45161,200067668,244500419,45,45,1134.5764377994399,245.0,810.0,22.895988155773985,26.879061588717114,1049,5786
45257,45212,200067676,200067676,45,45,601.374483351826,520.0,1252.0,43.62626929083815,59.48629657418278,1053,5816
45260,45014,200066280,200071850,45,45,1197.7905327893282,246.0,499.0,20.468039780176966,30.93665756734023,1054,5717
45260,45191,200066280,200071850,45,45,5439.577834976811,246.0,8005.0,20.468039780176966,93.958995981014,1054,5803
45265,45032,244500419,244500419,45,45,2312.1235820993975,401.0,311.0,48.783069098698164,24.197545308924727,1055,5725
45277,45063,200070100,200070100,45,45,4355.538070953705,448.0,909.0,11.90506774593331,13.54917979776744,1058,5741
45277,45184,200070100,200070100,45,45,8116.022594280676,448.0,387.0,11.90506774593331,15.847635965186099,1058,5800
45277,45268,200070100,200070100,45,45,4924.316083630228,448.0,608.0,11.90506774593331,25.315057028549006,1058,5841
45277,45340,200070100,200070100,45,45,3142.389463709147,448.0,550.0,11.90506774593331,11.25308314940502,1058,5882
45279,45004,200067668,244500203,45,45,6087.745087491233,1877.0,13267.0,71.15929751884408,329.8165550945562,1060,5713
45279,45102,200067668,244500203,45,45,2239.8121135281262,1877.0,357.0,71.15929751884408,38.88262175377817,1060,5759
45280,45122,244500211,200070100,45,45,2063.829436148006,1063.0,1431.0,43.889564632097546,29.57429341576139,1061,5765
45280,45184,244500211,200070100,45,45,3830.4719028276863,1063.0,387.0,43.889564632097546,15.847635965186099,1061,5800
45288,45150,200071850,200067676,45,45,3246.1792118291332,391.0,180.0,42.1485364924906,17.97211924792305,1063,5779
45288,45205,200071850,200067676,45,45,1155.4042319487248,391.0,257.0,42.1485364924906,25.80241926603701,1063,5812
45303,45114,244500419,244500419,45,45,7201.37121829036,619.0,221.0,19.523281275865596,16.599647066492807,1067,5763
45303,77099,244500419,200023919,45,77,2893.3152793932422,619.0,3085.0,19.523281275865596,104.58308094887886,1067,12209
45303,77297,244500419,200023919,45,77,6096.832708479784,619.0,325.0,19.523281275865596,16.138055198727052,1067,12378
45306,45004,200067668,244500203,45,45,1271.9222697596038,771.0,13267.0,39.3102634360089,329.8165550945562,1068,5713
45312,45216,244500203,244500203,45,45,3220.027771224266,474.0,128.0,48.302118402707436,11.634659937241274,1069,5817
45347,45111,200066280,200066280,45,45,8656.39848167476,808.0,453.0,50.13701369486004,21.683984977298696,1072,5762
45347,45168,200066280,244500427,45,45,925.230142451277,808.0,547.0,50.13701369486004,14.053085040770023,1072,5790
45348,45225,200066280,200071850,45,45,1919.9674838561555,680.0,348.0,25.50511081364473,37.74013207099921,1073,5822
47094,47150,200030674,200030674,47,47,2095.7787870445927,815.0,373.0,117.69703388546033,77.67050204452009,1076,5923
47094,47304,200030674,200030674,47,47,3817.331924752218,815.0,62.0,117.69703388546033,8.663667166695133,1076,5953
47110,47028,200030674,200030674,47,47,8061.863138888216,1625.0,851.0,55.04583618901106,59.32727900561734,1078,5895
47110,47150,200030674,200030674,47,47,1054.30062089693,1625.0,373.0,55.04583618901106,77.67050204452009,1078,5923
47159,47061,200030674,200030674,47,47,5791.92764928128,1485.0,809.0,70.12257716785669,69.33935432615307,1081,5904
47279,47060,200096956,200096956,47,47,731.2815952768608,360.0,1132.0,61.30857877027332,65.79532358351489,1082,5903
47279,47262,200096956,200096956,47,47,3653.1399762846777,360.0,424.0,61.30857877027332,89.04343481343757,1082,5944
47298,47061,200030674,200030674,47,47,495.44280676377446,204.0,809.0,18.072560292645854,69.33935432615307,1083,5904
47298,47304,200030674,200030674,47,47,3873.325640991798,204.0,62.0,18.072560292645854,8.663667166695133,1083,5953
49003,49050,200071876,200071553,49,49,5332.7441599837275,1743.0,10895.0,44.04632452972501,89.23407031982113,1087,5969
49012,49345,200071553,200071553,49,49,2521.225510557017,357.0,5826.0,66.91358853639623,61.04859943600853,1089,6030
49030,49224,200071876,200071876,49,49,4406.501815016289,944.0,993.0,43.7504959776259,71.3924862635347,1090,5995
49030,49368,200071876,200071876,49,49,2549.5551682561286,944.0,1986.0,43.7504959776259,47.70312199898951,1090,6038
49030,49378,200071876,200071876,49,49,4851.358400988569,944.0,2551.0,43.7504959776259,108.6816504198296,1090,6043
49058,49336,200071678,200071678,49,49,7884.483506823487,888.0,866.0,64.12888122108414,27.245484980664255,1093,6025
49058,49381,200071678,200071678,49,49,6261.904616748107,888.0,1822.0,64.12888122108414,44.17215797949606,1093,6044
49092,49022,200060010,200071553,49,49,748.509087752126,21386.0,1353.0,66.66135594962698,105.3226118875688,1094,5960
49092,49023,200060010,200060010,49,49,27706.931627279642,21386.0,23639.0,66.66135594962698,101.95614714760032,1094,5961
49092,49082,200060010,200071553,49,49,6344.5624062528805,21386.0,934.0,66.66135594962698,62.28083108002483,1094,5974
49092,49218,200060010,200060010,49,49,4780.38278792284,21386.0,15755.0,66.66135594962698,78.92996303628729,1094,5991
49092,49244,200060010,200060010,49,49,13606.623684121021,21386.0,18331.0,66.66135594962698,94.44372630055705,1094,6000
49092,49345,200060010,200071553,49,49,20385.74314841101,21386.0,5826.0,66.66135594962698,61.04859943600853,1094,6030
49092,49355,200060010,200071678,49,49,9403.028932547184,21386.0,3081.0,66.66135594962698,88.30126344315686,1094,6033
49092,49371,200060010,200071678,49,49,6502.095479254948,21386.0,1741.0,66.66135594962698,94.64192942918437,1094,6041
49100,49112,200071876,200071876,49,49,1563.5151484298187,470.0,951.0,24.332073514616454,69.89700094024036,1095,5975
49100,49113,200071876,200071876,49,49,5705.468237523776,470.0,531.0,24.332073514616454,75.93620619067852,1095,5976
49100,49359,200071876,200071876,49,49,3714.391216177011,470.0,561.0,24.332073514616454,68.70383051634909,1095,6035
49109,49070,200071678,200071678,49,49,6550.225962163468,1547.0,690.0,48.45448656631694,25.079567598338627,1097,5973
49109,49240,200071678,200071678,49,49,2929.1468438350407,1547.0,1013.0,48.45448656631694,45.536668366941655,1097,5998
49109,49371,200071678,200071678,49,49,3923.633528075142,1547.0,1741.0,48.45448656631694,94.64192942918437,1097,6041
49121,49370,200071876,200071876,49,49,1643.2861303625255,453.0,466.0,18.965619547451023,27.282579928461875,1098,6040
49125,49050,200071876,200071553,49,49,1554.4823197332344,11228.0,10895.0,75.20081217925294,89.23407031982113,1099,5969
49125,49359,200071876,200071876,49,49,3907.792429868499,11228.0,561.0,75.20081217925294,68.70383051634909,1099,6035
49125,49370,200071876,200071876,49,49,4354.73775745605,11228.0,466.0,75.20081217925294,27.282579928461875,1099,6040
49180,49378,200071876,200071876,49,49,4349.496986747083,6671.0,2551.0,69.10057994987649,108.6816504198296,1101,6043
49211,49345,200071678,200071553,49,49,4178.139661443143,1224.0,5826.0,46.11688636973648,61.04859943600853,1103,6030
49215,49112,200071876,200071876,49,49,3838.6726607842766,3710.0,951.0,75.2330223537401,69.89700094024036,1104,5975
49215,49131,200071876,200071876,49,49,5394.473700054426,3710.0,714.0,75.2330223537401,26.18895083221207,1104,5982
49215,49291,200071876,200071876,49,49,4062.8127734787145,3710.0,378.0,75.2330223537401,52.11785222298973,1104,6013
49221,49368,200071876,200071876,49,49,7872.462285252407,799.0,1986.0,19.453299812528428,47.70312199898951,1105,6038
49292,49022,200071553,200071553,49,49,4565.1246383167245,3464.0,1353.0,115.31392495345446,105.3226118875688,1109,5960
49292,49082,200071553,200071553,49,49,6590.451385009015,3464.0,934.0,115.31392495345446,62.28083108002483,1109,5974
49292,49259,200071553,200071553,49,49,10021.394580174674,3464.0,2308.0,115.31392495345446,81.43916330725632,1109,6003
49310,49240,200071678,200071678,49,49,1898.680726236662,599.0,1013.0,22.3083091613885,45.536668366941655,1111,5998
49310,49336,200071678,200071678,49,49,3187.461262592583,599.0,866.0,22.3083091613885,27.245484980664255,1111,6025
49311,49368,200071876,200071876,49,49,7095.3637860278795,1331.0,1986.0,79.82755911399144,47.70312199898951,1112,6038
49373,49240,200071678,200071678,49,49,2230.5750328298723,7724.0,1013.0,44.90560846949881,45.536668366941655,1114,5998
50039,50363,200066389,200066389,50,50,4956.79496258752,133.0,1437.0,28.097735112944296,43.48697461538839,1117,6151
50049,50486,200067205,200067205,50,50,2657.1478894367997,657.0,625.0,35.58764447571926,28.832500651057366,1118,6185
50055,50138,200067205,200067205,50,50,2010.5162944086562,115.0,563.0,38.05159648252279,49.56067440035419,1120,6088
50183,50082,200067205,200067205,50,50,1623.1484138552407,349.0,5867.0,46.26862303906227,75.37888339927224,1129,6068
50183,50486,200067205,200067205,50,50,1864.430625898855,349.0,625.0,46.26862303906227,28.832500651057366,1129,6185
50183,50522,200067205,200067205,50,50,3235.0933586921956,349.0,247.0,46.26862303906227,32.509122912209925,1129,6197
50183,50536,200067205,200067205,50,50,497.06656156306235,349.0,164.0,46.26862303906227,29.947379386002154,1129,6199
50207,50138,200067205,200067205,50,50,4817.840546945729,168.0,563.0,25.542247187376294,49.56067440035419,1133,6088
50207,50285,200067205,200067205,50,50,2651.179841941403,168.0,312.0,25.542247187376294,32.028063994042064,1133,6128
50216,50161,200066389,200066389,50,50,5593.3410690134,798.0,603.0,43.25409526891344,40.81887313992762,1135,6096
50216,50324,200066389,200066389,50,50,1782.1099553201282,798.0,109.0,43.25409526891344,38.01792874166148,1135,6137
50216,50488,200066389,200066389,50,50,75.2388665665364,798.0,633.0,43.25409526891344,149.1937873720535,1135,6186
50221,50437,200067023,200067023,50,50,400.2439359484085,66.0,784.0,24.94366710136663,63.58603090749327,1136,6169
50227,50241,200067205,200067205,50,50,1846.8703921060087,313.0,184.0,81.18081797534832,42.620773187910174,1137,6117
50228,50378,200067023,200067023,50,50,2244.353849607091,1077.0,626.0,35.96397766165164,24.59151145758706,1138,6155
50228,50513,200067023,200067023,50,50,2003.384525610505,1077.0,196.0,35.96397766165164,28.936436145668427,1138,6195
50233,50138,200067205,200067205,50,50,1392.4631812361697,156.0,563.0,36.486401859495516,49.56067440035419,1139,6088
50261,50054,200066389,200066389,50,50,4061.187514450707,167.0,193.0,23.464926101862297,34.64897424099631,1141,6061
50261,50492,200066389,200066389,50,50,7677.8682071993035,167.0,2532.0,23.464926101862297,74.89520563507644,1141,6189
50266,50109,200067023,200042604,50,50,2964.352650986908,446.0,1761.0,36.934446543030234,67.04757763353459,1142,6082
50268,50022,200067205,200067205,50,50,3496.1384282848494,246.0,117.0,31.773497502379293,46.409497332048026,1143,6051
50268,50384,200067205,200067205,50,50,1213.5627185255053,246.0,229.0,31.773497502379293,33.04091579396219,1143,6157
50299,50471,200067205,200067205,50,50,1269.3164436616862,220.0,263.0,62.65218376838322,68.75732335485364,1144,6178
50299,50522,200067205,200067205,50,50,2082.2575375618044,220.0,247.0,62.65218376838322,32.509122912209925,1144,6197
50304,50109,200042604,200042604,50,50,3702.1536678209586,195.0,1761.0,32.437431190632665,67.04757763353459,1145,6082
50326,50038,200067023,200042604,50,50,2195.627117179149,235.0,434.0,21.545508385367363,104.27106947983066,1147,6057
50341,50478,200067205,200067205,50,50,2967.8217149203206,2001.0,419.0,339.83594468893176,30.15963895545476,1149,6182
50370,50082,200067205,200067205,50,50,2770.775535455801,609.0,5867.0,37.561233683207185,75.37888339927224,1151,6068
50370,50285,200067205,200067205,50,50,5193.9680779951495,609.0,312.0,37.561233683207185,32.028063994042064,1151,6128
50370,50486,200067205,200067205,50,50,6830.435493916607,609.0,625.0,37.561233683207185,28.832500651057366,1151,6185
50398,50054,200066389,200066389,50,50,3137.752765874426,198.0,193.0,41.8368573694173,34.64897424099631,1155,6061
50461,50241,200067205,200067205,50,50,1441.569412593892,208.0,184.0,36.598580910564856,42.620773187910174,1160,6117
50461,50251,200067205,200067205,50,50,4298.522722815062,208.0,360.0,36.598580910564856,62.477381713796284,1160,6120
50461,50478,200067205,200067205,50,50,322.6339640957583,208.0,419.0,36.598580910564856,30.15963895545476,1160,6182
50463,50437,200067023,200067023,50,50,3103.4120023385176,525.0,784.0,31.00730247757916,63.58603090749327,1161,6169
50463,50513,200067023,200067023,50,50,1469.0813477383558,525.0,196.0,31.00730247757916,28.936436145668427,1161,6195
50511,50384,200067205,200067205,50,50,3387.763402578715,145.0,229.0,39.73651587646002,33.04091579396219,1165,6157
50511,50478,200067205,200067205,50,50,3401.325972549641,145.0,419.0,39.73651587646002,30.15963895545476,1165,6182
50551,50486,200067205,200067205,50,50,3050.3618689374607,2062.0,625.0,59.752361743368,28.832500651057366,1166,6185
50578,50186,200067205,200067205,50,50,2264.5939382222573,76.0,226.0,30.80331146438199,46.355844015473224,1168,6103
50578,50241,200067205,200067205,50,50,1036.2346606554122,76.0,184.0,30.80331146438199,42.620773187910174,1168,6117
50578,50251,200067205,200067205,50,50,881.6610653960583,76.0,360.0,30.80331146438199,62.477381713796284,1168,6120
50610,50138,200067205,200067205,50,50,2853.58014976216,202.0,563.0,38.763411605229514,49.56067440035419,1171,6088
50610,50241,200067205,200067205,50,50,3814.529604872422,202.0,184.0,38.763411605229514,42.620773187910174,1171,6117
50621,50478,200067205,200067205,50,50,804.9237266692678,66.0,419.0,21.635678766388875,30.15963895545476,1172,6182
50626,50109,200067023,200042604,50,50,6536.217411837068,381.0,1761.0,27.503418721567133,67.04757763353459,1173,6082
50626,50278,200067023,200042604,50,50,327.41004838523173,381.0,269.0,27.503418721567133,81.68447697184742,1173,6124
50626,50327,200067023,200042604,50,50,2177.5949246893942,381.0,195.0,27.503418721567133,25.42140478620981,1173,6138
54058,54198,200070845,200070845,54,54,79.73422361785319,84.0,302.0,8.929862553831112,20.544634498744987,1221,6570
54058,54231,200070845,200070845,54,54,2988.7721256647396,84.0,181.0,8.929862553831112,14.662397526043753,1221,6585
54058,54389,200070845,200070845,54,54,3545.427662779698,84.0,103.0,8.929862553831112,11.985064053692042,1221,6686
54449,54383,200070324,200067643,54,54,3195.8982036052507,1051.0,1136.0,186.85056458051008,117.70920126684977,1245,6683
54516,54164,200035772,200035772,54,54,1017.4901414907671,18.0,83.0,10.802458554480522,15.142087667298926,1248,6548
54516,54497,200035772,200035772,54,54,297.7946802802664,18.0,87.0,10.802458554480522,13.892154782843193,1248,6751
54516,54552,200035772,200035772,54,54,1539.1981660753727,18.0,67.0,10.802458554480522,11.578769571438364,1248,6776
54588,54076,200070324,200067643,54,54,3382.6496064846515,390.0,3927.0,32.881836427849926,330.294733704095,1254,6496
54588,54152,200070324,200067643,54,54,358.95256160862385,390.0,3110.0,32.881836427849926,378.79161995411886,1254,6544
54588,54383,200070324,200067643,54,54,2041.1741844349172,390.0,1136.0,32.881836427849926,117.70920126684977,1254,6683
56029,56040,200042174,200042174,56,56,5491.7515565612475,1257.0,3348.0,102.78029850791778,103.04399874567756,1283,6831
56029,56090,200042174,200042174,56,56,3798.880134176841,1257.0,6571.0,102.78029850791778,146.35767286787654,1283,6851
56042,56067,200067932,200067932,56,56,7305.752283699421,2237.0,5782.0,83.98300196620322,85.9860035866332,1284,6841
56042,56115,200067932,200067932,56,56,2486.30773490506,2237.0,1811.0,83.98300196620322,128.2106655796703,1284,6864
56042,56120,200067932,200067932,56,56,2018.704996832372,2237.0,1954.0,83.98300196620322,100.14154617280211,1284,6868
56047,56092,245614433,245614433,56,56,3542.311271882175,1498.0,831.0,44.467253662488766,42.73054036211245,1285,6852
56060,56154,243500741,243500741,56,56,5049.650523849939,948.0,1857.0,47.378125482175015,75.79611571920405,1286,6882
56072,56092,245614433,245614433,56,56,2596.8259151896045,513.0,831.0,24.705169101398674,42.73054036211245,1287,6852
56072,56151,245614433,245614433,56,56,11793.870585319391,513.0,3607.0,24.705169101398674,67.47954309043608,1287,6879
56076,56246,245614433,245614433,56,56,1663.6196334304177,1347.0,2135.0,28.629921909429875,132.6427536502572,1288,6923
56104,56090,200042174,200042174,56,56,13949.810487956638,807.0,6571.0,44.30214285841119,146.35767286787654,1290,6851
56104,56101,200042174,200042174,56,56,731.2655622728998,807.0,8047.0,44.30214285841119,76.31344119361255,1290,6857
56157,56053,200067932,200067932,56,56,4616.414634597873,1962.0,6436.0,47.73209896809569,100.16428560497151,1291,6835
56157,56120,200067932,200067932,56,56,7542.126526748508,1962.0,1954.0,47.73209896809569,100.14154617280211,1291,6868
56157,56137,200067932,200067932,56,56,7725.097716248773,1962.0,3316.0,47.73209896809569,129.98438262004314,1291,6874
56157,56254,200067932,200067932,56,56,2924.9381110122754,1962.0,1349.0,47.73209896809569,52.16161123692652,1291,6928
56166,56040,200042174,200042174,56,56,8437.75382034243,5784.0,3348.0,86.24520347396711,103.04399874567756,1293,6831
56188,56101,200042174,200042174,56,56,6373.364406191856,1421.0,8047.0,33.10783106658622,76.31344119361255,1294,6857
57027,57328,245700133,245700133,57,57,2487.4263650033954,121.0,90.0,25.268161226159812,31.024042721872743,1299,7168
57027,57442,245700133,245700133,57,57,2459.198825130765,121.0,245.0,25.268161226159812,29.732199290904457,1299,7243
57027,57670,245700133,245700133,57,57,2280.0800359409113,121.0,132.0,25.268161226159812,24.012046264067646,1299,7418
57088,57275,200067502,200067502,57,57,4249.985659632932,306.0,917.0,15.835681325341357,90.81925962458344,1302,7126
57088,57389,200067502,200067502,57,57,1863.7366231617425,306.0,461.0,15.835681325341357,93.95824853899902,1302,7213
57088,57409,200067502,200067502,57,57,1294.173366825149,306.0,670.0,15.835681325341357,105.37825434907114,1302,7223
57115,57670,200067502,245700133,57,57,1641.8772452295793,97.0,132.0,16.502181073173272,24.012046264067646,1303,7418
57173,57086,200068146,200068146,57,57,3036.9099896978805,101.0,233.0,19.904151485300442,8.748142403090956,1304,6993
57178,57325,200067502,200070746,57,57,1851.255257914128,356.0,832.0,61.584927681051646,80.30588074559918,1306,7166
57178,57398,200067502,200067502,57,57,2671.367301421218,356.0,508.0,61.584927681051646,70.40008481924295,1306,7218
57178,57615,200067502,200070746,57,57,2618.892722816524,356.0,963.0,61.584927681051646,78.97664257955545,1306,7370
57198,57239,200067502,200067502,57,57,2150.940438501595,190.0,435.0,37.75344699397061,73.85721898374163,1307,7104
57262,57237,200067502,200067502,57,57,742.726641400859,635.0,304.0,29.067965897396835,54.81546908893054,1309,7103
57262,57239,200067502,200067502,57,57,2261.9111079846803,635.0,435.0,29.067965897396835,73.85721898374163,1309,7104
57262,57384,200067502,200067502,57,57,1288.7748626922823,635.0,624.0,29.067965897396835,92.78916866831096,1309,7208
57262,57409,200067502,200067502,57,57,1876.6084615248524,635.0,670.0,29.067965897396835,105.37825434907114,1309,7223
57311,57014,200067502,200067502,57,57,1041.6304604517468,510.0,369.0,48.960187827615215,75.6561523048858,1311,6942
57311,57237,200067502,200067502,57,57,966.5923011920598,510.0,304.0,48.960187827615215,54.81546908893054,1311,7103
57311,57239,200067502,200067502,57,57,1870.005551721432,510.0,435.0,48.960187827615215,73.85721898374163,1311,7104
57311,57398,200067502,200067502,57,57,637.6641647775722,510.0,508.0,48.960187827615215,70.40008481924295,1311,7218
57379,57189,200067502,200067502,57,57,2990.967581641755,271.0,224.0,35.05852902739876,33.03813949037332,1312,7062
57497,57357,200070746,200070746,57,57,945.8067399108273,261.0,418.0,35.2297511217729,48.88318725046862,1314,7190
57536,57325,200067502,200070746,57,57,1775.8644437341377,218.0,832.0,44.75388025009717,80.30588074559918,1315,7166
57536,57357,200067502,200070746,57,57,697.8545291787773,218.0,418.0,44.75388025009717,48.88318725046862,1315,7190
57662,57189,200067502,200067502,57,57,1878.7579126990727,97.0,224.0,19.277868493212768,33.03813949037332,1317,7062
57673,57189,245700133,200067502,57,57,1033.3829468137615,50.0,224.0,19.779122390354555,33.03813949037332,1318,7062
57673,57670,245700133,245700133,57,57,3864.1410416581375,50.0,132.0,19.779122390354555,24.012046264067646,1318,7418
57717,57105,200067502,200067502,57,57,2707.229025761373,177.0,151.0,24.373419348931023,43.302681333798695,1320,7007
57717,57189,200067502,200067502,57,57,1729.946172179656,177.0,224.0,24.373419348931023,33.03813949037332,1320,7062
57717,57275,200067502,200067502,57,57,551.2498249999329,177.0,917.0,24.373419348931023,90.81925962458344,1320,7126
57717,57686,200067502,245700133,57,57,647.124709230116,177.0,245.0,24.373419348931023,39.73347628366135,1320,7429
59198,59661,200043404,200043404,59,59,2335.0999203883757,234.0,131.0,13.958342928768907,31.719238492888508,1341,8060
59261,59229,200043404,200043404,59,59,4524.3935799585215,1739.0,527.0,146.98946707454016,39.14797145934242,1342,7681
59261,59249,200043404,200043404,59,59,3383.890523971756,1739.0,11456.0,146.98946707454016,497.2978169171298,1342,7695
59445,59012,200043404,200043404,59,59,3759.211147996078,1188.0,3204.0,100.02456608516,143.4411009226235,1344,7495
59496,59137,200030633,200030633,59,59,4430.31591080601,232.0,788.0,36.4286491370507,58.58124365578797,1345,7604
59496,59395,200030633,200030633,59,59,4119.43019841256,232.0,288.0,36.4286491370507,31.93259741324511,1345,7825
59601,59012,200043404,200043404,59,59,190.93201826714412,2679.0,3204.0,68.24429712524804,143.4411009226235,1346,7495
59601,59249,200043404,200043404,59,59,1293.543866585638,2679.0,11456.0,68.24429712524804,497.2978169171298,1346,7695
59601,59661,200043404,200043404,59,59,3298.764000890488,2679.0,131.0,68.24429712524804,31.719238492888508,1346,8060
60011,60124,246000855,246000855,60,60,1564.5330727553933,416.0,317.0,32.8441342802503,34.971873920316895,1348,8156
60011,60258,246000855,246000855,60,60,2247.3880319926047,416.0,159.0,32.8441342802503,52.8059217178211,1348,8251
60011,60350,246000855,246000855,60,60,3179.0245658143135,416.0,1403.0,32.8441342802503,83.57234642901706,1348,8312
60035,60124,246000855,246000855,60,60,4499.09843531305,241.0,317.0,34.06788451952563,34.971873920316895,1349,8156
60053,60121,246000855,246000756,60,60,191.6375805936239,578.0,159.0,45.492978111425565,34.855118976136396,1350,8155
60053,60124,246000855,246000855,60,60,425.9620300647805,578.0,317.0,45.492978111425565,34.971873920316895,1350,8156
60053,60204,246000855,246000855,60,60,6500.003518604982,578.0,301.0,45.492978111425565,52.08266849183674,1350,8213
60053,60263,246000855,246000756,60,60,1223.8436094313615,578.0,264.0,45.492978111425565,52.82877050569199,1350,8255
60093,60483,246000855,246000855,60,60,1567.757588974325,461.0,521.0,48.656607885923755,60.93141187775345,1351,8409
60160,60071,246000855,246000855,60,60,1390.448934271641,742.0,173.0,76.0646385670796,43.597759630921786,1352,8123
60160,60483,246000855,246000855,60,60,934.7656325718447,742.0,521.0,76.0646385670796,60.93141187775345,1352,8409
60160,60558,246000855,246000855,60,60,3931.9682932140013,742.0,455.0,76.0646385670796,41.83010369550438,1352,8465
60164,60220,246000913,246000913,60,60,1713.3158972087779,844.0,503.0,62.101390005798734,83.02199440330548,1353,8224
60164,60235,246000913,246000913,60,60,383.8488308048063,844.0,670.0,62.101390005798734,36.02503895329847,1353,8237
60164,60343,246000913,246000913,60,60,2286.306368790481,844.0,602.0,62.101390005798734,99.50823670676066,1353,8307
60164,60344,246000913,246000913,60,60,4847.864053616095,844.0,508.0,62.101390005798734,44.928036553175026,1353,8308
60164,60616,246000913,246000913,60,60,4365.70216841045,844.0,2778.0,62.101390005798734,134.22915190107963,1353,8503
60174,60258,246000855,246000855,60,60,3257.0578911200055,216.0,159.0,44.40409995012101,52.8059217178211,1354,8251
60187,60073,246000913,246000913,60,60,3413.55705696839,969.0,560.0,98.36782603923513,48.57024462863851,1355,8125
60187,60220,246000913,246000913,60,60,3848.451757208457,969.0,503.0,98.36782603923513,83.02199440330548,1355,8224
60200,60201,246000566,246000566,60,60,1563.1372353719366,318.0,237.0,115.66568222293871,85.68064189016337,1356,8211
60200,60276,246000566,246000566,60,60,1920.9103618383203,318.0,204.0,115.66568222293871,39.397949847991924,1356,8262
60200,60503,246000566,246000566,60,60,1465.7007051140122,318.0,112.0,115.66568222293871,26.55621788492665,1356,8424
60262,60168,246000566,246000566,60,60,2135.7845786119246,237.0,214.0,26.93834551003349,33.20237166019264,1357,8190
60262,60503,246000566,246000566,60,60,2633.3519350681295,237.0,112.0,26.93834551003349,26.55621788492665,1357,8424
60262,60643,246000566,246000566,60,60,976.0889450338091,237.0,1365.0,26.93834551003349,113.48358671143004,1357,8522
60278,60062,246000756,246000756,60,60,189.9043132090545,406.0,312.0,98.16539943600685,43.643032893488126,1358,8114
60278,60236,246000756,246000756,60,60,475.9759262866568,406.0,222.0,98.16539943600685,69.927485469993,1358,8238
60278,60502,246000756,246000756,60,60,2331.17704905544,406.0,101.0,98.16539943600685,35.810216292089,1358,8423
60294,60434,246000855,246000855,60,60,941.0038229976078,85.0,220.0,28.262032926672873,33.28013435905156,1359,8377
60294,60483,246000855,246000855,60,60,2054.2442589758502,85.0,521.0,28.262032926672873,60.93141187775345,1359,8409
60362,60255,246000756,246000756,60,60,5053.288644280386,176.0,329.0,15.389474052368707,54.86517387069827,1360,8249
60362,60263,246000756,246000756,60,60,4004.5914102915735,176.0,264.0,15.389474052368707,52.82877050569199,1360,8255
60516,60343,246000913,246000913,60,60,2990.6539733963114,402.0,602.0,49.88356878480845,99.50823670676066,1363,8307
60516,60626,246000913,246000913,60,60,2665.8668760864252,402.0,653.0,49.88356878480845,69.91390051322463,1363,8509
60556,60201,246000566,246000566,60,60,1274.4121203287152,206.0,237.0,21.710405126479678,85.68064189016337,1364,8211
60556,60232,246000566,246000566,60,60,2220.913579940515,206.0,457.0,21.710405126479678,94.36827877052363,1364,8235
60556,60702,246000566,246000566,60,60,4705.43968616407,206.0,244.0,21.710405126479678,18.12030820917421,1364,8565
60592,60626,246000913,246000913,60,60,543.09834370695,688.0,653.0,63.09353136065698,69.91390051322463,1366,8509
60693,02362,246000756,200071785,60,02,2870.280638432733,398.0,239.0,57.151122092446016,33.05751200299253,1369,444
60693,60062,246000756,246000756,60,60,2649.840305170877,398.0,312.0,57.151122092446016,43.643032893488126,1369,8114
60693,60291,246000756,246000756,60,60,2303.7302115641673,398.0,1776.0,57.151122092446016,86.37616167433073,1369,8271
61044,61407,200035814,200035814,61,61,6279.748903573408,437.0,687.0,48.82605993349301,47.034240404865315,1370,8605
61069,61219,200035814,200035814,61,61,550.4907057389468,163.0,161.0,27.5437632389061,29.704122448016708,1371,8591
61069,61407,200035814,200035814,61,61,655.747386189048,163.0,687.0,27.5437632389061,47.034240404865315,1371,8605
61070,61030,200035814,200035814,61,61,4393.090994281017,835.0,272.0,55.01227045909843,101.08503861214022,1372,8571
61070,61078,200035814,200035814,61,61,3126.1747207311478,835.0,709.0,55.01227045909843,52.74202978887109,1372,8574
61070,61218,200035814,200035814,61,61,1540.3578483894767,835.0,1774.0,55.01227045909843,273.1954587292747,1372,8590
61070,61391,200035814,200035814,61,61,3683.303448494483,835.0,3164.0,55.01227045909843,434.03910335214186,1372,8603
61269,61007,200035814,200035814,61,61,1206.2532929764297,483.0,4216.0,44.58349431819837,54.18829709999225,1373,8568
61269,61219,200035814,200035814,61,61,3135.049450956531,483.0,161.0,44.58349431819837,29.704122448016708,1373,8591
61287,61007,200035814,200035814,61,61,2885.7382261368666,723.0,4216.0,64.54541384040085,54.18829709999225,1374,8568
61287,61011,200035814,200035814,61,61,1356.7061458396727,723.0,402.0,64.54541384040085,102.02688538652939,1374,8569
61447,61007,200035814,200035814,61,61,3069.8728418244973,1358.0,4216.0,143.8609309849182,54.18829709999225,1375,8568
61447,61407,200035814,200035814,61,61,2293.577479957727,1358.0,687.0,143.8609309849182,47.034240404865315,1375,8605
62002,62597,200035442,200035442,62,62,454.8887669589275,233.0,289.0,54.20983287558481,44.53498081333594,1376,8969
62022,62104,200018083,200018083,62,62,4020.2502560814332,301.0,440.0,29.98809144803934,80.27071105040265,1379,8679
62022,62230,200018083,200018083,62,62,2012.4002400065365,301.0,928.0,29.98809144803934,92.38025569829924,1379,8754
62022,62880,200018083,200018083,62,62,127.00263010234231,301.0,198.0,29.98809144803934,210.09812283385563,1379,9141
62044,62176,200069029,200069029,62,62,1183.4752125089474,853.0,639.0,128.78942763901136,87.48961049703642,1381,8722
62068,62146,200035442,200033579,62,62,1435.457076261716,326.0,263.0,62.977816800547124,74.6240654624866,1383,8704
62068,62147,200035442,200033579,62,62,452.1684095922527,326.0,394.0,62.977816800547124,66.91741624838073,1383,8705
62068,62597,200035442,200035442,62,62,2416.3935323759324,326.0,289.0,62.977816800547124,44.53498081333594,1383,8969
62070,62221,200069482,200069482,62,62,3833.379248997983,265.0,240.0,38.931801121442206,28.903157913446016,1384,8748
62070,62536,200069482,200069482,62,62,345.96996407669644,265.0,637.0,38.931801121442206,63.931347687121686,1384,8938
62070,62820,200069482,200069482,62,62,1126.3045446879773,265.0,806.0,38.931801121442206,74.51734333284699,1384,9106
62082,62117,200035442,200035442,62,62,1558.5246780060072,321.0,915.0,41.916740954934056,121.4056751812908,1387,8688
62082,62189,200035442,200035442,62,62,3145.3676284117223,321.0,133.0,41.916740954934056,40.88134271532364,1387,8728
62116,62241,200069029,200069029,62,62,3359.793681339478,171.0,310.0,29.115811461236493,31.485108334595285,1391,8761
62116,62460,200069029,200069029,62,62,306.60031579199955,171.0,269.0,29.115811461236493,33.091132889959795,1391,8892
62116,62527,200069029,200069029,62,62,2325.1905086337592,171.0,254.0,29.115811461236493,23.04960917806607,1391,8932
62122,62096,200035442,200035442,62,62,116.68478877992908,359.0,548.0,62.17005759180982,54.89906943090987,1393,8676
62122,62493,200035442,200035442,62,62,3345.0242453204037,359.0,233.0,62.17005759180982,48.49010309496885,1393,8912
62124,62176,200069029,200069029,62,62,3672.480019225502,439.0,639.0,147.61397948239406,87.48961049703642,1394,8722
62179,62308,200018083,246201016,62,62,858.123673922404,401.0,489.0,64.4314758826772,82.60739396197123,1398,8798
62179,62803,200018083,246201016,62,62,1115.7422113346304,401.0,638.0,64.4314758826772,91.82078858474415,1398,9097
62181,62409,200035442,200069482,62,62,1274.7236842402483,1480.0,194.0,71.05159230222218,60.85124897753295,1399,8861
62181,62579,200035442,200069482,62,62,2232.840319586791,1480.0,546.0,71.05159230222218,49.02678593136166,1399,8961
62196,62176,200069029,200069029,62,62,1313.6726236497743,593.0,639.0,62.34951001083221,87.48961049703642,1400,8722
62196,62752,200069029,200069029,62,62,3693.0955359950312,593.0,1080.0,62.34951001083221,51.36393887445216,1400,9067
62206,62015,200069029,200069029,62,62,1335.6197507880875,281.0,252.0,52.179512027713486,49.21094282214383,1401,8623
62206,62016,200069029,200069029,62,62,3336.4226421273283,281.0,188.0,52.179512027713486,31.762052319187724,1401,8624
62231,62233,200069029,200069029,62,62,4860.839646017228,130.0,1100.0,27.829016324508032,66.62518898058252,1404,8756
62231,62815,200069029,200069029,62,62,1457.1718538539028,130.0,172.0,27.829016324508032,25.650667833222293,1404,9102
62243,62798,200069482,200069482,62,62,1850.6617822276082,120.0,217.0,29.44087271236755,32.68580142496332,1406,9095
62248,62406,200035442,200035442,62,62,2276.806354195495,476.0,265.0,59.778360128557146,39.8523356425931,1407,8858
62248,62597,200035442,200035442,62,62,3270.9964238265466,476.0,289.0,59.778360128557146,44.53498081333594,1407,8969
62255,62075,200018083,246200729,62,62,2091.379350849637,804.0,1314.0,67.75609614416993,48.73974474165584,1410,8661
62255,62104,200018083,200018083,62,62,2684.445979264006,804.0,440.0,67.75609614416993,80.27071105040265,1410,8679
62272,62009,200035442,200069482,62,62,3956.145273091732,305.0,284.0,54.93069953641515,45.16274701275196,1412,8617
62272,62147,200035442,200033579,62,62,1294.0881030617254,305.0,394.0,54.93069953641515,66.91741624838073,1412,8705
62272,62579,200035442,200069482,62,62,1157.7815334613333,305.0,546.0,54.93069953641515,49.02678593136166,1412,8961
62273,62483,200018083,200018083,62,62,202.19574672267427,618.0,248.0,44.5256823322329,29.855851233611315,1413,8904
62273,62773,200018083,200018083,62,62,2537.8173549673456,618.0,4649.0,44.5256823322329,274.76164437486074,1413,9082
62306,62172,200035442,200033579,62,62,273.5010423490979,390.0,364.0,54.703332876364065,88.02362670768308,1415,8719
62306,62406,200035442,200035442,62,62,2765.582124394467,390.0,265.0,54.703332876364065,39.8523356425931,1415,8858
62306,62754,200035442,200035442,62,62,3723.410468893185,390.0,518.0,54.703332876364065,68.59349569917524,1415,9069
62316,62091,200069482,200069482,62,62,3122.225676261879,212.0,94.0,40.78878552117115,20.478389611789403,1418,8673
62316,62111,200069482,200069482,62,62,4403.083956216824,212.0,276.0,40.78878552117115,36.04170434048882,1418,8684
62341,62130,200035442,200069482,62,62,1848.6423084247604,399.0,659.0,42.876159607721235,88.97866741695748,1421,8695
62341,62409,200035442,200069482,62,62,3431.6357331661343,399.0,194.0,42.876159607721235,60.85124897753295,1421,8861
62368,62434,200069482,200069482,62,62,1608.8597809380376,212.0,138.0,33.948960243046926,25.47382846292281,1423,8876
62410,62117,200035442,200035442,62,62,1390.5049589423143,188.0,915.0,36.88568962344269,121.4056751812908,1429,8688
62410,62493,200035442,200035442,62,62,3177.433402288007,188.0,233.0,36.88568962344269,48.49010309496885,1429,8912
62410,62840,200035442,200035442,62,62,385.70253904959094,188.0,132.0,36.88568962344269,41.514898330804726,1429,9115
62429,62230,200018083,200018083,62,62,2664.349239845974,278.0,928.0,49.97921251740136,92.38025569829924,1431,8754
62429,62599,200018083,200018083,62,62,2734.859806265961,278.0,230.0,49.97921251740136,54.91542586318456,1431,8971
62472,62527,200069029,200069029,62,62,1325.569269492149,158.0,254.0,41.103508126615445,23.04960917806607,1434,8932
62475,62091,200069482,200069482,62,62,3107.5656502100355,239.0,94.0,32.17105053428515,20.478389611789403,1435,8673
62484,62096,200044048,200035442,62,62,515.7557753767964,308.0,548.0,36.29600408578067,54.89906943090987,1436,8676
62484,62619,200044048,200035442,62,62,4150.156496535835,308.0,137.0,36.29600408578067,27.924992729900975,1436,8985
62484,62673,200044048,200044048,62,62,4499.616944883286,308.0,637.0,36.29600408578067,70.2969308522802,1436,9020
62495,62140,246201016,246201016,62,62,4504.238936242116,323.0,487.0,36.919107171767536,55.993904667410575,1437,8700
62495,62837,246201016,246201016,62,62,3172.2322864463904,323.0,497.0,36.919107171767536,64.65800638564428,1437,9114
62499,62233,200069029,200069029,62,62,5000.093460490853,289.0,1100.0,26.734133216204285,66.62518898058252,1438,8756
62499,62602,200069029,200069029,62,62,5398.210218518975,289.0,201.0,26.734133216204285,45.009395114641364,1438,8972
62499,62815,200069029,200069029,62,62,718.9769945370479,289.0,172.0,26.734133216204285,25.650667833222293,1438,9102
62499,62849,200069029,200069029,62,62,2206.356316338069,289.0,2537.0,26.734133216204285,229.21261390091215,1438,9122
62524,62773,200018083,200018083,62,62,2341.829255590737,1506.0,4649.0,146.02534060596255,274.76164437486074,1440,9082
62524,62888,200018083,200018083,62,62,1865.2146595751578,1506.0,227.0,146.02534060596255,58.38179704574782,1440,9145
62526,62076,200018083,200072478,62,62,1409.4225333932677,147.0,215.0,41.40189152833541,31.426184033079867,1441,8662
62526,62599,200018083,200018083,62,62,1217.7589913223858,147.0,230.0,41.40189152833541,54.91542586318456,1441,8971
62526,62803,200018083,246201016,62,62,852.077669328501,147.0,638.0,41.40189152833541,91.82078858474415,1441,9097
62530,62140,200018083,246201016,62,62,5438.6900513429055,537.0,487.0,51.10568794838664,55.993904667410575,1442,8700
62530,62788,200018083,246201016,62,62,1436.3371720193331,537.0,693.0,51.10568794838664,45.19153718378545,1442,9090
62537,62111,200069482,200069482,62,62,2111.8577205332845,102.0,276.0,22.490272108352432,36.04170434048882,1444,8684
62537,62542,200069482,200069482,62,62,1174.8790908790024,102.0,203.0,22.490272108352432,29.19764082208681,1444,8940
62537,62778,200069482,200069482,62,62,2298.197436835837,102.0,78.0,22.490272108352432,31.162249513055478,1444,9085
62591,62096,200035442,200035442,62,62,5537.045826630506,209.0,548.0,31.193193900929927,54.89906943090987,1450,8676
62594,62285,200035442,200035442,62,62,1059.9700732715637,305.0,487.0,41.36583786706095,57.08671088011335,1452,8787
62594,62754,200035442,200035442,62,62,2056.1097931127015,305.0,518.0,41.36583786706095,68.59349569917524,1452,9069
62678,62024,200018083,246201016,62,62,502.20007489097924,712.0,991.0,50.70237501837894,93.5467041468885,1458,8628
62678,62245,200018083,246201016,62,62,3999.5910791938,712.0,767.0,50.70237501837894,74.60881753119973,1458,8763
62678,62308,200018083,246201016,62,62,5584.5982989767635,712.0,489.0,50.70237501837894,82.60739396197123,1458,8798
62678,62788,200018083,246201016,62,62,1397.4603109257291,712.0,693.0,50.70237501837894,45.19153718378545,1458,9090
62698,62176,200069029,200069029,62,62,853.4678807382867,270.0,639.0,56.03810476129344,87.48961049703642,1461,8722
62698,62527,200069029,200069029,62,62,2386.742872165829,270.0,254.0,56.03810476129344,23.04960917806607,1461,8932
62741,62130,200069482,200069482,62,62,853.6844258779164,116.0,659.0,21.141411125340102,88.97866741695748,1465,8695
62741,62434,200069482,200069482,62,62,326.92024783963575,116.0,138.0,21.141411125340102,25.47382846292281,1465,8876
62741,62465,200069482,200069482,62,62,2196.965217623578,116.0,219.0,21.141411125340102,61.02006959088575,1465,8894
62741,62664,200069482,200069482,62,62,1204.4565819693648,116.0,238.0,21.141411125340102,40.827344992858656,1465,9016
62784,62084,200069482,200069482,62,62,1382.863286428525,767.0,203.0,59.33829661629876,32.96319418979332,1470,8667
62784,62086,200069482,200069482,62,62,3132.417856141173,767.0,408.0,59.33829661629876,53.22407652169823,1470,8669
62784,62434,200069482,200069482,62,62,3319.398931076507,767.0,138.0,59.33829661629876,25.47382846292281,1470,8876
62784,62798,200069482,200069482,62,62,2892.8464882197036,767.0,217.0,59.33829661629876,32.68580142496332,1470,9095
62789,62140,200018083,246201016,62,62,936.1524519282184,262.0,487.0,126.87674921585807,55.993904667410575,1472,8700
62799,62015,200069029,200069029,62,62,1935.2199399664773,930.0,252.0,136.03800436353532,49.21094282214383,1473,8623
62799,62742,200069029,200069029,62,62,945.1542322428896,930.0,277.0,136.03800436353532,62.12794711548197,1473,9060
62799,62752,200069029,200069029,62,62,2589.304212167271,930.0,1080.0,136.03800436353532,51.36393887445216,1473,9067
62800,62130,200035442,200069482,62,62,2157.5990659035583,377.0,659.0,51.75496921287935,88.97866741695748,1474,8695
62804,62091,200069482,200069482,62,62,3868.507999192975,361.0,94.0,48.7039045752545,20.478389611789403,1476,8673
62804,62111,200069482,200069482,62,62,948.7272925071868,361.0,276.0,48.7039045752545,36.04170434048882,1476,8684
62804,62385,200069482,200069482,62,62,2717.3586619678376,361.0,380.0,48.7039045752545,35.09088277487661,1476,8845
62839,62285,200035442,200035442,62,62,3676.6238775340576,1072.0,487.0,76.1837324231358,57.08671088011335,1479,8787
62839,62619,200035442,200035442,62,62,1958.096542113205,1072.0,137.0,76.1837324231358,27.924992729900975,1479,8985
62870,62016,200069029,200069029,62,62,1164.2457584946392,1049.0,188.0,73.13536880652455,31.762052319187724,1482,8624
62870,62688,200069029,200069029,62,62,74.86199051848716,1049.0,4386.0,73.13536880652455,407.6548240315941,1482,9028
62870,62849,200069029,200069029,62,62,1160.3124778072586,1049.0,2537.0,73.13536880652455,229.21261390091215,1482,9122
62879,62385,200069482,200069482,62,62,1421.842078917793,219.0,380.0,53.73286980207405,35.09088277487661,1485,8845
62879,62798,200069482,200069482,62,62,1080.9656029398163,219.0,217.0,53.73286980207405,32.68580142496332,1485,9095
62896,62075,200018083,246200729,62,62,6306.463281906404,747.0,1314.0,59.330946055416625,48.73974474165584,1486,8661
62896,62679,200018083,200018083,62,62,3848.486399895279,747.0,329.0,59.330946055416625,55.73354696694184,1486,9024
62896,62888,200018083,200018083,62,62,1138.117628958931,747.0,227.0,59.330946055416625,58.38179704574782,1486,9145
63001,63012,200071199,200071199,63,63,4052.7547772168164,2736.0,935.0,259.7522005206878,53.02374747319104,1487,9163
63001,63013,200071199,200071199,63,63,2537.106509152537,2736.0,987.0,259.7522005206878,66.89996412703674,1487,9164
63061,63013,200071199,200071199,63,63,2130.427933026208,492.0,987.0,42.110161660098086,66.89996412703674,1490,9164
63061,63332,200071199,200071199,63,63,2222.911175751361,492.0,527.0,42.110161660098086,35.200509089042036,1490,9254
63061,63432,200071199,200071199,63,63,3919.7336708973394,492.0,923.0,42.110161660098086,55.36561195378323,1490,9274
63090,63012,200071199,200071199,63,63,2495.028654077136,500.0,935.0,60.6400311407114,53.02374747319104,1492,9163
63116,63012,200072098,200071199,63,63,608.123173523379,2148.0,935.0,119.50726508835504,53.02374747319104,1493,9163
63135,63327,200072098,200070753,63,63,1777.4613341262325,626.0,2072.0,267.8007138258822,295.81647072703186,1494,9253
63143,03044,200071199,200071363,63,03,2296.531384149589,1130.0,1547.0,56.20705926803257,57.40159455247852,1495,576
63143,63030,200071199,200071199,63,63,6689.529266943967,1130.0,344.0,56.20705926803257,27.249219344200785,1495,9169
63143,63332,200071199,200071199,63,63,648.6879929639454,1130.0,527.0,56.20705926803257,35.200509089042036,1495,9254
63181,63012,200072098,200071199,63,63,2661.475548509078,556.0,935.0,51.23934020068376,53.02374747319104,1497,9163
63196,63201,200071199,200071199,63,63,4490.200909581927,738.0,1154.0,47.094946322493904,48.80336887148111,1498,9216
63196,63232,200071199,200071199,63,63,5523.402038537737,738.0,557.0,47.094946322493904,40.043954107725746,1498,9228
63205,63177,200069177,200067627,63,63,5643.669528111684,470.0,417.0,22.122560344772054,23.6686973736474,1499,9209
63205,63405,200069177,200069177,63,63,7587.970157302898,470.0,575.0,22.122560344772054,30.43293435480362,1499,9267
63265,63058,246301097,246301097,63,63,3386.191847700342,2234.0,569.0,84.39818105157443,45.54475130786013,1502,9178
63265,63128,246301097,246301097,63,63,1688.7452033695672,2234.0,960.0,84.39818105157443,48.50731759708456,1502,9199
63265,63195,246301097,246301097,63,63,5617.211863485582,2234.0,6357.0,84.39818105157443,183.43239544832426,1502,9214
63265,63364,246301097,246301097,63,63,3022.2169922502067,2234.0,687.0,84.39818105157443,61.54594757657486,1502,9259
63276,63045,246301097,246301097,63,63,1316.3817508224433,2099.0,712.0,100.80184754999779,45.56703482906692,1503,9176
63276,63364,246301097,246301097,63,63,6039.96523472995,2099.0,687.0,100.80184754999779,61.54594757657486,1503,9259
63288,63103,200072098,200070753,63,63,2777.034341835761,464.0,6294.0,109.8839593896324,447.31050356300705,1504,9190
63311,63012,200071199,200071199,63,63,2862.0012205403136,320.0,935.0,34.22791138815044,53.02374747319104,1505,9163
63379,63012,200072098,200071199,63,63,5271.886911004177,538.0,935.0,96.95799019090977,53.02374747319104,1509,9163
63407,63026,200069169,200069177,63,63,5420.694933316496,288.0,2524.0,10.282638992442457,49.96249217572205,1510,9168
63461,63128,246301097,246301097,63,63,6718.44442103124,365.0,960.0,27.22918548032326,48.50731759708456,1513,9199
63461,63201,246301097,200071199,63,63,5370.4645121714575,365.0,1154.0,27.22918548032326,48.80336887148111,1513,9216
63461,63210,246301097,200071199,63,63,216.05472005473715,365.0,3127.0,27.22918548032326,142.55976823730077,1513,9219
63473,63103,200072098,200070753,63,63,4112.176816442261,397.0,6294.0,184.95421265095288,447.31050356300705,1514,9190
63473,63327,200072098,200070753,63,63,3397.434359165817,397.0,2072.0,184.95421265095288,295.81647072703186,1514,9253
64167,64385,200067239,200067239,64,64,3914.927816841969,217.0,279.0,32.681741418758634,30.485029150371336,1516,9418
64167,64523,200067239,200067239,64,64,5025.044286659475,217.0,787.0,32.681741418758634,45.13812835948852,1516,9469
64190,64232,200067239,200067239,64,64,1350.1578816723427,240.0,219.0,24.192968762539195,25.212016926673954,1517,9365
64190,64308,200067239,200067239,64,64,3108.802734904244,240.0,257.0,24.192968762539195,48.309285311997925,1517,9393
64190,64385,200067239,200067239,64,64,786.8361774628331,240.0,279.0,24.192968762539195,30.485029150371336,1517,9418
64456,64232,200067239,200067239,64,64,3713.360946727455,50.0,219.0,14.560961039013623,25.212016926673954,1518,9365
64456,64332,200067239,200067239,64,64,258.68156110579264,50.0,168.0,14.560961039013623,25.25854108129061,1518,9399
64462,64087,200039204,200039204,64,64,5301.059401766636,487.0,870.0,63.67185426810755,64.56137770886876,1520,9313
65079,65113,200070803,200070803,65,65,5463.959024274946,193.0,285.0,18.692217273818173,22.3276047098224,1521,9505
65079,65132,200070803,200070803,65,65,560.9076587826432,193.0,45.0,18.692217273818173,52.503595978205546,1521,9507
65079,65256,200070803,200070803,65,65,1425.9127401243534,193.0,145.0,18.692217273818173,32.04973737738452,1521,9528
65222,65063,246500482,200070803,65,65,2629.942721224306,146.0,173.0,49.646057099606224,40.92197756667124,1523,9493
65222,65084,246500482,200069300,65,65,902.2433585271547,146.0,285.0,49.646057099606224,60.970973896503025,1523,9499
65222,65181,246500482,200070803,65,65,535.5453220021037,146.0,172.0,49.646057099606224,57.31857029152836,1523,9514
65222,65346,246500482,200070803,65,65,644.697118839877,146.0,155.0,49.646057099606224,35.13851299372461,1523,9550
65281,65268,200069300,200069300,65,65,780.9994268596605,258.0,237.0,69.1078592899725,69.92309940633682,1524,9532
65281,65339,200069300,200069300,65,65,2379.172364699638,258.0,350.0,69.1078592899725,60.2215809824461,1524,9547
65281,65479,200069300,200069300,65,65,1040.6623571148966,258.0,363.0,69.1078592899725,86.67810609204645,1524,9568
65290,65333,200070803,200070803,65,65,2118.1250409379095,178.0,112.0,35.95058273077051,29.715596210737285,1525,9545
65290,65346,200070803,200070803,65,65,1415.4363457631766,178.0,155.0,35.95058273077051,35.13851299372461,1525,9550
65367,65333,200070803,200070803,65,65,3905.339520542441,160.0,112.0,28.406341484481054,29.715596210737285,1526,9545
65367,65353,200070803,200070803,65,65,3199.154580218701,160.0,244.0,28.406341484481054,26.736737909551042,1526,9552
65367,65447,200070803,200070803,65,65,3095.0081760469875,160.0,1230.0,28.406341484481054,85.47473424573262,1526,9567
65464,65019,200069300,200069300,65,65,997.9976753328712,494.0,580.0,84.73077953468767,113.19370997152116,1528,9487
65464,65084,200069300,200069300,65,65,4818.460501397598,494.0,285.0,84.73077953468767,60.970973896503025,1528,9499
66022,66029,246600415,246600449,66,66,1507.0448357726223,61.0,133.0,2.6011783227491305,4.774581782744616,1529,9582
66040,66029,246600415,246600449,66,66,5322.351168353344,43.0,133.0,6.102596019376691,4.774581782744616,1531,9582
66055,66029,246600415,246600449,66,66,1416.6230564623338,778.0,133.0,106.98537877649022,4.774581782744616,1532,9582
66055,66033,246600415,246600449,66,66,2493.442234888252,778.0,457.0,106.98537877649022,35.108203098690936,1532,9585
66055,66108,246600415,246600415,66,66,537.2094677892189,778.0,4294.0,106.98537877649022,221.37903959354227,1532,9604
66056,66033,246600415,246600449,66,66,4466.79589852779,1098.0,457.0,259.4702544014621,35.108203098690936,1533,9585
66056,66108,246600415,246600415,66,66,3556.5829072894535,1098.0,4294.0,259.4702544014621,221.37903959354227,1533,9604
66088,66108,246600415,246600415,66,66,409.9879185951462,5538.0,4294.0,174.4276278233353,221.37903959354227,1535,9604
66088,66121,246600415,246600415,66,66,6064.783555287276,5538.0,1343.0,174.4276278233353,151.97025894855204,1535,9608
66153,66029,246600415,246600449,66,66,7881.381330384023,47.0,133.0,2.1603090427945646,4.774581782744616,1537,9582
66153,66032,246600415,246600449,66,66,6455.530576996099,47.0,60.0,2.1603090427945646,4.485655587514927,1537,9584
66185,66029,246600415,246600449,66,66,2733.21363491281,357.0,133.0,40.131400411274065,4.774581782744616,1539,9582
67009,67091,200067841,200067841,67,67,2244.8055739642227,375.0,344.0,22.81805986022028,33.01808929848249,1540,9734
67009,67199,200067841,200067841,67,67,2045.052955789632,375.0,81.0,22.81805986022028,27.01548079926993,1540,9832
67047,57628,200067841,200070746,67,57,558.281150078813,156.0,4392.0,46.67604422345783,160.86158646381622,1541,7381
67047,67199,200067841,200067841,67,67,2658.9575890202473,156.0,81.0,46.67604422345783,27.01548079926993,1541,9832
67070,67029,200067841,200067841,67,67,3100.9213905730776,277.0,349.0,43.54825548816411,45.38537851255423,1542,9677
67070,67136,200067841,200067841,67,67,894.7044150543904,277.0,276.0,43.54825548816411,56.21738824697775,1542,9778
67070,67552,200067841,200067841,67,67,1649.3745447706676,277.0,344.0,43.54825548816411,32.23292554298662,1542,10143
67183,57628,200067841,200070746,67,57,432.61116508101213,888.0,4392.0,61.033444550883225,160.86158646381622,1543,7381
67183,67091,200067841,200067841,67,67,3649.797181335693,888.0,344.0,61.033444550883225,33.01808929848249,1543,9734
67183,67234,200067841,200067841,67,67,747.9265411728949,888.0,1493.0,61.033444550883225,79.25851049185303,1543,9862
67401,67099,200067841,200067841,67,67,2076.7362932760766,302.0,278.0,49.54448848227264,44.57560198286967,1544,9742
67401,67278,200067841,200067841,67,67,1050.9355387333762,302.0,539.0,49.54448848227264,58.99619037062076,1544,9903
67434,67099,200067841,200067841,67,67,1365.803690850536,2772.0,278.0,179.49982897687892,44.57560198286967,1545,9742
67434,67234,200067841,200067841,67,67,2760.36041552097,2772.0,1493.0,179.49982897687892,79.25851049185303,1545,9862
67434,67508,200067841,200067841,67,67,2903.12960052114,2772.0,419.0,179.49982897687892,31.17310175541685,1545,10103
67435,67091,200067841,200067841,67,67,3542.0327766249093,827.0,344.0,49.25280173490204,33.01808929848249,1546,9734
67435,67552,200067841,200067841,67,67,2687.3459824416977,827.0,344.0,49.25280173490204,32.23292554298662,1546,10143
67456,67234,200067841,200067841,67,67,2333.37565319197,425.0,1493.0,97.31421689293254,79.25851049185303,1547,9862
67488,67029,200067841,200067841,67,67,4007.9944601579646,187.0,349.0,35.099564591539036,45.38537851255423,1548,9677
67488,67278,200067841,200067841,67,67,2526.4959903340146,187.0,539.0,35.099564591539036,58.99619037062076,1548,9903
67488,67396,200067841,200067841,67,67,67.84263430886716,187.0,201.0,35.099564591539036,84.71572564450884,1548,10008
68370,68171,246800205,246800205,68,68,7453.719176104691,161.0,910.0,16.362731108960336,41.32131309108842,1549,10311
68370,68204,246800205,246800585,68,68,3134.8429466187413,161.0,1043.0,16.362731108960336,33.986224204769435,1549,10344
69006,69174,200040566,200040566,69,69,5626.49566904136,4840.0,617.0,125.03832439734056,49.36762302141195,1550,10646
69006,69254,200040566,200040566,69,69,842.247911103959,4840.0,983.0,125.03832439734056,53.5962414076777,1550,10701
69037,69039,200040566,200040574,69,69,3503.5460395421283,831.0,700.0,59.65950867082292,47.51607596359392,1551,10538
69037,69113,200040566,200040574,69,69,1195.8064722285167,831.0,903.0,59.65950867082292,61.52586464607057,1551,10603
69037,69167,200040566,200040590,69,69,3862.127335433359,831.0,588.0,59.65950867082292,36.48276001441493,1551,10640
69060,69124,200040566,200067817,69,69,4618.691927059434,564.0,455.0,20.07899255774757,25.639429474435797,1552,10612
69060,69151,200040566,200040590,69,69,2315.7159947331443,564.0,1488.0,20.07899255774757,102.68445461041186,1552,10630
69060,69196,200040566,200067817,69,69,722.5751212185163,564.0,605.0,20.07899255774757,41.71725743606432,1552,10660
69070,69240,200040566,200040566,69,69,2446.3295305559923,1327.0,620.0,84.83211391989991,45.002697962944985,1553,10689
69070,69248,200040566,200040566,69,69,2764.9806819348723,1327.0,5869.0,84.83211391989991,131.9856983570452,1553,10696
69107,69257,200040566,200040590,69,69,2296.051470616442,1055.0,1131.0,68.0899259096705,64.01692872170695,1555,10702
69130,69240,200040566,200040566,69,69,813.2290532034721,229.0,620.0,24.98164577607412,45.002697962944985,1556,10689
69160,69054,200040566,200040566,69,69,5845.991653234212,1036.0,361.0,33.167858434645616,32.7692366825929,1557,10551
69160,69164,200040566,200040566,69,69,2477.8228652227986,1036.0,318.0,33.167858434645616,21.020966951220583,1557,10637
69160,69196,200040566,200067817,69,69,2851.923854200354,1036.0,605.0,33.167858434645616,41.71725743606432,1557,10660
69169,69254,200040566,200040566,69,69,3492.073539943797,641.0,983.0,27.944949448858555,53.5962414076777,1558,10701
69181,69075,200040566,200040566,69,69,2223.15415420208,235.0,194.0,41.11088499250461,21.705170506405317,1559,10569
69181,69254,200040566,200040566,69,69,4041.926331963639,235.0,983.0,41.11088499250461,53.5962414076777,1559,10701
69183,69164,200040566,200040566,69,69,641.7746799616675,316.0,318.0,20.413549788868906,21.020966951220583,1560,10637
69183,69240,200040566,200040566,69,69,8095.821483720331,316.0,620.0,20.413549788868906,45.002697962944985,1560,10689
69192,69167,200040590,200040590,69,69,2136.4062822145493,153.0,588.0,24.573570836771374,36.48276001441493,1561,10640
69192,69257,200040590,200040590,69,69,3684.9684370407444,153.0,1131.0,24.573570836771374,64.01692872170695,1561,10702
69214,69248,200040566,200040566,69,69,5463.337980446648,1187.0,5869.0,76.03457809228384,131.9856983570452,1562,10696
69217,69039,200040566,200040574,69,69,4684.310612697082,743.0,700.0,42.304534935995214,47.51607596359392,1563,10538
69217,69075,200040566,200040566,69,69,1736.1276483009824,743.0,194.0,42.304534935995214,21.705170506405317,1563,10569
69229,69164,200040566,200040566,69,69,1878.005749063502,784.0,318.0,32.4659875552063,21.020966951220583,1564,10637
70120,70149,247000821,247000722,70,70,1371.6156391136515,3700.0,697.0,99.67048413559458,76.51960072639825,1572,10760
70120,70205,247000821,247000821,70,70,263.3610759377404,3700.0,200.0,99.67048413559458,61.45978905243513,1572,10774
70120,70221,247000821,247000722,70,70,1248.8253058738264,3700.0,283.0,99.67048413559458,23.115292642157588,1572,10778
70120,70248,247000821,247000821,70,70,2508.048074189564,3700.0,1377.0,99.67048413559458,79.05934973453432,1572,10781
70157,70064,247000821,247000722,70,70,2654.4513471568316,349.0,140.0,33.405339149077896,22.483184509694393,1575,10743
70157,70221,247000821,247000722,70,70,4766.730806429208,349.0,283.0,33.405339149077896,23.115292642157588,1575,10778
70229,70182,247000664,247000722,70,70,1621.9669996198882,258.0,127.0,32.37250084243308,19.809799523597157,1579,10769
70229,70477,247000664,247000722,70,70,1891.0410341003753,258.0,773.0,32.37250084243308,29.003660032638575,1579,10806
70306,70064,247000664,247000722,70,70,2139.036486417737,474.0,140.0,41.67157416930435,22.483184509694393,1584,10743
70306,70182,247000664,247000722,70,70,2488.5222939264077,474.0,127.0,41.67157416930435,19.809799523597157,1584,10769
70413,70215,247000821,247000821,70,70,3495.6373502784477,1863.0,246.0,63.99788191549741,74.21918614975571,1598,10777
70413,70248,247000821,247000821,70,70,1368.833926088136,1863.0,1377.0,63.99788191549741,79.05934973453432,1598,10781
70413,90005,247000821,200069060,70,90,3642.635441901929,1863.0,432.0,63.99788191549741,46.4353372373246,1598,13852
70413,90006,247000821,200069060,70,90,982.3819068321761,1863.0,283.0,63.99788191549741,43.681094417398725,1598,13853
70413,90057,247000821,200069060,70,90,1119.66365526757,1863.0,751.0,63.99788191549741,68.61851260493661,1598,13901
70414,90006,247000821,200069060,70,90,2587.236400964098,956.0,283.0,37.34306510587293,43.681094417398725,1599,13853
70414,90065,247000821,200069060,70,90,7033.47572794722,956.0,1127.0,37.34306510587293,39.713006812881495,1599,13909
71085,71174,200006682,200006682,71,71,1788.6773647902503,221.0,167.0,33.654465981064426,32.558494586096664,1607,10882
71256,71002,200071538,200071538,71,71,6981.145335105136,554.0,1236.0,67.59011369168881,63.160072202225116,1608,10824
71256,71548,200071538,200071538,71,71,7944.251883473131,554.0,242.0,67.59011369168881,31.08848650249654,1608,11018
71343,71174,200006682,200006682,71,71,2748.8633738496037,297.0,167.0,108.02521689875444,32.558494586096664,1609,10882
71343,71480,200006682,247100589,71,71,2478.201255535576,297.0,600.0,108.02521689875444,41.21783717255438,1609,10995
71343,71496,200006682,247100589,71,71,1048.5417551227106,297.0,137.0,108.02521689875444,51.28335014846223,1609,11001
71365,71234,200071538,200071538,71,71,2905.1168956224933,612.0,352.0,104.98473453488145,28.694621862761384,1610,10903
71365,71244,200071538,200071538,71,71,1416.6384056285406,612.0,446.0,104.98473453488145,69.64991260606429,1610,10907
72021,72123,247200090,247200090,72,72,740.9382613110698,570.0,65.0,23.33898386128938,8.07144473731582,1613,11061
72046,72007,200072684,200072684,72,72,2446.7633792356246,1560.0,501.0,84.94537768812943,43.118704742305916,1617,11036
72061,72022,247200348,247200090,72,72,5202.192332067838,1714.0,1214.0,51.306456693726204,43.79999438073874,1618,11040
72061,72110,247200348,247200348,72,72,2484.6689958434604,1714.0,1012.0,51.306456693726204,49.310708706889734,1618,11059
72067,72165,247200686,200072684,72,72,4889.478061115742,995.0,1900.0,51.435849677992906,78.52426980787281,1619,11073
72090,72165,200072684,200072684,72,72,3828.860791837925,2895.0,1900.0,174.5023664894185,78.52426980787281,1620,11073
72090,72241,200072684,200072684,72,72,2891.578800833568,2895.0,2917.0,174.5023664894185,155.2390162920925,1620,11085
72124,72350,247200447,247200447,72,72,2669.2183275113402,4808.0,3053.0,167.92745163986046,133.01806105522306,1624,11111
72167,72022,247200090,247200090,72,72,4191.877966788617,714.0,1214.0,67.40751477051663,43.79999438073874,1626,11040
72228,72009,247200090,247200348,72,72,798.271091164102,2046.0,355.0,50.301044043320495,40.748158423159985,1631,11038
72228,72022,247200090,247200090,72,72,7858.070722021712,2046.0,1214.0,50.301044043320495,43.79999438073874,1631,11040
72228,72123,247200090,247200090,72,72,4429.137855136719,2046.0,65.0,50.301044043320495,8.07144473731582,1631,11061
72228,72179,247200090,247200629,72,72,2633.6054856205383,2046.0,1882.0,50.301044043320495,124.35337125882305,1631,11075
72271,72165,200072684,200072684,72,72,3447.2770404277126,889.0,1900.0,65.84272187678982,78.52426980787281,1638,11073
72277,72040,247200686,247200686,72,72,3771.7344677176516,113.0,146.0,15.905397563854555,13.414755739187251,1639,11043
72299,72047,247200421,247200421,72,72,6195.093554014618,2455.0,2123.0,63.987450234740486,145.2762206311534,1640,11045
72299,72231,247200421,247200421,72,72,8586.188820378857,2455.0,5365.0,63.987450234740486,84.34825591531431,1640,11084
72299,72350,247200421,247200447,72,72,5400.401139167696,2455.0,3053.0,63.987450234740486,133.01806105522306,1640,11111
72331,72038,247200686,247200686,72,72,1612.395407653911,582.0,541.0,49.121940146743405,45.36948074318409,1643,11042
72331,72375,247200686,247200686,72,72,2426.019510678612,582.0,523.0,49.121940146743405,50.4504921647252,1643,11114
72341,72007,200072684,200072684,72,72,4244.5838225761945,612.0,501.0,55.86661271104197,43.118704742305916,1645,11036
72341,72241,200072684,200072684,72,72,1256.0246441389831,612.0,2917.0,55.86661271104197,155.2390162920925,1645,11085
72341,72300,200072684,200072684,72,72,4585.657707023565,612.0,2699.0,55.86661271104197,78.11711384282782,1645,11097
72345,72007,200072684,200072684,72,72,2907.573614277756,339.0,501.0,69.0284199339736,43.118704742305916,1647,11036
72345,72053,200072684,247200421,72,72,319.82756787459266,339.0,1183.0,69.0284199339736,45.595070119613595,1647,11046
72359,72165,200072684,200072684,72,72,2741.066652391509,1436.0,1900.0,84.46567889734072,78.52426980787281,1649,11073
72359,72335,200072684,200072684,72,72,5105.761155354002,1436.0,1073.0,84.46567889734072,101.02118119156886,1649,11103
73007,73048,247300676,200068997,73,73,2906.9912110870027,1747.0,351.0,107.29309249882853,20.695147342420785,1653,11143
73007,73053,247300676,200041010,73,73,3738.5419097636604,1747.0,679.0,107.29309249882853,104.72938923415983,1653,11147
73007,73068,247300676,200041010,73,73,4078.3055722184863,1747.0,606.0,107.29309249882853,95.58840858634956,1653,11157
73007,73120,247300676,200041010,73,73,2737.041202831535,1747.0,624.0,107.29309249882853,56.80851049753823,1653,11194
73007,73129,247300676,200068997,73,73,2534.6706362363234,1747.0,1203.0,107.29309249882853,133.971695046738,1653,11200
73007,73162,247300676,200068997,73,73,1627.4318934635496,1747.0,669.0,107.29309249882853,44.07590588346396,1653,11221
73007,73241,247300676,200068997,73,73,1738.3041048205816,1747.0,1209.0,107.29309249882853,83.80933665870423,1653,11268
73049,73048,247300676,200068997,73,73,5376.3300950548455,143.0,351.0,16.112459324003687,20.695147342420785,1655,11143
73049,73053,247300676,200041010,73,73,1108.6557500526756,143.0,679.0,16.112459324003687,104.72938923415983,1655,11147
73109,73074,247300676,247300361,73,73,3955.222427436236,767.0,329.0,39.51650942401778,27.18444301555352,1656,11163
73168,73053,247300676,200041010,73,73,4019.75534488865,116.0,679.0,12.12898061663705,104.72938923415983,1657,11147
73168,73069,247300676,200041010,73,73,1484.510587979929,116.0,959.0,12.12898061663705,89.61822994079982,1657,11158
73168,73166,247300676,200041010,73,73,2651.254570392213,116.0,51.0,12.12898061663705,6.229874259010024,1657,11223
73175,73048,247300676,200068997,73,73,763.975498026888,81.0,351.0,3.0703547780547593,20.695147342420785,1658,11143
73175,73216,247300676,200068997,73,73,1799.1590018020147,81.0,495.0,3.0703547780547593,55.77919690673731,1658,11253
73175,73268,247300676,200068997,73,73,1299.5397688206165,81.0,524.0,3.0703547780547593,25.23432024856038,1658,11287
73220,73052,247300676,200041010,73,73,2006.284830932189,369.0,145.0,18.952155097991703,21.46911442822012,1659,11146
73220,73205,247300676,200041010,73,73,3118.173632384593,369.0,128.0,18.952155097991703,14.81075246908423,1659,11246
73220,73207,247300676,200041010,73,73,467.38031508748816,369.0,433.0,18.952155097991703,37.42245778686811,1659,11248
73220,73289,247300676,200041010,73,73,1970.640762974763,369.0,419.0,18.952155097991703,28.179627222044555,1659,11302
73220,73311,247300676,200041010,73,73,2079.8420695890877,369.0,94.0,18.952155097991703,12.523879311739805,1659,11320
73237,73166,247300676,200041010,73,73,376.2068184206847,389.0,51.0,32.971722831625215,6.229874259010024,1660,11223
73237,73205,247300676,200041010,73,73,1891.7642226646428,389.0,128.0,32.971722831625215,14.81075246908423,1660,11246
73252,73074,247300676,247300361,73,73,3151.084573483261,251.0,329.0,22.72563866763545,27.18444301555352,1661,11163
73252,73278,247300676,247300361,73,73,3580.2828603057305,251.0,1237.0,22.72563866763545,28.00829634441776,1661,11294
73272,73207,247300676,200041010,73,73,758.8840087162434,177.0,433.0,24.020744158771205,37.42245778686811,1662,11248
73272,73278,247300676,247300361,73,73,767.4669944653454,177.0,1237.0,24.020744158771205,28.00829634441776,1662,11294
76032,76613,200069839,200069839,76,76,2266.7518881828996,138.0,642.0,45.46314374505455,77.59377561945668,1663,12022
76084,76686,200069839,200069821,76,76,1277.8512230644053,120.0,530.0,36.9107005415701,72.68375710270273,1665,12073
76091,76470,200069839,200069839,76,76,2663.809331631213,233.0,654.0,36.01437155355185,70.34706746064984,1666,11916
76091,76692,200069839,200069839,76,76,2058.901052650649,233.0,283.0,36.01437155355185,47.50050152712628,1666,12077
76128,76483,200069839,200069839,76,76,73.61193627280483,586.0,229.0,66.79273070792865,50.80320081547184,1667,11927
76156,76746,200069839,200069839,76,76,214.69071436151893,345.0,230.0,76.43468514738514,53.824640506528326,1668,12117
76180,76009,200069839,200069839,76,76,2929.0656791172073,187.0,351.0,45.39785911527583,99.03803849982417,1671,11613
76180,76355,200069839,200069847,76,76,535.7304855654256,187.0,959.0,45.39785911527583,88.51670971099797,1671,11839
76180,76679,200069839,200069839,76,76,2258.5832916223435,187.0,115.0,45.39785911527583,37.822024869602494,1671,12066
76180,76692,200069839,200069839,76,76,1947.6475915467202,187.0,283.0,45.39785911527583,47.50050152712628,1671,12077
76189,76467,200069839,200069839,76,76,3001.6080644065783,177.0,1339.0,54.94293936612427,145.07076569628745,1672,11914
76195,76663,200069839,200069821,76,76,2062.370023123475,189.0,1011.0,45.38566436867334,114.5161719160963,1673,12057
76195,76686,200069839,200069821,76,76,608.6912777103798,189.0,530.0,45.38566436867334,72.68375710270273,1673,12073
76195,76746,200069839,200069839,76,76,2729.0264300142185,189.0,230.0,45.38566436867334,53.824640506528326,1673,12117
76221,76346,200069839,200069839,76,76,733.4538129796242,192.0,313.0,29.710437508286724,42.539890470094946,1674,11832
76221,76467,200069839,200069839,76,76,703.15916656036,192.0,1339.0,29.710437508286724,145.07076569628745,1674,11914
76221,76504,200069839,200069839,76,76,1003.2536126460061,192.0,125.0,29.710437508286724,30.72568811179151,1674,11942
76221,76569,200069839,200069839,76,76,3656.601120398739,192.0,222.0,29.710437508286724,38.151527186782175,1674,11987
76299,76686,200069821,200069821,76,76,4185.204069951645,383.0,530.0,77.73616007563352,72.68375710270273,1675,12073
76299,76719,200069821,200069821,76,76,804.4229770540186,383.0,867.0,77.73616007563352,156.23916499832464,1675,12100
76315,76483,200069839,200069839,76,76,2254.7619040135164,1072.0,229.0,57.84708441370728,50.80320081547184,1676,11927
76339,76483,200069839,200069839,76,76,1508.4570042537412,261.0,229.0,60.70235212969963,50.80320081547184,1677,11927
76339,76679,200069839,200069839,76,76,2200.498872843194,261.0,115.0,60.70235212969963,37.822024869602494,1677,12066
76371,76054,247600729,247600729,76,76,2479.7883634730288,72.0,518.0,17.904300942123825,25.35768172745924,1678,11641
76480,76467,200069839,200069839,76,76,1417.1882636561156,445.0,1339.0,49.11636822536794,145.07076569628745,1680,11914
76488,76686,200069839,200069821,76,76,1267.9535842990733,527.0,530.0,74.10369249445826,72.68375710270273,1681,12073
76493,76651,200069839,200069839,76,76,3889.6618367387014,395.0,138.0,35.71993828186711,42.32248995484759,1683,12048
76529,76470,200069821,200069839,76,76,1538.5561004936167,307.0,654.0,40.798871880493884,70.34706746064984,1684,11916
76529,76680,200069821,200069821,76,76,2709.0770537074823,307.0,180.0,40.798871880493884,39.94962419760789,1684,12067
76529,76689,200069821,200069821,76,76,152.36338736827082,307.0,373.0,40.798871880493884,69.32935428179113,1684,12075
76529,76719,200069821,200069821,76,76,2617.620770504929,307.0,867.0,40.798871880493884,156.23916499832464,1684,12100
76529,76755,200069821,200069821,76,76,1129.3927478991366,307.0,555.0,40.798871880493884,54.11041370131257,1684,12124
76646,76375,200069839,200069839,76,76,2493.9204388634416,620.0,276.0,99.91553381235865,35.10154906014247,1685,11854
76646,76467,200069839,200069839,76,76,1333.3804334328563,620.0,1339.0,99.91553381235865,145.07076569628745,1685,11914
76646,76651,200069839,200069839,76,76,1444.6568361522716,620.0,138.0,99.91553381235865,42.32248995484759,1685,12048
76653,76219,200069839,200069847,76,76,1309.8173641211083,375.0,2460.0,30.42483191618274,168.8956800381086,1686,11749
76653,76346,200069839,200069839,76,76,4603.828765397562,375.0,313.0,30.42483191618274,42.539890470094946,1686,11832
76653,76542,200069839,200069847,76,76,2854.4652403182326,375.0,287.0,30.42483191618274,64.74341042228282,1686,11963
76730,76161,200069839,200069847,76,76,1129.0097711191506,128.0,97.0,40.27030056015011,18.329456269950878,1688,11711
76730,76483,200069839,200069839,76,76,2251.5266875556595,128.0,229.0,40.27030056015011,50.80320081547184,1688,11927
76730,76542,200069839,200069847,76,76,774.5406205921626,128.0,287.0,40.27030056015011,64.74341042228282,1688,11963
76732,76613,200069839,200069839,76,76,625.3917183271482,239.0,642.0,67.41164833038066,77.59377561945668,1689,12022
76732,76746,200069839,200069839,76,76,1967.0205367371511,239.0,230.0,67.41164833038066,53.824640506528326,1689,12117
76736,76613,200069839,200069839,76,76,1782.518762191033,277.0,642.0,57.72374666771259,77.59377561945668,1690,12022
77020,77036,200037133,200037133,77,77,5366.275077083278,648.0,134.0,33.28904400579483,30.767677197194967,1692,12155
77020,77151,200037133,200090504,77,77,2417.334033643165,648.0,281.0,33.28904400579483,35.62868869225187,1692,12254
77020,77197,200037133,200037133,77,77,2765.497971516454,648.0,172.0,33.28904400579483,26.202955155106036,1692,12294
77033,77036,200037133,200037133,77,77,3098.097343637925,228.0,134.0,85.98908245461526,30.767677197194967,1693,12155
77076,77347,200040251,200040251,77,77,1458.819023384026,753.0,855.0,74.8637044597884,69.80090777213253,1695,12416
77090,77272,200037133,200037133,77,77,4917.14009445864,240.0,858.0,37.589425050814484,61.781642853757134,1696,12357
77174,77236,200040251,200040251,77,77,1775.7480663765261,570.0,345.0,64.97899579774152,21.75942258760076,1697,12328
77174,77325,200040251,200040251,77,77,2372.092742574356,570.0,362.0,64.97899579774152,41.98571748982299,1697,12398
77174,77347,200040251,200040251,77,77,3325.8349329192542,570.0,855.0,64.97899579774152,69.80090777213253,1697,12416
77187,89469,200040251,248900896,77,89,4407.6905561065205,580.0,935.0,48.37603434186003,15.29343340873116,1698,13844
77208,77218,200040251,200040251,77,77,862.9920536067909,1335.0,107.0,94.65914703194012,16.291397411655485,1699,12312
77208,77236,200040251,200040251,77,77,719.1738895358668,1335.0,345.0,94.65914703194012,21.75942258760076,1699,12328
77242,77347,200040251,200040251,77,77,2230.1389324612555,537.0,855.0,116.89279116736967,69.80090777213253,1701,12416
77242,77355,200040251,200040251,77,77,1614.8777022216477,537.0,176.0,116.89279116736967,41.35574546788759,1701,12423
77256,77272,200040251,200037133,77,77,4226.905021932109,183.0,858.0,31.469649499660832,61.781642853757134,1702,12357
77256,77454,200040251,200040251,77,77,5590.95267455771,183.0,359.0,31.469649499660832,35.083361267085195,1702,12503
77303,77492,200072544,200072544,77,77,3981.147504923344,234.0,634.0,23.779769905698068,24.809800801412027,1704,12536
77314,77287,200072544,200072544,77,77,2069.273771374416,245.0,502.0,14.941468048332428,64.56740785771343,1706,12370
77314,77402,200072544,200072544,77,77,3233.6516968633728,245.0,338.0,14.941468048332428,22.49165403561309,1706,12461
77314,77492,200072544,200072544,77,77,485.947239708275,245.0,634.0,14.941468048332428,24.809800801412027,1706,12536
77341,77218,200040251,200040251,77,77,6899.39847108651,384.0,107.0,31.41091392166175,16.291397411655485,1708,12312
77341,77356,200040251,200040251,77,77,1595.9324756554217,384.0,44.0,31.41091392166175,9.64724201539378,1708,12424
77418,77272,200037133,200037133,77,77,831.5583233616367,869.0,858.0,79.29740543826198,61.781642853757134,1715,12357
77446,77355,200040251,200040251,77,77,978.5509695666574,593.0,176.0,89.73542935244745,41.35574546788759,1716,12423
77446,77454,200040251,200040251,77,77,2426.2885735101286,593.0,359.0,89.73542935244745,35.083361267085195,1716,12503
77446,77461,200040251,200040251,77,77,1711.0235349530358,593.0,301.0,89.73542935244745,55.687223366536585,1716,12508
77523,77015,200040251,200040251,77,77,4881.88261462673,255.0,106.0,27.30571030449816,25.791323710910987,1719,12141
77523,77356,200040251,200040251,77,77,2992.564854896812,255.0,44.0,27.30571030449816,9.64724201539378,1719,12424
77523,77507,200040251,200040251,77,77,782.5092094067448,255.0,439.0,27.30571030449816,21.160329877470303,1719,12546
77523,89469,200040251,248900896,77,89,5302.564499415156,255.0,935.0,27.30571030449816,15.29343340873116,1719,13844
79020,79086,200041994,200041994,79,79,3882.6245870321327,881.0,1898.0,37.79623675330754,85.47010789029952,1721,12822
79024,79048,200041994,200041994,79,79,9802.851607597251,1977.0,5732.0,89.27240395802468,165.8920062657383,1723,12819
79024,79086,200041994,200041994,79,79,816.5349695555499,1977.0,1898.0,89.27240395802468,85.47010789029952,1723,12822
79024,79283,200041994,200041994,79,79,1135.472590374323,1977.0,1334.0,89.27240395802468,124.38096594929371,1723,12839
79046,79009,200041317,200041317,79,79,6000.049959969971,569.0,434.0,68.18636100204228,29.33483263031413,1725,12816
79046,79112,200041317,200041317,79,79,1557.6128759745643,569.0,854.0,68.18636100204228,105.8089908084057,1725,12825
79046,79254,200041317,200041317,79,79,2877.6956015010473,569.0,439.0,68.18636100204228,24.81654069775601,1725,12836
79170,79229,200041317,200041317,79,79,3558.218874835389,2893.0,531.0,120.182161346883,62.18530066565114,1727,12833
79220,79112,200041317,200041317,79,79,2873.8445575517794,598.0,854.0,37.05984169207354,105.8089908084057,1730,12825
79220,79229,200041317,200041317,79,79,1034.0533231657703,598.0,531.0,37.05984169207354,62.18530066565114,1730,12833
79257,79010,200041317,200041317,79,79,5378.462324432904,1523.0,605.0,44.72572176295873,40.008684915387796,1732,12817
79257,79254,200041317,200041317,79,79,7144.672792463607,1523.0,439.0,44.72572176295873,24.81654069775601,1732,12836
79276,79231,200041994,200041994,79,79,1976.0752458077486,1068.0,713.0,83.4356753572655,62.102571974701526,1734,12834
79276,79283,200041994,200041994,79,79,1730.9072345487011,1068.0,1334.0,83.4356753572655,124.38096594929371,1734,12839
79319,79231,200041994,200041994,79,79,4194.736027485173,859.0,713.0,32.4094972723705,62.102571974701526,1738,12834
80013,80416,200071181,200071223,80,80,871.8817318270511,2279.0,762.0,91.50206325068555,60.91483827072998,1739,12984
80031,80236,200070969,200070977,80,80,5003.998525511952,769.0,557.0,60.05705536582143,47.09938816412789,1745,12926
80031,80415,200070969,200070969,80,80,4354.526674845562,769.0,1020.0,60.05705536582143,67.30528681912513,1745,12983
80052,80077,248000499,200070951,80,80,180.45630652753405,232.0,312.0,45.188288612327874,43.867936859192596,1754,12869
80052,80350,248000499,248000499,80,80,2113.3501334970088,232.0,539.0,45.188288612327874,112.18022154982422,1754,12960
80052,80426,248000499,248000499,80,80,1840.2365726228697,232.0,437.0,45.188288612327874,46.24754341712777,1754,12987
80052,80672,248000499,248000499,80,80,538.7838321920825,232.0,625.0,45.188288612327874,67.0274674238104,1754,13049
80070,80746,200070951,200070951,80,80,4497.938002174158,1333.0,1079.0,65.83937600834656,56.111201434610976,1758,13080
80070,80792,200070951,200070951,80,80,2119.824579428582,1333.0,244.0,65.83937600834656,50.24464007066207,1758,13100
80071,80792,200070951,200070951,80,80,2695.7362358526225,1984.0,244.0,86.49182160085886,50.24464007066207,1759,13100
80074,80236,200070977,200070977,80,80,1830.2816419234784,122.0,557.0,19.99728569918366,47.09938816412789,1760,12926
80098,80179,200071181,200071181,80,80,1216.6756511460817,102.0,219.0,24.310719106373046,40.262173433170695,1764,12907
80099,80416,200070993,200071223,80,80,317.5231648186668,219.0,762.0,29.73747998339792,60.91483827072998,1765,12984
80101,60127,200070977,246000855,80,60,1849.7502415888514,860.0,405.0,58.442275191435996,58.3935770900221,1766,8159
80101,60258,200070977,246000855,80,60,1603.0061024738745,860.0,159.0,58.442275191435996,52.8059217178211,1766,8251
80101,60558,200070977,246000855,80,60,1376.031665438392,860.0,455.0,58.442275191435996,41.83010369550438,1766,8465
80110,80029,200070993,200070993,80,80,574.103162725864,472.0,827.0,29.33831486262303,74.04320724274365,1769,12857
80110,80691,200070993,200070993,80,80,4449.465512361652,472.0,340.0,29.33831486262303,26.708028511789383,1769,13056
80125,80236,200070977,200070977,80,80,3484.624055275131,84.0,557.0,25.175339476685824,47.09938816412789,1772,12926
80138,80672,248000499,248000499,80,80,5099.927171670273,120.0,625.0,33.64629628394949,67.0274674238104,1773,13049
80144,60062,200070985,246000756,80,60,1774.7025589570935,485.0,312.0,59.432597723696794,43.643032893488126,1777,8114
80146,80124,200070993,200070944,80,80,1419.452401158447,202.0,715.0,32.12907881656618,88.74990573579639,1778,12886
80146,80700,200070993,200070993,80,80,164.84654268923325,202.0,883.0,32.12907881656618,131.97795245042047,1778,13060
80146,80780,200070993,200070993,80,80,1195.8068201740953,202.0,413.0,32.12907881656618,136.79519787914467,1778,13094
80146,80826,200070993,247600588,80,80,6752.445538369647,202.0,770.0,32.12907881656618,47.204964405858206,1778,13107
80170,80390,200070977,200070969,80,80,4791.204657306274,110.0,410.0,27.086799294273938,21.72639452626861,1782,12974
80174,60702,200070977,246000566,80,60,3262.80636276934,74.0,244.0,31.10882434856693,18.12030820917421,1783,8565
80181,80064,200070969,200070969,80,80,2974.7921410568056,122.0,167.0,22.230023303909412,28.084592851526097,1785,12866
80181,80449,200070969,200070969,80,80,3461.9748253279076,122.0,65.0,22.230023303909412,15.999341136401405,1785,12991
80181,80507,200070969,248000499,80,80,530.3385542564248,122.0,1277.0,22.230023303909412,101.5682205931084,1785,13003
80182,80826,200070993,247600588,80,80,4165.767974687274,2377.0,770.0,87.32561577216605,47.204964405858206,1786,13107
80192,80184,248000499,248000499,80,80,2121.980841786193,167.0,539.0,24.147738067762603,49.220663862388434,1789,12909
80205,80296,200070993,200071223,80,80,3403.8401577183417,888.0,1156.0,85.70825866804729,146.93298224574977,1792,12944
80205,80416,200070993,200071223,80,80,6140.320537922936,888.0,762.0,85.70825866804729,60.91483827072998,1792,12984
80207,80056,200070951,200070951,80,80,7452.233050716503,328.0,96.0,38.510197608565996,12.392169133630846,1793,12864
80214,80283,200070969,200070969,80,80,1343.802882461326,309.0,161.0,32.87129988379183,28.59689311795157,1794,12941
80214,80390,200070969,200070969,80,80,4955.041527639577,309.0,410.0,32.87129988379183,21.72639452626861,1794,12974
80279,60263,200070977,246000756,80,60,1992.6932591491216,758.0,264.0,52.82105399503901,52.82877050569199,1811,8255
80280,80076,200070944,200070944,80,80,2108.4247035116205,121.0,516.0,28.666040253496686,52.3357842915653,1812,12868
80280,80446,200070944,200070993,80,80,1168.0508457582457,121.0,738.0,28.666040253496686,68.11513884453674,1812,12990
80280,80764,200070944,200070944,80,80,3612.291790229698,121.0,301.0,28.666040253496686,33.86597752658064,1812,13087
80280,80765,200070944,200070944,80,80,1812.9717513916107,121.0,806.0,28.666040253496686,60.01470537099982,1812,13088
80284,60236,200070985,246000756,80,60,3262.5254830295735,721.0,222.0,38.1315133966189,69.927485469993,1813,8238
80284,60255,200070985,246000756,80,60,2714.1043105375975,721.0,329.0,38.1315133966189,54.86517387069827,1813,8249
80284,60291,200070985,246000756,80,60,510.3700579733959,721.0,1776.0,38.1315133966189,86.37616167433073,1813,8271
80287,80029,200070993,200070993,80,80,4931.232501415351,240.0,827.0,38.421228039564255,74.04320724274365,1814,12857
80299,80188,200070969,200070969,80,80,3636.519423743268,227.0,586.0,23.27743732723097,50.575766409590564,1818,12911
80299,80193,200070969,200070969,80,80,2467.592020536219,227.0,149.0,23.27743732723097,18.87178031567796,1818,12913
80299,80283,200070969,200070969,80,80,348.441119226218,227.0,161.0,23.27743732723097,28.59689311795157,1818,12941
80311,80236,200070977,200070977,80,80,1687.85285665593,146.0,557.0,21.997341901113355,47.09938816412789,1822,12926
80321,80283,200070969,200070969,80,80,1596.0142035972258,141.0,161.0,23.190465471398007,28.59689311795157,1823,12941
80326,80390,200070977,200070969,80,80,655.2612101962806,101.0,410.0,11.133016780950024,21.72639452626861,1826,12974
80328,80476,200070993,200070993,80,80,2719.7067368000194,512.0,345.0,33.65562886014592,62.38428567676884,1827,12998
80340,80436,200071181,200071181,80,80,1503.9250042774834,201.0,521.0,43.892108508627196,15.025278413152877,1830,12988
80349,80114,200070969,200071181,80,80,3182.7807656534446,129.0,341.0,30.05962407118072,35.51942476653229,1832,12882
80349,80315,200070969,200070969,80,80,1288.9891979864203,129.0,512.0,30.05962407118072,109.4491157353971,1832,12948
80349,80675,200070969,200070969,80,80,3234.362941112287,129.0,138.0,30.05962407118072,20.385135371596277,1832,13052
80354,80251,200071181,200070993,80,80,1835.8648205440518,204.0,364.0,57.59440368404239,72.53124825079715,1833,12931
80372,80482,200070993,200070993,80,80,3921.524893072301,120.0,141.0,23.013441672428364,16.306799491891695,1838,12999
80388,80446,200070944,200070993,80,80,2738.9731497581743,207.0,738.0,79.40182046421091,68.11513884453674,1843,12990
80388,80765,200070944,200070944,80,80,2249.207630746304,207.0,806.0,79.40182046421091,60.01470537099982,1843,13088
80406,80051,200070993,200070993,80,80,6776.832106000229,1286.0,250.0,62.26448298593443,17.742658275855433,1848,12863
80406,80476,200070993,200070993,80,80,112.69968756236104,1286.0,345.0,62.26448298593443,62.38428567676884,1848,12998
80406,80482,200070993,200070993,80,80,1431.6939967186706,1286.0,141.0,62.26448298593443,16.306799491891695,1848,12999
80407,80188,200070969,200070969,80,80,1517.9325165191399,138.0,586.0,19.304407979339672,50.575766409590564,1849,12911
80443,80165,200071181,200071181,80,80,2743.4741036408527,1660.0,185.0,32.152776841782426,40.112725276119974,1856,12903
80443,80554,200071181,200071181,80,80,3338.7941438150874,1660.0,943.0,32.152776841782426,41.1202355760291,1856,13014
80443,80698,200071181,200071181,80,80,3176.9950879502976,1660.0,216.0,32.152776841782426,20.69937803404104,1856,13059
80443,80754,200071181,200071181,80,80,4275.177492498002,1660.0,388.0,32.152776841782426,26.227088762668156,1856,13083
80460,80179,200071181,200071181,80,80,2061.0764077578006,61.0,219.0,24.003004713414327,40.262173433170695,1862,12907
80460,80754,200071181,200071181,80,80,2113.882304150447,61.0,388.0,24.003004713414327,26.227088762668156,1862,13083
80464,80700,200070993,200070993,80,80,3298.061870438985,918.0,883.0,58.12404708264853,131.97795245042047,1863,13060
80469,80010,200070969,200070969,80,80,1105.8720305298918,156.0,2724.0,16.645426066563203,107.10523125974225,1866,12852
80469,80188,200070969,200070969,80,80,1841.562980016136,156.0,586.0,16.645426066563203,50.575766409590564,1866,12911
80469,80315,200070969,200070969,80,80,4211.613441413566,156.0,512.0,16.645426066563203,109.4491157353971,1866,12948
80479,80179,200071181,200071181,80,80,1909.8564150828238,343.0,219.0,52.13373768588725,40.262173433170695,1870,12907
80488,80296,200070993,200071223,80,80,732.5443270097367,1536.0,1156.0,190.39643841323067,146.93298224574977,1873,12944
80504,80037,200070977,200070969,80,80,1884.6682946199182,76.0,162.0,17.81967217021812,33.03829673035546,1876,12860
80504,80390,200070977,200070969,80,80,3316.60504954745,76.0,410.0,17.81967217021812,21.72639452626861,1876,12974
80511,80390,200070977,200070969,80,80,1211.3121221921174,112.0,410.0,45.01924723877934,21.72639452626861,1878,12974
80515,80436,200071181,200071181,80,80,4162.609600363029,146.0,521.0,37.060609496027276,15.025278413152877,1879,12988
80525,80179,200071181,200071181,80,80,2148.7321006204684,179.0,219.0,44.7295534181089,40.262173433170695,1883,12907
80525,80273,200071181,200071181,80,80,258.2042011032608,179.0,343.0,44.7295534181089,24.213551539313645,1883,12938
80525,80436,200071181,200071181,80,80,2283.1164205993914,179.0,521.0,44.7295534181089,15.025278413152877,1883,12988
80525,80719,200071181,200071181,80,80,1980.027788601682,179.0,49.0,44.7295534181089,21.34023453984028,1883,13068
80531,80165,200071181,200071181,80,80,2254.688786541786,101.0,185.0,30.366135668802638,40.112725276119974,1885,12903
80541,60702,200070977,246000566,80,60,2632.469195774934,206.0,244.0,33.96245021363887,18.12030820917421,1886,8565
80556,80029,200070993,200070993,80,80,3407.728047393601,569.0,827.0,59.32855784821603,74.04320724274365,1890,12857
80556,80345,200070993,200070993,80,80,3036.723819988684,569.0,512.0,59.32855784821603,60.557630197129015,1890,12957
80556,80654,200070993,200070944,80,80,1489.0253950542917,569.0,533.0,59.32855784821603,75.42848466503591,1890,13044
80556,80691,200070993,200070993,80,80,2914.970204362422,569.0,340.0,59.32855784821603,26.708028511789383,1890,13056
80559,80165,200071181,200071181,80,80,621.0575046243862,143.0,185.0,20.39298375548412,40.112725276119974,1891,12903
80559,80554,200071181,200071181,80,80,4321.252751741519,143.0,943.0,20.39298375548412,41.1202355760291,1891,13014
80559,80673,200071181,200071181,80,80,2902.153870803143,143.0,180.0,20.39298375548412,17.556268935326404,1891,13050
80569,80184,248000499,248000499,80,80,3420.4235152570695,332.0,539.0,43.5433525351158,49.220663862388434,1894,12909
80618,80029,200070993,200070993,80,80,2202.313401514417,1046.0,827.0,63.66564809093996,74.04320724274365,1909,12857
80618,80597,200070993,200070944,80,80,810.3489706419333,1046.0,836.0,63.66564809093996,66.48136462121028,1909,13027
80618,80700,200070993,200070993,80,80,2180.7819132009736,1046.0,883.0,63.66564809093996,131.97795245042047,1909,13060
80652,80064,200070969,200070969,80,80,2465.5116190420717,775.0,167.0,66.75252143643142,28.084592851526097,1913,12866
80652,80358,200070969,200070969,80,80,2132.9109530091946,775.0,136.0,66.75252143643142,35.29190268815128,1913,12964
80652,80415,200070969,200070969,80,80,3601.5354859331133,775.0,1020.0,66.75252143643142,67.30528681912513,1913,12983
80655,80416,200071181,200071223,80,80,2632.780240774177,420.0,762.0,25.824152376030764,60.91483827072998,1914,12984
80655,80535,200071181,200071223,80,80,2514.0682446596384,420.0,148.0,25.824152376030764,16.92257778976179,1914,13009
80655,80673,200071181,200071181,80,80,1585.0606768008147,420.0,180.0,25.824152376030764,17.556268935326404,1914,13050
80655,80738,200071181,200071223,80,80,1020.1234702943251,420.0,125.0,25.824152376030764,14.408438496116563,1914,13077
80657,80283,200070969,200070969,80,80,2479.334777191034,315.0,161.0,45.9913052164968,28.59689311795157,1915,12941
80671,80241,200071223,200071223,80,80,661.1992577536679,228.0,1052.0,41.74391375862683,58.49486575257615,1920,12928
80671,80346,200071223,200071223,80,80,1192.1510979220548,228.0,161.0,41.74391375862683,25.68181068519751,1920,12958
80671,80348,200071223,200071223,80,80,4018.837244328915,228.0,188.0,41.74391375862683,33.119314603989444,1920,12959
80671,80466,200071223,200071223,80,80,1794.2748300312887,228.0,132.0,41.74391375862683,24.08104660343632,1920,12997
80678,60168,200070977,246000566,80,60,2952.6411328845516,770.0,214.0,63.6100230024983,33.20237166019264,1922,8190
80678,60434,200070977,246000855,80,60,2429.661744080346,770.0,220.0,63.6100230024983,33.28013435905156,1922,8377
80687,60503,200070977,246000566,80,60,1198.7516673048558,135.0,112.0,33.85142669862077,26.55621788492665,1926,8424
80693,80184,248000499,248000499,80,80,3494.1943995014276,331.0,539.0,50.756349297363904,49.220663862388434,1927,12909
80693,80411,248000499,248000499,80,80,1446.5223534928318,331.0,484.0,50.756349297363904,52.84251620216978,1927,12980
80693,80694,248000499,248000499,80,80,5297.046044380588,331.0,350.0,50.756349297363904,51.840396357018086,1927,13057
80710,80251,200069722,200070993,80,80,2327.212325358757,393.0,364.0,61.328339978070595,72.53124825079715,1934,12931
80710,80446,200069722,200070993,80,80,1363.516028440233,393.0,738.0,61.328339978070595,68.11513884453674,1934,12990
80734,80083,200071181,200071181,80,80,2466.3413872553297,208.0,140.0,37.51360403635547,20.40811686633926,1938,12873
80734,80134,200071181,200071181,80,80,1274.657028619381,208.0,81.0,37.51360403635547,33.42389250811286,1938,12891
80734,80219,200071181,200071181,80,80,298.61968706268885,208.0,66.0,37.51360403635547,15.062483300169456,1938,12921
80734,80402,200071181,200071181,80,80,2313.4624795493405,208.0,130.0,37.51360403635547,21.847001123441892,1938,12976
80734,80630,200071181,200071181,80,80,742.7982087699427,208.0,2313.0,37.51360403635547,197.75937677386463,1938,13038
80734,80757,200071181,200071181,80,80,2429.4189583559205,208.0,144.0,37.51360403635547,12.87532986352494,1938,13085
80736,80476,200070993,200070993,80,80,1970.6140535673164,225.0,345.0,54.74524460536877,62.38428567676884,1939,12998
80750,02060,200070985,240200493,80,02,1486.397319130406,141.0,252.0,28.50889330174014,33.500882944343445,1942,366
80750,02747,200070985,240200493,80,02,4071.787700614965,141.0,82.0,28.50889330174014,20.177108963125445,1942,546
80769,80530,248000499,248000499,80,80,3149.708671642013,221.0,603.0,97.86734367030223,86.51860668023846,1945,13007
80769,80694,248000499,248000499,80,80,321.78208655004534,221.0,350.0,97.86734367030223,51.840396357018086,1945,13057
80771,02060,200070985,240200493,80,02,249.0549527287822,29.0,252.0,10.080623084994679,33.500882944343445,1946,366
80783,80251,200070993,200070993,80,80,2764.4633302393368,81.0,364.0,20.2258026474324,72.53124825079715,1948,12931
80783,80482,200070993,200070993,80,80,526.7122412972909,81.0,141.0,20.2258026474324,16.306799491891695,1948,12999
80805,80390,200070977,200070969,80,80,2002.036804853577,156.0,410.0,26.269769217171277,21.72639452626861,1955,12974
80813,80754,200071181,200071181,80,80,4281.379980674164,96.0,388.0,16.761536659886985,26.227088762668156,1957,13083
80821,80165,200071181,200071181,80,80,924.9527940735118,222.0,185.0,27.070684078452057,40.112725276119974,1959,12903
81002,81120,248100430,248100430,81,81,8347.208428345117,2510.0,6538.0,131.75912008698253,106.26211126667121,1964,13123
81066,81120,248100430,248100430,81,81,6041.09007491008,285.0,6538.0,22.166072064872424,106.26211126667121,1966,13123
81066,81130,248100430,248100430,81,81,830.936060845154,285.0,1789.0,22.166072064872424,367.7240323732059,1966,13124
81066,81307,248100430,248100430,81,81,3126.343349252563,285.0,874.0,22.166072064872424,147.85819306965317,1966,13141
81163,81120,248100430,248100430,81,81,1293.8283635973364,10064.0,6538.0,137.8834635989713,106.26211126667121,1967,13123
81204,81196,248100430,248100430,81,81,6606.066403386917,2188.0,843.0,170.5398316208758,40.27627044821188,1968,13130
81204,81307,248100430,248100430,81,81,2941.294796977337,2188.0,874.0,170.5398316208758,147.85819306965317,1968,13141
81209,81034,248100430,248100430,81,81,7903.302337953283,2786.0,386.0,81.47613211015451,19.774295748313907,1969,13114
81209,81196,248100430,248100430,81,81,400.44028877026057,2786.0,843.0,81.47613211015451,40.27627044821188,1969,13130
82020,82014,200066652,200066652,82,82,7736.802487942116,581.0,268.0,19.04579584930955,22.471228176288136,1973,13146
82020,82178,200066652,200066652,82,82,3896.618244338918,581.0,820.0,19.04579584930955,36.573922357516054,1973,13185
82020,82190,200066652,200066652,82,82,5000.770455209136,581.0,4866.0,19.04579584930955,122.81825684587211,1973,13187
82046,82058,200066322,200066322,82,82,3988.3266398484634,119.0,105.0,17.13666352103975,11.232877906047918,1975,13161
82046,82156,200066322,200066322,82,82,2392.1136423541925,119.0,146.0,17.13666352103975,15.023057589631843,1975,13181
82112,82033,200066322,200066322,82,82,10069.287859499547,13748.0,14178.0,160.03409394251085,184.80118860321892,1976,13154
82118,82023,200066322,200066652,82,82,3058.7418202673575,94.0,977.0,23.37320826593096,59.10952027292373,1977,13148
82118,82045,200066322,200066322,82,82,1739.332182695509,94.0,361.0,23.37320826593096,23.084558217917248,1977,13157
82118,82081,200066322,200066322,82,82,1905.0161457134707,94.0,173.0,23.37320826593096,31.38402430229835,1977,13166
82134,82002,200066884,200066884,82,82,6844.967633417597,5743.0,3305.0,117.40030396907493,152.33997892199093,1979,13143
82134,82161,200066884,200066884,82,82,5857.72583054694,5743.0,4029.0,117.40030396907493,188.22615408497475,1979,13182
82169,82031,200066322,200066322,82,82,5376.205757504482,2293.0,1201.0,78.65971467298638,75.23165069593003,1980,13153
82169,82033,200066322,200066322,82,82,9130.261338574597,2293.0,14178.0,78.65971467298638,184.80118860321892,1980,13154
82169,82035,200066322,200066322,82,82,3609.576180494406,2293.0,348.0,78.65971467298638,22.872518795644698,1980,13155
82173,82023,200066652,200066652,82,82,5799.6667740106195,1151.0,977.0,42.84734277015391,59.10952027292373,1981,13148
82173,82105,200066652,200066652,82,82,5998.037327553574,1151.0,1324.0,42.84734277015391,54.04909792873848,1981,13171
82173,82190,200066652,200066652,82,82,894.3924110098668,1151.0,4866.0,42.84734277015391,122.81825684587211,1981,13187
82184,82161,200066884,200066884,82,82,924.565701865194,940.0,4029.0,24.98968382581595,188.22615408497475,1982,13182
83032,83026,200068104,248300550,83,83,5068.810384397644,3405.0,1951.0,95.21460446773436,42.77340545022327,1983,13202
83032,83136,200068104,248300550,83,83,6046.966839553728,3405.0,2613.0,95.21460446773436,71.6937392985501,1983,13281
83032,83143,200068104,200068104,83,83,2495.2393553057045,3405.0,4270.0,95.21460446773436,108.53908440506137,1983,13285
83032,83151,200068104,200068104,83,83,6468.398284771228,3405.0,930.0,95.21460446773436,56.87710992370885,1983,13288
83039,83021,200068104,200068104,83,83,6534.760803922057,146.0,2632.0,5.2785026371518375,73.34924625280813,1984,13200
83045,83021,200068104,200068104,83,83,432.3280757816461,897.0,2632.0,24.18116698495894,73.34924625280813,1985,13200
83045,83143,200068104,200068104,83,83,16782.206078740026,897.0,4270.0,24.18116698495894,108.53908440506137,1985,13285
83051,83136,200068104,248300550,83,83,8275.18258577627,1127.0,2613.0,34.97793130739666,71.6937392985501,1987,13281
83051,83154,200068104,248300493,83,83,8677.429880632346,1127.0,745.0,34.97793130739666,42.128460065260434,1987,13291
83121,83154,248300493,248300493,83,83,1766.3124639741718,3784.0,745.0,95.74329123649655,42.128460065260434,1989,13291
84049,84012,248400053,248400053,84,84,4241.081161432729,430.0,2389.0,15.858586170647769,125.96478945962315,1991,13298
84049,84059,248400053,248400053,84,84,2408.5929475271955,430.0,125.0,15.858586170647769,27.618232076703503,1991,13323
84049,84130,248400053,248400053,84,84,6448.559548579509,430.0,110.0,15.858586170647769,16.214122616032448,1991,13363
84049,84136,248400053,248400053,84,84,6075.196859866424,430.0,1209.0,15.858586170647769,134.4141251693624,1991,13369
84049,84149,248400053,248400160,84,84,4149.182070704645,430.0,1736.0,15.858586170647769,118.74883573831039,1991,13376
85015,85019,200072882,200072882,85,85,2616.305216118196,1600.0,6235.0,57.229902421666964,159.86976986248206,1992,13390
85015,85169,200072882,200072882,85,85,2251.4948819532565,1600.0,1111.0,57.229902421666964,147.22081044569225,1992,13463
85015,85178,200072882,200072882,85,85,12379.342847779151,1600.0,8626.0,57.229902421666964,119.75944761513503,1992,13467
85050,85213,200071900,248500589,85,85,5443.178105068864,1947.0,4245.0,78.67737719900217,77.91603698202869,1993,13483
85051,85034,248500340,248500340,85,85,9081.584080164239,8447.0,3451.0,100.83212998022202,56.44671057680816,1994,13398
85077,85201,200071900,200071900,85,85,3569.9560812865266,507.0,506.0,85.48336988924066,32.409670560364745,1995,13478
85086,85095,200072882,200071629,85,85,6349.432740299337,1683.0,2049.0,57.98755686090819,94.0732621456233,1996,13422
85086,85102,200072882,200072882,85,85,5572.8070270957005,1683.0,721.0,57.98755686090819,35.421785921116026,1996,13428
85086,85204,200072882,200071629,85,85,4478.4469962211415,1683.0,2632.0,57.98755686090819,62.25845185535403,1996,13479
85086,85260,200072882,200072882,85,85,380.7693584802234,1683.0,835.0,57.98755686090819,49.551690764608495,1996,13505
85094,85143,200071934,200071934,85,85,4340.768449776659,1183.0,1065.0,34.22985541862867,47.41362891149498,1997,13450
85094,85256,200071934,200071934,85,85,8161.498141675807,1183.0,1273.0,34.22985541862867,72.05399395823031,1997,13503
85101,85022,200071900,200071900,85,85,7199.090621427668,483.0,1293.0,38.62270533134185,46.81349066428234,1998,13391
85101,85116,200071900,200071900,85,85,4899.386811132862,483.0,468.0,38.62270533134185,40.691250550365744,1998,13437
85129,85019,200072882,200072882,85,85,2138.121704372948,3642.0,6235.0,68.38448077341057,159.86976986248206,1999,13390
85129,85197,200072882,200070233,85,85,6314.373448159139,3642.0,3794.0,68.38448077341057,77.84632812089701,1999,13476
85129,85208,200072882,200072882,85,85,8257.55748054163,3642.0,2409.0,68.38448077341057,60.28850411223008,1999,13481
85156,85022,200071900,200071900,85,85,6296.9431258314735,2298.0,1293.0,246.41310877809232,46.81349066428234,2000,13391
85158,85121,200071934,200071934,85,85,7366.398413485602,1188.0,1031.0,45.57713316728467,43.27510885319537,2001,13441
85158,85174,200071934,200071934,85,85,2670.596154511305,1188.0,683.0,45.57713316728467,42.89606309925098,2001,13465
85158,85181,200071934,200071934,85,85,4823.04620312264,1188.0,638.0,45.57713316728467,37.05886528225965,2001,13469
85190,44156,200070233,200071546,85,44,8287.810807116064,3519.0,3152.0,124.57708982191033,62.255544500224985,2002,5664
85190,44216,200070233,200067635,85,44,3558.697425588898,3519.0,4070.0,124.57708982191033,78.19604115421448,2002,5707
85190,85197,200070233,200070233,85,85,6233.043277215357,3519.0,3794.0,124.57708982191033,77.84632812089701,2002,13476
85200,85010,200071900,200071900,85,85,5523.382109850372,1121.0,1415.0,53.749294285234264,55.59726174917595,2003,13383
85200,85022,200071900,200071900,85,85,1230.565935324246,1121.0,1293.0,53.749294285234264,46.81349066428234,2003,13391
85200,85026,200071900,200071900,85,85,5799.102630671897,1121.0,1449.0,53.749294285234264,60.64886635018509,2003,13394
85200,85161,200071900,248500530,85,85,1922.4822569871478,1121.0,2535.0,53.749294285234264,90.4971260162162,2003,13459
85200,85179,200071900,200071900,85,85,6611.252711388212,1121.0,1214.0,53.749294285234264,47.12161333973703,2003,13468
85202,85153,248500340,248500621,85,85,1545.286615929916,1584.0,2957.0,49.371661461156364,53.87646255123109,2004,13456
85202,85246,248500340,248500340,85,85,8382.563156582431,1584.0,2520.0,49.371661461156364,60.78805389394943,2004,13500
85206,85116,200071900,200071900,85,85,2879.5483074216145,398.0,468.0,28.537181980302517,40.691250550365744,2005,13437
85206,85201,200071900,200071900,85,85,2670.024880118424,398.0,506.0,28.537181980302517,32.409670560364745,2005,13478
85210,85102,200072882,200072882,85,85,8439.203840511018,2191.0,721.0,74.06260881946788,35.421785921116026,2006,13428
85210,85169,200072882,200072882,85,85,7660.4877569561095,2191.0,1111.0,74.06260881946788,147.22081044569225,2006,13463
85210,85260,200072882,200072882,85,85,561.0838230276833,2191.0,835.0,74.06260881946788,49.551690764608495,2006,13505
85220,85153,248500340,248500621,85,85,8977.98008764841,1606.0,2957.0,64.77706125359352,53.87646255123109,2007,13456
85220,85266,248500340,248500340,85,85,1934.119878748967,1606.0,1675.0,64.77706125359352,129.55498586803174,2007,13506
85232,85034,248500340,248500340,85,85,9895.044383010623,1090.0,3451.0,37.40211047405762,56.44671057680816,2008,13398
85232,85093,248500340,248500589,85,85,1832.0698796637394,1090.0,1236.0,37.40211047405762,45.49732758665222,2008,13421
85232,85246,248500340,248500340,85,85,7278.225214526312,1090.0,2520.0,37.40211047405762,60.78805389394943,2008,13500
85237,85205,200071934,200071934,85,85,3926.090522894421,390.0,539.0,20.156292299850325,25.67512964303345,2009,13480
85237,85245,200071934,200071934,85,85,2514.7084415049485,390.0,170.0,20.156292299850325,30.28142657486281,2009,13499
85237,85274,200071934,200071934,85,85,2300.5749113476036,390.0,541.0,20.156292299850325,37.104762963370746,2009,13509
85254,85090,248500464,248500464,85,85,5161.298795243229,1754.0,6391.0,66.21302584468093,71.71593883807348,2010,13419
85254,85147,248500464,248500464,85,85,6777.152717150171,1754.0,1626.0,66.21302584468093,55.22200710938836,2010,13453
85254,85182,248500464,248500464,85,85,6714.684138544306,1754.0,5597.0,66.21302584468093,153.04466811935933,2010,13470
85262,44102,200070233,244400438,85,44,1549.3014285054005,3590.0,3305.0,71.23851998191259,113.89867560193194,2011,5624
85262,44127,200070233,200067635,85,44,5067.076943511855,3590.0,2799.0,71.23851998191259,114.49682659733338,2011,5643
85262,44155,200070233,244400438,85,44,9604.55911032128,3590.0,3485.0,71.23851998191259,97.29833412223945,2011,5663
85262,44156,200070233,200071546,85,44,4074.2212765457693,3590.0,3152.0,71.23851998191259,62.255544500224985,2011,5664
85262,44216,200070233,200067635,85,44,7509.523134211428,3590.0,4070.0,71.23851998191259,78.19604115421448,2011,5707
85262,44223,200070233,244400438,85,44,385.58345699831375,3590.0,3697.0,71.23851998191259,444.26941553353805,2011,5712
85276,85153,248500340,248500621,85,85,1457.6591315105954,752.0,2957.0,166.20542122911877,53.87646255123109,2012,13456
85277,85026,200071900,200071900,85,85,11575.033963587464,1570.0,1449.0,32.086113117627406,60.64886635018509,2013,13394
85282,85066,248500340,248500464,85,85,205.08190702141812,946.0,840.0,51.26432978087766,61.83732062025822,2014,13410
85282,85145,248500340,248500464,85,85,6651.391586881558,946.0,972.0,51.26432978087766,46.56335617704239,2014,13452
85282,85266,248500340,248500340,85,85,4269.860009229366,946.0,1675.0,51.26432978087766,129.55498586803174,2014,13506
85287,85066,248500464,248500464,85,85,8212.163972102882,450.0,840.0,24.093004106424267,61.83732062025822,2015,13410
85287,85140,248500464,248500464,85,85,1606.0813604997406,450.0,1493.0,24.093004106424267,74.03585081024342,2015,13448
85287,85187,248500464,248500464,85,85,2607.0999334078574,450.0,859.0,24.093004106424267,38.63010474819064,2015,13472
85305,85033,200071934,200071934,85,85,5730.073478940879,834.0,724.0,40.98294214608206,44.280200276244834,2016,13397
85305,85143,200071934,200071934,85,85,10118.272799498496,834.0,1065.0,40.98294214608206,47.41362891149498,2016,13450
86020,86009,248600413,248600413,86,86,4374.419661571775,253.0,1062.0,29.488179927032952,15.920057569656327,2018,13523
86020,86031,248600413,200069854,86,86,5688.469688189801,253.0,1700.0,29.488179927032952,48.827041262436175,2018,13530
86032,86009,248600413,248600413,86,86,8231.671448149187,2094.0,1062.0,48.87233820970157,15.920057569656327,2019,13523
86032,86095,248600413,200069854,86,86,571.4480726423058,2094.0,3185.0,48.87233820970157,134.96214944659968,2019,13540
86032,86222,248600413,200069854,86,86,2620.4704260922476,2094.0,4271.0,48.87233820970157,126.25861995146748,2019,13563
86045,86145,200069854,200043628,86,86,594.6529004325364,1363.0,1155.0,31.883589163527112,37.352852628729224,2021,13551
86045,86147,200069854,200043628,86,86,8028.667269636398,1363.0,604.0,31.883589163527112,52.528665102194765,2021,13552
86045,86293,200069854,200043628,86,86,5364.248238320411,1363.0,4468.0,31.883589163527112,107.49973736594687,2021,13572
86058,86031,200069854,200069854,86,86,3787.49058605519,736.0,1700.0,41.88780073406605,48.827041262436175,2024,13530
86058,86135,200069854,200069854,86,86,8620.81632102039,736.0,582.0,41.88780073406605,35.66624749719112,2024,13549
86058,86163,200069854,200069854,86,86,1939.6161012838961,736.0,3698.0,41.88780073406605,113.55777878058895,2024,13555
86058,86222,200069854,200069854,86,86,919.4698593589002,736.0,4271.0,41.88780073406605,126.25861995146748,2024,13563
86080,86145,200069854,200043628,86,86,1479.3874224435208,495.0,1155.0,40.706304876672306,37.352852628729224,2025,13551
86083,86024,200069854,200069854,86,86,3329.469035134768,1136.0,1549.0,40.18630520437073,47.153303548054296,2027,13527
86083,86100,200069854,200069854,86,86,1848.2004143253669,1136.0,3969.0,40.18630520437073,211.6378983301072,2027,13542
86083,86145,200069854,200043628,86,86,7522.284269043773,1136.0,1155.0,40.18630520437073,37.352852628729224,2027,13551
86148,86010,200043628,200043628,86,86,5607.044703000935,714.0,1115.0,15.747033722939483,48.70370139295993,2035,13524
86148,86065,200043628,200043628,86,86,6830.76008527128,714.0,1059.0,15.747033722939483,68.64734430881703,2035,13535
86148,86105,200043628,200043628,86,86,3311.239562400974,714.0,363.0,15.747033722939483,17.546581284209136,2035,13544
86148,86293,200043628,200043628,86,86,2583.015314307822,714.0,4468.0,15.747033722939483,107.49973736594687,2035,13572
86164,86009,248600413,248600413,86,86,3991.009555645818,673.0,1062.0,39.90119500259388,15.920057569656327,2036,13523
87126,87030,200059400,200059400,87,87,6700.708163673663,3681.0,1256.0,68.46175964352699,82.31277308516327,2054,13585
87131,87030,200059400,200059400,87,87,5448.148559561138,813.0,1256.0,127.81800108252334,82.31277308516327,2055,13585
87131,87154,200059400,200059400,87,87,309.1221137356074,813.0,11387.0,127.81800108252334,193.90656590638574,2055,13603
88009,88423,200071066,200071066,88,88,8389.949308406933,3301.0,1369.0,134.62893957937635,94.81182188386965,2060,13703
88014,88196,200071066,200096642,88,88,2144.9875614053026,184.0,7833.0,10.760030557377283,140.91474368556618,2061,13659
88027,88040,200068757,200068757,88,88,473.3295282608752,139.0,238.0,14.931848285631494,33.57611878112308,2062,13624
88027,88143,200068757,200068757,88,88,2630.868264239478,139.0,265.0,14.931848285631494,20.760354593680532,2062,13646
88027,88224,200068757,200068757,88,88,3159.448935742621,139.0,380.0,14.931848285631494,27.070124790035138,2062,13665
88027,88509,200068757,200068757,88,88,750.9315032862419,139.0,104.0,14.931848285631494,15.778700269644164,2062,13727
88035,88196,200071066,200096642,88,88,312.48662305617665,144.0,7833.0,19.641000062192873,140.91474368556618,2063,13659
88048,88371,200068757,200068757,88,88,4210.374710332797,968.0,1214.0,24.627327371133724,50.65780594552987,2064,13690
88048,88429,200068757,200068377,88,88,5807.50301448249,968.0,3993.0,24.627327371133724,104.81867755393938,2064,13706
88053,67377,200071066,246700306,88,67,2829.763450836046,157.0,982.0,22.712654083313858,43.04389868561945,2065,9991
88053,67436,200071066,246700306,88,67,1215.348852350711,157.0,497.0,22.712654083313858,38.69103005880208,2065,10040
88075,68204,200096634,246800585,88,68,4758.569181691178,4041.0,1043.0,69.69314612170034,33.986224204769435,2067,10344
88075,68329,200096634,246800585,88,68,854.6102352066109,4041.0,1333.0,69.69314612170034,50.72792639636395,2067,10458
88075,88196,200096634,200096642,88,88,5640.883642124153,4041.0,7833.0,69.69314612170034,140.91474368556618,2067,13659
88075,88391,200096634,200096634,88,88,5801.456170734963,4041.0,679.0,69.69314612170034,31.54563279912438,2067,13698
88075,88531,200096634,200096642,88,88,7171.968128690921,4041.0,1488.0,69.69314612170034,48.155773999513585,2067,13731
88081,68089,200033868,246800205,88,68,3910.458051832867,1320.0,1589.0,47.84219457133208,75.49700348687215,2068,10232
88081,68344,200033868,246800205,88,68,5135.144370787505,1320.0,438.0,47.84219457133208,34.567790912184336,2068,10472
88085,88269,200096642,200096642,88,88,1738.860276988261,190.0,299.0,19.834875569033358,22.58520826946114,2070,13672
88085,88380,200096642,200096642,88,88,5556.723245026476,190.0,208.0,19.834875569033358,43.387421233282616,2070,13694
88106,88492,200071066,200096642,88,88,4490.406333406333,957.0,74.0,21.272784975066898,3.7684155084366404,2072,13723
88106,88531,200071066,200096642,88,88,8016.638999967547,957.0,1488.0,21.272784975066898,48.155773999513585,2072,13731
88116,68171,200096634,246800205,88,68,3282.252746030155,3045.0,910.0,75.69905711446573,41.32131309108842,2074,10311
88116,88037,200096634,200096634,88,88,1811.7047268843874,3045.0,866.0,75.69905711446573,63.275406934103266,2074,13623
88165,88328,200071066,200071066,88,88,3430.7895248650784,2506.0,524.0,92.01266056949048,75.40430465081042,2075,13683
88165,88519,200071066,200071066,88,88,2312.1233479868733,2506.0,664.0,92.01266056949048,113.63988545154608,2075,13729
88181,68044,200071066,246800551,88,68,1085.431143224326,2846.0,749.0,183.5367718470646,34.089466811958815,2077,10192
88181,88120,200071066,200071066,88,88,4963.603367674481,2846.0,468.0,183.5367718470646,28.028255312800283,2077,13638
88181,88284,200071066,200071066,88,88,3931.298012461413,2846.0,589.0,183.5367718470646,47.19026299162971,2077,13677
88181,88423,200071066,200071066,88,88,135.10757494547087,2846.0,1369.0,183.5367718470646,94.81182188386965,2077,13703
88198,88196,200071066,200096642,88,88,828.3042162944967,558.0,7833.0,28.915865311528915,140.91474368556618,2079,13659
88198,88531,200071066,200096642,88,88,3668.047183872861,558.0,1488.0,28.915865311528915,48.155773999513585,2079,13731
88205,88148,200068377,200068377,88,88,395.8745476585266,249.0,1880.0,14.916609878823106,89.3513413776912,2080,13647
88205,88415,200068377,200068377,88,88,1455.7457691288455,249.0,3809.0,14.916609878823106,112.38296662003681,2080,13702
88215,67421,200071066,246700306,88,67,1157.7108610380192,76.0,827.0,11.97366725917571,83.45949337615086,2081,10028
88215,88213,200071066,200071066,88,88,829.1246505235544,76.0,133.0,11.97366725917571,19.781066481831026,2081,13664
88228,88121,200068757,200068757,88,88,5045.95736865641,179.0,272.0,14.284117519231325,9.09525585887008,2082,13639
88228,88379,200068757,200068757,88,88,3044.148365245759,179.0,359.0,14.284117519231325,23.076604008464937,2082,13693
88244,88423,200071066,200071066,88,88,5978.793050011181,518.0,1369.0,26.26576230834336,94.81182188386965,2083,13703
88244,88463,200071066,200071066,88,88,3011.657287751123,518.0,1477.0,26.26576230834336,46.59288231602366,2083,13713
88317,67165,200071066,246700306,88,67,5335.743184577347,556.0,384.0,19.030749608020425,9.760995016903019,2087,9804
88319,88519,200071066,200071066,88,88,1145.1331609102879,3037.0,664.0,88.57012088186892,113.63988545154608,2088,13729
88349,68044,200071066,246800551,88,68,6857.30042170886,1616.0,749.0,41.92486946600066,34.089466811958815,2090,10192
88349,68249,200071066,246800551,88,68,2389.3323037487135,1616.0,3453.0,41.92486946600066,75.38244903922761,2090,10383
88349,68317,200071066,246800585,88,68,578.9642042536987,1616.0,1121.0,41.92486946600066,61.09110731235046,2090,10448
88349,88492,200071066,200096642,88,88,5763.9666513851635,1616.0,74.0,41.92486946600066,3.7684155084366404,2090,13723
88351,88429,200068377,200068377,88,88,293.9629011255505,1571.0,3993.0,57.655283805106855,104.81867755393938,2091,13706
88408,88148,200033868,200068377,88,88,2073.7461962867023,3497.0,1880.0,76.37524837103574,89.3513413776912,2096,13647
88408,88467,200033868,200096634,88,88,1740.92548334616,3497.0,573.0,76.37524837103574,74.57217578776492,2096,13716
88408,88498,200033868,200068377,88,88,8844.781167555719,3497.0,856.0,76.37524837103574,61.52476390223152,2096,13726
88426,68239,200033868,246800676,88,68,229.4402889300977,1369.0,391.0,37.49840838665608,91.99442619320388,2097,10374
88426,68275,200033868,246800676,88,68,2758.4897997475177,1369.0,435.0,37.49840838665608,26.37026328345963,2097,10408
88426,68307,200033868,246800676,88,68,4413.9346735847175,1369.0,493.0,37.49840838665608,23.019596848295727,2097,10440
88426,68328,200033868,246800205,88,68,938.8216565609893,1369.0,192.0,37.49840838665608,37.702972386425806,2097,10457
88426,68344,200033868,246800205,88,68,2209.5646760030536,1369.0,438.0,37.49840838665608,34.567790912184336,2097,10472
88426,90065,200033868,200069060,88,90,2438.9232802212623,1369.0,1127.0,37.49840838665608,39.713006812881495,2097,13909
88435,88328,200071066,200071066,88,88,1956.2278058002921,520.0,524.0,42.46801165616559,75.40430465081042,2098,13683
88435,88438,200071066,200071066,88,88,4714.209047764642,520.0,394.0,42.46801165616559,85.42956571084609,2098,13707
88436,67059,200071066,246700306,88,67,561.6047635952536,72.0,381.0,11.680105587234412,25.314901954752052,2099,9704
88436,67421,200071066,246700306,88,67,1927.8876655512586,72.0,827.0,11.680105587234412,83.45949337615086,2099,10028
88436,67436,200071066,246700306,88,67,2935.5774766096333,72.0,497.0,11.680105587234412,38.69103005880208,2099,10040
88444,67066,200071066,246700306,88,67,230.98474491389695,307.0,2595.0,31.05250018794566,112.4123669458976,2100,9710
88444,67165,200071066,246700306,88,67,508.0972235050158,307.0,384.0,31.05250018794566,9.760995016903019,2100,9804
88444,67377,200071066,246700306,88,67,1835.834335102811,307.0,982.0,31.05250018794566,43.04389868561945,2100,9991
88447,88037,200096634,200096634,88,88,3689.646878272887,2510.0,866.0,78.76821522397707,63.275406934103266,2101,13623
88447,88467,200096634,200096634,88,88,5695.75840693958,2510.0,573.0,78.76821522397707,74.57217578776492,2101,13716
88487,88383,200068377,200068377,88,88,4583.395630855951,3861.0,7611.0,52.74372672119992,443.0638450797499,2104,13695
88487,88415,200068377,200068377,88,88,545.0115195546539,3861.0,3809.0,52.74372672119992,112.38296662003681,2104,13702
88487,88429,200068377,200068377,88,88,1786.0595309275675,3861.0,3993.0,52.74372672119992,104.81867755393938,2104,13706
88500,68089,200096634,246800205,88,68,4692.772275350007,828.0,1589.0,33.90812156877894,75.49700348687215,2105,10232
88500,68171,200096634,246800205,88,68,878.3516133107004,828.0,910.0,33.90812156877894,41.32131309108842,2105,10311
88501,67436,200071066,246700306,88,67,805.95553552595,73.0,497.0,16.714588790747467,38.69103005880208,2106,10040
88503,67165,200071066,246700306,88,67,2019.0820096125633,147.0,384.0,12.903772405440161,9.760995016903019,2107,9804
88503,88277,200071066,200071066,88,88,3880.0927654262546,147.0,111.0,12.903772405440161,27.981564917455096,2107,13676
88530,88225,200068757,200068757,88,88,7923.211717987071,2579.0,2349.0,51.00070671126305,47.78296591786621,2110,13666
88530,88371,200068757,200068757,88,88,349.48805407492625,2579.0,1214.0,51.00070671126305,50.65780594552987,2110,13690
88530,88484,200068757,200068757,88,88,6375.819107972973,2579.0,1045.0,51.00070671126305,37.82927727776735,2110,13721
89144,89036,248900748,248900748,89,89,3927.0930230491017,801.0,229.0,33.45668644464682,26.56041280261345,2111,13737
89144,89126,248900748,248900748,89,89,2963.9561265572675,801.0,30.0,33.45668644464682,4.977336875907743,2111,13761
89144,89264,248900748,248900748,89,89,3848.5764995333266,801.0,710.0,33.45668644464682,24.366189775555966,2111,13793
89251,89334,248900524,248900524,89,89,6705.406464117309,364.0,556.0,19.840630675839666,18.79874213323499,2112,13809
89298,89060,248900748,248900748,89,89,4120.929542452795,592.0,454.0,24.078115558875897,19.09772079999268,2113,13743
89298,89094,248900748,248900748,89,89,3750.025430095529,592.0,697.0,24.078115558875897,46.55092568344615,2113,13751
89442,89094,248900748,248900748,89,89,556.6173874604939,239.0,697.0,16.526635728377205,46.55092568344615,2116,13751
89442,89126,248900748,248900748,89,89,3013.495513306118,239.0,30.0,16.526635728377205,4.977336875907743,2116,13761
89442,89151,248900748,248900748,89,89,4627.132313898501,239.0,1370.0,16.526635728377205,58.106087609748826,2116,13766
