treated_code,control_code,ti,ci,treated_epci,control_epci,treated_department,control_department,treated_assignment_cluster,control_assignment_cluster
01029,01392,24,306,200071751,200042935,01,01,E:200071751,E:200042935
01108,01235,87,174,200071751,200069193,01,01,E:200071751,E:200069193
01127,01082,100,67,200071751,240100891,01,01,E:200071751,E:240100891
01147,01116,112,94,200071751,200040350,01,01,E:200071751,E:200040350
01309,01006,237,4,200071751,200040350,01,01,E:200071751,E:200040350
01391,01317,305,242,200071751,200071751,01,01,E:200071751,E:200071751
01432,01225,339,167,200071751,200070118,01,01,E:200071751,E:200070118
01445,01408,346,319,200071751,200071751,01,01,E:200071751,E:200071751
02008,02398,360,513,240200501,240200477,02,02,E:240200501,E:240200477
02010,02562,361,576,240200501,200071991,02,02,E:240200501,E:200071991
02024,02214,368,440,200043495,200071892,02,02,E:200043495,E:200071892
02028,02334,370,493,200043495,240200493,02,02,E:200043495,E:240200493
02032,02262,373,461,200071892,200071785,02,02,E:200071892,E:200071785
02036,02542,375,569,240200501,200071785,02,02,E:240200501,E:200071785
02037,02296,376,475,200043495,240200493,02,02,E:200043495,E:240200493
02056,02546,379,570,200071785,200071785,02,02,E:200071785,E:200071785
02080,02322,389,487,200043495,200071892,02,02,E:200043495,E:200071892
02088,02254,394,455,200043495,200071991,02,02,E:200043495,E:200071991
02091,02607,396,592,240200501,240200477,02,02,E:240200501,E:240200477
02110,02163,399,419,240200501,240200584,02,02,E:240200501,E:240200584
02117,02451,401,534,200071892,240200493,02,02,E:200071892,E:240200493
02118,02030,402,372,240200501,240200493,02,02,E:240200501,E:240200493
02120,02672,403,612,240200501,200071991,02,02,E:240200501,E:200071991
02122,02043,404,378,200071785,240200477,02,02,E:200071785,E:240200477
02128,02383,405,508,200043495,200071892,02,02,E:200043495,E:200071892
02129,02222,406,443,240200501,200071785,02,02,E:240200501,E:200071785
02131,02307,407,479,240200501,200071991,02,02,E:240200501,E:200071991
02132,02667,408,611,200043495,200071991,02,02,E:200043495,E:200071991
02148,02267,414,463,240200501,200071991,02,02,E:240200501,E:200071991
02151,02594,415,587,200043495,200071991,02,02,E:200043495,E:200071991
02152,02034,416,374,240200501,200071991,02,02,E:240200501,E:200071991
02157,02549,417,571,200043495,200071892,02,02,E:200043495,E:200071892
02167,02003,421,359,240200501,240200477,02,02,E:240200501,E:240200477
02174,02420,423,522,240200501,200071892,02,02,E:240200501,E:200071892
02176,02061,425,383,240200501,240200493,02,02,E:240200501,E:240200493
02177,02317,426,484,200043495,240200493,02,02,E:200043495,E:240200493
02179,02029,427,371,240200501,240200493,02,02,E:240200501,E:240200493
02190,02145,429,413,240200501,200071785,02,02,E:240200501,E:200071785
02191,02260,430,460,200043495,200071785,02,02,E:200043495,E:200071785
02195,02355,432,499,240200501,240200493,02,02,E:240200501,E:240200493
02196,02714,433,629,200043495,240200477,02,02,E:200043495,E:240200477
02198,02473,434,543,240200501,200071785,02,02,E:240200501,E:200071785
02210,02081,438,390,240200501,200071785,02,02,E:240200501,E:200071785
02224,02277,444,467,240200501,200071991,02,02,E:240200501,E:200071991
02230,02736,446,640,240200501,200071991,02,02,E:240200501,E:200071991
02238,02680,448,614,200043495,200071785,02,02,E:200043495,E:200071785
02255,02417,456,521,240200501,240200493,02,02,E:240200501,E:240200493
02263,02100,462,398,240200501,240200493,02,02,E:240200501,E:240200493
02270,02415,465,520,240200493,200071991,02,02,E:240200493,E:200071991
02273,02452,466,535,200071892,240200493,02,02,E:200071892,E:240200493
02281,02438,468,529,240200584,200071991,02,02,E:240200584,E:200071991
02282,02319,469,485,200043495,200071892,02,02,E:200043495,E:200071892
02294,02749,474,645,200043495,200071991,02,02,E:200043495,E:200071991
02309,02539,480,568,200043495,240200493,02,02,E:200043495,E:240200493
02327,02754,490,647,240200493,200071785,02,02,E:240200493,E:200071785
02329,02461,491,538,200071785,200071785,02,02,E:200071785,E:200071785
02343,02496,497,552,240200493,200071991,02,02,E:240200493,E:200071991
02390,02142,509,410,240200493,200071892,02,02,E:240200493,E:200071892
02393,02792,511,665,240200501,240200584,02,02,E:240200501,E:240200584
02400,02310,514,481,240200501,200071892,02,02,E:240200501,E:200071892
02402,02015,515,364,240200493,200071991,02,02,E:240200493,E:200071991
02407,02207,516,437,200043495,200071785,02,02,E:200043495,E:200071785
02408,02173,517,422,200043495,200071785,02,02,E:200043495,E:200071785
02413,02019,519,367,200043495,200071892,02,02,E:200043495,E:200071892
02421,02459,523,537,240200501,200071892,02,02,E:240200501,E:200071892
02427,02221,526,442,240200501,240200584,02,02,E:240200501,E:240200584
02432,02060,528,382,240200501,240200493,02,02,E:240200501,E:240200493
02439,02798,530,669,240200501,240200584,02,02,E:240200501,E:240200584
02464,02431,539,527,240200501,200071785,02,02,E:240200501,E:200071785
02487,02770,548,654,240200501,240200477,02,02,E:240200501,E:240200477
02489,02288,549,470,200043495,200071892,02,02,E:200043495,E:200071892
02490,02175,550,424,240200501,240200477,02,02,E:240200501,E:240200477
02492,02788,551,663,200071785,200071785,02,02,E:200071785,E:200071785
02497,02041,553,377,200043495,200071785,02,02,E:200043495,E:200071785
02501,02828,555,682,200043495,240200477,02,02,E:200043495,E:240200477
02520,02710,561,627,240200501,200071892,02,02,E:240200501,E:200071892
02523,02651,563,607,240200501,200071785,02,02,E:240200501,E:200071785
02537,02812,567,674,240200501,200071991,02,02,E:240200501,E:200071991
02551,02424,572,524,240200501,240200477,02,02,E:240200501,E:240200477
02561,02772,575,655,200043495,240200493,02,02,E:200043495,E:240200493
02570,02443,579,532,200071892,240200584,02,02,E:200071892,E:240200584
02573,02747,581,644,200043495,240200493,02,02,E:200043495,E:240200493
02577,02240,583,449,240200501,240200493,02,02,E:240200501,E:240200493
02581,02025,584,369,240200501,200071892,02,02,E:240200501,E:200071892
02587,02253,585,454,200043495,240200477,02,02,E:200043495,E:240200477
02604,02557,591,574,200070985,200071991,02,02,E:200070985,E:200071991
02612,02635,594,603,240200501,240200493,02,02,E:240200501,E:240200493
02620,02162,598,418,240200501,240200584,02,02,E:240200501,E:240200584
02621,02615,599,596,200043495,240200493,02,02,E:200043495,E:240200493
02633,02467,602,542,240200501,200071991,02,02,E:240200501,E:200071991
02682,02774,615,657,240200501,240200493,02,02,E:240200501,E:240200493
02697,02232,619,447,200043495,200071991,02,02,E:200043495,E:200071991
02698,02316,620,483,240200501,200071991,02,02,E:240200501,E:200071991
02715,02729,630,636,240200501,200071991,02,02,E:240200501,E:200071991
02726,02708,635,625,200071892,240200493,02,02,E:200071892,E:240200493
02730,02511,637,559,240200501,240200493,02,02,E:240200501,E:240200493
02735,02449,639,533,240200501,200071991,02,02,E:240200501,E:200071991
02739,02631,642,601,240200501,200071785,02,02,E:240200501,E:200071785
02752,02716,646,631,200071892,200071785,02,02,E:200071892,E:200071785
02758,02719,648,633,240200501,200071785,02,02,E:240200501,E:200071785
02763,02782,650,661,240200501,240200493,02,02,E:240200501,E:240200493
02765,02576,651,582,200043495,240200477,02,02,E:200043495,E:240200477
02766,02599,652,590,240200501,200071785,02,02,E:240200501,E:200071785
02773,02087,656,393,240200501,200071991,02,02,E:240200501,E:200071991
02777,02441,659,531,240200584,200071991,02,02,E:240200584,E:200071991
02791,02709,664,626,200043495,240200493,02,02,E:200043495,E:240200493
02797,02367,668,502,240200501,200071892,02,02,E:240200501,E:200071892
02815,02368,675,503,200071892,200071991,02,02,E:200071892,E:200071991
02817,02793,676,666,240200501,200071991,02,02,E:240200501,E:200071991
02821,02643,679,605,200043495,200071991,02,02,E:200043495,E:200071991
02824,02257,681,457,200043495,200071892,02,02,E:200043495,E:200071892
02829,02485,683,547,240200501,240200477,02,02,E:240200501,E:240200477
03080,03163,691,703,200071363,200071363,03,03,E:200071363,E:200071363
03098,03236,695,706,200071082,200071363,03,03,E:200071082,E:200071363
03101,03023,696,685,200071082,200071363,03,03,E:200071082,E:200071363
03136,03033,699,687,200071082,200071363,03,03,E:200071082,E:200071363
03140,03306,700,714,200071082,200071363,03,03,E:200071082,E:200071363
03145,03029,701,686,200071082,200071363,03,03,E:200071082,E:200071363
03211,03304,704,713,200071082,200071363,03,03,E:200071082,E:200071363
03212,03157,705,702,200071082,200071363,03,03,E:200071082,E:200071363
03262,03258,708,707,200071082,200071363,03,03,E:200071082,E:200071363
03279,03273,712,711,200071082,200071363,03,03,E:200071082,E:200071363
06110,06102,815,809,200030195,200030195,06,06,E:200030195,E:200030195
07034,07258,861,931,240700864,200072015,07,07,E:240700864,E:200072015
07040,07111,863,889,200073096,200073245,07,07,E:200073096,E:200073245
07042,07319,865,954,240700864,200071405,07,07,E:240700864,E:200071405
07068,07063,874,871,200073096,200073096,07,07,E:200073096,E:200073096
07099,07332,887,960,240700864,200071405,07,07,E:240700864,E:200071405
07133,07112,893,890,240700864,200073245,07,07,E:240700864,E:200073245
07158,07092,902,885,200073245,200071413,07,07,E:200073245,E:200071413
07264,07191,935,912,240700864,200071405,07,07,E:240700864,E:200071405
07279,07323,939,956,240700864,200041366,07,07,E:240700864,E:200041366
08011,08022,972,973,240800821,200041630,08,08,E:240800821,E:200041630
08166,08247,989,1012,240800821,240800821,08,08,E:240800821,E:240800821
08185,08142,996,987,240800821,200041630,08,08,E:240800821,E:200041630
08214,08232,1005,1010,240800821,200041630,08,08,E:240800821,E:200041630
08222,08487,1007,1037,240800821,240800821,08,08,E:240800821,E:240800821
08363,08190,1024,999,240800821,240800821,08,08,E:240800821,E:240800821
10031,10179,1095,1122,200006716,200069250,10,10,E:200006716,E:200069250
10057,10198,1099,1126,200006716,200069250,10,10,E:200006716,E:200069250
10066,10190,1101,1124,200069250,200069250,10,10,E:200069250,E:200069250
10106,10248,1106,1141,200006716,200069250,10,10,E:200006716,E:200069250
10114,10260,1108,1146,200000545,200069250,10,10,E:200000545,E:200069250
10142,10209,1111,1129,200069250,200069250,10,10,E:200069250,E:200069250
10148,10238,1113,1137,200006716,200069250,10,10,E:200006716,E:200069250
10153,10211,1114,1130,200006716,200069250,10,10,E:200006716,E:200069250
10154,10414,1115,1191,200006716,200069250,10,10,E:200006716,E:200069250
10156,10245,1116,1139,200069250,200069250,10,10,E:200069250,E:200069250
10164,10409,1118,1189,200000545,200069250,10,10,E:200000545,E:200069250
10169,10391,1119,1185,200006716,200069250,10,10,E:200006716,E:200069250
10208,10255,1128,1144,200006716,200069250,10,10,E:200006716,E:200069250
10220,10352,1132,1172,200000545,200069250,10,10,E:200000545,E:200069250
10225,10373,1133,1181,200006716,200069250,10,10,E:200006716,E:200069250
10231,10363,1136,1177,200006716,200069250,10,10,E:200006716,E:200069250
10240,10336,1138,1165,200069250,200069250,10,10,E:200069250,E:200069250
10254,10307,1143,1156,200006716,200069250,10,10,E:200006716,E:200069250
10259,10371,1145,1180,200006716,200069250,10,10,E:200006716,E:200069250
10268,10321,1148,1157,200006716,200069250,10,10,E:200006716,E:200069250
10280,10230,1149,1135,200000545,200069250,10,10,E:200000545,E:200069250
10284,10324,1152,1159,200006716,200069250,10,10,E:200006716,E:200069250
10291,10375,1153,1182,200006716,200069250,10,10,E:200006716,E:200069250
10298,10051,1155,1097,200006716,200069250,10,10,E:200006716,E:200069250
10323,10362,1158,1176,200000545,200069250,10,10,E:200000545,E:200069250
10334,10329,1164,1161,200006716,200069250,10,10,E:200006716,E:200069250
10341,10104,1167,1105,200000545,200069250,10,10,E:200000545,E:200069250
10355,10281,1173,1150,200006716,200069250,10,10,E:200006716,E:200069250
10367,10186,1178,1123,200006716,200069250,10,10,E:200006716,E:200069250
10370,10246,1179,1140,200006716,200069250,10,10,E:200006716,E:200069250
10382,10100,1184,1104,200006716,200069250,10,10,E:200006716,E:200069250
10420,10406,1193,1188,200006716,200069250,10,10,E:200006716,E:200069250
10421,10402,1194,1187,200006716,200069250,10,10,E:200006716,E:200069250
11001,11212,1198,1243,200035715,241100593,11,11,E:200035715,E:241100593
11009,11264,1200,1256,200035715,241100593,11,11,E:200035715,E:241100593
11022,11285,1205,1262,200035715,241100593,11,11,E:200035715,E:241100593
11027,11086,1209,1221,200035715,241100593,11,11,E:200035715,E:241100593
11042,11102,1213,1226,200035715,200035715,11,11,E:200035715,E:200035715
11068,11005,1216,1199,200035715,200035715,11,11,E:200035715,E:200035715
11075,11205,1217,1242,200035715,200035715,11,11,E:200035715,E:200035715
11095,11025,1224,1208,200035715,200035715,11,11,E:200035715,E:200035715
11122,11018,1229,1204,200035715,200035715,11,11,E:200035715,E:200035715
11188,11041,1235,1212,241100593,241100593,11,11,E:241100593,E:241100593
11190,11426,1236,1296,200035715,200035715,11,11,E:200035715,E:200035715
11220,11299,1246,1267,200035715,200035715,11,11,E:200035715,E:200035715
11242,11398,1249,1288,200035715,241100593,11,11,E:200035715,E:241100593
11280,11085,1261,1220,200035715,200035715,11,11,E:200035715,E:200035715
11286,11014,1263,1203,200035715,241100593,11,11,E:200035715,E:241100593
11295,11433,1265,1298,241100593,200035715,11,11,E:241100593,E:200035715
11301,11410,1268,1291,200035715,200035715,11,11,E:200035715,E:200035715
11307,11043,1269,1214,241100593,200035715,11,11,E:241100593,E:200035715
11308,11366,1270,1281,200035715,241100593,11,11,E:200035715,E:241100593
11315,11269,1271,1258,200035715,241100593,11,11,E:200035715,E:241100593
11322,11198,1272,1237,241100593,200035715,11,11,E:241100593,E:200035715
11325,11330,1273,1275,200035715,200035715,11,11,E:200035715,E:200035715
11340,11151,1276,1232,200035715,200035715,11,11,E:200035715,E:200035715
11342,11416,1277,1292,200035715,200035715,11,11,E:200035715,E:200035715
11357,11257,1279,1253,200035715,200035715,11,11,E:200035715,E:200035715
11379,11266,1285,1257,241100593,241100593,11,11,E:241100593,E:241100593
11396,11327,1286,1274,200035715,200035715,11,11,E:200035715,E:200035715
11421,11437,1293,1299,241100593,200035715,11,11,E:241100593,E:200035715
13038,13065,1333,1355,241300375,241300375,13,13,E:241300375,E:241300375
14080,14171,1443,1484,200066710,200066710,14,14,E:200066710,E:200066710
14085,14582,1445,1658,241400878,200069532,14,14,E:241400878,E:200069532
14097,14571,1452,1653,200066710,200069532,14,14,E:200066710,E:200069532
14141,14519,1471,1629,200069532,200066728,14,14,E:200069532,E:200066728
14145,14377,1472,1582,200066710,241400555,14,14,E:200066710,E:241400555
14147,14426,1474,1600,200069532,241400878,14,14,E:200069532,E:241400878
14162,14460,1479,1610,200066710,200069532,14,14,E:200066710,E:200069532
14183,14494,1491,1621,200066710,200065563,14,14,E:200066710,E:200065563
14252,14732,1524,1713,200066710,241400555,14,14,E:200066710,E:241400555
14261,14698,1528,1702,241400878,200065563,14,14,E:241400878,E:200065563
14273,14091,1533,1449,200069532,241400878,14,14,E:200069532,E:241400878
14309,14499,1553,1623,200066710,200065563,14,14,E:200066710,E:200065563
14310,14246,1554,1519,200066710,200065563,14,14,E:200066710,E:200065563
14334,14135,1567,1469,200069532,200069516,14,14,E:200069532,E:200069516
14368,14455,1580,1608,200069532,200066710,14,14,E:200069532,E:200066710
14371,14689,1581,1699,200069532,200066710,14,14,E:200069532,E:200066710
14404,14146,1593,1473,200066710,200066710,14,14,E:200066710,E:200066710
14478,14100,1614,1453,200069532,200066710,14,14,E:200069532,E:200066710
14510,14348,1627,1574,200066710,200069516,14,14,E:200066710,E:200069516
14576,14364,1656,1577,200069532,200069516,14,14,E:200069532,E:200069516
14589,14039,1660,1423,200066710,200066710,14,14,E:200066710,E:200066710
14621,14173,1672,1486,200069532,200065589,14,14,E:200069532,E:200065589
14635,14203,1676,1500,200066710,200065563,14,14,E:200066710,E:200065563
14719,14318,1709,1557,200066710,200069516,14,14,E:200066710,E:200069516
14741,14385,1718,1586,200066710,241400555,14,14,E:200066710,E:241400555
16013,16343,1738,1798,200070514,200070514,16,16,E:200070514,E:200070514
16045,16263,1743,1788,200070514,200071827,16,16,E:200070514,E:200071827
16050,16399,1744,1811,200070514,200070514,16,16,E:200070514,E:200070514
16057,16116,1747,1758,200070514,200070514,16,16,E:200070514,E:200070514
16060,16349,1749,1800,200070514,200070514,16,16,E:200070514,E:200070514
16090,16061,1755,1750,200070514,200071827,16,16,E:200070514,E:200071827
16297,16012,1792,1737,200070514,200070514,16,16,E:200070514,E:200070514
16316,16032,1794,1742,200070514,200070514,16,16,E:200070514,E:200070514
16352,16165,1801,1769,200070514,200070514,16,16,E:200070514,E:200070514
16402,16387,1812,1809,200070514,200070514,16,16,E:200070514,E:200070514
17007,17205,1818,1896,200041614,200041762,17,17,E:200041614,E:200041762
17008,17065,1819,1838,200041499,200041762,17,17,E:200041499,E:200041762
17015,17083,1822,1845,241700640,200041762,17,17,E:241700640,E:200041762
17034,17406,1828,1964,241700640,241700699,17,17,E:241700640,E:241700699
17041,17393,1830,1959,200041499,241700640,17,17,E:200041499,E:241700640
17060,17426,1835,1975,241700640,200036473,17,17,E:241700640,E:200036473
17063,17148,1836,1873,200041614,200036473,17,17,E:200041614,E:200036473
17068,17320,1839,1936,241700640,200041762,17,17,E:241700640,E:200041762
17080,17460,1844,1985,200041614,200036473,17,17,E:200041614,E:200036473
17091,17107,1848,1855,200041499,200041614,17,17,E:200041499,E:200041614
17098,17237,1852,1908,241700640,200041762,17,17,E:241700640,E:200041762
17115,17313,1858,1932,200036473,200036473,17,17,E:200036473,E:200036473
17119,17267,1859,1917,241700640,200041499,17,17,E:241700640,E:200041499
17127,17179,1862,1883,200041499,200036473,17,17,E:200041499,E:200036473
17131,17447,1864,1982,241700640,200041614,17,17,E:241700640,E:200041614
17132,17141,1865,1868,200041499,200036473,17,17,E:200041499,E:200036473
17152,17143,1875,1870,241700640,200036473,17,17,E:241700640,E:200036473
17158,17413,1878,1969,200041499,241700434,17,17,E:200041499,E:241700434
17182,17329,1884,1939,200041499,200041762,17,17,E:200041499,E:200041762
17183,17097,1885,1851,241700640,241700640,17,17,E:241700640,E:241700640
17186,17151,1888,1874,200041499,241700640,17,17,E:200041499,E:241700640
17201,17412,1894,1968,200041499,200036473,17,17,E:200041499,E:200036473
17218,17185,1901,1887,200041499,241700699,17,17,E:200041499,E:241700699
17221,17018,1902,1823,200041614,200041614,17,17,E:200041614,E:200041614
17242,17128,1909,1863,200036473,200036473,17,17,E:200036473,E:200036473
17248,17184,1913,1886,241700640,200041762,17,17,E:241700640,E:200041762
17253,17100,1914,1853,200041762,200036473,17,17,E:200041762,E:200036473
17293,17235,1924,1907,200041614,200036473,17,17,E:200041614,E:200036473
17303,17346,1927,1944,200041499,200041762,17,17,E:200041499,E:200041762
17322,17191,1937,1890,200041499,200036473,17,17,E:200041499,E:200036473
17338,17444,1943,1981,200041614,200036473,17,17,E:200041614,E:200036473
17349,17308,1946,1930,200041499,200041762,17,17,E:200041499,E:200041762
17359,17147,1949,1872,200041614,200036473,17,17,E:200041614,E:200036473
17382,17348,1956,1945,200041614,200041762,17,17,E:200041614,E:200041762
17394,17057,1960,1832,200041614,200041614,17,17,E:200041614,E:200041614
17396,17411,1962,1967,200041499,241700624,17,17,E:200041499,E:241700624
17425,17228,1974,1905,241700640,241700640,17,17,E:241700640,E:241700640
17434,17449,1977,1983,200041614,200041762,17,17,E:200041614,E:200041762
17437,17470,1978,1990,241700640,200036473,17,17,E:241700640,E:200036473
17439,17036,1979,1829,200041499,200041762,17,17,E:200041499,E:200041762
17482,17246,1993,1911,200041614,200041762,17,17,E:200041614,E:200041762
18006,18253,2001,2041,241800507,200066330,18,18,E:241800507,E:200066330
18026,18211,2004,2031,200069227,200066330,18,18,E:200069227,E:200066330
18032,18028,2006,2005,200069227,241800507,18,18,E:200069227,E:241800507
18066,18035,2009,2007,241800457,200066330,18,18,E:241800457,E:200066330
18125,18271,2012,2046,200069227,200066330,18,18,E:200069227,E:200066330
18133,18138,2013,2014,241800457,241800507,18,18,E:241800457,E:241800507
18145,18206,2016,2028,200066330,200066330,18,18,E:200066330,E:200066330
18150,18280,2017,2048,200090561,200066330,18,18,E:200090561,E:200066330
18181,18226,2022,2035,241800457,241800507,18,18,E:241800457,E:241800507
18188,18176,2023,2019,241800457,200066330,18,18,E:241800457,E:200066330
18201,18255,2026,2042,241800457,241800507,18,18,E:241800457,E:241800507
18207,18141,2029,2015,241800457,241800507,18,18,E:241800457,E:241800507
18208,18189,2030,2024,200069227,200066330,18,18,E:200069227,E:200066330
18243,18229,2038,2036,200069227,200066330,18,18,E:200069227,E:200066330
18244,18019,2039,2003,241800457,200066330,18,18,E:241800457,E:200066330
18246,18005,2040,2000,200069227,200066330,18,18,E:200069227,E:200066330
18257,18157,2043,2018,200069227,241800507,18,18,E:200069227,E:241800507
18263,18218,2044,2033,200090561,241800507,18,18,E:200090561,E:241800507
18279,18205,2047,2027,200090561,241800507,18,18,E:200090561,E:241800507
18285,18008,2049,2002,241800457,241800507,18,18,E:241800457,E:241800507
19015,19278,2051,2090,200043172,200043172,19,19,E:200043172,E:200043172
19030,19124,2052,2070,200043172,200043172,19,19,E:200043172,E:200043172
19035,19093,2053,2063,200043172,200043172,19,19,E:200043172,E:200043172
19066,19005,2058,2050,200043172,200043172,19,19,E:200043172,E:200043172
19085,19178,2062,2076,241927201,200043172,19,19,E:241927201,E:200043172
19094,19202,2064,2082,200043172,200043172,19,19,E:200043172,E:200043172
19109,19234,2066,2084,200043172,200043172,19,19,E:200043172,E:200043172
19120,19047,2068,2055,200043172,200043172,19,19,E:200043172,E:200043172
19153,19123,2073,2069,200043172,200043172,19,19,E:200043172,E:200043172
19161,19147,2074,2071,200043172,200043172,19,19,E:200043172,E:200043172
19177,19068,2075,2059,200043172,200043172,19,19,E:200043172,E:200043172
19182,19063,2077,2057,200043172,200043172,19,19,E:200043172,E:200043172
19187,19049,2078,2056,200043172,200043172,19,19,E:200043172,E:200043172
19195,19191,2080,2079,200043172,200043172,19,19,E:200043172,E:200043172
19196,19151,2081,2072,200043172,200043172,19,19,E:200043172,E:200043172
19239,19117,2085,2067,200043172,200043172,19,19,E:200043172,E:200043172
19242,19246,2086,2087,200043172,200043172,19,19,E:200043172,E:200043172
19253,19077,2088,2061,200043172,200043172,19,19,E:200043172,E:200043172
19279,19043,2091,2054,200043172,200043172,19,19,E:200043172,E:200043172
19286,19289,2092,2094,200043172,200043172,19,19,E:200043172,E:200043172
19288,19072,2093,2060,200043172,200043172,19,19,E:200043172,E:200043172
21028,21656,2106,2327,200070902,200000925,21,21,E:200070902,E:200000925
21032,21620,2107,2316,200006682,242100154,21,21,E:200006682,E:242100154
21038,21317,2109,2207,200070902,242100154,21,21,E:200070902,E:242100154
21050,21092,2113,2129,200006682,200006682,21,21,E:200006682,E:200006682
21135,21300,2142,2204,200072825,200039055,21,21,E:200072825,E:200039055
21138,21487,2143,2265,200070902,200000925,21,21,E:200070902,E:200000925
21180,21622,2155,2317,200070902,200000925,21,21,E:200070902,E:200000925
21233,21270,2177,2194,200070902,242100410,21,21,E:200070902,E:242100410
21268,21450,2192,2250,200070902,200006682,21,21,E:200070902,E:200006682
21269,21483,2193,2263,200070902,242100154,21,21,E:200070902,E:242100154
21316,21369,2206,2222,200070902,200072825,21,21,E:200070902,E:200072825
21331,21242,2212,2181,200070902,200000925,21,21,E:200070902,E:200000925
21337,21638,2213,2322,200070902,242100154,21,21,E:200070902,E:242100154
21367,21111,2220,2135,200070902,200069540,21,21,E:200070902,E:200069540
21371,21127,2224,2138,200070902,242100154,21,21,E:200070902,E:242100154
21376,21146,2226,2144,200070902,200072825,21,21,E:200070902,E:200072825
21398,21330,2235,2211,200070902,200000925,21,21,E:200070902,E:200000925
21420,21208,2244,2167,200006682,242100154,21,21,E:200006682,E:242100154
21437,21245,2248,2182,200070902,242100154,21,21,E:200070902,E:242100154
21461,21532,2253,2280,200006682,200000925,21,21,E:200006682,E:200000925
21482,21076,2262,2125,200070902,200070902,21,21,E:200070902,E:200070902
21493,21565,2268,2292,200070902,200070894,21,21,E:200070902,E:200070894
21495,21644,2269,2325,200070902,200072825,21,21,E:200070902,E:200072825
21496,21315,2270,2205,200070902,242100410,21,21,E:200070902,E:242100410
21522,21691,2277,2335,200072825,200070894,21,21,E:200072825,E:200070894
21527,21294,2279,2201,200006682,200070894,21,21,E:200006682,E:200070894
21556,21578,2288,2295,200070902,200039055,21,21,E:200070902,E:200039055
21571,21702,2294,2340,200070902,242100154,21,21,E:200070902,E:242100154
21583,21553,2297,2286,200006682,200039055,21,21,E:200006682,E:200039055
21610,21099,2310,2130,200070902,200006682,21,21,E:200070902,E:200006682
21618,21614,2314,2311,200070902,242100154,21,21,E:200070902,E:242100154
21636,21045,2321,2111,200006682,200039055,21,21,E:200006682,E:200039055
21639,21609,2323,2309,200070902,200070902,21,21,E:200070902,E:200070902
21680,21411,2331,2241,200070902,200006682,21,21,E:200070902,E:200006682
21699,21005,2338,2097,200070902,200000925,21,21,E:200070902,E:200000925
21701,21688,2339,2334,200070902,200070894,21,21,E:200070902,E:200070894
21713,21409,2343,2240,200070902,200070894,21,21,E:200070902,E:200070894
22004,22211,2348,2466,200067981,200065928,22,22,E:200067981,E:200065928
22006,22091,2349,2395,200065928,200067981,22,22,E:200065928,E:200067981
22020,22277,2359,2507,200068989,200069409,22,22,E:200068989,E:200069409
22032,22233,2364,2479,200068989,200067981,22,22,E:200068989,E:200067981
22034,22056,2365,2377,200065928,200068989,22,22,E:200065928,E:200068989
22036,22095,2367,2397,200068989,200067981,22,22,E:200068989,E:200067981
22041,22276,2368,2506,200065928,200069409,22,22,E:200065928,E:200069409
22053,22345,2374,2547,200069391,200069391,22,22,E:200069391,E:200069391
22069,22235,2383,2481,200068989,200065928,22,22,E:200068989,E:200065928
22114,22145,2413,2425,200069391,200068989,22,22,E:200069391,E:200068989
22141,22381,2422,2572,200065928,200065928,22,22,E:200065928,E:200065928
22164,22079,2432,2389,200067981,200069391,22,22,E:200067981,E:200069391
22184,22204,2447,2462,200069391,200067981,22,22,E:200069391,E:200067981
22203,22182,2461,2446,200069409,200069086,22,22,E:200069409,E:200069086
22240,22386,2485,2575,200068989,200069409,22,22,E:200068989,E:200069409
22245,22011,2487,2352,200065928,200069086,22,22,E:200065928,E:200069086
22254,22014,2491,2354,200065928,200068989,22,22,E:200065928,E:200068989
22267,22322,2500,2533,200069391,200069086,22,22,E:200069391,E:200069086
22305,22286,2522,2513,200068989,200069391,22,22,E:200068989,E:200069391
22310,22019,2526,2358,200067981,200069086,22,22,E:200067981,E:200069086
22337,22175,2540,2440,200069391,200069391,22,22,E:200069391,E:200069391
22348,22268,2550,2501,200069391,200068989,22,22,E:200069391,E:200068989
22369,22174,2564,2439,200069391,200068989,22,22,E:200069391,E:200068989
22391,22077,2579,2388,200068989,200069391,22,22,E:200068989,E:200069391
24032,24251,2583,2614,200040095,200040392,24,24,E:200040095,E:200040392
24040,24331,2585,2627,200027217,200070647,24,24,E:200027217,E:200070647
24051,24246,2586,2613,200070647,200070647,24,24,E:200070647,E:200070647
24104,24274,2589,2620,200040095,200070647,24,24,E:200040095,E:200070647
24157,24236,2599,2611,200040095,200040095,24,24,E:200040095,E:200040095
24182,24521,2601,2658,200070647,200040392,24,24,E:200070647,E:200040392
24191,24413,2602,2641,200070647,200070647,24,24,E:200070647,E:200070647
24193,24419,2603,2643,200070647,200070647,24,24,E:200070647,E:200070647
24194,24350,2604,2633,200070647,200040392,24,24,E:200070647,E:200040392
24205,24156,2606,2598,200040095,200040392,24,24,E:200040095,E:200040392
24213,24390,2607,2640,200040095,200040392,24,24,E:200040095,E:200040392
24252,24011,2615,2582,200027217,200040392,24,24,E:200027217,E:200040392
24255,24197,2616,2605,200027217,200070647,24,24,E:200027217,E:200070647
24276,24351,2621,2634,200070647,200070647,24,24,E:200070647,E:200070647
24277,24421,2622,2645,200070647,200040392,24,24,E:200070647,E:200040392
24309,24222,2625,2608,200040095,200070647,24,24,E:200040095,E:200070647
24335,24098,2628,2587,243301371,200040392,24,24,E:243301371,E:200040392
24341,24295,2630,2623,200027217,200040095,24,24,E:200027217,E:200040095
24349,24135,2632,2592,200070647,200040392,24,24,E:200070647,E:200040392
24355,24499,2635,2653,200027217,200070647,24,24,E:200027217,E:200070647
24366,24002,2637,2580,200027217,200040392,24,24,E:200027217,E:200040392
24418,24108,2642,2590,200040095,200040392,24,24,E:200040095,E:200040392
24420,24345,2644,2631,200070647,200070647,24,24,E:200070647,E:200070647
24424,24371,2646,2638,200040095,200040095,24,24,E:200040095,E:200040095
24471,24472,2649,2650,200027217,200070647,24,24,E:200027217,E:200070647
24487,24115,2652,2591,200070647,200040392,24,24,E:200070647,E:200040392
24502,24267,2654,2619,200040095,200070647,24,24,E:200040095,E:200070647
24510,24145,2655,2596,200027217,200070647,24,24,E:200027217,E:200070647
24512,24357,2656,2636,200027217,200070647,24,24,E:200027217,E:200070647
24520,24557,2657,2663,200027217,200040392,24,24,E:200027217,E:200040392
24523,24484,2659,2651,200070647,200040392,24,24,E:200070647,E:200040392
24543,24266,2660,2618,200040095,200040392,24,24,E:200040095,E:200040392
24544,24224,2661,2609,200027217,200070647,24,24,E:200027217,E:200070647
24562,24148,2664,2597,200040095,200070647,24,24,E:200040095,E:200070647
24577,24549,2665,2662,200027217,200070647,24,24,E:200027217,E:200070647
24587,24237,2666,2612,200027217,200070647,24,24,E:200027217,E:200070647
26034,26061,3009,3020,200068781,200073096,26,26,E:200068781,E:200073096
26083,26330,3028,3109,200040491,200040491,26,26,E:200040491,E:200040491
26143,26185,3053,3071,200040491,242600252,26,26,E:200040491,E:242600252
26148,26005,3055,2998,200040491,200040459,26,26,E:200040491,E:200040459
26155,26129,3057,3048,200040491,200068781,26,26,E:200040491,E:200068781
26162,26094,3061,3035,200040491,200040491,26,26,E:200040491,E:200040491
26293,26259,3094,3088,200040491,200040491,26,26,E:200040491,E:200040491
26298,26342,3097,3116,200068781,200042901,26,26,E:200068781,E:200042901
26314,26257,3103,3087,200040491,200040459,26,26,E:200040491,E:200040459
26349,26251,3119,3085,200040491,200040459,26,26,E:200040491,E:200040459
27001,27525,3129,3488,200066413,200072312,27,27,E:200066413,E:200072312
27009,27177,3136,3252,200066462,200071454,27,27,E:200066462,E:200071454
27019,27673,3146,3582,200066462,200072312,27,27,E:200066462,E:200072312
27036,27336,3157,3358,200066462,200072312,27,27,E:200066462,E:200072312
27037,27238,3158,3295,200066413,242700276,27,27,E:200066413,E:242700276
27038,27407,3159,3413,200066462,200072312,27,27,E:200066462,E:200072312
27040,27618,3161,3547,200066413,242700276,27,27,E:200066413,E:242700276
27043,27154,3162,3236,200066462,200071454,27,27,E:200066462,E:200071454
27050,27440,3166,3438,200066413,200072312,27,27,E:200066413,E:200072312
27051,27391,3167,3401,200066413,200071454,27,27,E:200066413,E:200071454
27052,27577,3168,3519,200066413,200066405,27,27,E:200066413,E:200066405
27054,27206,3170,3275,200066462,200071454,27,27,E:200066462,E:200071454
27056,27701,3172,3603,200066413,200089456,27,27,E:200066413,E:200089456
27061,27298,3175,3327,200066413,242700607,27,27,E:200066413,E:242700607
27063,27472,3176,3456,200066413,242700276,27,27,E:200066413,E:242700276
27068,27315,3180,3339,200066462,200072312,27,27,E:200066462,E:200072312
27069,27372,3181,3385,200066462,200071843,27,27,E:200066462,E:200071843
27074,27247,3184,3301,200066413,200070142,27,27,E:200066413,E:200070142
27075,27047,3185,3165,200066462,242700276,27,27,E:200066462,E:242700276
27095,27655,3193,3568,200066413,200065787,27,27,E:200066413,E:200065787
27096,27144,3194,3231,200066462,200071454,27,27,E:200066462,E:200071454
27108,27335,3203,3357,200066462,200089456,27,27,E:200066462,E:200089456
27109,27430,3204,3430,200066413,200071843,27,27,E:200066413,E:200071843
27112,27226,3207,3286,200066462,200071843,27,27,E:200066462,E:200071843
27113,27010,3208,3137,200066413,200071843,27,27,E:200066413,E:200071843
27115,27360,3210,3377,200066462,200071454,27,27,E:200066462,E:200071454
27116,27165,3211,3244,200066413,242700276,27,27,E:200066413,E:242700276
27125,27045,3217,3164,200066413,200071843,27,27,E:200066413,E:200071843
27129,27682,3220,3587,200066413,200071843,27,27,E:200066413,E:200071843
27137,27376,3226,3388,200066462,200040277,27,27,E:200066462,E:200040277
27139,27692,3227,3594,200066462,242700607,27,27,E:200066462,E:242700607
27155,27531,3237,3492,200066462,200066405,27,27,E:200066462,E:200066405
27156,27601,3238,3534,200066462,200065787,27,27,E:200066462,E:200065787
27164,27422,3243,3423,200066413,200072312,27,27,E:200066413,E:200072312
27173,27304,3249,3331,200066413,200071843,27,27,E:200066413,E:200071843
27179,27477,3253,3460,200066413,200072312,27,27,E:200066413,E:200072312
27182,27235,3256,3294,200066462,242700276,27,27,E:200066462,E:242700276
27210,27123,3277,3215,200066413,200072312,27,27,E:200066413,E:200072312
27251,27487,3303,3468,200066413,200070142,27,27,E:200066413,E:200070142
27258,27332,3306,3355,200066017,200089456,27,27,E:200066017,E:200089456
27266,27490,3310,3471,200066413,200071843,27,27,E:200066413,E:200071843
27291,27394,3326,3403,200066462,200089456,27,27,E:200066462,E:200089456
27300,27408,3329,3414,200066413,200072312,27,27,E:200066413,E:200072312
27311,27497,3336,3475,200066413,200065787,27,27,E:200066413,E:200065787
27318,27555,3342,3506,200066413,200071454,27,27,E:200066413,E:200071454
27323,27176,3347,3251,200066462,200071843,27,27,E:200066462,E:200071843
27325,27401,3349,3409,200066413,200071454,27,27,E:200066413,E:200071454
27341,27241,3362,3297,200066462,242700607,27,27,E:200066462,E:242700607
27345,27611,3365,3541,200066413,200071454,27,27,E:200066413,E:200071454
27359,27203,3376,3272,200066462,200072312,27,27,E:200066462,E:200072312
27361,27078,3378,3188,200066017,200072312,27,27,E:200066017,E:200072312
27364,27546,3380,3503,200066413,200071454,27,27,E:200066413,E:200071454
27371,27190,3384,3263,200066413,200072312,27,27,E:200066413,E:200072312
27380,27057,3391,3173,200066413,242700607,27,27,E:200066413,E:242700607
27381,27321,3392,3345,200066017,200089456,27,27,E:200066017,E:200089456
27383,27276,3394,3315,200066462,200071843,27,27,E:200066462,E:200071843
27393,27379,3402,3390,200066017,200071843,27,27,E:200066017,E:200071843
27398,27008,3406,3135,200066413,200089456,27,27,E:200066413,E:200089456
27418,27621,3419,3549,200066413,200071454,27,27,E:200066413,E:200071454
27427,27568,3427,3514,200066462,242700276,27,27,E:200066462,E:242700276
27431,27468,3431,3453,200066462,200065787,27,27,E:200066462,E:200065787
27432,27486,3432,3467,200066413,242700607,27,27,E:200066413,E:242700607
27433,27495,3433,3474,200066413,200072312,27,27,E:200066413,E:200072312
27441,27141,3439,3229,200066413,242700276,27,27,E:200066413,E:242700276
27457,27417,3446,3418,200066462,200071843,27,27,E:200066462,E:200071843
27460,27281,3448,3320,200066413,242700276,27,27,E:200066413,E:242700276
27463,27329,3449,3352,200066413,200072312,27,27,E:200066413,E:200072312
27466,27424,3452,3425,200066413,242700276,27,27,E:200066413,E:242700276
27481,27436,3463,3434,200066462,242700276,27,27,E:200066462,E:242700276
27492,27055,3472,3171,200066413,242700607,27,27,E:200066413,E:242700607
27498,27539,3476,3498,200066413,200089456,27,27,E:200066413,E:200089456
27502,27183,3479,3257,200066462,200071454,27,27,E:200066462,E:200071454
27508,27342,3482,3363,200066462,242700607,27,27,E:200066462,E:242700607
27521,27405,3486,3411,200066462,200071843,27,27,E:200066462,E:200071843
27527,27201,3489,3270,200066413,242700607,27,27,E:200066413,E:242700607
27536,27666,3496,3576,200066413,200089456,27,27,E:200066413,E:200089456
27557,27483,3507,3465,200066413,200089456,27,27,E:200066413,E:200089456
27569,27228,3515,3288,200066413,200066405,27,27,E:200066413,E:200066405
27578,27533,3520,3493,200066462,200071843,27,27,E:200066462,E:200071843
27584,27033,3524,3155,200066413,242700607,27,27,E:200066413,E:242700607
27592,27567,3528,3513,200066413,200071843,27,27,E:200066413,E:200071843
27608,27189,3538,3262,200066413,242700276,27,27,E:200066413,E:242700276
27609,27232,3539,3291,200066413,200071843,27,27,E:200066413,E:200071843
27610,27259,3540,3307,200066462,200071454,27,27,E:200066462,E:200071454
27622,27020,3550,3147,200066413,200071454,27,27,E:200066413,E:200071454
27630,27400,3554,3408,200066413,200072312,27,27,E:200066413,E:200072312
27643,27018,3561,3145,200066462,200065787,27,27,E:200066462,E:200065787
27646,27215,3564,3280,200066017,242700607,27,27,E:200066017,E:242700607
27667,27220,3577,3284,200066413,200071454,27,27,E:200066413,E:200071454
27671,27695,3581,3597,200066017,242700607,27,27,E:200066017,E:242700607
27693,27161,3595,3240,200066462,242700276,27,27,E:200066462,E:242700276
28010,28148,3611,3682,200006971,200058360,28,28,E:200006971,E:200058360
28037,28141,3622,3678,200040277,200033181,28,28,E:200040277,E:200033181
28072,28301,3644,3764,200006971,200033181,28,28,E:200006971,E:200033181
28175,28126,3699,3670,200006971,242852465,28,28,E:200006971,E:242852465
28263,28074,3744,3646,200066462,200069953,28,28,E:200066462,E:200069953
28280,28227,3753,3726,200006971,200033181,28,28,E:200006971,E:200033181
28322,28409,3772,3825,200040277,200058360,28,28,E:200040277,E:200058360
28342,28081,3783,3648,200006971,200058360,28,28,E:200006971,E:200058360
28378,28374,3809,3806,200006971,200040277,28,28,E:200006971,E:200040277
28395,28057,3817,3635,200006971,242852465,28,28,E:200006971,E:242852465
28407,28169,3823,3694,200006971,200070159,28,28,E:200006971,E:200070159
29002,29224,3835,3997,242900694,242900645,29,29,E:242900694,E:242900645
29004,29020,3837,3846,242900694,200068120,29,29,E:242900694,E:200068120
29008,29001,3840,3834,242900629,200066868,29,29,E:242900629,E:200066868
29014,29114,3843,3919,242900835,242900835,29,29,E:242900835,E:242900835
29067,29111,3879,3916,242900835,200067072,29,29,E:242900835,E:200067072
29071,29144,3883,3937,242900694,242900801,29,29,E:242900694,E:242900801
29143,29028,3936,3849,242900629,242900629,29,29,E:242900629,E:242900629
29145,29017,3938,3845,242900629,242900074,29,29,E:242900629,E:242900074
29183,29107,3965,3912,242900835,200068120,29,29,E:242900835,E:200068120
29218,29053,3994,3867,242900629,200066868,29,29,E:242900629,E:200066868
29229,29208,4001,3985,200068120,242900074,29,29,E:200068120,E:242900074
29230,29078,4002,3889,242900694,242900801,29,29,E:242900694,E:242900801
29269,29159,4029,3947,242900694,242900710,29,29,E:242900694,E:242900710
29274,29049,4034,3865,242900694,242900769,29,29,E:242900694,E:242900769
29302,29030,4057,3850,200066868,200067072,29,29,E:200066868,E:200067072
2B042,2B120,4082,4083,200036499,242000354,2B,2B,E:200036499,E:242000354
2B148,2B037,4084,4081,200036499,200036499,2B,2B,E:200036499,E:200036499
2B350,2B309,4087,4086,200036499,242000354,2B,2B,E:200036499,E:242000354
30013,30158,4096,4170,200034379,200066918,30,30,E:200034379,E:200066918
30051,30159,4112,4171,200066918,200066918,30,30,E:200066918,E:200066918
30085,30131,4128,4153,243000684,200034692,30,30,E:243000684,E:200034692
30117,30059,4145,4115,243000585,243000593,30,30,E:243000585,E:243000593
30124,30242,4148,4215,200034692,200034692,30,30,E:200034692,E:200034692
30132,30284,4154,4243,200066918,200066918,30,30,E:200066918,E:200066918
30137,30143,4158,4162,200066918,200034692,30,30,E:200066918,E:200034692
30142,30342,4161,4272,200066918,200034692,30,30,E:200066918,E:200034692
30175,30005,4180,4091,200034692,200034692,30,30,E:200034692,E:200034692
30239,30298,4212,4251,200066918,200066918,30,30,E:200066918,E:200066918
30269,30145,4234,4164,200066918,243000643,30,30,E:200066918,E:243000643
30307,30214,4256,4200,200066918,200066918,30,30,E:200066918,E:200066918
31027,31058,4287,4305,200068807,243100633,31,31,E:200068807,E:243100633
31047,31514,4296,4505,200066819,200071298,31,31,E:200066819,E:200071298
31084,31053,4316,4301,200068815,243100518,31,31,E:200068815,E:243100518
31107,31118,4326,4330,200066819,200034957,31,31,E:200066819,E:200034957
31135,31079,4331,4314,200068815,200034957,31,31,E:200068815,E:200034957
31153,31515,4337,4506,200068815,200034957,31,31,E:200068815,E:200034957
31196,31189,4355,4353,200068815,200068815,31,31,E:200068815,E:200068815
31219,31339,4365,4417,200066819,243100781,31,31,E:200066819,E:243100781
31225,31185,4366,4350,200066819,200071298,31,31,E:200066819,E:200071298
31258,31054,4380,4302,200066819,200071298,31,31,E:200066819,E:200071298
31267,31520,4386,4511,200066819,200068815,31,31,E:200066819,E:200068815
31280,31024,4390,4285,200066819,200068807,31,31,E:200066819,E:200068807
31286,31148,4396,4334,200066819,243100633,31,31,E:200066819,E:243100633
31292,31538,4400,4516,200068815,200068815,31,31,E:200068815,E:200068815
31312,31382,4407,4440,200066819,200068815,31,31,E:200066819,E:200068815
31318,31419,4408,4458,200068815,200068815,31,31,E:200068815,E:200068815
31320,31435,4410,4467,200066819,200068815,31,31,E:200066819,E:200068815
31324,31065,4411,4306,200068815,200068815,31,31,E:200068815,E:200068815
31327,31087,4412,4317,200068815,200068641,31,31,E:200068815,E:200068641
31349,31374,4422,4436,200068815,200071298,31,31,E:200068815,E:200071298
31359,31319,4429,4409,200068815,200068807,31,31,E:200068815,E:200068807
31361,31518,4430,4509,200066819,200068641,31,31,E:200066819,E:200068641
31362,31283,4431,4393,200068815,200068815,31,31,E:200068815,E:200068815
31367,31437,4434,4468,200068815,243100633,31,31,E:200068815,E:243100633
31379,31453,4438,4475,200066819,200071298,31,31,E:200066819,E:200071298
31406,31466,4450,4483,200068815,200068641,31,31,E:200068815,E:200068641
31416,31240,4455,4372,200066819,243100633,31,31,E:200066819,E:243100633
31422,31353,4461,4425,200068815,200068815,31,31,E:200068815,E:200068815
31425,31473,4464,4485,200068815,200071314,31,31,E:200068815,E:200071314
31455,31106,4477,4325,200066819,200071298,31,31,E:200066819,E:200071298
31492,31264,4495,4384,200066819,200068807,31,31,E:200066819,E:200068807
31505,31215,4500,4363,200068815,243100732,31,31,E:200068815,E:243100732
31517,31160,4508,4339,200066819,200071314,31,31,E:200066819,E:200071314
31525,31089,4512,4319,200066819,200071314,31,31,E:200066819,E:200071314
31530,31166,4514,4344,200068815,200068641,31,31,E:200068815,E:200068641
33001,33030,4562,4578,200070092,200069581,33,33,E:200070092,E:200069581
33088,33132,4610,4628,200070092,200023794,33,33,E:200070092,E:200023794
33094,33420,4614,4767,243301371,200035533,33,33,E:243301371,E:200035533
33124,33442,4626,4777,200070092,200070092,33,33,E:200070092,E:200070092
33138,33273,4629,4698,200070092,243300316,33,33,E:200070092,E:243300316
33151,33260,4637,4690,243301181,243301405,33,33,E:243301181,E:243301405
33154,33047,4639,4587,200070092,200023794,33,33,E:200070092,E:200023794
33160,33089,4641,4611,243301371,200023794,33,33,E:243301371,E:200023794
33166,33502,4644,4807,200070092,200023794,33,33,E:200070092,E:200023794
33173,33459,4647,4785,200035533,200035533,33,33,E:200035533,E:200035533
33218,33382,4667,4747,200070092,200023794,33,33,E:200070092,E:200023794
33242,33230,4681,4674,243301371,200070092,33,33,E:243301371,E:200070092
33246,33152,4684,4638,243301371,200069581,33,33,E:243301371,E:200069581
33269,33034,4696,4581,243301371,200070092,33,33,E:243301371,E:200070092
33315,33339,4712,4726,200070092,243301223,33,33,E:200070092,E:243301223
33320,33093,4714,4613,200035533,243301215,33,33,E:200035533,E:243301215
33324,33256,4717,4688,243301371,243301447,33,33,E:243301371,E:243301447
33354,33181,4732,4651,243301371,200035533,33,33,E:243301371,E:200035533
33360,33288,4735,4702,243301371,200069581,33,33,E:243301371,E:200069581
33369,33222,4741,4669,243301371,200070092,33,33,E:243301371,E:200070092
33377,33408,4744,4762,243301371,243301215,33,33,E:243301371,E:243301215
33378,33552,4745,4828,243301371,200069581,33,33,E:243301371,E:200069581
33385,33197,4749,4658,200070092,200069581,33,33,E:200070092,E:200069581
33402,33096,4758,4615,243301371,243300316,33,33,E:243301371,E:243300316
33447,33143,4779,4633,200070092,243301223,33,33,E:200070092,E:243301223
33462,33335,4787,4724,243301371,243301215,33,33,E:243301371,E:243301215
33467,33347,4789,4730,243301371,200070092,33,33,E:243301371,E:200070092
33472,33489,4791,4801,200070092,243301181,33,33,E:200070092,E:243301181
33526,33302,4814,4707,200035533,200035533,33,33,E:200035533,E:200035533
34010,34063,4836,4866,243400694,243400819,34,34,E:243400694,E:243400819
34016,34012,4841,4838,243400694,243400694,34,34,E:243400694,E:243400694
34060,34045,4864,4857,200022986,243400355,34,34,E:200022986,E:243400355
34066,34279,4867,4993,200022986,200071058,34,34,E:200022986,E:200071058
34104,34319,4885,5016,200071058,200071058,34,34,E:200071058,E:200071058
34114,34213,4891,4956,243400694,200066355,34,34,E:243400694,E:200066355
34152,34061,4916,4865,200022986,200071058,34,34,E:200022986,E:200071058
34185,34118,4941,4893,200022986,200022986,34,34,E:200022986,E:200022986
34195,34137,4945,4904,200022986,243400355,34,34,E:200022986,E:243400355
34208,34124,4953,4897,243400694,243400355,34,34,E:243400694,E:243400355
34215,34265,4958,4986,243400694,200022986,34,34,E:243400694,E:200022986
34221,34285,4960,4997,243400694,243400819,34,34,E:243400694,E:243400819
34234,34287,4965,4998,200071058,243400694,34,34,E:200071058,E:243400694
34236,34338,4966,5029,200022986,243400355,34,34,E:200022986,E:243400355
34238,34011,4968,4837,200022986,243400694,34,34,E:200022986,E:243400694
34241,34018,4971,4843,243400694,200071058,34,34,E:243400694,E:200071058
34261,34292,4982,5002,243400694,243400355,34,34,E:243400694,E:243400355
34264,34175,4985,4931,200022986,243400355,34,34,E:200022986,E:243400355
34267,34153,4988,4917,243400694,200022986,34,34,E:243400694,E:200022986
34274,34281,4991,4995,200022986,243400694,34,34,E:200022986,E:243400694
34342,34125,5032,4898,200022986,243400694,34,34,E:200022986,E:243400694
34343,34103,5033,4884,200022986,243400355,34,34,E:200022986,E:243400355
35005,35320,5038,5301,243500634,200038990,35,35,E:243500634,E:200038990
35008,35086,5041,5103,200039022,200072452,35,35,E:200039022,E:200072452
35014,35221,5046,5221,200039022,200070662,35,35,E:200039022,E:200070662
35018,35289,5050,5278,200072452,200043990,35,35,E:200072452,E:200043990
35029,35154,5059,5166,243500733,243500774,35,35,E:243500733,E:243500774
35035,35157,5065,5169,200043990,200072452,35,35,E:200043990,E:200072452
35044,35170,5072,5178,200070670,200039022,35,35,E:200070670,E:200039022
35045,35110,5073,5126,243500741,243500667,35,35,E:243500741,E:243500667
35046,35017,5074,5049,200043990,243500733,35,35,E:200043990,E:243500733
35056,35155,5082,5167,243500733,200043990,35,35,E:243500733,E:200043990
35057,35296,5083,5283,200043990,243500667,35,35,E:200043990,E:243500667
35077,35277,5095,5269,243500634,243500550,35,35,E:243500634,E:243500550
35082,35118,5100,5132,243500634,243500667,35,35,E:243500634,E:243500667
35084,35186,5101,5191,200043990,200070670,35,35,E:200043990,E:200070670
35085,35012,5102,5044,243500733,200070662,35,35,E:243500733,E:200070662
35091,35218,5108,5219,200038990,200070662,35,35,E:200038990,E:200070662
35092,35142,5109,5155,243500733,200072452,35,35,E:243500733,E:200072452
35094,35169,5111,5177,243500733,243500618,35,35,E:243500733,E:243500618
35097,35009,5114,5042,200039022,200070670,35,35,E:200039022,E:200070670
35102,35042,5118,5071,200039022,200039022,35,35,E:200039022,E:200039022
35103,35232,5119,5232,243500634,200039022,35,35,E:243500634,E:200039022
35111,35061,5127,5086,200072452,200039022,35,35,E:200072452,E:200039022
35114,35305,5128,5289,243500634,243500618,35,35,E:243500634,E:243500618
35117,35106,5131,5122,200038990,200070662,35,35,E:200038990,E:200070662
35119,35025,5133,5055,200039022,200072452,35,35,E:200039022,E:200072452
35125,35076,5139,5094,200039022,243500139,35,35,E:200039022,E:243500139
35140,35028,5153,5058,200070662,243500634,35,35,E:200070662,E:243500634
35145,35249,5158,5246,243500741,200070662,35,35,E:243500741,E:200070662
35148,35346,5160,5323,243500733,243500733,35,35,E:243500733,E:243500733
35151,35225,5163,5225,243500741,243500733,35,35,E:243500741,E:243500733
35159,35291,5170,5280,243500733,200070670,35,35,E:243500733,E:200070670
35160,35258,5171,5253,200043990,243500733,35,35,E:200043990,E:243500733
35162,35326,5173,5306,200072452,243500667,35,35,E:200072452,E:243500667
35165,35202,5174,5206,243500634,200070662,35,35,E:243500634,E:200070662
35167,35124,5176,5138,243500634,200070662,35,35,E:243500634,E:200070662
35172,35015,5180,5047,243500733,200039022,35,35,E:243500733,E:200039022
35174,35198,5182,5202,200072452,200039022,35,35,E:200072452,E:200039022
35175,35003,5183,5037,200043990,243500667,35,35,E:200043990,E:243500667
35190,35192,5195,5196,200072452,200039022,35,35,E:200072452,E:200039022
35199,35038,5203,5067,200039022,200039022,35,35,E:200039022,E:200039022
35200,35259,5204,5254,200039022,200070670,35,35,E:200039022,E:200070670
35201,35343,5205,5321,200038990,200070662,35,35,E:200038990,E:200070662
35219,35127,5220,5141,243500741,200043990,35,35,E:243500741,E:200043990
35222,35002,5222,5036,200070670,243500634,35,35,E:200070670,E:243500634
35230,35063,5230,5087,200072452,200072452,35,35,E:200072452,E:200072452
35234,35300,5234,5286,200038990,200039022,35,35,E:200038990,E:200039022
35235,35217,5235,5218,200039022,200039022,35,35,E:200039022,E:200039022
35239,35031,5238,5061,243500634,243500774,35,35,E:243500634,E:243500774
35247,35324,5244,5304,200070670,200072452,35,35,E:200070670,E:200072452
35248,35260,5245,5255,200070670,200039022,35,35,E:200070670,E:200039022
35261,35203,5256,5207,200072452,243500550,35,35,E:200072452,E:243500550
35262,35052,5257,5079,243500634,200039022,35,35,E:243500634,E:200039022
35268,35214,5262,5215,243500741,200072452,35,35,E:243500741,E:200072452
35270,35089,5263,5106,200070670,200070662,35,35,E:200070670,E:200070662
35271,35171,5264,5179,200072452,200038990,35,35,E:200072452,E:200038990
35285,35332,5275,5312,243500741,200070662,35,35,E:243500741,E:200070662
35286,35134,5276,5147,243500733,243500733,35,35,E:243500733,E:243500733
35297,35040,5284,5069,200038990,243500550,35,35,E:200038990,E:243500550
35302,35034,5287,5064,200038990,200070670,35,35,E:200038990,E:200070670
35304,35078,5288,5096,200072452,200070670,35,35,E:200072452,E:200070670
35311,35030,5293,5060,200043990,200070662,35,35,E:200043990,E:200070662
35325,35153,5305,5165,200039022,243500782,35,35,E:200039022,E:243500782
35328,35347,5308,5324,243500741,200039022,35,35,E:243500741,E:200039022
35329,35180,5309,5187,200070670,243500139,35,35,E:200070670,E:243500139
35333,35128,5313,5142,243500634,243500667,35,35,E:243500634,E:243500667
35335,35237,5315,5237,243500634,243500741,35,35,E:243500634,E:243500741
35339,35108,5318,5124,200070670,243500634,35,35,E:200070670,E:243500634
35342,35295,5320,5282,243500733,200038990,35,35,E:243500733,E:200038990
35354,35290,5329,5279,200070670,200038990,35,35,E:200070670,E:200038990
35357,35185,5332,5190,200072452,200039022,35,35,E:200072452,E:200039022
35359,35143,5334,5156,200039022,200038990,35,35,E:200039022,E:200038990
37116,37075,5391,5378,243700499,243700820,37,37,E:243700499,E:243700820
37212,37200,5432,5423,200072650,200072650,37,37,E:200072650,E:200072650
38005,38523,5467,5859,243800745,200070431,38,38,E:243800745,E:200070431
38018,38346,5476,5729,200070431,200059392,38,38,E:200070431,E:200059392
38020,38002,5478,5464,243800745,200018166,38,38,E:243800745,E:200018166
38034,38559,5485,5892,200085751,200070431,38,38,E:200085751,E:200070431
38037,38134,5488,5568,200085751,200085751,38,38,E:200085751,E:200085751
38040,38406,5491,5778,243800745,200085751,38,38,E:243800745,E:200085751
38052,38205,5503,5623,243800745,243801024,38,38,E:243800745,E:243801024
38092,38066,5539,5517,200070431,200085751,38,38,E:200070431,E:200085751
38106,38300,5550,5692,200040657,200059392,38,38,E:200040657,E:200059392
38108,38171,5552,5596,200070431,200059392,38,38,E:200070431,E:200059392
38112,38258,5556,5659,243800745,200040715,38,38,E:243800745,E:200040715
38116,38036,5558,5487,200040657,200070431,38,38,E:200040657,E:200070431
38173,38245,5598,5649,243800745,200070431,38,38,E:243800745,E:200070431
38177,38047,5602,5498,243800745,200068567,38,38,E:243800745,E:200068567
38191,38567,5613,5898,243800745,200018166,38,38,E:243800745,E:200018166
38203,38260,5622,5661,200040657,200068542,38,38,E:200040657,E:200068542
38212,38206,5627,5624,243800745,200018166,38,38,E:243800745,E:200018166
38217,38049,5632,5500,200040657,200059392,38,38,E:200040657,E:200059392
38224,38472,5635,5824,200040657,200040715,38,38,E:200040657,E:200040715
38237,38153,5644,5583,243800745,243801024,38,38,E:243800745,E:243801024
38240,38099,5647,5544,200085751,200070431,38,38,E:200085751,E:200070431
38254,38488,5656,5837,200040657,200068542,38,38,E:200040657,E:200068542
38265,38081,5664,5530,200040657,243801255,38,38,E:200040657,E:243801255
38266,38364,5665,5744,200040657,200040715,38,38,E:200040657,E:200040715
38269,38249,5668,5653,200040657,200018166,38,38,E:200040657,E:200018166
38273,38443,5672,5802,200040657,200070431,38,38,E:200040657,E:200070431
38280,38055,5678,5506,200040657,200068542,38,38,E:200040657,E:200068542
38285,38442,5681,5801,243800745,200040111,38,38,E:243800745,E:200040111
38286,38418,5682,5786,243800745,200018166,38,38,E:243800745,E:200018166
38289,38330,5685,5714,243800745,200070431,38,38,E:243800745,E:200070431
38290,38358,5686,5739,200085751,200059392,38,38,E:200085751,E:200059392
38291,38287,5687,5683,200059392,243801073,38,38,E:200059392,E:243801073
38304,38069,5694,5520,200040657,200059392,38,38,E:200040657,E:200059392
38307,38248,5695,5652,200085751,200070431,38,38,E:200085751,E:200070431
38311,38195,5699,5617,200085751,200070431,38,38,E:200085751,E:200070431
38313,38137,5700,5571,200040657,200070431,38,38,E:200040657,E:200070431
38319,38057,5706,5508,200070431,200040715,38,38,E:200070431,E:200040715
38324,38376,5710,5753,200085751,200040111,38,38,E:200085751,E:200040111
38326,38257,5712,5658,200040657,200068567,38,38,E:200040657,E:200068567
38335,38174,5719,5599,200085751,200059392,38,38,E:200085751,E:200059392
38356,38228,5737,5637,200070431,243800984,38,38,E:200070431,E:243800984
38361,38060,5741,5511,200040657,200059392,38,38,E:200040657,E:200059392
38363,38156,5743,5585,200085751,243800604,38,38,E:200085751,E:243800604
38375,38322,5752,5708,243800745,200070431,38,38,E:243800745,E:200070431
38396,38010,5769,5470,200040657,200068542,38,38,E:200040657,E:200068542
38402,38345,5775,5728,200040657,200070431,38,38,E:200040657,E:200070431
38409,38528,5780,5864,200070431,200040715,38,38,E:200070431,E:200040715
38462,38392,5816,5766,200040657,200068542,38,38,E:200040657,E:200068542
38497,38427,5842,5792,200040657,200059392,38,38,E:200040657,E:200059392
38499,38004,5844,5466,200040657,200070431,38,38,E:200040657,E:200070431
38527,38333,5863,5717,243800745,200070431,38,38,E:243800745,E:200070431
38549,38216,5882,5631,243800745,200070431,38,38,E:243800745,E:200070431
38550,38129,5883,5564,243800745,243801024,38,38,E:243800745,E:243801024
38551,38041,5884,5492,243800745,200070431,38,38,E:243800745,E:200070431
38552,38430,5885,5793,200040657,200018166,38,38,E:200040657,E:200018166
39032,39552,5914,6102,200026573,200071116,39,39,E:200026573,E:200071116
39096,39263,5935,5992,200010650,200071595,39,39,E:200010650,E:200071595
39151,39184,5952,5969,200026573,200090579,39,39,E:200026573,E:200090579
39157,39457,5954,6074,200026573,200069615,39,39,E:200026573,E:200069615
39174,39419,5964,6059,200026573,200069623,39,39,E:200026573,E:200069623
39193,39150,5972,5951,200010650,200010650,39,39,E:200010650,E:200010650
39280,39486,5999,6087,200026573,200069615,39,39,E:200026573,E:200069615
39293,39318,6007,6016,200026573,200090579,39,39,E:200026573,E:200090579
39412,39106,6058,5942,200010650,200090579,39,39,E:200010650,E:200090579
39453,39121,6072,5947,200026573,200010650,39,39,E:200026573,E:200010650
39460,39301,6076,6011,200026573,200069623,39,39,E:200026573,E:200069623
39463,39479,6078,6084,200026573,200071595,39,39,E:200026573,E:200071595
39478,39368,6083,6042,200026573,243900479,39,39,E:200026573,E:243900479
39560,39219,6107,5980,200026573,243900560,39,39,E:200026573,E:243900560
39571,39355,6112,6036,200010650,200071595,39,39,E:200010650,E:200071595
39579,39183,6116,5968,200026573,200069623,39,39,E:200026573,E:200069623
39585,39118,6119,5945,200026573,200090579,39,39,E:200026573,E:200090579
41016,41233,6177,6247,200018406,200030385,41,41,E:200018406,E:200030385
41038,41156,6184,6225,200018406,200055481,41,41,E:200018406,E:200055481
41044,41131,6187,6213,200018406,200072072,41,41,E:200018406,E:200072072
41097,41067,6201,6194,200018406,200030385,41,41,E:200018406,E:200030385
41110,41039,6206,6185,200018406,200055481,41,41,E:200018406,E:200055481
41122,41160,6208,6228,200018406,244100798,41,41,E:200018406,E:244100798
41135,41206,6215,6236,200018406,200030385,41,41,E:200018406,E:200030385
41157,41275,6226,6255,200018406,200072072,41,41,E:200018406,E:200072072
41194,41295,6231,6264,200018406,200030385,41,41,E:200018406,E:200030385
41218,41209,6241,6239,200018406,200072072,41,41,E:200018406,E:200072072
41222,41281,6243,6258,200018406,200030385,41,41,E:200018406,E:200030385
41280,41104,6257,6203,200018406,244100798,41,41,E:200018406,E:244100798
42002,42280,6266,6471,200065886,244200622,42,42,E:200065886,E:244200622
42006,42251,6269,6453,200065886,200065894,42,42,E:200065886,E:200065894
42009,42306,6272,6489,200065886,244200622,42,42,E:200065886,E:244200622
42011,42043,6274,6301,200065894,244200770,42,42,E:200065894,E:244200770
42014,42058,6277,6311,200035202,200065886,42,42,E:200035202,E:200065886
42015,42126,6278,6361,200035202,200065886,42,42,E:200035202,E:200065886
42016,42210,6279,6427,200035202,244200770,42,42,E:200035202,E:244200770
42019,42225,6282,6438,200065886,244200770,42,42,E:200065886,E:244200770
42023,42165,6286,6392,244200622,200065894,42,42,E:244200622,E:200065894
42025,42117,6287,6354,200035202,200065886,42,42,E:200035202,E:200065886
42026,42053,6288,6308,200035202,244200770,42,42,E:200035202,E:244200770
42028,42105,6289,6347,244200622,200065886,42,42,E:244200622,E:200065886
42029,42208,6290,6425,200065894,244200770,42,42,E:200065894,E:244200770
42030,42085,6291,6328,200065886,244200770,42,42,E:200065886,E:244200770
42035,42235,6295,6445,200065886,200065886,42,42,E:200065886,E:200065886
42048,42081,6304,6326,200035202,200065894,42,42,E:200035202,E:200065894
42052,42149,6307,6382,200035202,200065894,42,42,E:200035202,E:200065894
42067,42107,6318,6348,244200622,200065886,42,42,E:244200622,E:200065886
42086,42001,6329,6265,200035202,244200770,42,42,E:200035202,E:244200770
42088,42137,6331,6371,200065894,200065886,42,42,E:200065894,E:200065886
42101,42121,6343,6357,244200622,200065886,42,42,E:244200622,E:200065886
42119,42100,6355,6342,200065886,244200770,42,42,E:200065886,E:244200770
42131,42031,6365,6292,200035202,244200770,42,42,E:200035202,E:244200770
42134,42108,6368,6349,200065886,200065886,42,42,E:200065886,E:200065886
42136,42064,6370,6315,200065886,244200895,42,42,E:200065886,E:244200895
42141,42148,6375,6381,200035202,200065894,42,42,E:200035202,E:200065894
42142,42140,6376,6374,200065886,200065886,42,42,E:200065886,E:200065886
42143,42161,6377,6390,200065894,200035731,42,42,E:200065894,E:200035731
42150,42231,6383,6441,200065886,200035731,42,42,E:200065886,E:200035731
42152,42300,6385,6484,200035202,200035202,42,42,E:200035202,E:200035202
42154,42060,6386,6313,200065894,200065886,42,42,E:200065894,E:200065886
42155,42261,6387,6458,200065894,200065894,42,42,E:200065894,E:200065894
42171,42113,6398,6352,200065894,200065894,42,42,E:200065894,E:200065894
42175,42172,6401,6399,200065894,244200622,42,42,E:200065894,E:244200622
42177,42182,6403,6406,200035202,200035731,42,42,E:200035202,E:200035731
42196,42055,6416,6309,200065894,200066587,42,42,E:200065894,E:200066587
42197,42264,6417,6460,200065886,200065894,42,42,E:200065886,E:200065894
42209,42192,6426,6414,200065894,244200770,42,42,E:200065894,E:244200770
42213,42112,6429,6351,200065894,200035202,42,42,E:200065894,E:200035202
42215,42075,6431,6324,200035202,200065886,42,42,E:200035202,E:200065886
42219,42214,6433,6430,200065886,200065894,42,42,E:200065886,E:200065894
42221,42091,6434,6334,200065886,200065886,42,42,E:200065886,E:200065886
42229,42158,6440,6389,200035202,200035731,42,42,E:200035202,E:200035731
42236,42041,6446,6299,200035202,200065894,42,42,E:200035202,E:200065894
42241,42090,6450,6333,200065894,200065894,42,42,E:200065894,E:200065894
42246,42115,6452,6353,244200622,244200622,42,42,E:244200622,E:244200622
42254,42328,6455,6506,200065894,200065886,42,42,E:200065894,E:200065886
42267,42228,6463,6439,200035202,200065886,42,42,E:200035202,E:200065886
42273,42167,6468,6394,200035202,244200770,42,42,E:200035202,E:244200770
42287,42239,6477,6448,244200622,200035731,42,42,E:244200622,E:200035731
42288,42336,6478,6514,200065886,200066587,42,42,E:200065886,E:200066587
42310,42050,6492,6305,244200622,200065886,42,42,E:244200622,E:200065886
42313,42301,6495,6485,200065886,200065886,42,42,E:200065886,E:200065886
42318,42322,6498,6501,200065886,244200770,42,42,E:200065886,E:244200770
42329,42151,6507,6384,244200622,200065886,42,42,E:244200622,E:200065886
42333,42033,6511,6294,200035202,200035202,42,42,E:200035202,E:200035202
42338,42021,6515,6284,200035202,200065886,42,42,E:200035202,E:200065886
43034,43058,6519,6520,200073427,200073427,43,43,E:200073427,E:200073427
43166,43227,6524,6531,200073427,244301131,43,43,E:200073427,E:244301131
43212,43213,6528,6529,200073427,200073427,43,43,E:200073427,E:200073427
43240,43127,6533,6521,200073427,200073427,43,43,E:200073427,E:200073427
43246,43249,6534,6535,200073427,200073427,43,43,E:200073427,E:200073427
44044,44019,6569,6549,243500741,200072734,44,44,E:243500741,E:200072734
44067,44021,6586,6551,243500741,200067346,44,44,E:243500741,E:200067346
44081,44096,6597,6607,200071546,244400552,44,44,E:200071546,E:244400552
44092,44080,6605,6596,243500741,200072734,44,44,E:243500741,E:200072734
44124,44123,6629,6628,244400552,243500741,44,44,E:244400552,E:243500741
44128,44187,6633,6677,243500741,244400586,44,44,E:243500741,E:244400586
44206,44057,6691,6580,200071546,243500741,44,44,E:200071546,E:243500741
44213,44087,6697,6601,244400552,200071546,44,44,E:244400552,E:200071546
45002,45299,6705,6924,200067676,200035764,45,45,E:200067676,E:200035764
45010,45148,6709,6805,200066280,244500419,45,45,E:200066280,E:244500419
45018,45345,6713,6959,200071850,244500203,45,45,E:200071850,E:244500203
45021,45243,6716,6878,200071850,200067676,45,45,E:200071850,E:200067676
45022,45342,6717,6956,200071850,244500484,45,45,E:200071850,E:244500484
45026,45311,6719,6933,200067668,244500427,45,45,E:200067668,E:244500427
45030,45270,6722,6899,200071850,200070100,45,45,E:200071850,E:200070100
45035,45212,6727,6859,200071850,200067676,45,45,E:200071850,E:200067676
45036,45313,6728,6935,244500211,200035764,45,45,E:244500211,E:200035764
45038,45207,6729,6855,200066280,244500419,45,45,E:200066280,E:244500419
45041,45262,6731,6893,200071850,200035764,45,45,E:200071850,E:200035764
45045,45017,6735,6712,200066280,200067676,45,45,E:200066280,E:200067676
45047,45255,6737,6887,200066280,244500419,45,45,E:200066280,E:244500419
45050,45178,6739,6830,200066280,200067676,45,45,E:200066280,E:200067676
45069,45144,6750,6801,200071850,244500427,45,45,E:200071850,E:244500427
45073,45014,6752,6711,200067668,200071850,45,45,E:200067668,E:200071850
45076,45013,6755,6710,200067668,200071850,45,45,E:200067668,E:200071850
45077,45336,6756,6950,200067676,200070100,45,45,E:200067676,E:200070100
45079,45305,6758,6929,200067676,244500427,45,45,E:200067676,E:244500427
45083,45335,6760,6949,200067668,244500427,45,45,E:200067668,E:244500427
45085,45062,6761,6746,200067676,200035764,45,45,E:200067676,E:200035764
45096,45168,6768,6823,244500211,244500427,45,45,E:244500211,E:244500427
45097,45226,6769,6869,200067668,200070100,45,45,E:200067668,E:200070100
45103,45130,6775,6794,244500419,200070183,45,45,E:244500419,E:200070183
45105,45180,6777,6832,200067676,244500211,45,45,E:200067676,E:244500211
45108,45095,6778,6767,244500211,200066280,45,45,E:244500211,E:200066280
45110,45158,6780,6815,200071850,244500419,45,45,E:200071850,E:244500419
45113,45094,6782,6766,200067668,244500419,45,45,E:200067668,E:244500419
45115,45272,6784,6901,200067668,244500468,45,45,E:200067668,E:244500468
45119,45126,6786,6792,200066280,244500427,45,45,E:200066280,E:244500427
45121,45314,6787,6936,200067676,244500427,45,45,E:200067676,E:244500427
45132,45301,6796,6926,200071850,200066280,45,45,E:200071850,E:200066280
45136,45055,6797,6741,200067668,200035764,45,45,E:200067668,E:200035764
45137,45153,6798,6810,200066280,200070100,45,45,E:200066280,E:200070100
45139,45161,6799,6817,200066280,244500419,45,45,E:200066280,E:244500419
45149,45056,6806,6742,200067668,200071850,45,45,E:200067668,E:200071850
45151,45078,6808,6757,200071850,200067676,45,45,E:200071850,E:200067676
45155,45082,6812,6759,244500211,244500427,45,45,E:244500211,E:244500427
45157,45225,6814,6868,200066280,200071850,45,45,E:200066280,E:200071850
45162,45027,6818,6720,200066280,200067676,45,45,E:200066280,E:200067676
45165,45204,6820,6852,200067668,200070183,45,45,E:200067668,E:200070183
45176,45102,6828,6774,200071850,244500203,45,45,E:200071850,E:244500203
45177,45058,6829,6743,200066280,200035764,45,45,E:200066280,E:200035764
45186,45339,6837,6953,200071850,200067676,45,45,E:200071850,E:200067676
45189,45219,6839,6863,200067668,200067676,45,45,E:200067668,E:200067676
45195,45156,6843,6813,200066280,244500419,45,45,E:200066280,E:244500419
45198,45166,6846,6821,200066280,200035764,45,45,E:200066280,E:200035764
45199,45184,6847,6835,200067668,200070100,45,45,E:200067668,E:200070100
45201,45266,6849,6896,200067668,200035764,45,45,E:200067668,E:200035764
45209,45185,6857,6836,200071850,244500203,45,45,E:200071850,E:244500203
45210,45111,6858,6781,200067676,200066280,45,45,E:200067676,E:200066280
45215,45343,6860,6957,200071850,244500419,45,45,E:200071850,E:244500419
45220,45241,6864,6877,200071850,244500427,45,45,E:200071850,E:244500427
45223,45091,6866,6763,200067676,244500419,45,45,E:200067676,E:244500419
45227,45049,6870,6738,244500211,244500427,45,45,E:244500211,E:244500427
45228,45167,6871,6822,200071850,200070183,45,45,E:200071850,E:200070183
45229,45188,6872,6838,200067676,244500484,45,45,E:200067676,E:244500484
45250,45328,6883,6944,200067668,244500419,45,45,E:200067668,E:244500419
45252,45075,6884,6754,200066280,244500468,45,45,E:200066280,E:244500468
45253,45072,6885,6751,200066280,244500468,45,45,E:200066280,E:244500468
45254,45244,6886,6879,244500211,200070100,45,45,E:244500211,E:200070100
45257,45054,6888,6740,200067676,200071850,45,45,E:200067676,E:200071850
45260,45264,6891,6894,200066280,200070183,45,45,E:200066280,E:200070183
45265,45233,6895,6874,244500419,200071850,45,45,E:244500419,E:200071850
45271,45296,6900,6921,244500211,200035764,45,45,E:244500211,E:200035764
45275,45099,6904,6771,200067668,200035764,45,45,E:200067668,E:200035764
45277,45340,6905,6954,200070100,200070100,45,45,E:200070100,E:200070100
45278,45116,6906,6785,200067676,200070183,45,45,E:200067676,E:200070183
45279,45042,6907,6732,200067668,200070100,45,45,E:200067668,E:200070100
45280,45289,6908,6915,244500211,244500484,45,45,E:244500211,E:244500484
45281,45122,6909,6788,200067668,200070100,45,45,E:200067668,E:200070100
45288,45109,6914,6779,200071850,200070183,45,45,E:200071850,E:200070183
45291,45261,6917,6892,244500211,244500484,45,45,E:244500211,E:244500484
45292,45063,6918,6747,200067676,200070100,45,45,E:200067676,E:200070100
45294,45150,6920,6807,200071850,200067676,45,45,E:200071850,E:200067676
45303,45019,6928,6714,244500419,200070183,45,45,E:244500419,E:200070183
45306,45249,6930,6882,200067668,244500203,45,45,E:200067668,E:244500203
45312,45164,6934,6819,244500203,200070100,45,45,E:244500203,E:200070100
45322,45159,6940,6816,200067668,200071850,45,45,E:200067668,E:200071850
45329,45200,6945,6848,200067668,200005932,45,45,E:200067668,E:200005932
45347,45039,6961,6730,200066280,200070100,45,45,E:200066280,E:200070100
45348,45316,6962,6938,200066280,244500427,45,45,E:200066280,E:244500427
47046,47081,6973,6986,200030674,200023307,47,47,E:200030674,E:200023307
47065,47015,6980,6964,200030674,200096956,47,47,E:200030674,E:200096956
47094,47300,6989,7036,200030674,200096956,47,47,E:200030674,E:200096956
47095,47169,6990,7011,200030674,200096956,47,47,E:200030674,E:200096956
47110,47060,6994,6978,200030674,200096956,47,47,E:200030674,E:200096956
47127,47269,6997,7028,200030674,200096956,47,47,E:200030674,E:200096956
47130,47171,6999,7012,200030674,200023307,47,47,E:200030674,E:200023307
47159,47238,7008,7022,200030674,200096956,47,47,E:200030674,E:200096956
47279,47150,7031,7004,200096956,200030674,47,47,E:200096956,E:200030674
47298,47050,7035,6975,200030674,200023307,47,47,E:200030674,E:200023307
47310,47252,7038,7024,200030674,200023307,47,47,E:200030674,E:200023307
47316,47234,7039,7020,200030674,200096956,47,47,E:200030674,E:200096956
47325,47288,7041,7033,200030674,200096956,47,47,E:200030674,E:200096956
49003,49068,7044,7066,200071876,200071553,49,49,E:200071876,E:200071553
49009,49131,7045,7082,200071876,200071876,49,49,E:200071876,E:200071876
49012,49219,7047,7097,200071553,200071876,49,49,E:200071553,E:200071876
49030,49082,7055,7068,200071876,200071553,49,49,E:200071876,E:200071553
49053,49341,7061,7141,200071876,200071876,49,49,E:200071876,E:200071876
49057,49262,7063,7113,200071678,200071876,49,49,E:200071678,E:200071876
49058,49224,7064,7101,200071678,200071876,49,49,E:200071678,E:200071876
49092,49244,7069,7107,200060010,200060010,49,49,E:200060010,E:200060010
49100,49070,7070,7067,200071876,200071678,49,49,E:200071876,E:200071678
49102,49045,7071,7058,200071678,200071876,49,49,E:200071678,E:200071876
49109,49381,7072,7159,200071678,200071678,49,49,E:200071678,E:200071678
49121,49235,7077,7103,200071876,200071876,49,49,E:200071876,E:200071876
49125,49218,7079,7096,200071876,200060010,49,49,E:200071876,E:200060010
49171,49370,7086,7154,200071876,200071876,49,49,E:200071876,E:200071876
49180,49200,7087,7092,200071876,244900015,49,49,E:200071876,E:244900015
49182,49240,7088,7105,200071876,200071678,49,49,E:200071876,E:200071678
49211,49284,7093,7120,200071678,200071553,49,49,E:200071678,E:200071553
49215,49192,7095,7089,200071876,200071678,49,49,E:200071876,E:200071678
49221,49369,7098,7153,200071876,200071876,49,49,E:200071876,E:200071876
49236,49291,7104,7122,200071678,200071876,49,49,E:200071678,E:200071876
49253,49112,7110,7073,200071876,200071876,49,49,E:200071876,E:200071876
49272,49338,7117,7139,200071876,244900015,49,49,E:200071876,E:244900015
49292,49283,7123,7119,200071553,200071553,49,49,E:200071553,E:200071553
49302,49359,7127,7148,200071876,200071876,49,49,E:200071876,E:200071876
49310,49336,7131,7138,200071678,200071678,49,49,E:200071678,E:200071678
49311,49352,7132,7144,200071876,200071678,49,49,E:200071876,E:200071678
49364,49029,7151,7054,200071876,200071553,49,49,E:200071876,E:200071553
49373,49345,7156,7143,200071678,200071553,49,49,E:200071678,E:200071553
50026,50476,7167,7344,200067205,200066389,50,50,E:200067205,E:200066389
50028,50022,7168,7166,200067023,200067205,50,50,E:200067023,E:200067205
50039,50513,7175,7361,200066389,200067023,50,50,E:200066389,E:200067023
50049,50512,7179,7360,200067205,200066389,50,50,E:200067205,E:200066389
50050,50285,7180,7272,200066389,200067205,50,50,E:200066389,E:200067205
50055,50006,7182,7163,200067205,200066389,50,50,E:200067205,E:200066389
50064,50106,7184,7205,200067205,200066389,50,50,E:200067205,E:200066389
50097,50327,7200,7286,200067205,200042604,50,50,E:200067205,E:200042604
50105,50054,7204,7181,200067205,200066389,50,50,E:200067205,E:200066389
50156,50633,7219,7405,200067205,200067205,50,50,E:200067205,E:200067205
50164,50111,7223,7208,200066389,200067023,50,50,E:200066389,E:200067023
50169,50150,7225,7218,200067205,200067205,50,50,E:200067205,E:200067205
50172,50376,7226,7307,200067205,200067023,50,50,E:200067205,E:200067023
50175,50096,7228,7199,200067205,200067205,50,50,E:200067205,E:200067205
50183,50079,7231,7188,200067205,200067205,50,50,E:200067205,E:200067205
50190,50572,7235,7379,200067205,200067205,50,50,E:200067205,E:200067205
50192,50247,7236,7259,200066389,200042604,50,50,E:200066389,E:200042604
50194,50577,7237,7382,200067205,200067205,50,50,E:200067205,E:200067205
50207,50395,7239,7315,200067205,200067205,50,50,E:200067205,E:200067205
50214,50086,7240,7194,200066389,200067205,50,50,E:200066389,E:200067205
50216,50092,7241,7196,200066389,200067023,50,50,E:200066389,E:200067023
50221,50536,7244,7365,200067023,200067205,50,50,E:200067023,E:200067205
50227,50278,7246,7268,200067205,200042604,50,50,E:200067205,E:200042604
50228,50281,7247,7270,200067023,200042604,50,50,E:200067023,E:200042604
50233,50241,7251,7257,200067205,200067205,50,50,E:200067205,E:200067205
50258,50186,7262,7233,200067205,200067205,50,50,E:200067205,E:200067205
50261,50384,7263,7310,200066389,200067205,50,50,E:200066389,E:200067205
50266,50046,7264,7178,200067023,200066389,50,50,E:200067023,E:200066389
50268,50101,7265,7202,200067205,200067205,50,50,E:200067205,E:200067205
50299,50296,7277,7275,200067205,200067205,50,50,E:200067205,E:200067205
50304,50618,7279,7400,200042604,200067205,50,50,E:200042604,E:200067205
50311,50174,7282,7227,200067023,200042604,50,50,E:200067023,E:200042604
50326,50522,7285,7363,200067023,200067205,50,50,E:200067023,E:200067205
50336,50596,7289,7391,200067023,200067205,50,50,E:200067023,E:200067205
50341,50184,7291,7232,200067205,200067205,50,50,E:200067205,E:200067205
50364,50588,7302,7388,200067023,200067205,50,50,E:200067023,E:200067205
50370,50161,7305,7221,200067205,200066389,50,50,E:200067205,E:200066389
50374,50033,7306,7172,200067205,200067205,50,50,E:200067205,E:200067205
50387,50569,7311,7378,200067205,200067023,50,50,E:200067205,E:200067023
50390,50324,7314,7284,200067205,200066389,50,50,E:200067205,E:200066389
50398,50360,7316,7299,200066389,200067205,50,50,E:200066389,E:200067205
50421,50013,7320,7165,200067205,200067205,50,50,E:200067205,E:200067205
50426,50478,7323,7345,200067205,200067205,50,50,E:200067205,E:200067205
50430,50283,7325,7271,200067205,200066389,50,50,E:200067205,E:200066389
50457,50598,7334,7392,200067205,200067205,50,50,E:200067205,E:200067205
50461,50442,7335,7329,200067205,200067205,50,50,E:200067205,E:200067205
50463,50378,7336,7308,200067023,200067023,50,50,E:200067023,E:200067023
50467,50365,7338,7303,200067205,200042604,50,50,E:200067205,E:200042604
50504,50340,7356,7290,200066389,200067023,50,50,E:200066389,E:200067023
50507,50238,7358,7254,200067205,200067205,50,50,E:200067205,E:200067205
50511,50423,7359,7321,200067205,200066389,50,50,E:200067205,E:200066389
50551,50087,7372,7195,200067205,200067205,50,50,E:200067205,E:200067205
50563,50619,7375,7401,200066389,200067205,50,50,E:200066389,E:200067205
50578,50310,7383,7281,200067205,200066389,50,50,E:200067205,E:200066389
50587,50351,7387,7296,200067205,200066389,50,50,E:200067205,E:200066389
50601,50292,7394,7273,200066389,200066389,50,50,E:200066389,E:200066389
50610,50135,7397,7211,200067205,200067205,50,50,E:200067205,E:200067205
50621,50634,7402,7406,200067205,200067205,50,50,E:200067205,E:200067205
50626,50350,7404,7295,200067023,200067023,50,50,E:200067023,E:200067023
53101,53002,7637,7620,245300447,200055887,53,53,E:245300447,E:200055887
53150,53074,7650,7634,245300447,200055887,53,53,E:245300447,E:200055887
53178,53179,7659,7660,245300447,200055887,53,53,E:245300447,E:200055887
54038,54336,7698,7896,200070324,245400171,54,54,E:200070324,E:245400171
54039,54076,7699,7720,200070324,200067643,54,54,E:200070324,E:200067643
54058,54487,7708,7992,200070845,200067643,54,54,E:200070845,E:200067643
54061,54128,7711,7757,200070324,200070563,54,54,E:200070324,E:200070563
54065,54036,7713,7696,200070324,200070845,54,54,E:200070324,E:200070845
54101,54566,7736,8037,200070324,200070738,54,54,E:200070324,E:200070738
54116,54459,7747,7970,200070324,245400171,54,54,E:200070324,E:245400171
54125,54476,7754,7985,200070324,200043693,54,54,E:200070324,E:200043693
54148,54118,7768,7749,200070324,200043693,54,54,E:200070324,E:200043693
54154,54296,7773,7863,200070324,200070589,54,54,E:200070324,E:200070589
54199,54597,7800,8063,200070324,200035772,54,54,E:200070324,E:200035772
54201,54179,7801,7788,200070324,200070589,54,54,E:200070324,E:200070589
54217,54225,7811,7815,200070324,200041515,54,54,E:200070324,E:200041515
54229,54435,7817,7960,200070324,200070738,54,54,E:200070324,E:200070738
54243,54290,7826,7858,200070324,245400262,54,54,E:200070324,E:245400262
54260,54375,7835,7923,200070324,200041515,54,54,E:200070324,E:200041515
54281,54428,7850,7953,200070324,200043693,54,54,E:200070324,E:200043693
54287,54015,7855,7683,200070324,200070290,54,54,E:200070324,E:200070290
54297,54086,7864,7726,200070324,200070563,54,54,E:200070324,E:200070563
54303,54320,7870,7883,200070324,200041515,54,54,E:200070324,E:200041515
54329,54578,7891,8048,200070324,245400676,54,54,E:200070324,E:245400676
54349,54082,7903,7723,200070324,200070845,54,54,E:200070324,E:200070845
54350,54059,7904,7709,200070324,200070589,54,54,E:200070324,E:200070589
54365,54048,7915,7703,200070324,200070845,54,54,E:200070324,E:200070845
54373,54203,7921,7803,200070324,200035772,54,54,E:200070324,E:200035772
54422,54170,7949,7782,200070324,200067643,54,54,E:200070324,E:200067643
54449,54284,7967,7853,200070324,200070290,54,54,E:200070324,E:200070290
54450,54413,7968,7944,200070324,200070845,54,54,E:200070324,E:200070845
54472,54352,7982,7906,200070324,245400171,54,54,E:200070324,E:245400171
54516,54412,8008,7943,200035772,200043693,54,54,E:200035772,E:200043693
54519,54572,8010,8042,200070324,200043693,54,54,E:200070324,E:200043693
54520,54264,8011,7838,200070324,200035772,54,54,E:200070324,E:200035772
54539,54568,8023,8039,200070324,200043693,54,54,E:200070324,E:200043693
54555,54245,8031,7827,200070324,200067643,54,54,E:200070324,E:200067643
54560,54132,8034,7760,200070324,200035772,54,54,E:200070324,E:200035772
54588,54402,8057,7937,200070324,200070845,54,54,E:200070324,E:200070845
56024,56212,8107,8205,245614433,200027027,56,56,E:245614433,E:200027027
56026,56028,8108,8109,200042174,245614383,56,56,E:200042174,E:245614383
56029,56239,8110,8218,200042174,243500741,56,56,E:200042174,E:243500741
56042,56120,8116,8159,200067932,200067932,56,56,E:200067932,E:200067932
56047,56254,8119,8227,245614433,200067932,56,56,E:245614433,E:200067932
56060,56218,8125,8209,243500741,245614383,56,56,E:243500741,E:245614383
56072,56250,8130,8225,245614433,243500741,56,56,E:245614433,E:243500741
56076,56011,8131,8100,245614433,243500741,56,56,E:245614433,E:243500741
56089,56149,8140,8169,200042174,200027027,56,56,E:200042174,E:200027027
56104,56045,8148,8117,200042174,245614383,56,56,E:200042174,E:245614383
56157,56171,8175,8185,200067932,245614383,56,56,E:200067932,E:245614383
56160,56092,8177,8142,245614433,245614433,56,56,E:245614433,E:245614433
56166,56248,8181,8224,200042174,200067932,56,56,E:200042174,E:200067932
56188,56241,8195,8220,200042174,245600465,56,56,E:200042174,E:245600465
56189,56135,8196,8164,245614433,245614383,56,56,E:245614433,E:245614383
56190,56123,8197,8160,245614433,245614383,56,56,E:245614433,E:245614383
56198,56221,8202,8211,245614433,243500741,56,56,E:245614433,E:243500741
56215,56077,8207,8132,245614433,200027027,56,56,E:245614433,E:200027027
57027,57220,8252,8400,245700133,200039907,57,57,E:245700133,E:200039907
57051,57071,8270,8284,200067502,200068146,57,57,E:200067502,E:200068146
57063,57643,8278,8712,200067502,200039907,57,57,E:200067502,E:200039907
57088,57307,8297,8461,200067502,200067957,57,57,E:200067502,E:200067957
57115,57402,8319,8532,200067502,200069441,57,57,E:200067502,E:200069441
57173,57231,8360,8407,200068146,200039907,57,57,E:200068146,E:200039907
57174,57302,8361,8456,200067502,200068146,57,57,E:200067502,E:200068146
57178,57131,8363,8332,200067502,200067650,57,57,E:200067502,E:200067650
57198,57230,8378,8406,200067502,245700133,57,57,E:200067502,E:245700133
57258,57080,8424,8291,200067502,200068146,57,57,E:200067502,E:200068146
57262,57541,8428,8628,200067502,200069441,57,57,E:200067502,E:200069441
57297,57472,8451,8579,200067502,200039907,57,57,E:200067502,E:200039907
57311,57479,8465,8584,200067502,200067486,57,57,E:200067502,E:200067486
57379,57563,8519,8647,200067502,200067957,57,57,E:200067502,E:200067957
57483,57155,8587,8349,200067502,200067957,57,57,E:200067502,E:200067957
57497,57387,8594,8524,200070746,200067486,57,57,E:200070746,E:200067486
57536,57310,8625,8464,200067502,200068146,57,57,E:200067502,E:200068146
57560,57117,8644,8321,200067502,245701354,57,57,E:200067502,E:245701354
57662,57676,8729,8739,200067502,200039907,57,57,E:200067502,E:200039907
57673,57495,8738,8593,245700133,200067650,57,57,E:245700133,E:200067650
57687,57388,8749,8525,200067502,200067486,57,57,E:200067502,E:200067486
57717,57118,8771,8322,200067502,245701354,57,57,E:200067502,E:245701354
59045,59483,8862,9251,200043404,200043396,59,59,E:200043404,E:200043396
59061,59439,8877,9210,200043263,200043396,59,59,E:200043263,E:200043396
59198,59661,8994,9408,200043404,200043404,59,59,E:200043404,E:200043404
59261,59244,9049,9034,200043404,200068500,59,59,E:200043404,E:200068500
59420,59552,9191,9312,200043404,200068500,59,59,E:200043404,E:200068500
59445,59430,9216,9201,200043404,200030633,59,59,E:200043404,E:200030633
59496,59395,9262,9168,200030633,200030633,59,59,E:200030633,E:200030633
59601,59416,9353,9188,200043404,200040947,59,59,E:200043404,E:200040947
59633,59500,9383,9266,200043404,200068500,59,59,E:200043404,E:200068500
60011,60091,9425,9486,246000855,246000871,60,60,E:246000855,E:246000871
60035,60434,9445,9739,246000855,246000855,60,60,E:246000855,E:246000855
60053,60040,9459,9448,246000855,246000897,60,60,E:246000855,E:246000897
60093,60681,9488,9923,246000855,246000913,60,60,E:246000855,E:246000913
60160,60441,9538,9744,246000855,246000897,60,60,E:246000855,E:246000897
60164,60321,9540,9647,246000913,246000582,60,60,E:246000913,E:246000582
60174,60677,9550,9919,246000855,246000913,60,60,E:246000855,E:246000913
60187,60658,9558,9902,246000913,246000871,60,60,E:246000913,E:246000871
60200,60378,9567,9694,246000566,246000772,60,60,E:246000566,E:246000772
60262,60152,9612,9532,246000566,246000897,60,60,E:246000566,E:246000897
60278,60232,9622,9592,246000756,246000566,60,60,E:246000756,E:246000566
60294,60052,9633,9458,246000855,246000756,60,60,E:246000855,E:246000756
60362,60546,9682,9822,246000756,246000871,60,60,E:246000756,E:246000871
60381,60617,9697,9871,246000855,246000756,60,60,E:246000855,E:246000756
60474,60072,9766,9475,246000855,246000749,60,60,E:246000855,E:246000749
60516,60112,9799,9500,246000913,246000566,60,60,E:246000913,E:246000566
60556,60279,9829,9623,246000566,246000871,60,60,E:246000566,E:246000871
60577,60291,9845,9630,246000913,246000756,60,60,E:246000913,E:246000756
60592,60548,9857,9824,246000913,246000871,60,60,E:246000913,E:246000871
60621,60247,9875,9600,246000855,246000376,60,60,E:246000855,E:246000376
60687,60198,9928,9566,246000913,246000855,60,60,E:246000913,E:246000855
60693,60036,9930,9446,246000756,246000897,60,60,E:246000756,E:246000897
61044,61141,9943,9954,200035814,246100663,61,61,E:200035814,E:246100663
61069,61148,9944,9957,200035814,200035814,61,61,E:200035814,E:200035814
61070,61203,9945,9962,200035814,246100663,61,61,E:200035814,E:246100663
61269,61102,9969,9950,200035814,200035814,61,61,E:200035814,E:200035814
61287,61078,9972,9947,200035814,200035814,61,61,E:200035814,E:200035814
61447,61163,9983,9959,200035814,200035814,61,61,E:200035814,E:200035814
62002,62441,9989,10313,200035442,200072460,62,62,E:200035442,E:200072460
62005,62331,9992,10237,200035442,200033579,62,62,E:200035442,E:200033579
62006,62490,9993,10347,200035442,200069482,62,62,E:200035442,E:200069482
62022,62111,10006,10075,200018083,200069482,62,62,E:200018083,E:200069482
62030,62424,10013,10301,200069482,200044048,62,62,E:200069482,E:200044048
62044,62232,10025,10160,200069029,200072460,62,62,E:200069029,E:200072460
62064,62409,10038,10290,200035442,200069482,62,62,E:200035442,E:200069482
62068,62702,10041,10498,200035442,246201016,62,62,E:200035442,E:246201016
62070,62343,10042,10243,200069482,200035442,62,62,E:200069482,E:200035442
62079,62619,10050,10439,200035442,200035442,62,62,E:200035442,E:200035442
62080,62464,10051,10327,200035442,246200364,62,62,E:200035442,E:246200364
62082,62731,10053,10518,200035442,200035442,62,62,E:200035442,E:200035442
62093,62517,10063,10368,200035442,200072460,62,62,E:200035442,E:200072460
62094,62485,10064,10342,200069029,200069037,62,62,E:200069029,E:200069037
62103,62658,10069,10469,200035442,246200729,62,62,E:200035442,E:246200729
62116,62696,10079,10493,200069029,200069037,62,62,E:200069029,E:200069037
62121,62860,10084,10611,200035442,200069482,62,62,E:200035442,E:200069482
62122,62218,10085,10151,200035442,200072460,62,62,E:200035442,E:200072460
62124,62660,10086,10470,200069029,200044048,62,62,E:200069029,E:200044048
62129,62347,10090,10244,200035442,200069482,62,62,E:200035442,E:200069482
62131,62780,10092,10556,200035442,200044048,62,62,E:200035442,E:200044048
62165,62076,10113,10047,200018083,200072478,62,62,E:200018083,E:200072478
62179,62147,10122,10102,200018083,200033579,62,62,E:200018083,E:200033579
62181,62852,10123,10604,200035442,246200844,62,62,E:200035442,E:246200844
62196,62673,10134,10478,200069029,200044048,62,62,E:200069029,E:200044048
62206,62402,10142,10283,200069029,200018083,62,62,E:200069029,E:200018083
62207,62505,10143,10359,200069029,246200380,62,62,E:200069029,E:246200380
62208,62778,10144,10554,200069482,200069482,62,62,E:200069482,E:200069482
62231,62085,10159,10056,200069029,200033579,62,62,E:200069029,E:200033579
62242,62091,10167,10061,200069482,200069482,62,62,E:200069482,E:200069482
62243,62857,10168,10609,200069482,200069482,62,62,E:200069482,E:200069482
62248,62112,10171,10076,200035442,200069482,62,62,E:200035442,E:200069482
62251,62579,10174,10408,200018083,200069482,62,62,E:200018083,E:200069482
62253,62554,10176,10390,200069482,200069029,62,62,E:200069482,E:200069029
62255,62623,10178,10443,200018083,246200844,62,62,E:200018083,E:246200844
62268,62128,10187,10089,200018083,200044048,62,62,E:200018083,E:200044048
62272,62146,10191,10101,200035442,200033579,62,62,E:200035442,E:200033579
62273,62053,10192,10031,200018083,200069037,62,62,E:200018083,E:200069037
62289,62820,10204,10584,200069029,200069482,62,62,E:200069029,E:200069482
62306,62679,10212,10483,200035442,200018083,62,62,E:200035442,E:200018083
62312,62135,10218,10095,200069029,200069482,62,62,E:200069029,E:200069482
62315,62508,10221,10362,200069029,200072460,62,62,E:200069029,E:200072460
62316,62184,10222,10124,200069482,200044048,62,62,E:200069482,E:200044048
62322,62016,10228,10003,200069482,200069029,62,62,E:200069482,E:200069029
62326,62775,10232,10551,200035442,200072478,62,62,E:200035442,E:200072478
62341,62385,10242,10271,200035442,200069482,62,62,E:200035442,E:200069482
62353,62493,10248,10349,200035442,200035442,62,62,E:200035442,E:200035442
62368,62185,10257,10125,200069482,200035442,62,62,E:200069482,E:200035442
62374,62608,10262,10429,200035442,200035442,62,62,E:200035442,E:200035442
62375,62578,10263,10407,200035442,200069482,62,62,E:200035442,E:200069482
62387,62113,10273,10077,200035442,200069482,62,62,E:200035442,E:200069482
62389,62494,10274,10350,200069482,200035442,62,62,E:200069482,E:200035442
62404,62761,10285,10541,200069482,200033579,62,62,E:200069482,E:200033579
62410,62664,10291,10473,200035442,200069482,62,62,E:200035442,E:200069482
62422,62336,10299,10240,200035442,200069037,62,62,E:200035442,E:200069037
62429,62858,10306,10610,200018083,200044048,62,62,E:200018083,E:200044048
62430,62118,10307,10081,200069482,200069482,62,62,E:200069482,E:200069482
62459,62167,10325,10114,200069482,200072478,62,62,E:200069482,E:200072478
62472,62840,10331,10595,200069029,200035442,62,62,E:200069029,E:200035442
62475,62887,10334,10630,200069482,200069029,62,62,E:200069482,E:200069029
62484,62241,10341,10166,200044048,200069029,62,62,E:200044048,E:200069029
62495,62760,10351,10540,246201016,200069037,62,62,E:246201016,E:200069037
62499,62460,10354,10326,200069029,200069029,62,62,E:200069029,E:200069029
62515,62140,10366,10097,200035442,246201016,62,62,E:200035442,E:246201016
62524,62609,10371,10430,200018083,200033579,62,62,E:200018083,E:200033579
62526,62372,10373,10260,200018083,200069482,62,62,E:200018083,E:200069482
62530,62592,10377,10418,200018083,200069037,62,62,E:200018083,E:200069037
62535,62830,10381,10590,200069029,200035442,62,62,E:200069029,E:200035442
62537,62266,10383,10185,200069482,200069482,62,62,E:200069482,E:200069482
62561,62798,10395,10568,200035442,200069482,62,62,E:200035442,E:200069482
62566,62728,10398,10516,200018083,200044048,62,62,E:200018083,E:200044048
62583,62049,10410,10028,200069482,200072460,62,62,E:200069482,E:200072460
62585,62192,10412,10131,200069029,200044048,62,62,E:200069029,E:200044048
62588,62604,10415,10427,200069029,246200729,62,62,E:200069029,E:246200729
62591,62084,10417,10055,200035442,200069482,62,62,E:200035442,E:200069482
62593,62189,10419,10128,200035442,200035442,62,62,E:200035442,E:200035442
62594,62597,10420,10422,200035442,200035442,62,62,E:200035442,E:200035442
62610,62567,10431,10399,200069029,200069037,62,62,E:200069029,E:200069037
62640,62379,10456,10267,200069482,200069482,62,62,E:200069482,E:200069482
62649,62269,10462,10188,200069482,200072460,62,62,E:200069482,E:200072460
62663,62095,10472,10065,200069482,200069037,62,62,E:200069482,E:200069037
62672,62569,10477,10401,200035442,200069037,62,62,E:200035442,E:200069037
62678,62889,10482,10632,200018083,246200380,62,62,E:200018083,E:246200380
62694,62221,10491,10152,200069482,200069482,62,62,E:200069482,E:200069482
62695,62821,10492,10585,200069482,200018083,62,62,E:200069482,E:200018083
62698,62228,10495,10156,200069029,246201016,62,62,E:200069029,E:246201016
62708,62806,10503,10575,200035442,246200380,62,62,E:200035442,E:246200380
62715,62622,10509,10442,200035442,200069037,62,62,E:200035442,E:200069037
62733,62542,10519,10385,200035442,200069482,62,62,E:200035442,E:200069482
62741,62434,10525,10309,200069482,200069482,62,62,E:200069482,E:200069482
62759,62145,10539,10100,200018083,200044048,62,62,E:200018083,E:200044048
62776,62444,10552,10315,200035442,246200380,62,62,E:200035442,E:246200380
62777,62483,10553,10340,200035442,200018083,62,62,E:200035442,E:200018083
62779,62496,10555,10352,200069482,200069029,62,62,E:200069482,E:200069029
62784,62536,10559,10382,200069482,200069482,62,62,E:200069482,E:200069482
62786,62362,10561,10254,200018083,200069482,62,62,E:200018083,E:200069482
62789,62867,10563,10617,200018083,246200380,62,62,E:200018083,E:246200380
62799,62568,10569,10400,200069029,200033579,62,62,E:200069029,E:200033579
62800,62651,10570,10464,200035442,200069482,62,62,E:200035442,E:200069482
62802,62602,10572,10425,200069482,200069029,62,62,E:200069482,E:200069029
62804,62689,10574,10488,200069482,200033579,62,62,E:200069482,E:200033579
62814,62629,10579,10448,200069482,200069482,62,62,E:200069482,E:200069482
62829,62897,10589,10638,200035442,246201016,62,62,E:200035442,E:246201016
62839,62233,10594,10161,200035442,200069029,62,62,E:200035442,E:200069029
62853,62304,10605,10211,200018083,200069037,62,62,E:200018083,E:200069037
62855,62169,10607,10115,200035442,246201016,62,62,E:200035442,E:246201016
62870,62654,10619,10466,200069029,200090751,62,62,E:200069029,E:200090751
62876,62426,10623,10303,200035442,200033579,62,62,E:200035442,E:200033579
62877,62815,10624,10580,200069482,200069029,62,62,E:200069482,E:200069029
62879,62888,10626,10631,200069482,200018083,62,62,E:200069482,E:200018083
62896,62874,10637,10621,200018083,200069482,62,62,E:200018083,E:200069482
63001,63227,10650,10726,200071199,200069177,63,63,E:200071199,E:200069177
63004,63368,10651,10769,200072098,200067627,63,63,E:200072098,E:200067627
63035,63350,10662,10765,200072098,200069177,63,63,E:200072098,E:200069177
63061,63168,10670,10705,200071199,200067627,63,63,E:200071199,E:200067627
63082,63317,10675,10756,200072098,200071199,63,63,E:200072098,E:200071199
63090,63459,10679,10793,200071199,200071199,63,63,E:200071199,E:200071199
63116,63084,10688,10677,200072098,200069177,63,63,E:200072098,E:200069177
63135,63120,10695,10689,200072098,200069177,63,63,E:200072098,E:200069177
63143,63131,10697,10694,200071199,246301097,63,63,E:200071199,E:246301097
63167,63049,10704,10667,200072098,200067627,63,63,E:200072098,E:200067627
63181,63045,10708,10666,200072098,246301097,63,63,E:200072098,E:246301097
63196,63058,10713,10668,200071199,246301097,63,63,E:200071199,E:246301097
63205,63177,10718,10706,200069177,200067627,63,63,E:200069177,E:200067627
63235,63239,10729,10730,200072098,200067627,63,63,E:200072098,E:200067627
63240,63194,10731,10711,200071199,246301097,63,63,E:200071199,E:246301097
63265,63295,10738,10746,246301097,200071199,63,63,E:246301097,E:200071199
63276,63322,10741,10757,246301097,200070753,63,63,E:246301097,E:200070753
63288,63154,10745,10702,200072098,200067627,63,63,E:200072098,E:200067627
63311,63333,10754,10761,200071199,200071199,63,63,E:200071199,E:200071199
63347,63364,10763,10768,200071199,246301097,63,63,E:200071199,E:246301097
63349,63092,10764,10680,200072098,200070753,63,63,E:200072098,E:200070753
63358,63259,10766,10735,200072098,200069177,63,63,E:200072098,E:200069177
63379,63149,10772,10700,200072098,200070753,63,63,E:200072098,E:200070753
63407,63123,10779,10690,200069169,200069177,63,63,E:200069169,E:200069177
63427,63044,10785,10665,200072098,200067627,63,63,E:200072098,E:200067627
63446,63232,10789,10728,200071199,200071199,63,63,E:200071199,E:200071199
63461,63030,10794,10658,246301097,200071199,63,63,E:246301097,E:200071199
63473,63325,10797,10758,200072098,200067627,63,63,E:200072098,E:200067627
64108,64367,10835,10930,200039204,200039204,64,64,E:200039204,E:200039204
64167,64266,10862,10894,200067239,200067296,64,64,E:200067239,E:200067296
64190,64385,10871,10936,200067239,200067239,64,64,E:200067239,E:200067239
64456,64212,10957,10878,200067239,200067296,64,64,E:200067239,E:200067296
64461,64518,10958,10986,200039204,200067254,64,64,E:200039204,E:200067254
64462,64521,10959,10989,200039204,200039204,64,64,E:200039204,E:200039204
65079,65426,11018,11090,200070803,200070803,65,65,E:200070803,E:200070803
65118,65204,11028,11041,200070803,200070803,65,65,E:200070803,E:200070803
65222,65067,11044,11015,246500482,200069300,65,65,E:246500482,E:200069300
65281,65265,11060,11055,200069300,200070803,65,65,E:200069300,E:200070803
65290,65063,11063,11014,200070803,200070803,65,65,E:200070803,E:200070803
65367,65256,11080,11052,200070803,200070803,65,65,E:200070803,E:200070803
65456,65206,11095,11042,200070787,200070803,65,65,E:200070787,E:200070803
65464,65005,11096,11006,200069300,200069300,65,65,E:200069300,E:200069300
66022,66199,11108,11178,246600415,246600373,66,66,E:246600415,E:246600373
66023,66214,11109,11185,246600415,246600449,66,66,E:246600415,E:246600449
66040,66029,11119,11113,246600415,246600449,66,66,E:246600415,E:246600449
66055,66207,11125,11179,246600415,246600449,66,66,E:246600415,E:246600449
66056,66173,11126,11165,246600415,246600415,66,66,E:246600415,E:246600415
66086,66001,11133,11098,246600415,246600373,66,66,E:246600415,E:246600373
66088,66108,11134,11140,246600415,246600415,66,66,E:246600415,E:246600415
66111,66211,11141,11182,246600415,246600449,66,66,E:246600415,E:246600449
66153,66032,11157,11115,246600415,246600449,66,66,E:246600415,E:246600449
66165,66231,11160,11192,246600415,200027183,66,66,E:246600415,E:200027183
66185,66033,11173,11116,246600415,246600449,66,66,E:246600415,E:246600449
67009,67201,11201,11378,200067841,200067841,67,67,E:200067841,E:200067841
67047,67134,11234,11319,200067841,200067841,67,67,E:200067841,E:200067841
67070,67491,11256,11637,200067841,200067783,67,67,E:200067841,E:200067783
67183,67404,11361,11558,200067841,200040178,67,67,E:200067841,E:200040178
67401,67136,11556,11321,200067841,200067841,67,67,E:200067841,E:200067841
67434,67523,11585,11665,200067841,246700843,67,67,E:200067841,E:246700843
67435,67129,11586,11314,200067841,200068112,67,67,E:200067841,E:200068112
67456,67527,11605,11669,200067841,200068112,67,67,E:200067841,E:200068112
67488,67210,11634,11385,200067841,200034270,67,67,E:200067841,E:200034270
68370,68243,12045,11926,246800205,200066041,68,68,E:246800205,E:200066041
69006,69066,12066,12115,200040566,200040566,69,69,E:200040566,E:200040566
69037,69008,12088,12068,200040566,200040566,69,69,E:200040566,E:200040566
69060,69124,12109,12168,200040566,200067817,69,69,E:200040566,E:200067817
69070,69170,12119,12201,200040566,246900740,69,69,E:200040566,E:246900740
69093,69077,12140,12125,200040566,200067817,69,69,E:200040566,E:200067817
69107,69257,12153,12267,200040566,200040590,69,69,E:200040566,E:200040590
69130,69054,12172,12103,200040566,200040566,69,69,E:200040566,E:200040566
69160,69067,12192,12116,200040566,246900625,69,69,E:200040566,E:246900625
69169,69167,12200,12198,200040566,200040590,69,69,E:200040566,E:200040590
69181,69180,12211,12210,200040566,246900740,69,69,E:200040566,E:246900740
69183,69001,12212,12062,200040566,200040566,69,69,E:200040566,E:200040566
69192,69075,12219,12123,200040590,200040566,69,69,E:200040590,E:200040566
69214,69239,12236,12253,200040566,200040574,69,69,E:200040566,E:200040574
69217,69196,12239,12222,200040566,200067817,69,69,E:200040566,E:200067817
69229,69102,12245,12148,200040566,200040566,69,69,E:200040566,E:200040566
70021,70147,12304,12333,247000664,247000722,70,70,E:247000664,E:247000722
70029,70192,12305,12350,247000664,200041887,70,70,E:247000664,E:200041887
70046,70326,12308,12379,247000664,247000706,70,70,E:247000664,E:247000706
70055,70494,12309,12412,247000755,200041887,70,70,E:247000755,E:200041887
70093,70149,12316,12335,247000755,247000722,70,70,E:247000755,E:247000722
70094,70407,12317,12396,247000755,247000706,70,70,E:247000755,E:247000706
70098,70441,12319,12404,247000755,247000706,70,70,E:247000755,E:247000706
70120,70447,12327,12405,247000821,247000706,70,70,E:247000821,E:247000706
70128,70150,12329,12336,247000755,200041887,70,70,E:247000755,E:200041887
70148,70019,12334,12302,247000367,247000011,70,70,E:247000367,E:247000011
70157,70154,12338,12337,247000821,247000706,70,70,E:247000821,E:247000706
70172,70503,12342,12413,247000755,247000706,70,70,E:247000755,E:247000706
70178,70116,12344,12323,247000664,247000722,70,70,E:247000664,E:247000722
70216,70493,12356,12411,247000755,247000706,70,70,E:247000755,E:247000706
70229,70075,12359,12313,247000664,200041887,70,70,E:247000664,E:200041887
70254,70119,12362,12326,247000821,200041887,70,70,E:247000821,E:200041887
70258,70433,12363,12403,247000755,247000011,70,70,E:247000755,E:247000011
70259,70330,12364,12381,247000664,247000722,70,70,E:247000664,E:247000722
70260,70084,12365,12314,247000664,247000706,70,70,E:247000664,E:247000706
70306,70163,12369,12340,247000664,247000011,70,70,E:247000664,E:247000011
70310,70207,12370,12354,247000664,247000011,70,70,E:247000664,E:247000011
70311,70513,12371,12417,247000755,247000011,70,70,E:247000755,E:247000011
70313,70136,12373,12331,247000664,247000011,70,70,E:247000664,E:247000011
70314,70118,12374,12325,247000755,247000706,70,70,E:247000755,E:247000706
70318,70107,12375,12321,247000664,247000706,70,70,E:247000664,E:247000706
70319,70057,12376,12310,247000664,200041887,70,70,E:247000664,E:200041887
70321,70378,12377,12388,247000664,247000011,70,70,E:247000664,E:247000011
70328,70189,12380,12349,247000854,247000706,70,70,E:247000854,E:247000706
70348,70145,12383,12332,247000664,247000706,70,70,E:247000664,E:247000706
70384,70239,12390,12360,247000367,247000706,70,70,E:247000367,E:247000706
70385,70383,12391,12389,247000664,247000706,70,70,E:247000664,E:247000706
70398,70181,12393,12346,247000755,200041887,70,70,E:247000755,E:200041887
70403,70215,12394,12355,247000664,247000821,70,70,E:247000664,E:247000821
70413,70248,12398,12361,247000821,247000821,70,70,E:247000821,E:247000821
70414,70085,12399,12315,247000821,247000706,70,70,E:247000821,E:247000706
70451,70261,12406,12366,247000821,247000011,70,70,E:247000821,E:247000011
70455,70224,12407,12358,247000664,247000706,70,70,E:247000664,E:247000706
70464,70575,12408,12425,247000664,247000706,70,70,E:247000664,E:247000706
70473,70117,12409,12324,247000755,247000722,70,70,E:247000755,E:247000722
70515,70182,12418,12347,247000664,247000722,70,70,E:247000664,E:247000722
70577,70109,12426,12322,247000664,247000706,70,70,E:247000664,E:247000706
70581,70410,12429,12397,247000664,200041887,70,70,E:247000664,E:200041887
71085,71548,12460,12629,200006682,200071538,71,71,E:200006682,E:200071538
71256,71248,12523,12518,200071538,200069698,71,71,E:200071538,E:200069698
71343,71403,12551,12577,200006682,247100589,71,71,E:200006682,E:247100589
71365,71283,12560,12531,200071538,247100589,71,71,E:200071538,E:247100589
72010,72114,12650,12683,247200090,247200686,72,72,E:247200090,E:247200686
72016,72053,12651,12664,247200090,247200421,72,72,E:247200090,E:247200421
72021,72163,12653,12698,247200090,247200348,72,72,E:247200090,E:247200348
72031,72185,12656,12705,247200686,247200348,72,72,E:247200686,E:247200348
72041,72044,12659,12661,247200686,247200348,72,72,E:247200686,E:247200348
72042,72253,12660,12724,200072684,247200629,72,72,E:200072684,E:247200629
72046,72290,12662,12735,200072684,200068963,72,72,E:200072684,E:200068963
72061,72084,12668,12674,247200348,247200348,72,72,E:247200348,E:247200348
72067,72377,12671,12766,247200686,247200348,72,72,E:247200686,E:247200348
72090,72344,12675,12755,200072684,247200629,72,72,E:200072684,E:247200629
72094,72349,12677,12758,200072684,200068963,72,72,E:200072684,E:200068963
72106,72340,12681,12751,247200090,200068963,72,72,E:247200090,E:200068963
72122,72335,12684,12747,247200686,200072684,72,72,E:247200686,E:200072684
72124,72024,12686,12655,247200447,200068963,72,72,E:247200447,E:200068963
72151,72075,12696,12673,247200090,247200629,72,72,E:247200090,E:247200629
72167,72267,12700,12728,247200090,247200686,72,72,E:247200090,E:247200686
72172,72247,12702,12723,247200686,247200132,72,72,E:247200686,E:247200132
72178,72040,12703,12658,200072684,247200686,72,72,E:200072684,E:247200686
72187,72022,12706,12654,247200447,247200090,72,72,E:247200447,E:247200090
72224,72245,12713,12721,200072684,247200686,72,72,E:200072684,E:247200686
72228,72195,12714,12707,247200090,247200629,72,72,E:247200090,E:247200629
72232,72110,12717,12682,247200090,247200348,72,72,E:247200090,E:247200348
72236,72342,12718,12753,247200090,247200686,72,72,E:247200090,E:247200686
72244,72300,12720,12738,247200090,200072684,72,72,E:247200090,E:200072684
72246,72375,12722,12765,247200686,247200686,72,72,E:247200686,E:247200686
72264,72003,12727,12645,247200090,247200132,72,72,E:247200090,E:247200132
72268,72062,12729,12669,247200447,247200686,72,72,E:247200447,E:247200686
72271,72093,12730,12676,200072684,247200686,72,72,E:200072684,E:247200686
72277,72353,12732,12760,247200686,247200686,72,72,E:247200686,E:247200686
72299,72165,12737,12699,247200421,200072684,72,72,E:247200421,E:200072684
72303,72131,12740,12690,200072684,247200629,72,72,E:200072684,E:247200629
72306,72073,12741,12672,247200447,247200132,72,72,E:247200447,E:247200132
72331,72038,12746,12657,247200686,247200686,72,72,E:247200686,E:247200686
72336,72360,12748,12763,247200090,247200132,72,72,E:247200090,E:247200132
72341,72130,12752,12689,200072684,247200132,72,72,E:200072684,E:247200132
72343,72339,12754,12750,247200090,247200629,72,72,E:247200090,E:247200629
72345,72009,12756,12649,200072684,247200348,72,72,E:200072684,E:247200348
72358,72056,12761,12666,200072684,246100663,72,72,E:200072684,E:246100663
72359,72230,12762,12715,200072684,247200629,72,72,E:200072684,E:247200629
72361,72100,12764,12680,200072684,247200348,72,72,E:200072684,E:247200348
72378,72169,12767,12701,247200090,247200629,72,72,E:247200090,E:247200629
72383,72302,12769,12739,247200686,247200686,72,72,E:247200686,E:247200686
73007,73089,12772,12832,247300676,200041010,73,73,E:247300676,E:200041010
73019,73162,12781,12878,247300676,200068997,73,73,E:247300676,E:200068997
73049,73119,12799,12850,247300676,200070340,73,73,E:247300676,E:200070340
73109,73258,12844,12942,247300676,247300452,73,73,E:247300676,E:247300452
73168,73166,12881,12880,247300676,200041010,73,73,E:247300676,E:200041010
73175,73012,12885,12775,247300676,200070464,73,73,E:247300676,E:200070464
73220,73294,12916,12968,247300676,200069110,73,73,E:247300676,E:200069110
73237,73074,12927,12819,247300676,247300361,73,73,E:247300676,E:247300361
73252,73177,12938,12887,247300676,200070464,73,73,E:247300676,E:200070464
73272,73214,12953,12911,247300676,247300528,73,73,E:247300676,E:247300528
76032,76047,13293,13302,200069839,200068534,76,76,E:200069839,E:200068534
76083,76187,13323,13402,200069839,200069821,76,76,E:200069839,E:200069821
76084,76524,13324,13639,200069839,200069847,76,76,E:200069839,E:200069847
76091,76703,13330,13774,200069839,247600729,76,76,E:200069839,E:247600729
76128,76686,13358,13761,200069839,200069821,76,76,E:200069839,E:200069821
76156,76112,13376,13347,200069839,200068534,76,76,E:200069839,E:200068534
76159,76752,13379,13813,200069839,200069847,76,76,E:200069839,E:200069847
76176,76609,13393,13704,200069839,200084952,76,76,E:200069839,E:200084952
76180,76144,13397,13370,200069839,200069847,76,76,E:200069839,E:200069847
76189,76086,13404,13326,200069839,200068534,76,76,E:200069839,E:200068534
76195,76129,13408,13359,200069839,200069847,76,76,E:200069839,E:200069847
76221,76365,13425,13524,200069839,200069839,76,76,E:200069839,E:200069839
76299,76668,13477,13748,200069821,200069847,76,76,E:200069821,E:200069847
76315,76020,13490,13287,200069839,200023414,76,76,E:200069839,E:200023414
76339,76076,13506,13319,200069839,247600505,76,76,E:200069839,E:247600505
76371,76458,13530,13592,247600729,200068534,76,76,E:247600729,E:200068534
76403,76162,13556,13382,200069839,200068534,76,76,E:200069839,E:200068534
76480,76213,13605,13419,200069839,247600505,76,76,E:200069839,E:247600505
76488,76237,13612,13439,200069839,200023414,76,76,E:200069839,E:200023414
76490,76408,13614,13561,200069839,247600505,76,76,E:200069839,E:247600505
76493,76581,13617,13682,200069839,200070449,76,76,E:200069839,E:200070449
76529,76346,13641,13510,200069821,200069839,76,76,E:200069821,E:200069839
76646,76494,13731,13618,200069839,200010700,76,76,E:200069839,E:200010700
76653,76225,13736,13429,200069839,247600620,76,76,E:200069839,E:247600620
76664,76012,13745,13279,200069839,247600505,76,76,E:200069839,E:247600505
76730,76309,13796,13486,200069839,200069847,76,76,E:200069839,E:200069847
76732,76243,13798,13444,200069839,200070449,76,76,E:200069839,E:200070449
76736,76483,13801,13608,200069839,200069839,76,76,E:200069839,E:200069839
76748,76613,13810,13707,200069839,200069839,76,76,E:200069839,E:200069839
77020,77244,13837,14036,200037133,200023240,77,77,E:200037133,E:200023240
77033,77366,13846,14141,200037133,200033090,77,77,E:200037133,E:200033090
77073,77287,13883,14074,200037133,200072544,77,77,E:200037133,E:200072544
77076,77082,13885,13890,200040251,200070779,77,77,E:200040251,E:200070779
77090,77310,13898,14093,200037133,200040251,77,77,E:200037133,E:200040251
77174,77381,13971,14154,200040251,247700701,77,77,E:200040251,E:247700701
77187,77340,13984,14120,200040251,247700032,77,77,E:200040251,E:247700032
77208,77480,14003,14245,200040251,200070779,77,77,E:200040251,E:200070779
77227,77490,14021,14253,200040251,247700065,77,77,E:200040251,E:247700065
77242,77429,14034,14198,200040251,200072544,77,77,E:200040251,E:200072544
77256,77355,14047,14132,200040251,200040251,77,77,E:200040251,E:200040251
77260,77409,14051,14180,200037133,247700107,77,77,E:200037133,E:247700107
77303,77481,14086,14246,200072544,247700701,77,77,E:200072544,E:247700701
77304,77518,14087,14275,200072544,247700057,77,77,E:200072544,E:247700057
77314,77041,14097,13854,200072544,200072346,77,77,E:200072544,E:200072346
77319,77271,14101,14060,200037133,200023919,77,77,E:200037133,E:200023919
77341,77454,14121,14220,200040251,200040251,77,77,E:200040251,E:200040251
77368,77274,14143,14063,200037133,247700065,77,77,E:200037133,E:247700065
77379,77487,14152,14251,200037133,247700057,77,77,E:200037133,E:247700057
77391,77267,14164,14056,200037133,200023919,77,77,E:200037133,E:200023919
77403,77161,14174,13960,200037133,247700032,77,77,E:200037133,E:247700032
77404,77269,14175,14058,200037133,247700057,77,77,E:200037133,E:247700057
77414,77115,14185,13919,200037133,247700107,77,77,E:200037133,E:247700107
77418,77347,14189,14125,200037133,200040251,77,77,E:200037133,E:200040251
77446,77195,14212,13991,200040251,200070779,77,77,E:200040251,E:200070779
77456,77436,14222,14204,200037133,200072544,77,77,E:200037133,E:200072544
77522,77110,14278,13914,200040251,200023919,77,77,E:200040251,E:200023919
77523,77489,14279,14252,200040251,200023919,77,77,E:200040251,E:200023919
77532,77356,14287,14133,200037133,200040251,77,77,E:200037133,E:200040251
79020,79304,14539,14580,200041994,200041317,79,79,E:200041994,E:200041317
79023,79254,14540,14568,200041994,200041317,79,79,E:200041994,E:200041317
79024,79125,14541,14553,200041994,200041317,79,79,E:200041994,E:200041317
79042,79294,14543,14576,200041994,200041317,79,79,E:200041994,E:200041317
79046,79231,14544,14565,200041317,200041994,79,79,E:200041317,E:200041994
79114,79133,14552,14556,200041994,200041317,79,79,E:200041994,E:200041317
79170,79109,14559,14550,200041317,200041317,79,79,E:200041317,E:200041317
79189,79298,14560,14577,200041994,200041317,79,79,E:200041994,E:200041317
79201,79086,14561,14548,200041994,200041994,79,79,E:200041994,E:200041994
79220,79010,14563,14538,200041317,200041317,79,79,E:200041317,E:200041317
79246,79229,14566,14564,200041994,200041317,79,79,E:200041994,E:200041317
79257,79351,14569,14586,200041317,200041317,79,79,E:200041317,E:200041317
79270,79081,14570,14547,200041994,200041317,79,79,E:200041994,E:200041317
79276,79128,14572,14554,200041994,200041994,79,79,E:200041994,E:200041994
79302,79293,14578,14575,200041994,200041317,79,79,E:200041994,E:200041317
79303,79009,14579,14537,200041994,200041317,79,79,E:200041994,E:200041317
79316,79058,14582,14546,200041994,200041317,79,79,E:200041994,E:200041317
79319,79273,14583,14571,200041994,200041317,79,79,E:200041994,E:200041317
80013,80010,14593,14591,200071181,200070969,80,80,E:200071181,E:200070969
80019,80008,14595,14590,200071181,200070944,80,80,E:200071181,E:200070944
80022,80213,14597,14713,200071181,200070969,80,80,E:200071181,E:200070969
80023,80444,14598,14846,200070977,200070944,80,80,E:200070977,E:200070944
80026,80056,14600,14620,200071181,200070951,80,80,E:200071181,E:200070951
80027,80218,14601,14715,200070977,200071181,80,80,E:200070977,E:200071181
80031,80512,14603,14883,200070969,200070993,80,80,E:200070969,E:200070993
80032,80698,14604,14987,200070977,200071181,80,80,E:200070977,E:200071181
80034,80619,14605,14942,200070985,200071223,80,80,E:200070985,E:200071223
80040,80077,14610,14630,200071181,200070951,80,80,E:200071181,E:200070951
80041,80262,14611,14740,200071181,200070993,80,80,E:200071181,E:200070993
80044,80137,14612,14666,200070951,200071223,80,80,E:200070951,E:200071223
80046,80219,14613,14716,200071181,200071181,80,80,E:200071181,E:200071181
80048,80757,14614,15028,200071181,200071181,80,80,E:200071181,E:200071181
80049,80123,14615,14657,200070977,200071223,80,80,E:200070977,E:200071223
80052,80571,14618,14914,248000499,200070969,80,80,E:248000499,E:200070969
80053,80402,14619,14824,200070977,200071181,80,80,E:200070977,E:200071181
80061,80341,14621,14787,200071181,200071223,80,80,E:200071181,E:200071223
80062,80235,14622,14727,200071181,247600588,80,80,E:200071181,E:247600588
80070,80507,14626,14880,200070951,248000499,80,80,E:200070951,E:248000499
80071,80793,14627,15052,200070951,200071223,80,80,E:200070951,E:200071223
80074,80558,14628,14906,200070977,200071181,80,80,E:200070977,E:200071181
80081,80738,14633,15017,200071181,200071223,80,80,E:200071181,E:200071223
80084,80251,14636,14733,200071181,200070993,80,80,E:200071181,E:200070993
80097,80835,14641,15074,200070985,200071223,80,80,E:200070985,E:200071223
80098,80106,14642,14648,200071181,200071181,80,80,E:200071181,E:200071181
80099,80426,14643,14839,200070993,248000499,80,80,E:200070993,E:248000499
80101,80584,14645,14923,200070977,200070951,80,80,E:200070977,E:200070951
80103,80334,14646,14782,200070977,200071181,80,80,E:200070977,E:200071181
80105,80142,14647,14670,200070985,200071181,80,80,E:200070985,E:200071181
80110,80765,14650,15032,200070993,200070944,80,80,E:200070993,E:200070944
80121,80148,14655,14674,200070977,247600588,80,80,E:200070977,E:247600588
80122,80752,14656,15025,200070951,248000531,80,80,E:200070951,E:248000531
80125,80037,14659,14608,200070977,200070969,80,80,E:200070977,E:200070969
80138,80562,14667,14909,248000499,200070951,80,80,E:248000499,E:200070951
80139,80728,14668,15010,200070985,200071181,80,80,E:200070985,E:200071181
80140,80603,14669,14933,200070951,200070944,80,80,E:200070951,E:200070944
80143,80527,14671,14889,200071181,200070944,80,80,E:200071181,E:200070944
80144,80029,14672,14602,200070985,200070993,80,80,E:200070985,E:200070993
80146,80246,14673,14732,200070993,200070969,80,80,E:200070993,E:200070969
80152,80079,14675,14632,200070977,200071181,80,80,E:200070977,E:200071181
80158,80819,14678,15064,200070985,200070951,80,80,E:200070985,E:200070951
80169,80210,14686,14710,200071181,200071181,80,80,E:200071181,E:200071181
80170,80064,14687,14624,200070977,200070969,80,80,E:200070977,E:200070969
80174,80786,14690,15047,200070977,200071181,80,80,E:200070977,E:200071181
80176,80265,14691,14742,200070977,247600588,80,80,E:200070977,E:247600588
80181,80723,14694,15006,200070969,200071223,80,80,E:200070969,E:200071223
80182,80211,14695,14711,200070993,200071181,80,80,E:200070993,E:200071181
80183,80268,14696,14744,200071181,200070993,80,80,E:200071181,E:200070993
80185,80024,14698,14599,200070977,200071223,80,80,E:200070977,E:200071223
80192,80774,14702,15038,248000499,248000499,80,80,E:248000499,E:248000499
80196,80184,14704,14697,200070993,248000499,80,80,E:200070993,E:248000499
80197,80449,14705,14849,200070985,200070969,80,80,E:200070985,E:200070969
80205,80717,14708,15001,200070993,248000531,80,80,E:200070993,E:248000531
80207,80187,14709,14699,200070951,200071223,80,80,E:200070951,E:200071223
80214,80107,14714,14649,200070969,248000531,80,80,E:200070969,E:248000531
80220,80735,14717,15015,200070977,248000531,80,80,E:200070977,E:248000531
80223,80588,14718,14927,200070977,200070993,80,80,E:200070977,E:200070993
80224,80675,14719,14973,200070977,200070969,80,80,E:200070977,E:200070969
80226,80545,14721,14899,200070985,200070969,80,80,E:200070985,E:200070969
80230,80036,14723,14607,200070985,248000499,80,80,E:200070985,E:248000499
80232,80423,14724,14837,200070977,200071223,80,80,E:200070977,E:200071223
80233,80583,14725,14922,200070977,200071181,80,80,E:200070977,E:200071181
80252,80004,14734,14589,200070985,200070944,80,80,E:200070985,E:200070944
80253,80570,14735,14913,200070951,200070969,80,80,E:200070951,E:200070969
80259,80577,14737,14918,200071181,200071181,80,80,E:200071181,E:200071181
80263,80134,14741,14664,200070977,200071181,80,80,E:200070977,E:200071181
80267,80076,14743,14629,200070985,200070944,80,80,E:200070985,E:200070944
80269,80461,14745,14858,200071181,248000499,80,80,E:200071181,E:248000499
80272,80758,14746,15029,200070985,200070969,80,80,E:200070985,E:200070969
80274,80711,14748,14999,200070985,200071223,80,80,E:200070985,E:200071223
80278,80390,14750,14818,200070977,200070969,80,80,E:200070977,E:200070969
80279,80241,14751,14730,200070977,200071223,80,80,E:200070977,E:200071223
80280,80729,14752,15011,200070944,200070969,80,80,E:200070944,E:200070969
80284,80582,14755,14921,200070985,200071181,80,80,E:200070985,E:200071181
80287,80345,14757,14789,200070993,200070993,80,80,E:200070993,E:200070993
80292,80626,14759,14946,200070977,248000531,80,80,E:200070977,E:248000531
80293,80163,14760,14682,200070977,200070993,80,80,E:200070977,E:200070993
80297,80719,14762,15003,200071181,200071181,80,80,E:200071181,E:200071181
80299,80691,14763,14983,200070969,200070993,80,80,E:200070969,E:200070993
80300,80114,14764,14652,200070985,200071181,80,80,E:200070985,E:200071181
80302,80119,14766,14654,200070977,200071181,80,80,E:200070977,E:200071181
80306,80351,14768,14794,200070977,200070951,80,80,E:200070977,E:200070951
80311,80132,14770,14663,200070977,200070969,80,80,E:200070977,E:200070969
80321,80365,14776,14805,200070969,200071181,80,80,E:200070969,E:200071181
80322,80694,14777,14985,200070977,248000499,80,80,E:200070977,E:248000499
80324,80317,14778,14773,200071181,200071181,80,80,E:200071181,E:200071181
80326,80673,14779,14971,200070977,200071181,80,80,E:200070977,E:200071181
80328,80578,14780,14919,200070993,200070944,80,80,E:200070993,E:200070944
80330,80780,14781,15042,200071181,200070993,80,80,E:200071181,E:200070993
80336,80358,14783,14800,200071181,200070969,80,80,E:200071181,E:200070969
80340,80202,14786,14707,200071181,200070951,80,80,E:200071181,E:200070951
80343,80301,14788,14765,200071181,200071181,80,80,E:200071181,E:200071181
80349,80784,14792,15045,200070969,248000499,80,80,E:200070969,E:248000499
80354,80624,14796,14945,200071181,200070951,80,80,E:200071181,E:200070951
80355,80179,14797,14692,200071181,200071181,80,80,E:200071181,E:200071181
80356,80283,14798,14754,200071181,200070969,80,80,E:200071181,E:200070969
80359,80452,14801,14851,200070977,200070969,80,80,E:200070977,E:200070969
80361,80466,14803,14862,200071181,200071223,80,80,E:200071181,E:200071223
80372,80499,14807,14878,200070993,200070969,80,80,E:200070993,E:200070969
80375,80546,14809,14900,200071181,200070944,80,80,E:200071181,E:200070944
80377,80124,14811,14658,200070951,200070944,80,80,E:200070951,E:200070944
80383,80161,14813,14681,200070977,200070944,80,80,E:200070977,E:200070944
80386,80198,14815,14706,200070977,248000531,80,80,E:200070977,E:248000531
80388,80643,14817,14954,200070944,200071181,80,80,E:200070944,E:200071181
80391,80117,14819,14653,200070977,200071223,80,80,E:200070977,E:200071223
80392,80634,14820,14951,200070951,248000499,80,80,E:200070951,E:248000499
80393,80672,14821,14970,200070977,248000499,80,80,E:200070977,E:248000499
80395,80130,14822,14661,200070977,248000531,80,80,E:200070977,E:248000531
80406,80316,14827,14772,200070993,200070951,80,80,E:200070993,E:200070951
80407,80494,14828,14876,200070969,200070969,80,80,E:200070969,E:200070969
80410,80368,14830,14806,200070985,200070944,80,80,E:200070985,E:200070944
80421,80315,14836,14771,200070977,200070969,80,80,E:200070977,E:200070969
80427,80082,14840,14634,200070951,200071223,80,80,E:200070951,E:200071223
80429,80173,14841,14689,248000499,248000531,80,80,E:248000499,E:248000531
80433,80528,14842,14890,200070977,200071181,80,80,E:200070977,E:200071181
80437,80797,14844,15056,200071181,200070969,80,80,E:200071181,E:200070969
80443,80746,14845,15021,200071181,200070951,80,80,E:200071181,E:200070951
80445,80237,14847,14729,200070951,200070969,80,80,E:200070951,E:200070969
80450,80403,14850,14825,200071181,200070969,80,80,E:200071181,E:200070969
80453,80357,14852,14799,200070977,200071181,80,80,E:200070977,E:200071181
80456,80554,14854,14903,200071181,200071181,80,80,E:200071181,E:200071181
80459,80018,14856,14594,200071181,247600588,80,80,E:200071181,E:247600588
80460,80742,14857,15019,200071181,200071223,80,80,E:200071181,E:200071223
80464,80260,14860,14738,200070993,200070993,80,80,E:200070993,E:200070993
80465,80476,14861,14867,200070985,200070993,80,80,E:200070985,E:200070993
80467,80227,14863,14722,200070977,200071181,80,80,E:200070977,E:200071181
80469,80352,14864,14795,200070969,200071181,80,80,E:200070969,E:200071181
80473,80171,14865,14688,200070977,200070993,80,80,E:200070977,E:200070993
80474,80412,14866,14832,200070985,248000499,80,80,E:200070985,E:248000499
80478,80276,14868,14749,200070977,200071181,80,80,E:200070977,E:200071181
80479,80463,14869,14859,200071181,248000499,80,80,E:200071181,E:248000499
80480,80291,14870,14758,200071181,248000531,80,80,E:200071181,E:248000531
80484,80775,14872,15039,200071181,200070944,80,80,E:200071181,E:200070944
80488,80714,14873,15000,200070993,247600588,80,80,E:200070993,E:247600588
80491,80792,14875,15051,200070951,200070951,80,80,E:200070951,E:200070951
80495,80436,14877,14843,200070951,200071181,80,80,E:200070951,E:200071181
80504,80193,14879,14703,200070977,200070969,80,80,E:200070977,E:200070969
80508,80180,14881,14693,200070977,200071223,80,80,E:200070977,E:200071223
80511,80740,14882,15018,200070977,200070969,80,80,E:200070977,E:200070969
80515,80424,14884,14838,200071181,248000531,80,80,E:200071181,E:248000531
80517,80704,14885,14993,200070977,200070951,80,80,E:200070977,E:200070951
80519,80234,14886,14726,200070985,248000499,80,80,E:200070985,E:248000499
80522,80165,14887,14684,200071181,200071181,80,80,E:200071181,E:200071181
80525,80405,14888,14826,200071181,200070969,80,80,E:200071181,E:200070969
80529,80722,14891,15005,200070993,248000531,80,80,E:200070993,E:248000531
80531,80755,14893,15027,200071181,200071181,80,80,E:200071181,E:200071181
80541,80242,14896,14731,200070977,200070969,80,80,E:200070977,E:200070969
80542,80613,14897,14939,200070985,247600588,80,80,E:200070985,E:247600588
80543,80159,14898,14679,200071181,248000499,80,80,E:200071181,E:248000499
80555,80416,14904,14835,200070985,200071223,80,80,E:200070985,E:200071223
80556,80628,14905,14948,200070993,200070969,80,80,E:200070993,E:200070969
80559,80051,14907,14617,200071181,200070993,80,80,E:200071181,E:200070993
80561,80212,14908,14712,200070977,248000499,80,80,E:200070977,E:248000499
80568,80690,14911,14982,200070985,248000531,80,80,E:200070985,E:248000531
80569,80791,14912,15050,248000499,248000531,80,80,E:248000499,E:248000531
80573,80188,14915,14700,200071181,200070969,80,80,E:200071181,E:200070969
80575,80778,14916,15040,200071181,200071223,80,80,E:200071181,E:200071223
80576,80350,14917,14793,200070985,248000499,80,80,E:200070985,E:248000499
80579,80700,14920,14989,200070985,200070993,80,80,E:200070985,E:200070993
80585,80308,14924,14769,200070985,200070944,80,80,E:200070985,E:200070944
80586,80408,14925,14829,200071181,200071223,80,80,E:200071181,E:200071223
80587,80668,14926,14966,200071181,248000531,80,80,E:200071181,E:248000531
80591,80399,14928,14823,200071181,248000531,80,80,E:200071181,E:248000531
80592,80446,14929,14848,200071181,200070993,80,80,E:200071181,E:200070993
80596,80282,14931,14753,200070951,200070993,80,80,E:200070951,E:200070993
80604,80535,14934,14895,200071181,200071223,80,80,E:200071181,E:200071223
80605,80782,14935,15043,200070985,248000531,80,80,E:200070985,E:248000531
80606,80190,14936,14701,200071181,200070944,80,80,E:200071181,E:200070944
80616,80050,14940,14616,200070985,200071181,80,80,E:200070985,E:200071181
80618,80415,14941,14834,200070993,200070969,80,80,E:200070993,E:200070969
80623,80236,14944,14728,200070977,200070977,80,80,E:200070977,E:200070977
80638,80337,14952,14784,200070985,200070969,80,80,E:200070985,E:200070969
80651,80094,14956,14639,200071181,200070969,80,80,E:200071181,E:200070969
80652,80611,14957,14938,200070969,200071181,80,80,E:200070969,E:200071181
80655,80826,14959,15069,200071181,247600588,80,80,E:200071181,E:247600588
80657,80020,14961,14596,200070969,248000531,80,80,E:200070969,E:248000531
80658,80754,14962,15026,200070985,200071181,80,80,E:200070985,E:200071181
80663,80650,14964,14955,200071181,248000531,80,80,E:200071181,E:248000531
80667,80764,14965,15031,200070977,200070944,80,80,E:200070977,E:200070944
80669,80751,14967,15024,200070985,200070969,80,80,E:200070985,E:200070969
80671,80795,14969,15054,200071223,200071223,80,80,E:200071223,E:200071223
80676,80285,14974,14756,200070977,200071181,80,80,E:200070977,E:200071181
80678,80127,14975,14660,200070977,247600588,80,80,E:200070977,E:247600588
80683,80348,14977,14791,200070985,200071223,80,80,E:200070985,E:200071223
80684,80607,14978,14937,200070985,200071181,80,80,E:200070985,E:200071181
80685,80799,14979,15058,200070977,248000499,80,80,E:200070977,E:248000499
80687,80225,14981,14720,200070977,248000531,80,80,E:200070977,E:248000531
80693,80530,14984,14892,248000499,248000499,80,80,E:248000499,E:248000499
80699,80836,14988,15075,200071181,200070993,80,80,E:200071181,E:200070993
80701,80686,14990,14980,200070985,200070951,80,80,E:200070985,E:200070951
80703,80670,14992,14968,200071181,248000531,80,80,E:200071181,E:248000531
80707,80565,14995,14910,200071181,200070951,80,80,E:200071181,E:200070951
80708,80319,14996,14775,200070977,200071181,80,80,E:200070977,E:200071181
80709,80078,14997,14631,200071181,200070993,80,80,E:200071181,E:200070993
80710,80376,14998,14810,200069722,248000499,80,80,E:200069722,E:248000499
80721,80039,15004,14609,200070993,247600588,80,80,E:200070993,E:247600588
80726,80411,15009,14831,200070985,248000499,80,80,E:200070985,E:248000499
80732,80627,15013,14947,200071181,200071181,80,80,E:200071181,E:200071181
80734,80385,15014,14814,200071181,200070993,80,80,E:200071181,E:200070993
80736,80458,15016,14855,200070993,248000499,80,80,E:200070993,E:248000499
80744,80083,15020,14635,200071181,200071181,80,80,E:200071181,E:200071181
80749,80834,15022,15073,200070951,200070944,80,80,E:200070951,E:200070944
80750,80066,15023,14625,200070985,200070951,80,80,E:200070985,E:200070951
80759,80100,15030,14644,200070977,200071223,80,80,E:200070977,E:200071223
80767,80654,15033,14958,200071181,200070944,80,80,E:200071181,E:200070944
80769,80305,15034,14767,248000499,248000531,80,80,E:248000499,E:248000531
80771,80035,15036,14606,200070985,200070969,80,80,E:200070985,E:200070969
80773,80346,15037,14790,200070951,200071223,80,80,E:200070951,E:200071223
80783,80414,15044,14833,200070993,200070969,80,80,E:200070993,E:200070969
80788,80273,15048,14747,200071181,200071181,80,80,E:200071181,E:200071181
80790,80387,15049,14816,200070977,248000531,80,80,E:200070977,E:248000531
80794,80157,15053,14677,200070985,200071181,80,80,E:200070985,E:200071181
80796,80681,15055,14976,200071181,200070969,80,80,E:200071181,E:200070969
80800,80135,15059,14665,200071181,200070993,80,80,E:200071181,E:200070993
80803,80166,15060,14685,200070977,200071223,80,80,E:200070977,E:200071223
80805,80553,15061,14902,200070977,200070951,80,80,E:200070977,E:200070951
80811,80092,15062,14637,200070985,248000531,80,80,E:200070985,E:248000531
80813,80482,15063,14871,200071181,200070993,80,80,E:200071181,E:200070993
80820,80597,15065,14932,248000499,200070944,80,80,E:248000499,E:200070944
80821,80156,15066,14676,200071181,248000499,80,80,E:200071181,E:248000499
80822,80595,15067,14930,200070977,200070969,80,80,E:200070977,E:200070969
80825,80112,15068,14651,200070993,248000499,80,80,E:200070993,E:248000499
80828,80455,15071,14853,200071181,200071181,80,80,E:200071181,E:200071181
80829,80550,15072,14901,200070985,200070951,80,80,E:200070985,E:200070951
81002,81018,15076,15078,248100430,248100737,81,81,E:248100430,E:248100737
81021,81257,15079,15105,248100430,248100737,81,81,E:248100430,E:248100737
81066,81102,15084,15088,248100430,200034023,81,81,E:248100430,E:200034023
81163,81140,15096,15092,248100430,200034023,81,81,E:248100430,E:200034023
81204,81074,15099,15085,248100430,248100737,81,81,E:248100430,E:248100737
81209,81063,15100,15083,248100430,248100737,81,81,E:248100430,E:248100737
81238,81097,15103,15087,248100430,248100737,81,81,E:248100430,E:248100737
82018,82052,15119,15135,200066884,248200099,82,82,E:200066884,E:248200099
82019,82030,15120,15126,200066322,200066322,82,82,E:200066322,E:200066322
82020,82035,15121,15129,200066652,200066322,82,82,E:200066652,E:200066322
82043,82003,15130,15115,200066652,200066322,82,82,E:200066652,E:200066322
82046,82156,15133,15161,200066322,200066322,82,82,E:200066322,E:200066322
82112,82033,15148,15128,200066322,200066322,82,82,E:200066322,E:200066322
82118,82086,15150,15144,200066322,200066322,82,82,E:200066322,E:200066322
82132,82023,15154,15122,200066884,200066652,82,82,E:200066884,E:200066652
82134,82190,15155,15170,200066884,200066652,82,82,E:200066884,E:200066652
82169,82167,15164,15163,200066322,248200099,82,82,E:200066322,E:248200099
82173,82105,15166,15147,200066652,200066652,82,82,E:200066652,E:200066652
82184,82178,15168,15167,200066884,200066652,82,82,E:200066884,E:200066652
83032,83057,15191,15212,200068104,248300550,83,83,E:200068104,E:248300550
83039,83105,15198,15250,200068104,248300394,83,83,E:200068104,E:248300394
83045,83079,15202,15228,200068104,200036077,83,83,E:200068104,E:200036077
83046,83008,15203,15176,200068104,200004802,83,83,E:200068104,E:200004802
83051,83154,15207,15282,200068104,248300493,83,83,E:200068104,E:248300493
83083,83110,15232,15254,200068104,200068104,83,83,E:200068104,E:200068104
83121,83087,15262,15235,248300493,200068104,83,83,E:248300493,E:200068104
83128,83041,15266,15199,248300493,248300493,83,83,E:248300493,E:248300493
84049,84011,15310,15288,248400053,248400053,84,84,E:248400053,E:248400053
85015,85147,15379,15453,200072882,248500464,85,85,E:200072882,E:248500464
85050,85016,15398,15380,200071900,248500530,85,85,E:200071900,E:248500530
85051,85089,15399,15415,248500340,248500589,85,85,E:248500340,E:248500589
85077,85231,15409,15498,200071900,200071900,85,85,E:200071900,E:200071900
85086,85236,15413,15501,200072882,248500530,85,85,E:200072882,E:248500530
85094,85022,15419,15384,200071934,200071900,85,85,E:200071934,E:200071900
85101,85137,15426,15446,200071900,200071934,85,85,E:200071900,E:200071934
85129,85046,15443,15396,200072882,248500589,85,85,E:200072882,E:248500589
85156,85214,15458,15491,200071900,200071165,85,85,E:200071900,E:200071165
85158,85093,15459,15418,200071934,248500589,85,85,E:200071934,E:248500589
85190,85018,15476,15382,200070233,200071629,85,85,E:200070233,E:200071629
85200,85138,15481,15447,200071900,248500530,85,85,E:200071900,E:248500530
85202,85024,15483,15385,248500340,200071629,85,85,E:248500340,E:200071629
85206,85174,15486,15467,200071900,200071934,85,85,E:200071900,E:200071934
85210,85172,15488,15466,200072882,248500258,85,85,E:200072882,E:248500258
85220,85256,15494,15514,248500340,200071934,85,85,E:248500340,E:200071934
85232,85121,15499,15440,248500340,200071934,85,85,E:248500340,E:200071934
85237,85201,15502,15482,200071934,200071900,85,85,E:200071934,E:200071900
85254,85246,15513,15510,248500464,248500340,85,85,E:248500464,E:248500340
85262,85031,15517,15389,200070233,248500464,85,85,E:200070233,E:248500464
85276,85186,15522,15473,248500340,200071918,85,85,E:248500340,E:200071918
85277,85029,15523,15388,200071900,200071629,85,85,E:200071900,E:200071629
85282,85281,15527,15526,248500340,200071934,85,85,E:248500340,E:200071934
85287,85205,15530,15485,248500464,200071934,85,85,E:248500464,E:200071934
85305,85143,15539,15450,200071934,200071934,85,85,E:200071934,E:200071934
86014,86178,15542,15595,248600413,200043628,86,86,E:248600413,E:200043628
86020,86147,15545,15587,248600413,200043628,86,86,E:248600413,E:200043628
86032,86121,15550,15578,248600413,200069763,86,86,E:248600413,E:200069763
86042,86099,15552,15572,248600413,200043628,86,86,E:248600413,E:200043628
86045,86031,15553,15549,200069854,200069854,86,86,E:200069854,E:200069854
86046,86016,15554,15543,248600413,200069763,86,86,E:248600413,E:200069763
86047,86300,15555,15628,248600413,200069763,86,86,E:248600413,E:200069763
86058,86065,15558,15560,200069854,200043628,86,86,E:200069854,E:200043628
86080,86102,15563,15574,200069854,200069763,86,86,E:200069854,E:200069763
86081,86124,15564,15579,248600413,200069854,86,86,E:248600413,E:200069854
86083,86024,15565,15546,200069854,200069854,86,86,E:200069854,E:200069854
86091,86284,15567,15621,200069854,200043628,86,86,E:200069854,E:200043628
86092,86222,15568,15608,248600413,200069854,86,86,E:248600413,E:200069854
86096,86017,15571,15544,248600413,200069763,86,86,E:248600413,E:200069763
86116,86074,15577,15561,200069854,200069763,86,86,E:200069854,E:200069763
86128,86263,15580,15617,248600413,200043628,86,86,E:248600413,E:200043628
86130,86050,15581,15557,248600413,200069763,86,86,E:248600413,E:200069763
86139,86163,15584,15591,200069854,200069854,86,86,E:200069854,E:200069854
86148,86009,15588,15540,200043628,248600413,86,86,E:200043628,E:248600413
86164,86028,15592,15548,248600413,200069854,86,86,E:248600413,E:200069854
86174,86297,15593,15626,248600413,200069854,86,86,E:248600413,E:200069854
86182,86105,15597,15575,248600413,200043628,86,86,E:248600413,E:200043628
86183,86209,15598,15604,248600413,200043628,86,86,E:248600413,E:200043628
86184,86292,15599,15623,248600413,200069763,86,86,E:248600413,E:200069763
86186,86010,15600,15541,248600413,200043628,86,86,E:248600413,E:200043628
86195,86268,15601,15619,248600413,200069854,86,86,E:248600413,E:200069854
86213,86294,15605,15625,200069854,200069763,86,86,E:200069854,E:200069763
86221,86256,15607,15613,248600413,200069854,86,86,E:248600413,E:200069854
86241,86198,15610,15602,248600413,200069854,86,86,E:248600413,E:200069854
86244,86145,15611,15586,200069854,200043628,86,86,E:200069854,E:200043628
86253,86135,15612,15583,200069854,200069854,86,86,E:200069854,E:200069854
86257,86094,15614,15569,248600413,200043628,86,86,E:248600413,E:200043628
86258,86095,15615,15570,248600413,200069854,86,86,E:248600413,E:200069854
86265,86142,15618,15585,248600413,200069763,86,86,E:248600413,E:200069763
86272,86180,15620,15596,248600413,200043628,86,86,E:248600413,E:200043628
86298,86204,15627,15603,248600413,200069763,86,86,E:248600413,E:200069763
87044,87157,15640,15661,200059400,200066512,87,87,E:200059400,E:200066512
87126,87205,15654,15676,200059400,248719312,87,87,E:200059400,E:248719312
87131,87005,15655,15631,200059400,248719312,87,87,E:200059400,E:248719312
87189,87016,15669,15633,200059400,200066512,87,87,E:200059400,E:200066512
87199,87078,15672,15646,200059400,200059400,87,87,E:200059400,E:200059400
87204,87188,15675,15668,200059400,248719288,87,87,E:200059400,E:248719288
88005,88294,15677,15762,200071066,200068757,88,88,E:200071066,E:200068757
88009,88090,15678,15703,200071066,200068757,88,88,E:200071066,E:200068757
88014,88121,15681,15714,200071066,200068757,88,88,E:200071066,E:200068757
88027,88406,15683,15795,200068757,200068757,88,88,E:200068757,E:200068757
88035,88113,15686,15710,200071066,200071066,88,88,E:200071066,E:200071066
88048,88484,15689,15825,200068757,200068757,88,88,E:200068757,E:200068757
88053,88373,15690,15787,200071066,200071066,88,88,E:200071066,E:200071066
88059,88190,15693,15736,200071066,200068757,88,88,E:200071066,E:200068757
88075,88196,15696,15738,200096634,200096642,88,88,E:200096634,E:200096642
88081,88470,15697,15821,200033868,200096642,88,88,E:200033868,E:200096642
88082,88068,15698,15694,200071066,200071066,88,88,E:200071066,E:200071066
88085,88275,15700,15758,200096642,200071066,88,88,E:200096642,E:200071066
88089,88526,15702,15840,200071066,200071066,88,88,E:200071066,E:200071066
88106,88391,15707,15794,200071066,200096634,88,88,E:200071066,E:200096634
88115,88423,15711,15800,200071066,200071066,88,88,E:200071066,E:200071066
88116,88415,15712,15799,200096634,200068377,88,88,E:200096634,E:200068377
88165,88148,15727,15722,200071066,200068377,88,88,E:200071066,E:200068377
88170,88037,15728,15687,200033868,200096634,88,88,E:200033868,E:200096634
88181,88486,15733,15826,200071066,200096634,88,88,E:200071066,E:200096634
88188,88011,15735,15679,200033868,200068757,88,88,E:200033868,E:200068757
88198,88276,15740,15759,200071066,200071066,88,88,E:200071066,E:200071066
88205,88277,15743,15760,200068377,200071066,88,88,E:200068377,E:200071066
88215,88213,15746,15745,200071066,200071066,88,88,E:200071066,E:200071066
88228,88143,15749,15721,200068757,200068757,88,88,E:200068757,E:200068757
88244,88120,15750,15713,200071066,200071066,88,88,E:200071066,E:200071066
88300,88532,15763,15843,200071066,200068757,88,88,E:200071066,E:200068757
88302,88201,15764,15742,200033868,200068757,88,88,E:200033868,E:200068757
88306,88388,15765,15793,200071066,200068757,88,88,E:200071066,E:200068757
88317,88224,15767,15747,200071066,200068757,88,88,E:200071066,E:200068757
88319,88358,15768,15781,200071066,200068757,88,88,E:200071066,E:200068757
88346,88498,15776,15831,200071066,200068377,88,88,E:200071066,E:200068377
88349,88371,15777,15785,200071066,200068757,88,88,E:200071066,E:200068757
88351,88361,15778,15782,200068377,200071066,88,88,E:200068377,E:200071066
88356,88054,15780,15691,200071066,200071066,88,88,E:200071066,E:200071066
88362,88174,15783,15730,200071066,200068757,88,88,E:200071066,E:200068757
88369,88428,15784,15803,200033868,200071066,88,88,E:200033868,E:200071066
88372,88465,15786,15818,200071066,200068757,88,88,E:200071066,E:200068757
88408,88429,15796,15804,200033868,200068377,88,88,E:200033868,E:200068377
88426,88463,15802,15816,200033868,200071066,88,88,E:200033868,E:200071066
88435,88284,15805,15761,200071066,200071066,88,88,E:200071066,E:200071066
88436,88345,15806,15775,200071066,200071066,88,88,E:200071066,E:200071066
88444,88084,15810,15699,200071066,200068757,88,88,E:200071066,E:200068757
88447,88462,15812,15815,200096634,200096634,88,88,E:200096634,E:200096634
88451,88445,15813,15811,200071066,200071066,88,88,E:200071066,E:200071066
88468,88158,15820,15724,200033868,200068377,88,88,E:200033868,E:200068377
88487,88225,15827,15748,200068377,200068757,88,88,E:200068377,E:200068757
88500,88442,15832,15809,200096634,200096634,88,88,E:200096634,E:200096634
88501,88509,15833,15837,200071066,200068757,88,88,E:200071066,E:200068757
88503,88342,15834,15774,200071066,200068757,88,88,E:200071066,E:200068757
88505,88268,15835,15755,200071066,200071066,88,88,E:200071066,E:200071066
88506,88250,15836,15752,200071066,200068757,88,88,E:200071066,E:200068757
88530,88032,15841,15685,200068757,200071066,88,88,E:200068757,E:200071066
89144,89467,15877,15960,248900748,248900748,89,89,E:248900748,E:248900748
89251,89060,15902,15854,248900524,248900748,89,89,E:248900524,E:248900748
89298,89334,15915,15923,248900748,248900524,89,89,E:248900748,E:248900524
89350,89285,15928,15911,200067668,248900896,89,89,E:200067668,E:248900896
89380,89304,15935,15917,248900748,248900524,89,89,E:248900748,E:248900524
89442,89143,15947,15876,248900748,248900748,89,89,E:248900748,E:248900748
