design,epci_2023,commune_code,P20_POP,listed_initial2024
A_income_whole_epci_barrier,200071991,02011,1159.0,False
A_income_whole_epci_barrier,200071991,02015,74.0,False
A_income_whole_epci_barrier,200071991,02034,122.0,False
A_income_whole_epci_barrier,200071991,02071,650.0,False
A_income_whole_epci_barrier,200071991,02087,34.0,False
A_income_whole_epci_barrier,200071991,02192,370.0,False
A_income_whole_epci_barrier,200071991,02201,449.0,False
A_income_whole_epci_barrier,200071991,02216,290.0,False
A_income_whole_epci_barrier,200071991,02232,365.0,False
A_income_whole_epci_barrier,200071991,02254,128.0,False
A_income_whole_epci_barrier,200071991,02258,372.0,False
A_income_whole_epci_barrier,200071991,02259,390.0,False
A_income_whole_epci_barrier,200071991,02267,297.0,False
A_income_whole_epci_barrier,200071991,02277,343.0,False
A_income_whole_epci_barrier,200071991,02302,332.0,False
A_income_whole_epci_barrier,200071991,02307,2055.0,False
A_income_whole_epci_barrier,200071991,02316,124.0,False
A_income_whole_epci_barrier,200071991,02326,467.0,False
A_income_whole_epci_barrier,200071991,02368,568.0,False
A_income_whole_epci_barrier,200071991,02410,242.0,False
A_income_whole_epci_barrier,200071991,02415,159.0,False
A_income_whole_epci_barrier,200071991,02438,244.0,False
A_income_whole_epci_barrier,200071991,02441,181.0,False
A_income_whole_epci_barrier,200071991,02449,64.0,False
A_income_whole_epci_barrier,200071991,02466,131.0,False
A_income_whole_epci_barrier,200071991,02467,50.0,False
A_income_whole_epci_barrier,200071991,02496,98.0,False
A_income_whole_epci_barrier,200071991,02506,197.0,False
A_income_whole_epci_barrier,200071991,02514,702.0,False
A_income_whole_epci_barrier,200071991,02527,461.0,False
A_income_whole_epci_barrier,200071991,02528,223.0,False
A_income_whole_epci_barrier,200071991,02557,128.0,False
A_income_whole_epci_barrier,200071991,02562,206.0,False
A_income_whole_epci_barrier,200071991,02568,165.0,False
A_income_whole_epci_barrier,200071991,02594,129.0,False
A_income_whole_epci_barrier,200071991,02598,679.0,False
A_income_whole_epci_barrier,200071991,02628,218.0,False
A_income_whole_epci_barrier,200071991,02643,784.0,False
A_income_whole_epci_barrier,200071991,02644,340.0,False
A_income_whole_epci_barrier,200071991,02667,201.0,False
A_income_whole_epci_barrier,200071991,02672,254.0,False
A_income_whole_epci_barrier,200071991,02673,442.0,False
A_income_whole_epci_barrier,200071991,02687,335.0,False
A_income_whole_epci_barrier,200071991,02718,118.0,False
A_income_whole_epci_barrier,200071991,02729,79.0,False
A_income_whole_epci_barrier,200071991,02734,272.0,False
A_income_whole_epci_barrier,200071991,02736,166.0,False
A_income_whole_epci_barrier,200071991,02749,216.0,False
A_income_whole_epci_barrier,200071991,02762,150.0,False
A_income_whole_epci_barrier,200071991,02793,116.0,False
A_income_whole_epci_barrier,200071991,02795,1604.0,False
A_income_whole_epci_barrier,200071991,02810,10392.0,False
A_income_whole_epci_barrier,200071991,02812,203.0,False
A_income_whole_epci_barrier,200071991,02822,397.0,False
A_income_whole_epci_barrier,200039055,21013,449.0,False
A_income_whole_epci_barrier,200039055,21018,53.0,False
A_income_whole_epci_barrier,242100154,21039,37.0,False
A_income_whole_epci_barrier,200039055,21045,208.0,False
A_income_whole_epci_barrier,242100154,21127,517.0,False
A_income_whole_epci_barrier,242100154,21208,162.0,False
A_income_whole_epci_barrier,242100154,21211,128.0,False
A_income_whole_epci_barrier,242100154,21230,378.0,False
A_income_whole_epci_barrier,242100154,21240,322.0,False
A_income_whole_epci_barrier,242100154,21245,320.0,False
A_income_whole_epci_barrier,200039055,21273,1442.0,False
A_income_whole_epci_barrier,242100154,21290,923.0,False
A_income_whole_epci_barrier,200039055,21293,119.0,False
A_income_whole_epci_barrier,200039055,21300,354.0,False
A_income_whole_epci_barrier,242100154,21317,4360.0,False
A_income_whole_epci_barrier,200039055,21339,511.0,False
A_income_whole_epci_barrier,242100154,21361,512.0,False
A_income_whole_epci_barrier,200039055,21373,784.0,False
A_income_whole_epci_barrier,242100154,21383,1713.0,False
A_income_whole_epci_barrier,242100154,21385,326.0,False
A_income_whole_epci_barrier,242100154,21391,841.0,False
A_income_whole_epci_barrier,242100154,21421,237.0,False
A_income_whole_epci_barrier,200039055,21478,282.0,False
A_income_whole_epci_barrier,242100154,21483,299.0,False
A_income_whole_epci_barrier,242100154,21491,70.0,False
A_income_whole_epci_barrier,200039055,21553,107.0,False
A_income_whole_epci_barrier,200039055,21559,695.0,False
A_income_whole_epci_barrier,200039055,21578,328.0,False
A_income_whole_epci_barrier,242100154,21587,250.0,False
A_income_whole_epci_barrier,242100154,21614,401.0,False
A_income_whole_epci_barrier,242100154,21620,157.0,False
A_income_whole_epci_barrier,242100154,21638,1144.0,False
A_income_whole_epci_barrier,200039055,21661,1777.0,False
A_income_whole_epci_barrier,242100154,21666,94.0,False
A_income_whole_epci_barrier,242100154,21692,248.0,False
A_income_whole_epci_barrier,242100154,21702,263.0,False
A_income_whole_epci_barrier,242504447,25006,88.0,False
A_income_whole_epci_barrier,242504447,25009,163.0,False
A_income_whole_epci_barrier,242504447,25032,427.0,False
A_income_whole_epci_barrier,242504447,25047,4984.0,False
A_income_whole_epci_barrier,242504447,25088,87.0,False
A_income_whole_epci_barrier,242504447,25094,119.0,False
A_income_whole_epci_barrier,242504447,25116,245.0,False
A_income_whole_epci_barrier,242504447,25132,142.0,False
A_income_whole_epci_barrier,242504447,25166,84.0,False
A_income_whole_epci_barrier,242504447,25183,76.0,False
A_income_whole_epci_barrier,242504447,25189,184.0,False
A_income_whole_epci_barrier,242504447,25215,88.0,False
A_income_whole_epci_barrier,242504447,25221,64.0,False
A_income_whole_epci_barrier,242504447,25249,62.0,False
A_income_whole_epci_barrier,242504447,25251,174.0,False
A_income_whole_epci_barrier,242504447,25273,202.0,False
A_income_whole_epci_barrier,242504447,25298,244.0,False
A_income_whole_epci_barrier,242504447,25299,111.0,False
A_income_whole_epci_barrier,242504447,25312,66.0,False
A_income_whole_epci_barrier,242504447,25313,197.0,False
A_income_whole_epci_barrier,242504447,25323,448.0,False
A_income_whole_epci_barrier,242504447,25341,173.0,False
A_income_whole_epci_barrier,242504447,25354,158.0,False
A_income_whole_epci_barrier,242504447,25382,612.0,False
A_income_whole_epci_barrier,242504447,25437,349.0,False
A_income_whole_epci_barrier,242504447,25439,254.0,False
A_income_whole_epci_barrier,242504447,25446,188.0,False
A_income_whole_epci_barrier,242504447,25465,205.0,False
A_income_whole_epci_barrier,242504447,25468,844.0,False
A_income_whole_epci_barrier,242504447,25474,111.0,False
A_income_whole_epci_barrier,242504447,25508,1127.0,False
A_income_whole_epci_barrier,242504447,25518,157.0,False
A_income_whole_epci_barrier,242504447,25520,181.0,False
A_income_whole_epci_barrier,242504447,25538,117.0,False
A_income_whole_epci_barrier,242504447,25546,61.0,False
A_income_whole_epci_barrier,242504447,25563,119.0,False
A_income_whole_epci_barrier,242504447,25579,209.0,False
A_income_whole_epci_barrier,242504447,25582,143.0,False
A_income_whole_epci_barrier,242504447,25599,255.0,False
A_income_whole_epci_barrier,242504447,25602,118.0,False
A_income_whole_epci_barrier,242504447,25604,125.0,False
A_income_whole_epci_barrier,242504447,25624,146.0,False
A_income_whole_epci_barrier,242504447,25626,226.0,False
A_income_whole_epci_barrier,242504447,25629,200.0,False
A_income_whole_epci_barrier,243301405,33029,5625.0,False
A_income_whole_epci_barrier,243301405,33042,5831.0,False
A_income_whole_epci_barrier,243301405,33260,995.0,False
A_income_whole_epci_barrier,243301405,33436,1109.0,False
A_income_whole_epci_barrier,243301405,33498,7646.0,False
A_income_whole_epci_barrier,244000543,40182,831.0,False
A_income_whole_epci_barrier,200055481,41008,718.0,False
A_income_whole_epci_barrier,244100798,41013,273.0,False
A_income_whole_epci_barrier,244100798,41025,1321.0,False
A_income_whole_epci_barrier,244100798,41034,92.0,False
A_income_whole_epci_barrier,200055481,41039,684.0,False
A_income_whole_epci_barrier,200055481,41066,431.0,False
A_income_whole_epci_barrier,200055481,41069,249.0,False
A_income_whole_epci_barrier,244100798,41071,548.0,False
A_income_whole_epci_barrier,244100798,41086,648.0,False
A_income_whole_epci_barrier,244100798,41104,2322.0,False
A_income_whole_epci_barrier,200055481,41114,282.0,False
A_income_whole_epci_barrier,244100798,41129,698.0,False
A_income_whole_epci_barrier,200055481,41130,669.0,False
A_income_whole_epci_barrier,200055481,41136,6211.0,False
A_income_whole_epci_barrier,244100798,41148,1305.0,False
A_income_whole_epci_barrier,244100798,41150,3309.0,False
A_income_whole_epci_barrier,200055481,41155,1234.0,False
A_income_whole_epci_barrier,200055481,41156,527.0,False
A_income_whole_epci_barrier,244100798,41160,321.0,False
A_income_whole_epci_barrier,244100798,41204,1789.0,False
A_income_whole_epci_barrier,244100798,41207,1141.0,False
A_income_whole_epci_barrier,244100798,41220,4299.0,False
A_income_whole_epci_barrier,200055481,41252,1548.0,False
A_income_whole_epci_barrier,244100798,41262,1119.0,False
A_income_whole_epci_barrier,200055481,41292,200.0,False
A_income_whole_epci_barrier,200005932,45006,1128.0,False
A_income_whole_epci_barrier,200035764,45008,1969.0,False
A_income_whole_epci_barrier,200035764,45046,1057.0,False
A_income_whole_epci_barrier,200035764,45055,556.0,False
A_income_whole_epci_barrier,200035764,45058,178.0,False
A_income_whole_epci_barrier,200035764,45059,191.0,False
A_income_whole_epci_barrier,200035764,45062,1501.0,False
A_income_whole_epci_barrier,200035764,45074,111.0,False
A_income_whole_epci_barrier,200035764,45093,2634.0,False
A_income_whole_epci_barrier,200035764,45099,506.0,False
A_income_whole_epci_barrier,200005932,45146,7371.0,False
A_income_whole_epci_barrier,200035764,45152,213.0,False
A_income_whole_epci_barrier,200035764,45154,2043.0,False
A_income_whole_epci_barrier,200035764,45166,285.0,False
A_income_whole_epci_barrier,200005932,45175,1504.0,False
A_income_whole_epci_barrier,200005932,45182,1238.0,False
A_income_whole_epci_barrier,200035764,45183,133.0,False
A_income_whole_epci_barrier,200005932,45193,2145.0,False
A_income_whole_epci_barrier,200005932,45200,1401.0,False
A_income_whole_epci_barrier,200035764,45248,2270.0,False
A_income_whole_epci_barrier,200035764,45262,139.0,False
A_income_whole_epci_barrier,200035764,45266,202.0,False
A_income_whole_epci_barrier,200035764,45296,749.0,False
A_income_whole_epci_barrier,200035764,45299,270.0,False
A_income_whole_epci_barrier,200005932,45309,702.0,False
A_income_whole_epci_barrier,200035764,45313,813.0,False
A_income_whole_epci_barrier,200035764,45326,389.0,False
A_income_whole_epci_barrier,200035764,45330,215.0,False
A_income_whole_epci_barrier,200035764,45337,284.0,False
A_income_whole_epci_barrier,200035764,45341,197.0,False
A_income_whole_epci_barrier,200070589,54001,306.0,False
A_income_whole_epci_barrier,200070589,54006,445.0,False
A_income_whole_epci_barrier,200070589,54012,354.0,False
A_income_whole_epci_barrier,200070589,54021,233.0,False
A_income_whole_epci_barrier,200070589,54024,363.0,False
A_income_whole_epci_barrier,200070589,54059,752.0,False
A_income_whole_epci_barrier,200070589,54070,179.0,False
A_income_whole_epci_barrier,200070589,54089,1406.0,False
A_income_whole_epci_barrier,200070589,54095,46.0,False
A_income_whole_epci_barrier,200070589,54100,776.0,False
A_income_whole_epci_barrier,200070589,54104,257.0,False
A_income_whole_epci_barrier,200070589,54110,560.0,False
A_income_whole_epci_barrier,200070589,54113,1528.0,False
A_income_whole_epci_barrier,200070589,54126,223.0,False
A_income_whole_epci_barrier,200070589,54131,496.0,False
A_income_whole_epci_barrier,200070589,54168,302.0,False
A_income_whole_epci_barrier,200070589,54179,303.0,False
A_income_whole_epci_barrier,200070589,54180,70.0,False
A_income_whole_epci_barrier,200070589,54186,1109.0,False
A_income_whole_epci_barrier,200070589,54219,82.0,False
A_income_whole_epci_barrier,200070589,54250,736.0,False
A_income_whole_epci_barrier,200070589,54276,787.0,False
A_income_whole_epci_barrier,200070589,54289,362.0,False
A_income_whole_epci_barrier,200070589,54296,432.0,False
A_income_whole_epci_barrier,200070589,54301,127.0,False
A_income_whole_epci_barrier,200070589,54311,593.0,False
A_income_whole_epci_barrier,200070589,54313,231.0,False
A_income_whole_epci_barrier,200070589,54315,905.0,False
A_income_whole_epci_barrier,200070589,54333,250.0,False
A_income_whole_epci_barrier,200070589,54358,279.0,False
A_income_whole_epci_barrier,200070589,54372,516.0,False
A_income_whole_epci_barrier,200070589,54374,521.0,False
A_income_whole_epci_barrier,200070589,54400,1139.0,False
A_income_whole_epci_barrier,200070589,54424,44.0,False
A_income_whole_epci_barrier,200070589,54444,224.0,False
A_income_whole_epci_barrier,200070589,54464,106.0,False
A_income_whole_epci_barrier,200070589,54508,239.0,False
A_income_whole_epci_barrier,200070589,54510,305.0,False
A_income_whole_epci_barrier,200070589,54517,202.0,False
A_income_whole_epci_barrier,200070589,54558,280.0,False
A_income_whole_epci_barrier,200070589,54577,141.0,False
A_income_whole_epci_barrier,247000706,70036,155.0,False
A_income_whole_epci_barrier,247000706,70084,649.0,False
A_income_whole_epci_barrier,247000706,70085,692.0,False
A_income_whole_epci_barrier,247000706,70107,443.0,False
A_income_whole_epci_barrier,247000706,70109,307.0,False
A_income_whole_epci_barrier,247000706,70118,196.0,False
A_income_whole_epci_barrier,247000706,70145,491.0,False
A_income_whole_epci_barrier,247000706,70154,367.0,False
A_income_whole_epci_barrier,247000706,70174,143.0,False
A_income_whole_epci_barrier,247000706,70189,251.0,False
A_income_whole_epci_barrier,247000706,70224,684.0,False
A_income_whole_epci_barrier,247000706,70239,200.0,False
A_income_whole_epci_barrier,247000706,70288,118.0,False
A_income_whole_epci_barrier,247000706,70325,356.0,False
A_income_whole_epci_barrier,247000706,70326,307.0,False
A_income_whole_epci_barrier,247000706,70355,311.0,False
A_income_whole_epci_barrier,247000706,70383,425.0,False
A_income_whole_epci_barrier,247000706,70405,196.0,False
A_income_whole_epci_barrier,247000706,70407,275.0,False
A_income_whole_epci_barrier,247000706,70431,252.0,False
A_income_whole_epci_barrier,247000706,70441,251.0,False
A_income_whole_epci_barrier,247000706,70447,2395.0,False
A_income_whole_epci_barrier,247000706,70493,462.0,False
A_income_whole_epci_barrier,247000706,70503,161.0,False
A_income_whole_epci_barrier,247000706,70507,259.0,False
A_income_whole_epci_barrier,247000706,70519,108.0,False
A_income_whole_epci_barrier,247000706,70560,166.0,False
A_income_whole_epci_barrier,247000706,70575,849.0,False
A_income_whole_epci_barrier,247103765,71026,332.0,False
A_income_whole_epci_barrier,247104094,71034,334.0,False
A_income_whole_epci_barrier,247104094,71037,83.0,False
A_income_whole_epci_barrier,247103765,71052,729.0,False
A_income_whole_epci_barrier,247103765,71058,186.0,False
A_income_whole_epci_barrier,247104094,71070,2147.0,False
A_income_whole_epci_barrier,247104094,71072,145.0,False
A_income_whole_epci_barrier,247103765,71080,92.0,False
A_income_whole_epci_barrier,247103765,71089,235.0,False
A_income_whole_epci_barrier,247104094,71115,87.0,False
A_income_whole_epci_barrier,247104094,71124,202.0,False
A_income_whole_epci_barrier,247104094,71159,201.0,False
A_income_whole_epci_barrier,247103765,71193,476.0,False
A_income_whole_epci_barrier,247104094,71201,194.0,False
A_income_whole_epci_barrier,247104094,71216,195.0,False
A_income_whole_epci_barrier,247103765,71219,542.0,False
A_income_whole_epci_barrier,247104094,71225,548.0,False
A_income_whole_epci_barrier,247103765,71245,325.0,False
A_income_whole_epci_barrier,247104094,71247,367.0,False
A_income_whole_epci_barrier,247103765,71249,981.0,False
A_income_whole_epci_barrier,247103765,71252,364.0,False
A_income_whole_epci_barrier,247103765,71274,387.0,False
A_income_whole_epci_barrier,247104094,71277,666.0,False
A_income_whole_epci_barrier,247104094,71296,741.0,False
A_income_whole_epci_barrier,247104094,71302,215.0,False
A_income_whole_epci_barrier,247103765,71308,31.0,False
A_income_whole_epci_barrier,247104094,71324,584.0,False
A_income_whole_epci_barrier,247103765,71328,631.0,False
A_income_whole_epci_barrier,247104094,71374,160.0,False
A_income_whole_epci_barrier,247103765,71384,512.0,False
A_income_whole_epci_barrier,247104094,71392,490.0,False
A_income_whole_epci_barrier,247103765,71402,760.0,False
A_income_whole_epci_barrier,247104094,71422,272.0,False
A_income_whole_epci_barrier,247104094,71426,530.0,False
A_income_whole_epci_barrier,247104094,71449,135.0,False
A_income_whole_epci_barrier,247104094,71455,156.0,False
A_income_whole_epci_barrier,247104094,71461,62.0,False
A_income_whole_epci_barrier,247104094,71471,95.0,False
A_income_whole_epci_barrier,247104094,71485,257.0,False
A_income_whole_epci_barrier,247104094,71498,132.0,False
A_income_whole_epci_barrier,247104094,71501,143.0,False
A_income_whole_epci_barrier,247104094,71503,128.0,False
A_income_whole_epci_barrier,247104094,71505,77.0,False
A_income_whole_epci_barrier,247103765,71512,2943.0,False
A_income_whole_epci_barrier,247104094,71515,102.0,False
A_income_whole_epci_barrier,247103765,71572,234.0,False
A_income_whole_epci_barrier,247104094,71579,169.0,False
A_income_whole_epci_barrier,200023919,77011,491.0,False
A_income_whole_epci_barrier,200023919,77045,721.0,False
A_income_whole_epci_barrier,200023919,77050,528.0,False
A_income_whole_epci_barrier,200023919,77071,842.0,False
A_income_whole_epci_barrier,200023919,77099,3020.0,False
A_income_whole_epci_barrier,200023919,77110,305.0,False
A_income_whole_epci_barrier,200023919,77168,2151.0,False
A_income_whole_epci_barrier,200023919,77261,1208.0,False
A_income_whole_epci_barrier,200023919,77267,355.0,False
A_income_whole_epci_barrier,200023919,77271,137.0,False
A_income_whole_epci_barrier,200023919,77297,327.0,False
A_income_whole_epci_barrier,200023919,77370,783.0,False
A_income_whole_epci_barrier,200023919,77458,5253.0,False
A_income_whole_epci_barrier,200023919,77489,237.0,False
A_income_whole_epci_barrier,200023919,77500,463.0,False
B_income_commune_barrier,240200501,02008,299.0,True
B_income_commune_barrier,200071991,02011,1159.0,False
B_income_commune_barrier,200071991,02015,74.0,False
B_income_commune_barrier,200071991,02034,122.0,False
B_income_commune_barrier,240200501,02036,70.0,True
B_income_commune_barrier,200071991,02071,650.0,False
B_income_commune_barrier,200071991,02087,34.0,False
B_income_commune_barrier,240200501,02091,94.0,True
B_income_commune_barrier,240200501,02110,2232.0,True
B_income_commune_barrier,240200501,02118,129.0,True
B_income_commune_barrier,240200501,02120,196.0,True
B_income_commune_barrier,240200501,02129,19.0,True
B_income_commune_barrier,240200501,02131,1883.0,True
B_income_commune_barrier,240200501,02148,256.0,True
B_income_commune_barrier,240200501,02152,87.0,True
B_income_commune_barrier,240200501,02167,888.0,True
B_income_commune_barrier,240200501,02176,207.0,True
B_income_commune_barrier,240200501,02179,381.0,True
B_income_commune_barrier,240200501,02190,523.0,True
B_income_commune_barrier,200071991,02192,370.0,False
B_income_commune_barrier,240200501,02195,900.0,True
B_income_commune_barrier,240200501,02198,228.0,True
B_income_commune_barrier,200071991,02201,449.0,False
B_income_commune_barrier,240200501,02210,361.0,True
B_income_commune_barrier,200071991,02216,290.0,False
B_income_commune_barrier,240200501,02224,340.0,True
B_income_commune_barrier,240200501,02230,186.0,True
B_income_commune_barrier,200071991,02232,365.0,False
B_income_commune_barrier,200071991,02254,128.0,False
B_income_commune_barrier,240200501,02255,155.0,True
B_income_commune_barrier,200071991,02258,372.0,False
B_income_commune_barrier,200071991,02259,390.0,False
B_income_commune_barrier,240200501,02263,114.0,True
B_income_commune_barrier,200071991,02267,297.0,False
B_income_commune_barrier,200071991,02277,343.0,False
B_income_commune_barrier,200071991,02302,332.0,False
B_income_commune_barrier,200071991,02307,2055.0,False
B_income_commune_barrier,200071991,02316,124.0,False
B_income_commune_barrier,200071991,02326,467.0,False
B_income_commune_barrier,200071991,02368,568.0,False
B_income_commune_barrier,240200501,02393,139.0,True
B_income_commune_barrier,200071991,02410,242.0,False
B_income_commune_barrier,200071991,02415,159.0,False
B_income_commune_barrier,240200501,02421,99.0,True
B_income_commune_barrier,240200501,02427,140.0,True
B_income_commune_barrier,240200501,02432,190.0,True
B_income_commune_barrier,200071991,02438,244.0,False
B_income_commune_barrier,240200501,02439,1196.0,True
B_income_commune_barrier,200071991,02441,181.0,False
B_income_commune_barrier,200071991,02449,64.0,False
B_income_commune_barrier,240200501,02464,366.0,True
B_income_commune_barrier,200071991,02466,131.0,False
B_income_commune_barrier,200071991,02467,50.0,False
B_income_commune_barrier,240200501,02487,620.0,True
B_income_commune_barrier,200071991,02496,98.0,False
B_income_commune_barrier,200071991,02506,197.0,False
B_income_commune_barrier,200071991,02514,702.0,False
B_income_commune_barrier,240200501,02520,737.0,True
B_income_commune_barrier,240200501,02523,71.0,True
B_income_commune_barrier,200071991,02527,461.0,False
B_income_commune_barrier,200071991,02528,223.0,False
B_income_commune_barrier,240200501,02537,203.0,True
B_income_commune_barrier,200071991,02557,128.0,False
B_income_commune_barrier,200071991,02562,206.0,False
B_income_commune_barrier,200071991,02568,165.0,False
B_income_commune_barrier,240200501,02577,91.0,True
B_income_commune_barrier,240200501,02581,320.0,True
B_income_commune_barrier,200071991,02594,129.0,False
B_income_commune_barrier,200071991,02598,679.0,False
B_income_commune_barrier,240200501,02612,124.0,True
B_income_commune_barrier,240200501,02620,341.0,True
B_income_commune_barrier,200071991,02628,218.0,False
B_income_commune_barrier,240200501,02633,61.0,True
B_income_commune_barrier,200071991,02643,784.0,False
B_income_commune_barrier,200071991,02644,340.0,False
B_income_commune_barrier,200071991,02667,201.0,False
B_income_commune_barrier,200071991,02672,254.0,False
B_income_commune_barrier,200071991,02673,442.0,False
B_income_commune_barrier,240200501,02682,115.0,True
B_income_commune_barrier,200071991,02687,335.0,False
B_income_commune_barrier,240200501,02698,102.0,True
B_income_commune_barrier,240200501,02715,42.0,True
B_income_commune_barrier,200071991,02718,118.0,False
B_income_commune_barrier,200071991,02729,79.0,False
B_income_commune_barrier,240200501,02730,265.0,True
B_income_commune_barrier,200071991,02734,272.0,False
B_income_commune_barrier,240200501,02735,17.0,True
B_income_commune_barrier,200071991,02736,166.0,False
B_income_commune_barrier,240200501,02739,336.0,True
B_income_commune_barrier,200071991,02749,216.0,False
B_income_commune_barrier,240200501,02758,2017.0,True
B_income_commune_barrier,200071991,02762,150.0,False
B_income_commune_barrier,240200501,02763,219.0,True
B_income_commune_barrier,240200501,02773,39.0,True
B_income_commune_barrier,200071991,02793,116.0,False
B_income_commune_barrier,200071991,02795,1604.0,False
B_income_commune_barrier,240200501,02797,172.0,True
B_income_commune_barrier,200071991,02810,10392.0,False
B_income_commune_barrier,200071991,02812,203.0,False
B_income_commune_barrier,240200501,02817,82.0,True
B_income_commune_barrier,200071991,02822,397.0,False
B_income_commune_barrier,240200501,02829,41.0,True
B_income_commune_barrier,200066330,18003,1881.0,False
B_income_commune_barrier,200066330,18004,1097.0,False
B_income_commune_barrier,200066330,18005,1074.0,False
B_income_commune_barrier,200066330,18019,448.0,False
B_income_commune_barrier,200066330,18035,1053.0,False
B_income_commune_barrier,241800457,18066,901.0,True
B_income_commune_barrier,200066330,18097,1952.0,False
B_income_commune_barrier,241800457,18133,1593.0,True
B_income_commune_barrier,200066330,18176,410.0,False
B_income_commune_barrier,200066330,18179,994.0,False
B_income_commune_barrier,241800457,18181,545.0,True
B_income_commune_barrier,241800457,18188,222.0,True
B_income_commune_barrier,200066330,18189,481.0,False
B_income_commune_barrier,200066330,18194,973.0,False
B_income_commune_barrier,241800457,18201,778.0,True
B_income_commune_barrier,200066330,18206,1553.0,False
B_income_commune_barrier,241800457,18207,6432.0,True
B_income_commune_barrier,200066330,18211,695.0,False
B_income_commune_barrier,200066330,18223,2484.0,False
B_income_commune_barrier,200066330,18229,615.0,False
B_income_commune_barrier,200066330,18235,1122.0,False
B_income_commune_barrier,200066330,18253,466.0,False
B_income_commune_barrier,200066330,18271,1528.0,False
B_income_commune_barrier,200066330,18280,715.0,False
B_income_commune_barrier,241800457,18285,411.0,True
B_income_commune_barrier,200039055,21013,449.0,False
B_income_commune_barrier,200072825,21016,987.0,False
B_income_commune_barrier,200039055,21018,53.0,False
B_income_commune_barrier,242100154,21039,37.0,False
B_income_commune_barrier,200039055,21045,208.0,False
B_income_commune_barrier,200072825,21053,200.0,False
B_income_commune_barrier,200072825,21056,886.0,False
B_income_commune_barrier,200072825,21060,1604.0,False
B_income_commune_barrier,200072825,21071,711.0,False
B_income_commune_barrier,200072825,21072,188.0,False
B_income_commune_barrier,200072825,21079,128.0,False
B_income_commune_barrier,242100154,21127,517.0,False
B_income_commune_barrier,200072825,21146,123.0,False
B_income_commune_barrier,200072825,21167,124.0,False
B_income_commune_barrier,242100154,21208,162.0,False
B_income_commune_barrier,242100154,21211,128.0,False
B_income_commune_barrier,200072825,21215,182.0,False
B_income_commune_barrier,200039063,21227,500.0,False
B_income_commune_barrier,242100154,21230,378.0,False
B_income_commune_barrier,242100154,21240,322.0,False
B_income_commune_barrier,242100154,21245,320.0,False
B_income_commune_barrier,200039063,21255,348.0,False
B_income_commune_barrier,200039055,21273,1442.0,False
B_income_commune_barrier,242100154,21290,923.0,False
B_income_commune_barrier,200039055,21293,119.0,False
B_income_commune_barrier,200039055,21300,354.0,False
B_income_commune_barrier,242100154,21317,4360.0,False
B_income_commune_barrier,200072825,21323,143.0,False
B_income_commune_barrier,200039055,21339,511.0,False
B_income_commune_barrier,242100154,21361,512.0,False
B_income_commune_barrier,200072825,21369,315.0,False
B_income_commune_barrier,200039055,21373,784.0,False
B_income_commune_barrier,242100154,21383,1713.0,False
B_income_commune_barrier,242100154,21385,326.0,False
B_income_commune_barrier,242100154,21391,841.0,False
B_income_commune_barrier,200039063,21408,1705.0,False
B_income_commune_barrier,200072825,21416,1972.0,False
B_income_commune_barrier,242100154,21421,237.0,False
B_income_commune_barrier,200072825,21459,231.0,False
B_income_commune_barrier,200072825,21467,126.0,False
B_income_commune_barrier,200039055,21478,282.0,False
B_income_commune_barrier,242100154,21483,299.0,False
B_income_commune_barrier,242100154,21491,70.0,False
B_income_commune_barrier,200039063,21508,462.0,False
B_income_commune_barrier,200039055,21553,107.0,False
B_income_commune_barrier,200039055,21559,695.0,False
B_income_commune_barrier,200039055,21578,328.0,False
B_income_commune_barrier,242100154,21587,250.0,False
B_income_commune_barrier,200039063,21591,862.0,False
B_income_commune_barrier,200072825,21595,157.0,False
B_income_commune_barrier,242100154,21614,401.0,False
B_income_commune_barrier,200072825,21619,216.0,False
B_income_commune_barrier,242100154,21620,157.0,False
B_income_commune_barrier,242100154,21638,1144.0,False
B_income_commune_barrier,200072825,21644,169.0,False
B_income_commune_barrier,200039055,21661,1777.0,False
B_income_commune_barrier,242100154,21666,94.0,False
B_income_commune_barrier,200072825,21682,271.0,False
B_income_commune_barrier,242100154,21692,248.0,False
B_income_commune_barrier,242100154,21702,263.0,False
B_income_commune_barrier,242504447,25006,88.0,False
B_income_commune_barrier,242504447,25009,163.0,False
B_income_commune_barrier,242504447,25032,427.0,False
B_income_commune_barrier,242504447,25047,4984.0,False
B_income_commune_barrier,200041887,25055,356.0,False
B_income_commune_barrier,242504447,25088,87.0,False
B_income_commune_barrier,242504447,25094,119.0,False
B_income_commune_barrier,200041887,25101,574.0,False
B_income_commune_barrier,242504447,25116,245.0,False
B_income_commune_barrier,242504447,25132,142.0,False
B_income_commune_barrier,200041887,25150,290.0,False
B_income_commune_barrier,200041887,25162,212.0,False
B_income_commune_barrier,200041887,25164,145.0,False
B_income_commune_barrier,242504447,25166,84.0,False
B_income_commune_barrier,200041887,25172,233.0,False
B_income_commune_barrier,242504447,25183,76.0,False
B_income_commune_barrier,242504447,25189,184.0,False
B_income_commune_barrier,242504447,25215,88.0,False
B_income_commune_barrier,200041887,25217,603.0,False
B_income_commune_barrier,242504447,25221,64.0,False
B_income_commune_barrier,200041887,25225,187.0,False
B_income_commune_barrier,200041887,25235,320.0,False
B_income_commune_barrier,242504447,25249,62.0,False
B_income_commune_barrier,242504447,25251,174.0,False
B_income_commune_barrier,200041887,25257,268.0,False
B_income_commune_barrier,242504447,25273,202.0,False
B_income_commune_barrier,242504447,25298,244.0,False
B_income_commune_barrier,242504447,25299,111.0,False
B_income_commune_barrier,242504447,25312,66.0,False
B_income_commune_barrier,242504447,25313,197.0,False
B_income_commune_barrier,200041887,25317,267.0,False
B_income_commune_barrier,242504447,25323,448.0,False
B_income_commune_barrier,200041887,25326,534.0,False
B_income_commune_barrier,200041887,25332,569.0,False
B_income_commune_barrier,242504447,25341,173.0,False
B_income_commune_barrier,242504447,25354,158.0,False
B_income_commune_barrier,200041887,25374,553.0,False
B_income_commune_barrier,242504447,25382,612.0,False
B_income_commune_barrier,200041887,25383,272.0,False
B_income_commune_barrier,200041887,25414,126.0,False
B_income_commune_barrier,242504447,25437,349.0,False
B_income_commune_barrier,242504447,25439,254.0,False
B_income_commune_barrier,242504447,25446,188.0,False
B_income_commune_barrier,200041887,25455,196.0,False
B_income_commune_barrier,242504447,25465,205.0,False
B_income_commune_barrier,242504447,25468,844.0,False
B_income_commune_barrier,242504447,25474,111.0,False
B_income_commune_barrier,200041887,25482,687.0,False
B_income_commune_barrier,242504447,25508,1127.0,False
B_income_commune_barrier,200041887,25510,360.0,False
B_income_commune_barrier,242504447,25518,157.0,False
B_income_commune_barrier,242504447,25520,181.0,False
B_income_commune_barrier,200041887,25536,188.0,False
B_income_commune_barrier,242504447,25538,117.0,False
B_income_commune_barrier,242504447,25546,61.0,False
B_income_commune_barrier,242504447,25563,119.0,False
B_income_commune_barrier,242504447,25579,209.0,False
B_income_commune_barrier,242504447,25582,143.0,False
B_income_commune_barrier,242504447,25599,255.0,False
B_income_commune_barrier,242504447,25602,118.0,False
B_income_commune_barrier,242504447,25604,125.0,False
B_income_commune_barrier,200041887,25622,260.0,False
B_income_commune_barrier,242504447,25624,146.0,False
B_income_commune_barrier,242504447,25626,226.0,False
B_income_commune_barrier,242504447,25629,200.0,False
B_income_commune_barrier,200066017,27258,526.0,True
B_income_commune_barrier,200066017,27361,395.0,True
B_income_commune_barrier,200066017,27393,501.0,True
B_income_commune_barrier,200066017,27646,443.0,True
B_income_commune_barrier,200066017,27671,163.0,True
B_income_commune_barrier,200066462,27693,1299.0,True
B_income_commune_barrier,242852465,28005,751.0,False
B_income_commune_barrier,200070159,28009,71.0,False
B_income_commune_barrier,200058360,28021,1597.0,False
B_income_commune_barrier,200058360,28040,320.0,False
B_income_commune_barrier,200058360,28041,278.0,False
B_income_commune_barrier,242852465,28051,4841.0,False
B_income_commune_barrier,242852465,28057,598.0,False
B_income_commune_barrier,242852465,28065,107.0,False
B_income_commune_barrier,200058360,28067,89.0,False
B_income_commune_barrier,200058360,28081,302.0,False
B_income_commune_barrier,200058360,28091,146.0,False
B_income_commune_barrier,200058360,28099,1096.0,False
B_income_commune_barrier,200058360,28116,2812.0,False
B_income_commune_barrier,242852465,28126,199.0,False
B_income_commune_barrier,200058360,28139,184.0,False
B_income_commune_barrier,200058360,28142,182.0,False
B_income_commune_barrier,200058360,28148,371.0,False
B_income_commune_barrier,242852465,28153,207.0,False
B_income_commune_barrier,200058360,28154,1699.0,False
B_income_commune_barrier,200070159,28164,737.0,False
B_income_commune_barrier,200058360,28166,255.0,False
B_income_commune_barrier,200058360,28167,382.0,False
B_income_commune_barrier,200070159,28169,225.0,False
B_income_commune_barrier,242852465,28176,680.0,False
B_income_commune_barrier,200070159,28189,178.0,False
B_income_commune_barrier,200058360,28196,3237.0,False
B_income_commune_barrier,200058360,28203,641.0,False
B_income_commune_barrier,200058360,28222,385.0,False
B_income_commune_barrier,200058360,28225,645.0,False
B_income_commune_barrier,200058360,28234,476.0,False
B_income_commune_barrier,200058360,28242,101.0,False
B_income_commune_barrier,242852465,28259,332.0,False
B_income_commune_barrier,242852465,28260,100.0,False
B_income_commune_barrier,242852465,28270,222.0,False
B_income_commune_barrier,242852465,28277,304.0,False
B_income_commune_barrier,200058360,28290,284.0,False
B_income_commune_barrier,200070159,28294,523.0,False
B_income_commune_barrier,200058360,28302,1095.0,False
B_income_commune_barrier,242852465,28305,295.0,False
B_income_commune_barrier,242852465,28306,191.0,False
B_income_commune_barrier,200058360,28324,886.0,False
B_income_commune_barrier,200058360,28326,358.0,False
B_income_commune_barrier,200058360,28333,143.0,False
B_income_commune_barrier,200058360,28336,103.0,False
B_income_commune_barrier,200058360,28339,369.0,False
B_income_commune_barrier,200058360,28350,954.0,False
B_income_commune_barrier,242852465,28353,401.0,False
B_income_commune_barrier,200070159,28363,1021.0,False
B_income_commune_barrier,242852465,28364,758.0,False
B_income_commune_barrier,242852465,28370,492.0,False
B_income_commune_barrier,200058360,28385,450.0,False
B_income_commune_barrier,200070159,28391,2580.0,False
B_income_commune_barrier,242852465,28396,308.0,False
B_income_commune_barrier,200058360,28409,444.0,False
B_income_commune_barrier,200058360,28414,59.0,False
B_income_commune_barrier,242852465,28418,163.0,False
B_income_commune_barrier,243301405,33029,5625.0,False
B_income_commune_barrier,243301405,33042,5831.0,False
B_income_commune_barrier,243301405,33260,995.0,False
B_income_commune_barrier,243301405,33436,1109.0,False
B_income_commune_barrier,243301405,33498,7646.0,False
B_income_commune_barrier,243700499,37009,430.0,False
B_income_commune_barrier,243700499,37010,2209.0,False
B_income_commune_barrier,243700499,37030,796.0,False
B_income_commune_barrier,200073237,37047,1237.0,False
B_income_commune_barrier,200073237,37059,1318.0,False
B_income_commune_barrier,243700499,37063,4895.0,False
B_income_commune_barrier,243700499,37092,653.0,False
B_income_commune_barrier,243700499,37095,345.0,False
B_income_commune_barrier,243700499,37106,323.0,False
B_income_commune_barrier,243700499,37155,642.0,False
B_income_commune_barrier,243700499,37160,349.0,False
B_income_commune_barrier,200073237,37167,2127.0,False
B_income_commune_barrier,243700499,37169,927.0,False
B_income_commune_barrier,243700499,37175,1239.0,False
B_income_commune_barrier,200073237,37182,1451.0,False
B_income_commune_barrier,200073237,37204,1343.0,False
B_income_commune_barrier,200073237,37206,1766.0,False
B_income_commune_barrier,243700499,37224,920.0,False
B_income_commune_barrier,243700499,37229,243.0,False
B_income_commune_barrier,200073237,37237,1281.0,False
B_income_commune_barrier,243700499,37240,687.0,False
B_income_commune_barrier,200073237,37245,2162.0,False
B_income_commune_barrier,200073237,37249,1409.0,False
B_income_commune_barrier,243700499,37276,1321.0,False
B_income_commune_barrier,200069615,39017,1196.0,False
B_income_commune_barrier,243900560,39039,243.0,False
B_income_commune_barrier,200069615,39056,1527.0,False
B_income_commune_barrier,200069615,39057,99.0,False
B_income_commune_barrier,243900560,39076,223.0,False
B_income_commune_barrier,200069615,39104,601.0,False
B_income_commune_barrier,200069615,39114,140.0,False
B_income_commune_barrier,200069615,39167,358.0,False
B_income_commune_barrier,243900560,39172,255.0,False
B_income_commune_barrier,200069615,39194,481.0,False
B_income_commune_barrier,243900560,39218,432.0,False
B_income_commune_barrier,243900560,39219,657.0,False
B_income_commune_barrier,200069615,39229,205.0,False
B_income_commune_barrier,243900560,39235,1192.0,False
B_income_commune_barrier,200069615,39244,159.0,False
B_income_commune_barrier,200069615,39272,47.0,False
B_income_commune_barrier,200069615,39279,610.0,False
B_income_commune_barrier,200069615,39288,384.0,False
B_income_commune_barrier,200069615,39296,214.0,False
B_income_commune_barrier,200069615,39304,228.0,False
B_income_commune_barrier,200069615,39310,479.0,False
B_income_commune_barrier,200069615,39321,159.0,False
B_income_commune_barrier,200069615,39349,490.0,False
B_income_commune_barrier,243900560,39352,137.0,False
B_income_commune_barrier,200069615,39379,526.0,False
B_income_commune_barrier,200069615,39388,195.0,False
B_income_commune_barrier,243900560,39396,1105.0,False
B_income_commune_barrier,243900560,39400,149.0,False
B_income_commune_barrier,200069615,39407,336.0,False
B_income_commune_barrier,200069615,39422,522.0,False
B_income_commune_barrier,243900560,39430,105.0,False
B_income_commune_barrier,200069615,39447,268.0,False
B_income_commune_barrier,243900560,39451,505.0,False
B_income_commune_barrier,243900560,39452,527.0,False
B_income_commune_barrier,200069615,39456,345.0,False
B_income_commune_barrier,200069615,39457,55.0,False
B_income_commune_barrier,200069615,39471,758.0,False
B_income_commune_barrier,200069615,39486,114.0,False
B_income_commune_barrier,243900560,39498,619.0,False
B_income_commune_barrier,200069615,39553,289.0,False
B_income_commune_barrier,200069615,39555,252.0,False
B_income_commune_barrier,200069615,39574,711.0,False
B_income_commune_barrier,200069615,39582,785.0,False
B_income_commune_barrier,244000543,40182,831.0,False
B_income_commune_barrier,200072072,41003,590.0,False
B_income_commune_barrier,200055481,41008,718.0,False
B_income_commune_barrier,200072072,41010,1005.0,False
B_income_commune_barrier,244100798,41013,273.0,False
B_income_commune_barrier,244100798,41025,1321.0,False
B_income_commune_barrier,244100798,41034,92.0,False
B_income_commune_barrier,200055481,41039,684.0,False
B_income_commune_barrier,200055481,41066,431.0,False
B_income_commune_barrier,200055481,41069,249.0,False
B_income_commune_barrier,244100798,41071,548.0,False
B_income_commune_barrier,200072072,41073,677.0,False
B_income_commune_barrier,244100798,41086,648.0,False
B_income_commune_barrier,244100798,41104,2322.0,False
B_income_commune_barrier,200055481,41114,282.0,False
B_income_commune_barrier,200072072,41124,332.0,False
B_income_commune_barrier,244100798,41129,698.0,False
B_income_commune_barrier,200055481,41130,669.0,False
B_income_commune_barrier,200072072,41131,819.0,False
B_income_commune_barrier,200055481,41136,6211.0,False
B_income_commune_barrier,200072072,41138,313.0,False
B_income_commune_barrier,244100798,41148,1305.0,False
B_income_commune_barrier,244100798,41150,3309.0,False
B_income_commune_barrier,200055481,41155,1234.0,False
B_income_commune_barrier,200055481,41156,527.0,False
B_income_commune_barrier,200072072,41158,2423.0,False
B_income_commune_barrier,244100798,41160,321.0,False
B_income_commune_barrier,200072072,41186,301.0,False
B_income_commune_barrier,200072072,41200,477.0,False
B_income_commune_barrier,244100798,41204,1789.0,False
B_income_commune_barrier,244100798,41207,1141.0,False
B_income_commune_barrier,200072072,41209,793.0,False
B_income_commune_barrier,244100798,41220,4299.0,False
B_income_commune_barrier,200072072,41226,3056.0,False
B_income_commune_barrier,200055481,41252,1548.0,False
B_income_commune_barrier,200072072,41259,824.0,False
B_income_commune_barrier,244100798,41262,1119.0,False
B_income_commune_barrier,200072072,41269,15680.0,False
B_income_commune_barrier,200072072,41275,1253.0,False
B_income_commune_barrier,200072072,41287,498.0,False
B_income_commune_barrier,200055481,41292,200.0,False
B_income_commune_barrier,200072072,41293,247.0,False
B_income_commune_barrier,200072072,41294,1117.0,False
B_income_commune_barrier,200005932,45006,1128.0,False
B_income_commune_barrier,200035764,45008,1969.0,False
B_income_commune_barrier,200067676,45017,339.0,False
B_income_commune_barrier,200067676,45027,390.0,False
B_income_commune_barrier,200067676,45031,1446.0,False
B_income_commune_barrier,200070100,45039,706.0,False
B_income_commune_barrier,200070100,45042,1895.0,False
B_income_commune_barrier,200035764,45046,1057.0,False
B_income_commune_barrier,200035764,45055,556.0,False
B_income_commune_barrier,200035764,45058,178.0,False
B_income_commune_barrier,200035764,45059,191.0,False
B_income_commune_barrier,200035764,45062,1501.0,False
B_income_commune_barrier,200070100,45063,924.0,False
B_income_commune_barrier,200035764,45074,111.0,False
B_income_commune_barrier,200067668,45076,228.0,True
B_income_commune_barrier,200067676,45078,252.0,False
B_income_commune_barrier,200035764,45093,2634.0,False
B_income_commune_barrier,200035764,45099,506.0,False
B_income_commune_barrier,200070100,45122,1424.0,False
B_income_commune_barrier,200005932,45146,7371.0,False
B_income_commune_barrier,200067676,45150,183.0,False
B_income_commune_barrier,200035764,45152,213.0,False
B_income_commune_barrier,200070100,45153,727.0,False
B_income_commune_barrier,200035764,45154,2043.0,False
B_income_commune_barrier,200070100,45164,661.0,False
B_income_commune_barrier,200067668,45165,609.0,True
B_income_commune_barrier,200035764,45166,285.0,False
B_income_commune_barrier,200070100,45171,545.0,False
B_income_commune_barrier,200005932,45175,1504.0,False
B_income_commune_barrier,200067676,45178,1385.0,False
B_income_commune_barrier,200005932,45182,1238.0,False
B_income_commune_barrier,200035764,45183,133.0,False
B_income_commune_barrier,200070100,45184,394.0,False
B_income_commune_barrier,200067668,45189,248.0,True
B_income_commune_barrier,200005932,45193,2145.0,False
B_income_commune_barrier,200005932,45200,1401.0,False
B_income_commune_barrier,200067676,45205,257.0,False
B_income_commune_barrier,200067676,45212,1261.0,False
B_income_commune_barrier,200067676,45219,192.0,False
B_income_commune_barrier,200070100,45226,1356.0,False
B_income_commune_barrier,200067676,45243,313.0,False
B_income_commune_barrier,200070100,45244,2593.0,False
B_income_commune_barrier,200035764,45248,2270.0,False
B_income_commune_barrier,200067668,45250,248.0,True
B_income_commune_barrier,200067676,45259,1128.0,False
B_income_commune_barrier,200035764,45262,139.0,False
B_income_commune_barrier,200035764,45266,202.0,False
B_income_commune_barrier,200070100,45268,614.0,False
B_income_commune_barrier,200070100,45270,2004.0,False
B_income_commune_barrier,200067668,45279,1891.0,True
B_income_commune_barrier,200035764,45296,749.0,False
B_income_commune_barrier,200070100,45297,1025.0,False
B_income_commune_barrier,200035764,45299,270.0,False
B_income_commune_barrier,200067668,45306,781.0,True
B_income_commune_barrier,200005932,45309,702.0,False
B_income_commune_barrier,200035764,45313,813.0,False
B_income_commune_barrier,200070100,45315,5141.0,False
B_income_commune_barrier,200067668,45322,188.0,True
B_income_commune_barrier,200035764,45326,389.0,False
B_income_commune_barrier,200035764,45330,215.0,False
B_income_commune_barrier,200070100,45331,614.0,False
B_income_commune_barrier,200070100,45336,867.0,False
B_income_commune_barrier,200035764,45337,284.0,False
B_income_commune_barrier,200067676,45339,483.0,False
B_income_commune_barrier,200070100,45340,563.0,False
B_income_commune_barrier,200035764,45341,197.0,False
B_income_commune_barrier,200066850,51002,1387.0,False
B_income_commune_barrier,200066850,51076,435.0,False
B_income_commune_barrier,200066850,51085,377.0,False
B_income_commune_barrier,200066850,51121,251.0,False
B_income_commune_barrier,200066850,51173,128.0,False
B_income_commune_barrier,200066850,51192,346.0,False
B_income_commune_barrier,200066850,51204,1346.0,False
B_income_commune_barrier,200066850,51217,2916.0,False
B_income_commune_barrier,200066850,51249,391.0,False
B_income_commune_barrier,200066850,51252,519.0,False
B_income_commune_barrier,200066850,51298,433.0,False
B_income_commune_barrier,200066850,51320,307.0,False
B_income_commune_barrier,200066850,51346,1152.0,False
B_income_commune_barrier,200066850,51396,139.0,False
B_income_commune_barrier,200066850,51410,657.0,False
B_income_commune_barrier,200066850,51465,162.0,False
B_income_commune_barrier,200066850,51585,786.0,False
B_income_commune_barrier,200066850,51597,331.0,False
B_income_commune_barrier,200066850,51605,525.0,False
B_income_commune_barrier,200066850,51609,844.0,False
B_income_commune_barrier,200066850,51644,317.0,False
B_income_commune_barrier,200070589,54001,306.0,False
B_income_commune_barrier,200035772,54005,110.0,False
B_income_commune_barrier,200070589,54006,445.0,False
B_income_commune_barrier,200070589,54012,354.0,False
B_income_commune_barrier,200070589,54021,233.0,False
B_income_commune_barrier,200070589,54024,363.0,False
B_income_commune_barrier,200035772,54032,188.0,False
B_income_commune_barrier,200035772,54042,279.0,False
B_income_commune_barrier,200070589,54059,752.0,False
B_income_commune_barrier,200035772,54062,652.0,False
B_income_commune_barrier,200070589,54070,179.0,False
B_income_commune_barrier,200070589,54089,1406.0,False
B_income_commune_barrier,200070589,54095,46.0,False
B_income_commune_barrier,200070589,54100,776.0,False
B_income_commune_barrier,200070589,54104,257.0,False
B_income_commune_barrier,200035772,54109,931.0,False
B_income_commune_barrier,200070589,54110,560.0,False
B_income_commune_barrier,200070589,54113,1528.0,False
B_income_commune_barrier,200035772,54117,116.0,False
B_income_commune_barrier,200070589,54126,223.0,False
B_income_commune_barrier,200070589,54131,496.0,False
B_income_commune_barrier,200035772,54132,59.0,False
B_income_commune_barrier,200035772,54142,154.0,False
B_income_commune_barrier,200035772,54164,88.0,False
B_income_commune_barrier,200070589,54168,302.0,False
B_income_commune_barrier,200070589,54179,303.0,False
B_income_commune_barrier,200070589,54180,70.0,False
B_income_commune_barrier,200035772,54185,59.0,False
B_income_commune_barrier,200070589,54186,1109.0,False
B_income_commune_barrier,200035772,54203,140.0,False
B_income_commune_barrier,200070589,54219,82.0,False
B_income_commune_barrier,200035772,54221,230.0,False
B_income_commune_barrier,200035772,54224,123.0,False
B_income_commune_barrier,200035772,54235,420.0,False
B_income_commune_barrier,200035772,54238,268.0,False
B_income_commune_barrier,200035772,54247,178.0,False
B_income_commune_barrier,200070589,54250,736.0,False
B_income_commune_barrier,200035772,54252,507.0,False
B_income_commune_barrier,200035772,54264,320.0,False
B_income_commune_barrier,200035772,54266,404.0,False
B_income_commune_barrier,200070589,54276,787.0,False
B_income_commune_barrier,200070589,54289,362.0,False
B_income_commune_barrier,200035772,54291,294.0,False
B_income_commune_barrier,200070589,54296,432.0,False
B_income_commune_barrier,200035772,54299,227.0,False
B_income_commune_barrier,200070589,54301,127.0,False
B_income_commune_barrier,200035772,54307,167.0,False
B_income_commune_barrier,200035772,54309,393.0,False
B_income_commune_barrier,200035772,54310,3.0,False
B_income_commune_barrier,200070589,54311,593.0,False
B_income_commune_barrier,200070589,54313,231.0,False
B_income_commune_barrier,200070589,54315,905.0,False
B_income_commune_barrier,200070589,54333,250.0,False
B_income_commune_barrier,200035772,54344,215.0,False
B_income_commune_barrier,200070589,54358,279.0,False
B_income_commune_barrier,200070589,54372,516.0,False
B_income_commune_barrier,200070589,54374,521.0,False
B_income_commune_barrier,200035772,54399,250.0,False
B_income_commune_barrier,200070589,54400,1139.0,False
B_income_commune_barrier,200035772,54407,95.0,False
B_income_commune_barrier,200035772,54409,190.0,False
B_income_commune_barrier,200035772,54411,219.0,False
B_income_commune_barrier,200035772,54417,239.0,False
B_income_commune_barrier,200070589,54424,44.0,False
B_income_commune_barrier,200035772,54434,250.0,False
B_income_commune_barrier,200070738,54435,365.0,False
B_income_commune_barrier,200035772,54442,96.0,False
B_income_commune_barrier,200070589,54444,224.0,False
B_income_commune_barrier,200070589,54464,106.0,False
B_income_commune_barrier,200035772,54465,761.0,False
B_income_commune_barrier,200035772,54486,345.0,False
B_income_commune_barrier,200035772,54497,107.0,False
B_income_commune_barrier,200070589,54508,239.0,False
B_income_commune_barrier,200070589,54510,305.0,False
B_income_commune_barrier,200035772,54513,646.0,False
B_income_commune_barrier,200070589,54517,202.0,False
B_income_commune_barrier,200035772,54522,135.0,False
B_income_commune_barrier,200035772,54552,65.0,False
B_income_commune_barrier,200035772,54553,146.0,False
B_income_commune_barrier,200035772,54554,78.0,False
B_income_commune_barrier,200070589,54558,280.0,False
B_income_commune_barrier,200035772,54563,1361.0,False
B_income_commune_barrier,200070738,54566,150.0,False
B_income_commune_barrier,200070589,54577,141.0,False
B_income_commune_barrier,200035772,54587,190.0,False
B_income_commune_barrier,200035772,54591,332.0,False
B_income_commune_barrier,200035772,54592,262.0,False
B_income_commune_barrier,200035772,54597,443.0,False
B_income_commune_barrier,200070738,57021,1509.0,False
B_income_commune_barrier,200070738,57030,562.0,False
B_income_commune_barrier,200070738,57153,2168.0,False
B_income_commune_barrier,200070738,57254,1155.0,False
B_income_commune_barrier,200070738,57350,1424.0,False
B_income_commune_barrier,200070738,57515,1836.0,False
B_income_commune_barrier,200067239,64043,296.0,False
B_income_commune_barrier,200067239,64070,321.0,False
B_income_commune_barrier,200067239,64073,264.0,False
B_income_commune_barrier,200067239,64077,176.0,False
B_income_commune_barrier,200067239,64078,226.0,False
B_income_commune_barrier,200067239,64146,337.0,False
B_income_commune_barrier,200067239,64183,626.0,False
B_income_commune_barrier,200067239,64203,322.0,False
B_income_commune_barrier,200067239,64232,220.0,False
B_income_commune_barrier,200067239,64308,262.0,False
B_income_commune_barrier,200067239,64321,244.0,False
B_income_commune_barrier,200067239,64332,166.0,False
B_income_commune_barrier,200067239,64385,277.0,False
B_income_commune_barrier,200067239,64387,627.0,False
B_income_commune_barrier,200067239,64399,2340.0,False
B_income_commune_barrier,200067239,64415,1523.0,False
B_income_commune_barrier,200067239,64511,3460.0,False
B_income_commune_barrier,200067239,64519,4393.0,False
B_income_commune_barrier,200067239,64523,778.0,False
B_income_commune_barrier,200067239,64536,872.0,False
B_income_commune_barrier,200067239,64560,177.0,False
B_income_commune_barrier,247000706,70036,155.0,False
B_income_commune_barrier,200041887,70045,420.0,False
B_income_commune_barrier,200041887,70057,152.0,False
B_income_commune_barrier,200041887,70060,288.0,False
B_income_commune_barrier,200041887,70075,198.0,False
B_income_commune_barrier,247000706,70084,649.0,False
B_income_commune_barrier,247000706,70085,692.0,False
B_income_commune_barrier,200041887,70102,278.0,False
B_income_commune_barrier,247000706,70107,443.0,False
B_income_commune_barrier,247000706,70109,307.0,False
B_income_commune_barrier,247000706,70118,196.0,False
B_income_commune_barrier,200041887,70119,354.0,False
B_income_commune_barrier,247000706,70145,491.0,False
B_income_commune_barrier,200041887,70150,324.0,False
B_income_commune_barrier,247000706,70154,367.0,False
B_income_commune_barrier,247000706,70174,143.0,False
B_income_commune_barrier,200041887,70181,134.0,False
B_income_commune_barrier,247000706,70189,251.0,False
B_income_commune_barrier,200041887,70192,206.0,False
B_income_commune_barrier,200041887,70193,231.0,False
B_income_commune_barrier,247000706,70224,684.0,False
B_income_commune_barrier,247000706,70239,200.0,False
B_income_commune_barrier,200041887,70286,125.0,False
B_income_commune_barrier,247000706,70288,118.0,False
B_income_commune_barrier,247000706,70325,356.0,False
B_income_commune_barrier,247000706,70326,307.0,False
B_income_commune_barrier,200041887,70334,1522.0,False
B_income_commune_barrier,247000706,70355,311.0,False
B_income_commune_barrier,247000706,70383,425.0,False
B_income_commune_barrier,247000367,70384,224.0,True
B_income_commune_barrier,247000706,70405,196.0,False
B_income_commune_barrier,247000706,70407,275.0,False
B_income_commune_barrier,200041887,70410,710.0,False
B_income_commune_barrier,247000706,70431,252.0,False
B_income_commune_barrier,247000706,70441,251.0,False
B_income_commune_barrier,247000706,70447,2395.0,False
B_income_commune_barrier,247000706,70493,462.0,False
B_income_commune_barrier,200041887,70494,349.0,False
B_income_commune_barrier,247000706,70503,161.0,False
B_income_commune_barrier,247000706,70507,259.0,False
B_income_commune_barrier,200041887,70509,115.0,False
B_income_commune_barrier,247000706,70519,108.0,False
B_income_commune_barrier,247000706,70560,166.0,False
B_income_commune_barrier,247000706,70575,849.0,False
B_income_commune_barrier,200041887,70578,177.0,False
B_income_commune_barrier,200071538,71001,808.0,False
B_income_commune_barrier,200071538,71002,1241.0,False
B_income_commune_barrier,200040038,71004,1163.0,False
B_income_commune_barrier,200071538,71023,965.0,False
B_income_commune_barrier,247103765,71026,332.0,False
B_income_commune_barrier,200040038,71033,869.0,False
B_income_commune_barrier,247104094,71034,334.0,False
B_income_commune_barrier,247104094,71037,83.0,False
B_income_commune_barrier,247103765,71052,729.0,False
B_income_commune_barrier,247103765,71058,186.0,False
B_income_commune_barrier,200071538,71061,466.0,False
B_income_commune_barrier,247104094,71070,2147.0,False
B_income_commune_barrier,247104094,71072,145.0,False
B_income_commune_barrier,247103765,71080,92.0,False
B_income_commune_barrier,247103765,71089,235.0,False
B_income_commune_barrier,247104094,71115,87.0,False
B_income_commune_barrier,247104094,71124,202.0,False
B_income_commune_barrier,200071538,71158,1588.0,False
B_income_commune_barrier,247104094,71159,201.0,False
B_income_commune_barrier,200040038,71167,549.0,False
B_income_commune_barrier,247103765,71193,476.0,False
B_income_commune_barrier,247104094,71201,194.0,False
B_income_commune_barrier,200071538,71213,567.0,False
B_income_commune_barrier,247104094,71216,195.0,False
B_income_commune_barrier,247103765,71219,542.0,False
B_income_commune_barrier,247104094,71225,548.0,False
B_income_commune_barrier,200040038,71228,215.0,False
B_income_commune_barrier,200071538,71234,347.0,False
B_income_commune_barrier,200071538,71244,444.0,False
B_income_commune_barrier,247103765,71245,325.0,False
B_income_commune_barrier,247104094,71247,367.0,False
B_income_commune_barrier,247103765,71249,981.0,False
B_income_commune_barrier,247103765,71252,364.0,False
B_income_commune_barrier,200071538,71261,671.0,False
B_income_commune_barrier,247103765,71274,387.0,False
B_income_commune_barrier,247104094,71277,666.0,False
B_income_commune_barrier,247104094,71296,741.0,False
B_income_commune_barrier,247104094,71302,215.0,False
B_income_commune_barrier,247103765,71308,31.0,False
B_income_commune_barrier,200040038,71312,255.0,False
B_income_commune_barrier,247104094,71324,584.0,False
B_income_commune_barrier,247103765,71328,631.0,False
B_income_commune_barrier,200071538,71332,464.0,False
B_income_commune_barrier,200071538,71336,3102.0,False
B_income_commune_barrier,200071538,71366,377.0,False
B_income_commune_barrier,200071538,71373,1721.0,False
B_income_commune_barrier,247104094,71374,160.0,False
B_income_commune_barrier,247103765,71384,512.0,False
B_income_commune_barrier,247104094,71392,490.0,False
B_income_commune_barrier,200071538,71398,1040.0,False
B_income_commune_barrier,247103765,71402,760.0,False
B_income_commune_barrier,200040038,71405,193.0,False
B_income_commune_barrier,200071538,71420,2313.0,False
B_income_commune_barrier,247104094,71422,272.0,False
B_income_commune_barrier,247104094,71426,530.0,False
B_income_commune_barrier,247104094,71449,135.0,False
B_income_commune_barrier,247104094,71455,156.0,False
B_income_commune_barrier,200040038,71456,1912.0,False
B_income_commune_barrier,247104094,71461,62.0,False
B_income_commune_barrier,200040038,71462,522.0,False
B_income_commune_barrier,247104094,71471,95.0,False
B_income_commune_barrier,247104094,71485,257.0,False
B_income_commune_barrier,247104094,71498,132.0,False
B_income_commune_barrier,247104094,71501,143.0,False
B_income_commune_barrier,247104094,71503,128.0,False
B_income_commune_barrier,247104094,71505,77.0,False
B_income_commune_barrier,247103765,71512,2943.0,False
B_income_commune_barrier,247104094,71515,102.0,False
B_income_commune_barrier,200071538,71522,1737.0,False
B_income_commune_barrier,200071538,71548,245.0,False
B_income_commune_barrier,247103765,71572,234.0,False
B_income_commune_barrier,200040038,71577,223.0,False
B_income_commune_barrier,247104094,71579,169.0,False
B_income_commune_barrier,200023919,77011,491.0,False
B_income_commune_barrier,200040251,77015,100.0,False
B_income_commune_barrier,200040251,77019,335.0,False
B_income_commune_barrier,200040251,77025,872.0,False
B_income_commune_barrier,200037133,77036,134.0,False
B_income_commune_barrier,200023919,77045,721.0,False
B_income_commune_barrier,200023919,77050,528.0,False
B_income_commune_barrier,200040251,77051,2337.0,False
B_income_commune_barrier,200040251,77068,215.0,False
B_income_commune_barrier,200023919,77071,842.0,False
B_income_commune_barrier,200023919,77099,3020.0,False
B_income_commune_barrier,200040251,77101,1060.0,False
B_income_commune_barrier,200023919,77110,305.0,False
B_income_commune_barrier,200040251,77140,271.0,False
B_income_commune_barrier,200040251,77159,2760.0,False
B_income_commune_barrier,200040251,77167,320.0,False
B_income_commune_barrier,200023919,77168,2151.0,False
B_income_commune_barrier,200037133,77197,166.0,False
B_income_commune_barrier,200040251,77212,163.0,False
B_income_commune_barrier,200040251,77218,107.0,False
B_income_commune_barrier,200040251,77223,564.0,False
B_income_commune_barrier,200040251,77236,345.0,False
B_income_commune_barrier,200023919,77261,1208.0,False
B_income_commune_barrier,200040251,77263,232.0,False
B_income_commune_barrier,200023919,77267,355.0,False
B_income_commune_barrier,200023919,77271,137.0,False
B_income_commune_barrier,200037133,77272,861.0,False
B_income_commune_barrier,200040251,77286,231.0,False
B_income_commune_barrier,200023919,77297,327.0,False
B_income_commune_barrier,200040251,77298,445.0,False
B_income_commune_barrier,200040251,77310,305.0,False
B_income_commune_barrier,200040251,77311,1405.0,False
B_income_commune_barrier,200040251,77321,667.0,False
B_income_commune_barrier,200040251,77325,360.0,False
B_income_commune_barrier,200040251,77347,855.0,False
B_income_commune_barrier,200040251,77355,167.0,False
B_income_commune_barrier,200040251,77356,45.0,False
B_income_commune_barrier,200023919,77370,783.0,False
B_income_commune_barrier,200040251,77434,366.0,False
B_income_commune_barrier,200040251,77452,66.0,False
B_income_commune_barrier,200040251,77454,367.0,False
B_income_commune_barrier,200023919,77458,5253.0,False
B_income_commune_barrier,200040251,77461,299.0,False
B_income_commune_barrier,200040251,77467,203.0,False
B_income_commune_barrier,200023919,77489,237.0,False
B_income_commune_barrier,200023919,77500,463.0,False
B_income_commune_barrier,200040251,77507,424.0,False
B_income_commune_barrier,200040251,77509,615.0,False
B_income_commune_barrier,200040251,77524,522.0,False
B_income_commune_barrier,200070969,80010,2778.0,False
B_income_commune_barrier,200070969,80035,77.0,False
B_income_commune_barrier,200070969,80037,159.0,False
B_income_commune_barrier,200071181,80050,477.0,False
B_income_commune_barrier,200070951,80056,93.0,False
B_income_commune_barrier,200070969,80064,168.0,False
B_income_commune_barrier,200070951,80066,272.0,False
B_income_commune_barrier,200070951,80077,317.0,False
B_income_commune_barrier,200071181,80079,310.0,False
B_income_commune_barrier,200071181,80083,138.0,False
B_income_commune_barrier,200070969,80094,458.0,False
B_income_commune_barrier,200071181,80106,173.0,False
B_income_commune_barrier,200071181,80114,341.0,False
B_income_commune_barrier,200071181,80119,409.0,False
B_income_commune_barrier,200070969,80132,216.0,False
B_income_commune_barrier,200071181,80134,81.0,False
B_income_commune_barrier,200071181,80142,335.0,False
B_income_commune_barrier,200071181,80157,94.0,False
B_income_commune_barrier,200071181,80165,187.0,False
B_income_commune_barrier,200071181,80179,222.0,False
B_income_commune_barrier,200070969,80188,589.0,False
B_income_commune_barrier,200070969,80193,145.0,False
B_income_commune_barrier,200070951,80202,378.0,False
B_income_commune_barrier,200071181,80210,144.0,False
B_income_commune_barrier,200071181,80211,1815.0,False
B_income_commune_barrier,200070969,80213,573.0,False
B_income_commune_barrier,200071181,80218,147.0,False
B_income_commune_barrier,200071181,80219,67.0,False
B_income_commune_barrier,200071181,80227,449.0,False
B_income_commune_barrier,200070969,80237,525.0,False
B_income_commune_barrier,200070969,80242,407.0,False
B_income_commune_barrier,200070969,80246,346.0,False
B_income_commune_barrier,200071181,80273,347.0,False
B_income_commune_barrier,200071181,80276,287.0,False
B_income_commune_barrier,200070969,80283,164.0,False
B_income_commune_barrier,200071181,80285,261.0,False
B_income_commune_barrier,200071181,80301,278.0,False
B_income_commune_barrier,200070969,80315,507.0,False
B_income_commune_barrier,200070951,80316,1993.0,False
B_income_commune_barrier,200071181,80317,209.0,False
B_income_commune_barrier,200071181,80319,333.0,False
B_income_commune_barrier,200071181,80334,98.0,False
B_income_commune_barrier,200070969,80337,201.0,False
B_income_commune_barrier,200070951,80351,259.0,False
B_income_commune_barrier,200071181,80352,160.0,False
B_income_commune_barrier,200071181,80357,230.0,False
B_income_commune_barrier,200070969,80358,138.0,False
B_income_commune_barrier,200071181,80365,183.0,False
B_income_commune_barrier,200070969,80390,411.0,False
B_income_commune_barrier,200071181,80402,138.0,False
B_income_commune_barrier,200070969,80403,176.0,False
B_income_commune_barrier,200070969,80405,421.0,False
B_income_commune_barrier,200070969,80414,122.0,False
B_income_commune_barrier,200070969,80415,1010.0,False
B_income_commune_barrier,200071181,80436,525.0,False
B_income_commune_barrier,200070969,80449,65.0,False
B_income_commune_barrier,200070969,80452,526.0,False
B_income_commune_barrier,200071181,80455,92.0,False
B_income_commune_barrier,200070969,80494,199.0,False
B_income_commune_barrier,200070969,80499,302.0,False
B_income_commune_barrier,200071181,80528,9.0,False
B_income_commune_barrier,200070969,80545,540.0,False
B_income_commune_barrier,200070951,80550,127.0,False
B_income_commune_barrier,200070951,80553,333.0,False
B_income_commune_barrier,200071181,80554,961.0,False
B_income_commune_barrier,200071181,80558,219.0,False
B_income_commune_barrier,200070951,80562,206.0,False
B_income_commune_barrier,200070951,80565,83.0,False
B_income_commune_barrier,200070969,80570,3996.0,False
B_income_commune_barrier,200070969,80571,486.0,False
B_income_commune_barrier,200071181,80577,177.0,False
B_income_commune_barrier,200071181,80582,1010.0,False
B_income_commune_barrier,200071181,80583,289.0,False
B_income_commune_barrier,200070951,80584,1072.0,False
B_income_commune_barrier,200070969,80595,311.0,False
B_income_commune_barrier,200071181,80607,209.0,False
B_income_commune_barrier,200071181,80611,942.0,False
B_income_commune_barrier,200070951,80624,285.0,False
B_income_commune_barrier,200071181,80627,816.0,False
B_income_commune_barrier,200070969,80628,788.0,False
B_income_commune_barrier,200071181,80630,2332.0,False
B_income_commune_barrier,200071181,80643,562.0,False
B_income_commune_barrier,200071181,80656,1103.0,False
B_income_commune_barrier,200070951,80661,1035.0,False
B_income_commune_barrier,200071181,80673,178.0,False
B_income_commune_barrier,200070969,80675,132.0,False
B_income_commune_barrier,200070969,80681,310.0,False
B_income_commune_barrier,200070951,80686,729.0,False
B_income_commune_barrier,200071181,80698,218.0,False
B_income_commune_barrier,200070951,80704,383.0,False
B_income_commune_barrier,200071181,80719,51.0,False
B_income_commune_barrier,200071181,80728,76.0,False
B_income_commune_barrier,200070969,80729,182.0,False
B_income_commune_barrier,200070969,80740,349.0,False
B_income_commune_barrier,200070951,80746,1074.0,False
B_income_commune_barrier,200070969,80751,582.0,False
B_income_commune_barrier,200071181,80754,394.0,False
B_income_commune_barrier,200071181,80755,145.0,False
B_income_commune_barrier,200071181,80757,144.0,False
B_income_commune_barrier,200070969,80758,208.0,False
B_income_commune_barrier,200071181,80786,146.0,False
B_income_commune_barrier,200070951,80792,246.0,False
B_income_commune_barrier,200070969,80797,139.0,False
B_income_commune_barrier,200070951,80798,1435.0,False
B_income_commune_barrier,200070951,80819,83.0,False
B_income_commune_barrier,248900748,89036,237.0,False
B_income_commune_barrier,248900748,89054,787.0,False
B_income_commune_barrier,248900748,89060,456.0,False
B_income_commune_barrier,248900524,89088,467.0,False
B_income_commune_barrier,248900748,89094,703.0,False
B_income_commune_barrier,248900748,89100,1705.0,False
B_income_commune_barrier,248900748,89116,360.0,False
B_income_commune_barrier,248900748,89126,31.0,False
B_income_commune_barrier,248900748,89143,315.0,False
B_income_commune_barrier,248900748,89151,1372.0,False
B_income_commune_barrier,248900524,89167,1081.0,False
B_income_commune_barrier,248900748,89180,496.0,False
B_income_commune_barrier,248900524,89196,1752.0,False
B_income_commune_barrier,248900748,89209,512.0,False
B_income_commune_barrier,248900748,89229,476.0,False
B_income_commune_barrier,248900748,89264,715.0,False
B_income_commune_barrier,248900748,89274,1333.0,False
B_income_commune_barrier,248900524,89281,336.0,False
B_income_commune_barrier,248900524,89304,675.0,False
B_income_commune_barrier,248900748,89332,957.0,False
B_income_commune_barrier,248900524,89334,555.0,False
B_income_commune_barrier,248900524,89360,372.0,False
B_income_commune_barrier,248900524,89361,253.0,False
B_income_commune_barrier,248900748,89370,1750.0,False
B_income_commune_barrier,248900524,89384,682.0,False
B_income_commune_barrier,248900524,89397,372.0,False
B_income_commune_barrier,248900748,89404,525.0,False
B_income_commune_barrier,248900748,89428,568.0,False
B_income_commune_barrier,248900748,89450,629.0,False
B_income_commune_barrier,248900748,89459,329.0,False
B_income_commune_barrier,248900748,89466,386.0,False
B_income_commune_barrier,248900748,89467,809.0,False
D_density_commune_barrier,200042935,01011,368.0,False
D_density_commune_barrier,200042935,01012,327.0,False
D_density_commune_barrier,200042935,01014,3336.0,False
D_density_commune_barrier,200042935,01031,3671.0,False
D_density_commune_barrier,200042935,01035,308.0,False
D_density_commune_barrier,200042935,01051,91.0,False
D_density_commune_barrier,200042935,01063,561.0,False
D_density_commune_barrier,200042935,01067,259.0,False
D_density_commune_barrier,200042935,01087,279.0,False
D_density_commune_barrier,200042935,01121,116.0,False
D_density_commune_barrier,200042935,01148,1892.0,False
D_density_commune_barrier,200042935,01152,756.0,False
D_density_commune_barrier,200042935,01155,142.0,False
D_density_commune_barrier,200042935,01170,1044.0,False
D_density_commune_barrier,200042935,01171,830.0,False
D_density_commune_barrier,200042935,01181,1241.0,False
D_density_commune_barrier,200042935,01192,2272.0,False
D_density_commune_barrier,200042935,01204,746.0,False
D_density_commune_barrier,200042935,01214,161.0,False
D_density_commune_barrier,200042935,01228,668.0,False
D_density_commune_barrier,200042935,01237,1674.0,False
D_density_commune_barrier,200042935,01240,628.0,False
D_density_commune_barrier,200042935,01265,3499.0,False
D_density_commune_barrier,200042935,01267,1008.0,False
D_density_commune_barrier,200042935,01269,3453.0,False
D_density_commune_barrier,200042935,01274,632.0,False
D_density_commune_barrier,200042935,01283,22271.0,False
D_density_commune_barrier,200042935,01293,145.0,False
D_density_commune_barrier,200042935,01307,840.0,False
D_density_commune_barrier,200042935,01311,44.0,False
D_density_commune_barrier,200042935,01373,1009.0,False
D_density_commune_barrier,200042935,01392,654.0,False
D_density_commune_barrier,200042935,01410,299.0,False
D_density_commune_barrier,200071785,02001,505.0,False
D_density_commune_barrier,200071785,02002,602.0,False
D_density_commune_barrier,240200477,02003,1019.0,False
D_density_commune_barrier,200071785,02014,721.0,False
D_density_commune_barrier,200071785,02016,215.0,False
D_density_commune_barrier,200071785,02017,308.0,False
D_density_commune_barrier,200071892,02019,359.0,False
D_density_commune_barrier,200071892,02025,367.0,False
D_density_commune_barrier,240200493,02029,351.0,False
D_density_commune_barrier,240200493,02030,254.0,False
D_density_commune_barrier,200071785,02041,815.0,False
D_density_commune_barrier,240200477,02043,64.0,False
D_density_commune_barrier,240200493,02057,1411.0,False
D_density_commune_barrier,200071785,02059,2718.0,False
D_density_commune_barrier,240200493,02060,255.0,False
D_density_commune_barrier,240200493,02061,245.0,False
D_density_commune_barrier,240200493,02063,379.0,False
D_density_commune_barrier,240200477,02064,3762.0,False
D_density_commune_barrier,240200493,02065,587.0,False
D_density_commune_barrier,200071785,02074,592.0,False
D_density_commune_barrier,200071785,02081,432.0,False
D_density_commune_barrier,200071785,02086,999.0,False
D_density_commune_barrier,240200477,02089,1146.0,False
D_density_commune_barrier,240200493,02095,5703.0,False
D_density_commune_barrier,240200493,02100,138.0,False
D_density_commune_barrier,240200493,02112,554.0,False
D_density_commune_barrier,200071785,02139,447.0,False
D_density_commune_barrier,200071892,02142,251.0,False
D_density_commune_barrier,240200493,02143,184.0,False
D_density_commune_barrier,240200493,02144,140.0,False
D_density_commune_barrier,200071785,02145,545.0,False
D_density_commune_barrier,200071785,02165,1655.0,False
D_density_commune_barrier,200071785,02173,11438.0,False
D_density_commune_barrier,240200477,02175,164.0,False
D_density_commune_barrier,200071892,02199,597.0,False
D_density_commune_barrier,200071785,02207,217.0,False
D_density_commune_barrier,200071785,02212,702.0,False
D_density_commune_barrier,200071892,02214,61.0,False
D_density_commune_barrier,200071785,02222,34.0,False
D_density_commune_barrier,240200477,02226,1877.0,False
D_density_commune_barrier,240200493,02240,198.0,False
D_density_commune_barrier,240200477,02243,2958.0,False
D_density_commune_barrier,240200477,02245,1797.0,False
D_density_commune_barrier,200071892,02246,608.0,False
D_density_commune_barrier,240200477,02253,357.0,False
D_density_commune_barrier,200071892,02257,437.0,False
D_density_commune_barrier,200071785,02260,654.0,False
D_density_commune_barrier,200071785,02262,208.0,False
D_density_commune_barrier,200071892,02288,349.0,False
D_density_commune_barrier,240200493,02291,410.0,False
D_density_commune_barrier,240200493,02293,551.0,False
D_density_commune_barrier,240200493,02296,1187.0,False
D_density_commune_barrier,200071892,02303,684.0,False
D_density_commune_barrier,200071785,02304,2845.0,False
D_density_commune_barrier,200071892,02310,250.0,False
D_density_commune_barrier,200071892,02315,1660.0,False
D_density_commune_barrier,240200493,02317,212.0,False
D_density_commune_barrier,200071892,02319,500.0,False
D_density_commune_barrier,200071892,02320,233.0,False
D_density_commune_barrier,200071892,02322,383.0,False
D_density_commune_barrier,240200493,02323,138.0,False
D_density_commune_barrier,240200493,02330,546.0,False
D_density_commune_barrier,240200493,02334,2946.0,False
D_density_commune_barrier,200071785,02335,179.0,False
D_density_commune_barrier,200071785,02336,981.0,False
D_density_commune_barrier,200071892,02340,5216.0,False
D_density_commune_barrier,240200493,02352,563.0,False
D_density_commune_barrier,240200493,02355,945.0,False
D_density_commune_barrier,200071892,02359,1274.0,False
D_density_commune_barrier,200071785,02362,238.0,False
D_density_commune_barrier,200071892,02367,146.0,False
D_density_commune_barrier,240200493,02370,590.0,False
D_density_commune_barrier,200071892,02371,1567.0,False
D_density_commune_barrier,240200493,02374,853.0,False
D_density_commune_barrier,240200493,02382,1360.0,False
D_density_commune_barrier,200071892,02383,1441.0,False
D_density_commune_barrier,240200493,02392,317.0,False
D_density_commune_barrier,200071892,02397,1252.0,False
D_density_commune_barrier,240200477,02398,281.0,False
D_density_commune_barrier,240200493,02417,120.0,False
D_density_commune_barrier,200071892,02420,830.0,False
D_density_commune_barrier,240200477,02424,103.0,False
D_density_commune_barrier,240200493,02426,541.0,False
D_density_commune_barrier,200071785,02431,378.0,False
D_density_commune_barrier,240200493,02451,122.0,False
D_density_commune_barrier,240200493,02452,235.0,False
D_density_commune_barrier,200071785,02456,295.0,False
D_density_commune_barrier,200071892,02459,158.0,False
D_density_commune_barrier,200071785,02461,369.0,False
D_density_commune_barrier,200071785,02473,219.0,False
D_density_commune_barrier,200071785,02474,394.0,False
D_density_commune_barrier,240200477,02477,964.0,False
D_density_commune_barrier,200071892,02481,480.0,False
D_density_commune_barrier,240200477,02485,95.0,False
D_density_commune_barrier,240200493,02500,807.0,False
D_density_commune_barrier,200071892,02504,1608.0,False
D_density_commune_barrier,240200493,02511,302.0,False
D_density_commune_barrier,200071892,02525,566.0,False
D_density_commune_barrier,240200493,02539,699.0,False
D_density_commune_barrier,200071785,02542,80.0,False
D_density_commune_barrier,200071785,02546,188.0,False
D_density_commune_barrier,200071892,02549,849.0,False
D_density_commune_barrier,200071785,02566,1106.0,False
D_density_commune_barrier,200071892,02571,711.0,False
D_density_commune_barrier,240200477,02576,328.0,False
D_density_commune_barrier,240200477,02593,1067.0,False
D_density_commune_barrier,200071785,02599,253.0,False
D_density_commune_barrier,240200477,02607,84.0,False
D_density_commune_barrier,240200477,02610,741.0,False
D_density_commune_barrier,240200493,02614,272.0,False
D_density_commune_barrier,240200493,02615,357.0,False
D_density_commune_barrier,240200493,02618,691.0,False
D_density_commune_barrier,200071785,02631,409.0,False
D_density_commune_barrier,240200493,02635,146.0,False
D_density_commune_barrier,200071892,02637,291.0,False
D_density_commune_barrier,200071785,02651,106.0,False
D_density_commune_barrier,240200493,02658,239.0,False
D_density_commune_barrier,200071892,02659,505.0,False
D_density_commune_barrier,200071785,02680,2304.0,False
D_density_commune_barrier,200071785,02685,121.0,False
D_density_commune_barrier,200071892,02694,627.0,False
D_density_commune_barrier,240200493,02702,605.0,False
D_density_commune_barrier,240200493,02703,1082.0,False
D_density_commune_barrier,240200477,02706,568.0,False
D_density_commune_barrier,240200493,02708,214.0,False
D_density_commune_barrier,240200493,02709,406.0,False
D_density_commune_barrier,200071892,02710,729.0,False
D_density_commune_barrier,240200477,02711,285.0,False
D_density_commune_barrier,240200477,02714,361.0,False
D_density_commune_barrier,200071785,02716,290.0,False
D_density_commune_barrier,200071785,02719,2013.0,False
D_density_commune_barrier,240200477,02722,28888.0,False
D_density_commune_barrier,200071785,02738,13504.0,False
D_density_commune_barrier,200071785,02746,658.0,False
D_density_commune_barrier,240200493,02747,84.0,False
D_density_commune_barrier,200071785,02754,186.0,False
D_density_commune_barrier,240200477,02767,321.0,False
D_density_commune_barrier,240200477,02770,785.0,False
D_density_commune_barrier,240200493,02772,154.0,False
D_density_commune_barrier,240200493,02774,119.0,False
D_density_commune_barrier,240200493,02776,561.0,False
D_density_commune_barrier,240200477,02780,1363.0,False
D_density_commune_barrier,240200493,02782,221.0,False
D_density_commune_barrier,240200493,02785,1101.0,False
D_density_commune_barrier,200071785,02788,462.0,False
D_density_commune_barrier,240200477,02805,2549.0,False
D_density_commune_barrier,200071785,02807,661.0,False
D_density_commune_barrier,240200493,02808,282.0,False
D_density_commune_barrier,200071785,02820,1688.0,False
D_density_commune_barrier,240200477,02828,92.0,False
D_density_commune_barrier,200071363,03001,2899.0,False
D_density_commune_barrier,200071363,03023,8844.0,False
D_density_commune_barrier,200071363,03029,796.0,False
D_density_commune_barrier,200071363,03033,181.0,False
D_density_commune_barrier,200071363,03044,1531.0,False
D_density_commune_barrier,200071363,03045,833.0,False
D_density_commune_barrier,200071363,03060,1039.0,False
D_density_commune_barrier,200071363,03093,1219.0,False
D_density_commune_barrier,200071363,03094,3283.0,False
D_density_commune_barrier,200071363,03095,12677.0,False
D_density_commune_barrier,200071363,03110,977.0,False
D_density_commune_barrier,200071363,03126,1176.0,False
D_density_commune_barrier,200071363,03157,1035.0,False
D_density_commune_barrier,200071363,03163,729.0,False
D_density_commune_barrier,200071363,03236,3653.0,False
D_density_commune_barrier,200071363,03258,1758.0,False
D_density_commune_barrier,200071363,03264,2554.0,False
D_density_commune_barrier,200071363,03271,805.0,False
D_density_commune_barrier,200071363,03273,484.0,False
D_density_commune_barrier,200071363,03304,2262.0,False
D_density_commune_barrier,200071363,03306,1906.0,False
D_density_commune_barrier,200071363,03310,25372.0,False
D_density_commune_barrier,200073245,07002,551.0,False
D_density_commune_barrier,200073245,07003,170.0,False
D_density_commune_barrier,200073245,07019,12403.0,False
D_density_commune_barrier,200073245,07091,328.0,False
D_density_commune_barrier,200073245,07111,175.0,False
D_density_commune_barrier,200073245,07112,259.0,False
D_density_commune_barrier,200073245,07116,1359.0,False
D_density_commune_barrier,200073245,07122,1699.0,False
D_density_commune_barrier,200073245,07139,103.0,False
D_density_commune_barrier,200073245,07141,234.0,False
D_density_commune_barrier,200073245,07155,1245.0,False
D_density_commune_barrier,200073245,07229,930.0,False
D_density_commune_barrier,200073245,07231,2880.0,False
D_density_commune_barrier,200073245,07254,865.0,False
D_density_commune_barrier,200073245,07289,1664.0,False
D_density_commune_barrier,200073245,07296,1772.0,False
D_density_commune_barrier,200073245,07325,2056.0,False
D_density_commune_barrier,200073245,07331,3495.0,False
D_density_commune_barrier,200073245,07339,2020.0,False
D_density_commune_barrier,200041630,08003,1642.0,False
D_density_commune_barrier,200041630,08022,317.0,False
D_density_commune_barrier,240800821,08028,982.0,False
D_density_commune_barrier,200041630,08040,881.0,False
D_density_commune_barrier,200041630,08043,1629.0,False
D_density_commune_barrier,200041630,08058,221.0,False
D_density_commune_barrier,200041630,08096,715.0,False
D_density_commune_barrier,200041630,08101,165.0,False
D_density_commune_barrier,240800821,08106,71.0,False
D_density_commune_barrier,200041630,08119,456.0,False
D_density_commune_barrier,240800821,08122,756.0,False
D_density_commune_barrier,200041630,08125,407.0,False
D_density_commune_barrier,200041630,08136,347.0,False
D_density_commune_barrier,200041630,08137,448.0,False
D_density_commune_barrier,200041630,08140,1064.0,False
D_density_commune_barrier,200041630,08142,2008.0,False
D_density_commune_barrier,200041630,08158,290.0,False
D_density_commune_barrier,200041630,08170,222.0,False
D_density_commune_barrier,200041630,08174,2293.0,False
D_density_commune_barrier,240800821,08175,242.0,False
D_density_commune_barrier,200041630,08179,589.0,False
D_density_commune_barrier,200041630,08180,1664.0,False
D_density_commune_barrier,240800821,08183,1046.0,False
D_density_commune_barrier,200041630,08187,312.0,False
D_density_commune_barrier,200041630,08188,995.0,False
D_density_commune_barrier,240800821,08190,6343.0,False
D_density_commune_barrier,200041630,08191,1056.0,False
D_density_commune_barrier,200041630,08194,832.0,False
D_density_commune_barrier,200041630,08199,790.0,False
D_density_commune_barrier,240800821,08207,228.0,False
D_density_commune_barrier,200041630,08209,463.0,False
D_density_commune_barrier,200041630,08216,314.0,False
D_density_commune_barrier,240800821,08226,167.0,False
D_density_commune_barrier,200041630,08230,392.0,False
D_density_commune_barrier,200041630,08232,413.0,False
D_density_commune_barrier,200041630,08235,382.0,False
D_density_commune_barrier,240800821,08247,135.0,False
D_density_commune_barrier,200041630,08263,1114.0,False
D_density_commune_barrier,200041630,08298,1589.0,False
D_density_commune_barrier,240800821,08304,80.0,False
D_density_commune_barrier,200041630,08316,993.0,False
D_density_commune_barrier,200041630,08327,2241.0,False
D_density_commune_barrier,200041630,08328,5635.0,False
D_density_commune_barrier,200041630,08331,665.0,False
D_density_commune_barrier,200041630,08342,239.0,False
D_density_commune_barrier,200041630,08343,1144.0,False
D_density_commune_barrier,200041630,08346,1355.0,False
D_density_commune_barrier,240800821,08353,720.0,False
D_density_commune_barrier,200041630,08377,154.0,False
D_density_commune_barrier,200041630,08385,1066.0,False
D_density_commune_barrier,200041630,08391,941.0,False
D_density_commune_barrier,200041630,08400,515.0,False
D_density_commune_barrier,200041630,08408,561.0,False
D_density_commune_barrier,200041630,08409,16376.0,False
D_density_commune_barrier,200041630,08445,414.0,False
D_density_commune_barrier,200041630,08457,1063.0,False
D_density_commune_barrier,200041630,08480,3588.0,False
D_density_commune_barrier,200041630,08481,253.0,False
D_density_commune_barrier,200041630,08483,526.0,False
D_density_commune_barrier,240800821,08486,1465.0,False
D_density_commune_barrier,240800821,08487,1940.0,False
D_density_commune_barrier,200041630,08488,2901.0,False
D_density_commune_barrier,200041630,08492,329.0,False
D_density_commune_barrier,200041630,08494,455.0,False
D_density_commune_barrier,200041630,08497,1227.0,False
D_density_commune_barrier,200069250,10013,143.0,False
D_density_commune_barrier,200069250,10030,1568.0,False
D_density_commune_barrier,200069250,10049,525.0,False
D_density_commune_barrier,200069250,10051,1078.0,False
D_density_commune_barrier,200069250,10053,603.0,False
D_density_commune_barrier,200069250,10060,2933.0,False
D_density_commune_barrier,200069250,10067,1889.0,False
D_density_commune_barrier,200069250,10081,12324.0,False
D_density_commune_barrier,200069250,10100,1134.0,False
D_density_commune_barrier,200069250,10104,306.0,False
D_density_commune_barrier,200069250,10110,568.0,False
D_density_commune_barrier,200069250,10115,1997.0,False
D_density_commune_barrier,200069250,10116,317.0,False
D_density_commune_barrier,200069250,10147,129.0,False
D_density_commune_barrier,200069250,10162,295.0,False
D_density_commune_barrier,200069250,10173,460.0,False
D_density_commune_barrier,200069250,10177,150.0,False
D_density_commune_barrier,200069250,10179,471.0,False
D_density_commune_barrier,200069250,10186,529.0,False
D_density_commune_barrier,200069250,10190,576.0,False
D_density_commune_barrier,200069250,10191,896.0,False
D_density_commune_barrier,200069250,10198,104.0,False
D_density_commune_barrier,200069250,10204,141.0,False
D_density_commune_barrier,200069250,10209,2225.0,False
D_density_commune_barrier,200069250,10211,997.0,False
D_density_commune_barrier,200069250,10212,113.0,False
D_density_commune_barrier,200069250,10229,102.0,False
D_density_commune_barrier,200069250,10230,674.0,False
D_density_commune_barrier,200069250,10238,439.0,False
D_density_commune_barrier,200069250,10245,812.0,False
D_density_commune_barrier,200069250,10246,256.0,False
D_density_commune_barrier,200069250,10248,393.0,False
D_density_commune_barrier,200069250,10249,403.0,False
D_density_commune_barrier,200069250,10255,287.0,False
D_density_commune_barrier,200069250,10260,652.0,False
D_density_commune_barrier,200069250,10265,3279.0,False
D_density_commune_barrier,200069250,10281,287.0,False
D_density_commune_barrier,200069250,10282,1375.0,False
D_density_commune_barrier,200069250,10297,5146.0,False
D_density_commune_barrier,200069250,10307,365.0,False
D_density_commune_barrier,200069250,10321,3621.0,False
D_density_commune_barrier,200069250,10324,159.0,False
D_density_commune_barrier,200069250,10325,4633.0,False
D_density_commune_barrier,200069250,10329,521.0,False
D_density_commune_barrier,200069250,10332,495.0,False
D_density_commune_barrier,200069250,10333,12701.0,False
D_density_commune_barrier,200069250,10336,391.0,False
D_density_commune_barrier,200069250,10340,2305.0,False
D_density_commune_barrier,200069250,10342,404.0,False
D_density_commune_barrier,200069250,10343,6738.0,False
D_density_commune_barrier,200069250,10344,912.0,False
D_density_commune_barrier,200069250,10349,2889.0,False
D_density_commune_barrier,200069250,10352,1752.0,False
D_density_commune_barrier,200069250,10357,3179.0,False
D_density_commune_barrier,200069250,10360,972.0,False
D_density_commune_barrier,200069250,10362,10496.0,False
D_density_commune_barrier,200069250,10363,547.0,False
D_density_commune_barrier,200069250,10371,308.0,False
D_density_commune_barrier,200069250,10373,378.0,False
D_density_commune_barrier,200069250,10375,334.0,False
D_density_commune_barrier,200069250,10381,995.0,False
D_density_commune_barrier,200069250,10391,298.0,False
D_density_commune_barrier,200069250,10396,499.0,False
D_density_commune_barrier,200069250,10402,244.0,False
D_density_commune_barrier,200069250,10406,1858.0,False
D_density_commune_barrier,200069250,10409,611.0,False
D_density_commune_barrier,200069250,10412,949.0,False
D_density_commune_barrier,200069250,10414,125.0,False
D_density_commune_barrier,200069250,10416,243.0,False
D_density_commune_barrier,200069250,10425,270.0,False
D_density_commune_barrier,200069250,10434,57.0,False
D_density_commune_barrier,200069250,10435,190.0,False
D_density_commune_barrier,200035715,11005,1338.0,False
D_density_commune_barrier,200035715,11011,467.0,False
D_density_commune_barrier,241100593,11012,2155.0,False
D_density_commune_barrier,241100593,11014,1495.0,False
D_density_commune_barrier,200035715,11018,1211.0,False
D_density_commune_barrier,200035715,11023,745.0,False
D_density_commune_barrier,241100593,11024,782.0,False
D_density_commune_barrier,200035715,11025,308.0,False
D_density_commune_barrier,200035715,11037,950.0,False
D_density_commune_barrier,241100593,11040,1754.0,False
D_density_commune_barrier,241100593,11041,1243.0,False
D_density_commune_barrier,200035715,11043,221.0,False
D_density_commune_barrier,200035715,11056,167.0,False
D_density_commune_barrier,200035715,11081,1601.0,False
D_density_commune_barrier,200035715,11084,1005.0,False
D_density_commune_barrier,200035715,11085,960.0,False
D_density_commune_barrier,241100593,11086,897.0,False
D_density_commune_barrier,200035715,11088,1640.0,False
D_density_commune_barrier,200035715,11092,91.0,False
D_density_commune_barrier,200035715,11099,2585.0,False
D_density_commune_barrier,200035715,11102,571.0,False
D_density_commune_barrier,241100593,11106,5785.0,False
D_density_commune_barrier,241100593,11116,4044.0,False
D_density_commune_barrier,241100593,11145,3713.0,False
D_density_commune_barrier,200035715,11146,412.0,False
D_density_commune_barrier,200035715,11151,523.0,False
D_density_commune_barrier,241100593,11164,1515.0,False
D_density_commune_barrier,241100593,11170,5131.0,False
D_density_commune_barrier,200035715,11198,1013.0,False
D_density_commune_barrier,200035715,11199,1517.0,False
D_density_commune_barrier,200035715,11200,134.0,False
D_density_commune_barrier,200035715,11201,851.0,False
D_density_commune_barrier,241100593,11202,4581.0,False
D_density_commune_barrier,200035715,11205,131.0,False
D_density_commune_barrier,241100593,11212,577.0,False
D_density_commune_barrier,200035715,11215,863.0,False
D_density_commune_barrier,241100593,11217,1309.0,False
D_density_commune_barrier,200035715,11223,25.0,False
D_density_commune_barrier,241100593,11233,752.0,False
D_density_commune_barrier,200035715,11248,69.0,False
D_density_commune_barrier,200035715,11253,833.0,False
D_density_commune_barrier,241100593,11255,1482.0,False
D_density_commune_barrier,200035715,11257,234.0,False
D_density_commune_barrier,241100593,11258,2041.0,False
D_density_commune_barrier,200035715,11259,1003.0,False
D_density_commune_barrier,241100593,11264,1277.0,False
D_density_commune_barrier,241100593,11266,5905.0,False
D_density_commune_barrier,241100593,11269,2554.0,False
D_density_commune_barrier,200035715,11272,2496.0,False
D_density_commune_barrier,200035715,11279,2714.0,False
D_density_commune_barrier,241100593,11285,1143.0,False
D_density_commune_barrier,200035715,11288,1584.0,False
D_density_commune_barrier,241100593,11296,576.0,False
D_density_commune_barrier,200035715,11299,625.0,False
D_density_commune_barrier,200035715,11327,508.0,False
D_density_commune_barrier,200035715,11330,509.0,False
D_density_commune_barrier,241100593,11353,2028.0,False
D_density_commune_barrier,241100593,11360,2076.0,False
D_density_commune_barrier,241100593,11366,536.0,False
D_density_commune_barrier,200035715,11368,121.0,False
D_density_commune_barrier,241100593,11369,3039.0,False
D_density_commune_barrier,241100593,11370,3251.0,False
D_density_commune_barrier,200035715,11397,5438.0,False
D_density_commune_barrier,241100593,11398,255.0,False
D_density_commune_barrier,200035715,11404,955.0,False
D_density_commune_barrier,241100593,11405,575.0,False
D_density_commune_barrier,200035715,11410,970.0,False
D_density_commune_barrier,200035715,11416,257.0,False
D_density_commune_barrier,200035715,11422,345.0,False
D_density_commune_barrier,200035715,11425,1658.0,False
D_density_commune_barrier,200035715,11426,1196.0,False
D_density_commune_barrier,200035715,11429,4501.0,False
D_density_commune_barrier,200035715,11433,955.0,False
D_density_commune_barrier,200035715,11437,899.0,False
D_density_commune_barrier,241100593,11441,2662.0,False
D_density_commune_barrier,200069532,14069,1331.0,False
D_density_commune_barrier,200069532,14082,189.0,False
D_density_commune_barrier,200069532,14177,844.0,False
D_density_commune_barrier,200069532,14179,164.0,False
D_density_commune_barrier,200069532,14193,665.0,False
D_density_commune_barrier,200069532,14194,642.0,False
D_density_commune_barrier,200069532,14260,241.0,False
D_density_commune_barrier,200069532,14270,387.0,False
D_density_commune_barrier,200069532,14293,272.0,False
D_density_commune_barrier,200069532,14303,926.0,False
D_density_commune_barrier,200069532,14326,825.0,False
D_density_commune_barrier,200069532,14337,329.0,False
D_density_commune_barrier,200069532,14362,159.0,False
D_density_commune_barrier,200069532,14366,19755.0,False
D_density_commune_barrier,200069532,14403,744.0,False
D_density_commune_barrier,200069532,14419,253.0,False
D_density_commune_barrier,200069532,14421,591.0,False
D_density_commune_barrier,200069532,14425,161.0,False
D_density_commune_barrier,200069532,14435,202.0,False
D_density_commune_barrier,200069532,14460,1342.0,False
D_density_commune_barrier,200069532,14484,247.0,False
D_density_commune_barrier,200069532,14487,756.0,False
D_density_commune_barrier,200069532,14504,813.0,False
D_density_commune_barrier,200069532,14520,858.0,False
D_density_commune_barrier,200069532,14522,388.0,False
D_density_commune_barrier,200069532,14540,287.0,False
D_density_commune_barrier,200069532,14570,2517.0,False
D_density_commune_barrier,200069532,14571,306.0,False
D_density_commune_barrier,200069532,14574,1746.0,False
D_density_commune_barrier,200069532,14582,718.0,False
D_density_commune_barrier,200069532,14595,242.0,False
D_density_commune_barrier,200069532,14625,776.0,False
D_density_commune_barrier,200069532,14626,947.0,False
D_density_commune_barrier,200069532,14648,454.0,False
D_density_commune_barrier,241700699,17058,3515.0,False
D_density_commune_barrier,241700699,17185,2103.0,False
D_density_commune_barrier,241700699,17265,1221.0,False
D_density_commune_barrier,241700699,17351,2046.0,False
D_density_commune_barrier,241700699,17406,417.0,False
D_density_commune_barrier,200090561,18096,2086.0,False
D_density_commune_barrier,200067981,22018,291.0,False
D_density_commune_barrier,200067981,22067,2548.0,False
D_density_commune_barrier,200067981,22070,7115.0,False
D_density_commune_barrier,200067981,22086,655.0,False
D_density_commune_barrier,200067981,22091,436.0,False
D_density_commune_barrier,200067981,22095,175.0,False
D_density_commune_barrier,200067981,22108,122.0,False
D_density_commune_barrier,200067981,22109,224.0,False
D_density_commune_barrier,200067981,22161,2753.0,False
D_density_commune_barrier,200067981,22162,7142.0,False
D_density_commune_barrier,200067981,22178,1335.0,False
D_density_commune_barrier,200067981,22204,1222.0,False
D_density_commune_barrier,200067981,22210,3040.0,False
D_density_commune_barrier,200067981,22212,1143.0,False
D_density_commune_barrier,200067981,22214,3126.0,False
D_density_commune_barrier,200067981,22223,2002.0,False
D_density_commune_barrier,200067981,22225,5405.0,False
D_density_commune_barrier,200067981,22233,2262.0,False
D_density_commune_barrier,200067981,22250,1000.0,False
D_density_commune_barrier,200067981,22256,1061.0,False
D_density_commune_barrier,200067981,22269,253.0,False
D_density_commune_barrier,200067981,22272,2286.0,False
D_density_commune_barrier,200067981,22283,870.0,False
D_density_commune_barrier,200067981,22338,762.0,False
D_density_commune_barrier,200067981,22358,559.0,False
D_density_commune_barrier,200067981,22390,779.0,False
D_density_commune_barrier,200070647,24037,26360.0,False
D_density_commune_barrier,200070647,24140,1558.0,False
D_density_commune_barrier,200070647,24145,1751.0,False
D_density_commune_barrier,200070647,24148,295.0,False
D_density_commune_barrier,200070647,24197,733.0,False
D_density_commune_barrier,200070647,24222,2641.0,False
D_density_commune_barrier,200070647,24224,690.0,False
D_density_commune_barrier,200070647,24225,2738.0,False
D_density_commune_barrier,200040095,24236,987.0,False
D_density_commune_barrier,200070647,24237,1241.0,False
D_density_commune_barrier,200070647,24246,426.0,False
D_density_commune_barrier,200070647,24267,179.0,False
D_density_commune_barrier,200070647,24274,800.0,False
D_density_commune_barrier,200040095,24295,1197.0,False
D_density_commune_barrier,200070647,24296,1144.0,False
D_density_commune_barrier,200070647,24331,726.0,False
D_density_commune_barrier,200070647,24340,4223.0,False
D_density_commune_barrier,200070647,24345,488.0,False
D_density_commune_barrier,200070647,24351,313.0,False
D_density_commune_barrier,200070647,24357,298.0,False
D_density_commune_barrier,200040095,24371,465.0,False
D_density_commune_barrier,200040095,24372,5340.0,False
D_density_commune_barrier,200070647,24413,279.0,False
D_density_commune_barrier,200070647,24419,874.0,False
D_density_commune_barrier,200070647,24437,974.0,False
D_density_commune_barrier,200040095,24442,2029.0,False
D_density_commune_barrier,243301454,24466,325.0,False
D_density_commune_barrier,200070647,24472,992.0,False
D_density_commune_barrier,200070647,24499,862.0,False
D_density_commune_barrier,200070647,24549,480.0,False
D_density_commune_barrier,200065647,25004,1068.0,False
D_density_commune_barrier,200065647,25011,741.0,False
D_density_commune_barrier,200065647,25013,253.0,False
D_density_commune_barrier,200065647,25020,902.0,False
D_density_commune_barrier,200065647,25031,13542.0,False
D_density_commune_barrier,200065647,25033,516.0,False
D_density_commune_barrier,200065647,25040,807.0,False
D_density_commune_barrier,200065647,25043,2006.0,False
D_density_commune_barrier,200065647,25048,3604.0,False
D_density_commune_barrier,200065647,25054,540.0,False
D_density_commune_barrier,200065647,25057,5336.0,False
D_density_commune_barrier,200065647,25059,268.0,False
D_density_commune_barrier,200065647,25063,1210.0,False
D_density_commune_barrier,200065647,25071,477.0,False
D_density_commune_barrier,200065647,25082,888.0,False
D_density_commune_barrier,200065647,25093,76.0,False
D_density_commune_barrier,200065647,25097,478.0,False
D_density_commune_barrier,200065647,25159,1205.0,False
D_density_commune_barrier,200065647,25170,1388.0,False
D_density_commune_barrier,200065647,25187,502.0,False
D_density_commune_barrier,200065647,25188,748.0,False
D_density_commune_barrier,200065647,25190,1584.0,False
D_density_commune_barrier,200065647,25191,450.0,False
D_density_commune_barrier,200065647,25194,114.0,False
D_density_commune_barrier,200065647,25196,1380.0,False
D_density_commune_barrier,200065647,25207,620.0,False
D_density_commune_barrier,200065647,25210,161.0,False
D_density_commune_barrier,200065647,25214,489.0,False
D_density_commune_barrier,200065647,25216,263.0,False
D_density_commune_barrier,200065647,25224,831.0,False
D_density_commune_barrier,200065647,25228,3721.0,False
D_density_commune_barrier,200065647,25230,3245.0,False
D_density_commune_barrier,200065647,25237,2163.0,False
D_density_commune_barrier,200065647,25239,181.0,False
D_density_commune_barrier,200065647,25274,340.0,False
D_density_commune_barrier,200065647,25281,278.0,False
D_density_commune_barrier,200065647,25284,5849.0,False
D_density_commune_barrier,200065647,25304,3619.0,False
D_density_commune_barrier,200065647,25316,237.0,False
D_density_commune_barrier,200065647,25345,665.0,False
D_density_commune_barrier,200065647,25350,730.0,False
D_density_commune_barrier,200065647,25367,4795.0,False
D_density_commune_barrier,200065647,25370,2152.0,False
D_density_commune_barrier,200065647,25378,342.0,False
D_density_commune_barrier,200065647,25388,25726.0,False
D_density_commune_barrier,200065647,25394,1459.0,False
D_density_commune_barrier,200065647,25422,170.0,False
D_density_commune_barrier,200065647,25426,331.0,False
D_density_commune_barrier,200065647,25428,1611.0,False
D_density_commune_barrier,200065647,25452,473.0,False
D_density_commune_barrier,200065647,25463,4088.0,False
D_density_commune_barrier,200065647,25469,463.0,False
D_density_commune_barrier,200065647,25481,340.0,False
D_density_commune_barrier,200065647,25485,224.0,False
D_density_commune_barrier,200065647,25497,616.0,False
D_density_commune_barrier,200065647,25521,159.0,False
D_density_commune_barrier,200065647,25523,672.0,False
D_density_commune_barrier,200065647,25524,902.0,False
D_density_commune_barrier,200065647,25526,1447.0,False
D_density_commune_barrier,200065647,25539,5756.0,False
D_density_commune_barrier,200065647,25540,309.0,False
D_density_commune_barrier,200065647,25547,3820.0,False
D_density_commune_barrier,200065647,25548,137.0,False
D_density_commune_barrier,200065647,25555,1104.0,False
D_density_commune_barrier,200065647,25562,212.0,False
D_density_commune_barrier,200065647,25580,10897.0,False
D_density_commune_barrier,200065647,25586,809.0,False
D_density_commune_barrier,200065647,25614,2850.0,False
D_density_commune_barrier,200065647,25615,450.0,False
D_density_commune_barrier,200065647,25617,351.0,False
D_density_commune_barrier,200065647,25618,345.0,False
D_density_commune_barrier,200065647,25632,3105.0,False
D_density_commune_barrier,200066462,27693,1299.0,True
D_density_commune_barrier,242900751,29010,1653.0,False
D_density_commune_barrier,242900751,29038,997.0,False
D_density_commune_barrier,242900751,29068,2529.0,False
D_density_commune_barrier,242900751,29074,1007.0,False
D_density_commune_barrier,242900751,29097,2023.0,False
D_density_commune_barrier,242900751,29105,9204.0,False
D_density_commune_barrier,242900751,29128,396.0,False
D_density_commune_barrier,242900751,29131,472.0,False
D_density_commune_barrier,242900751,29187,794.0,False
D_density_commune_barrier,242900751,29193,1449.0,False
D_density_commune_barrier,242900751,29204,2134.0,False
D_density_commune_barrier,242900751,29210,2879.0,False
D_density_commune_barrier,242900751,29213,1775.0,False
D_density_commune_barrier,242900751,29244,829.0,False
D_density_commune_barrier,242900751,29262,784.0,False
D_density_commune_barrier,242900751,29264,786.0,False
D_density_commune_barrier,242900751,29271,887.0,False
D_density_commune_barrier,242900751,29277,2304.0,False
D_density_commune_barrier,242900751,29301,401.0,False
D_density_commune_barrier,242000354,2B120,5772.0,False
D_density_commune_barrier,242000354,2B305,2920.0,False
D_density_commune_barrier,242000354,2B309,1971.0,False
D_density_commune_barrier,242000354,2B353,3278.0,False
D_density_commune_barrier,243000593,30006,5729.0,False
D_density_commune_barrier,200066918,30010,3335.0,False
D_density_commune_barrier,248400251,30011,8507.0,False
D_density_commune_barrier,243000593,30020,2347.0,False
D_density_commune_barrier,200066918,30027,2570.0,False
D_density_commune_barrier,243000585,30032,15659.0,False
D_density_commune_barrier,243000593,30033,5323.0,False
D_density_commune_barrier,243000585,30034,7550.0,False
D_density_commune_barrier,243000643,30036,3452.0,False
D_density_commune_barrier,243000643,30039,2315.0,False
D_density_commune_barrier,200066918,30042,2568.0,False
D_density_commune_barrier,200066918,30046,989.0,False
D_density_commune_barrier,243000643,30047,6238.0,False
D_density_commune_barrier,200066918,30053,762.0,False
D_density_commune_barrier,243000643,30057,1710.0,False
D_density_commune_barrier,243000593,30059,2467.0,False
D_density_commune_barrier,243000643,30060,4118.0,False
D_density_commune_barrier,243000643,30061,2432.0,False
D_density_commune_barrier,200066918,30072,481.0,False
D_density_commune_barrier,243000643,30075,4372.0,False
D_density_commune_barrier,200066918,30077,1652.0,False
D_density_commune_barrier,243000643,30082,4190.0,False
D_density_commune_barrier,200066918,30100,705.0,False
D_density_commune_barrier,200066918,30101,656.0,False
D_density_commune_barrier,243000643,30102,539.0,False
D_density_commune_barrier,243000643,30104,752.0,False
D_density_commune_barrier,200066918,30109,470.0,False
D_density_commune_barrier,243000643,30112,1733.0,False
D_density_commune_barrier,243000643,30122,723.0,False
D_density_commune_barrier,243000643,30125,5035.0,False
D_density_commune_barrier,243000643,30128,4048.0,False
D_density_commune_barrier,200066918,30129,692.0,False
D_density_commune_barrier,243000585,30135,3811.0,False
D_density_commune_barrier,243000643,30138,2239.0,False
D_density_commune_barrier,243000643,30145,1651.0,False
D_density_commune_barrier,200066918,30147,1535.0,False
D_density_commune_barrier,200066918,30152,2061.0,False
D_density_commune_barrier,243000643,30155,7092.0,False
D_density_commune_barrier,243000643,30156,8564.0,False
D_density_commune_barrier,200066918,30158,436.0,False
D_density_commune_barrier,200066918,30159,779.0,False
D_density_commune_barrier,200066918,30161,204.0,False
D_density_commune_barrier,200066918,30162,669.0,False
D_density_commune_barrier,243000643,30163,171.0,False
D_density_commune_barrier,200066918,30165,1195.0,False
D_density_commune_barrier,200066918,30168,623.0,False
D_density_commune_barrier,243000643,30169,5821.0,False
D_density_commune_barrier,200066918,30173,1760.0,False
D_density_commune_barrier,200066918,30177,647.0,False
D_density_commune_barrier,243000643,30180,566.0,False
D_density_commune_barrier,243000643,30183,656.0,False
D_density_commune_barrier,200066918,30188,712.0,False
D_density_commune_barrier,243000643,30206,4171.0,False
D_density_commune_barrier,248400251,30209,3883.0,False
D_density_commune_barrier,243000643,30211,4135.0,False
D_density_commune_barrier,200066918,30214,2066.0,False
D_density_commune_barrier,248400251,30217,7775.0,False
D_density_commune_barrier,248400251,30221,5531.0,False
D_density_commune_barrier,200066918,30223,4325.0,False
D_density_commune_barrier,243000643,30224,607.0,False
D_density_commune_barrier,243000643,30228,1740.0,False
D_density_commune_barrier,243000643,30233,660.0,False
D_density_commune_barrier,200066918,30240,388.0,False
D_density_commune_barrier,243000643,30241,1979.0,False
D_density_commune_barrier,200066918,30243,7106.0,False
D_density_commune_barrier,243000643,30245,800.0,False
D_density_commune_barrier,243000643,30249,1073.0,False
D_density_commune_barrier,200066918,30250,401.0,False
D_density_commune_barrier,200066918,30253,1169.0,False
D_density_commune_barrier,243000643,30255,3067.0,False
D_density_commune_barrier,243000643,30257,1997.0,False
D_density_commune_barrier,243000643,30258,14197.0,False
D_density_commune_barrier,200066918,30259,4598.0,False
D_density_commune_barrier,200066918,30261,249.0,False
D_density_commune_barrier,200066918,30264,175.0,False
D_density_commune_barrier,200066918,30267,523.0,False
D_density_commune_barrier,200066918,30268,605.0,False
D_density_commune_barrier,200066918,30270,1539.0,False
D_density_commune_barrier,200066918,30271,727.0,False
D_density_commune_barrier,200066918,30274,3417.0,False
D_density_commune_barrier,243000643,30281,1641.0,False
D_density_commune_barrier,200066918,30284,4592.0,False
D_density_commune_barrier,200066918,30285,756.0,False
D_density_commune_barrier,200066918,30291,303.0,False
D_density_commune_barrier,200066918,30294,5373.0,False
D_density_commune_barrier,200066918,30298,505.0,False
D_density_commune_barrier,200066918,30305,3651.0,False
D_density_commune_barrier,248400251,30312,2045.0,False
D_density_commune_barrier,243000643,30313,776.0,False
D_density_commune_barrier,248400251,30315,2112.0,False
D_density_commune_barrier,243000643,30317,1782.0,False
D_density_commune_barrier,200066918,30323,121.0,False
D_density_commune_barrier,200066918,30330,947.0,False
D_density_commune_barrier,243000585,30336,1375.0,False
D_density_commune_barrier,243000593,30341,11465.0,False
D_density_commune_barrier,200066918,30348,1824.0,False
D_density_commune_barrier,248400251,30351,12848.0,False
D_density_commune_barrier,243000643,30354,196.0,False
D_density_commune_barrier,243000643,30356,2836.0,False
D_density_commune_barrier,200070092,33015,2000.0,False
D_density_commune_barrier,200044394,33024,297.0,False
D_density_commune_barrier,200070092,33034,461.0,False
D_density_commune_barrier,200023794,33035,729.0,False
D_density_commune_barrier,200023794,33047,1808.0,False
D_density_commune_barrier,200070092,33052,1164.0,False
D_density_commune_barrier,200044394,33054,290.0,False
D_density_commune_barrier,200023794,33058,4897.0,False
D_density_commune_barrier,200070092,33062,759.0,False
D_density_commune_barrier,243301454,33064,38.0,False
D_density_commune_barrier,200044394,33066,93.0,False
D_density_commune_barrier,243301454,33071,1317.0,False
D_density_commune_barrier,243301454,33078,503.0,False
D_density_commune_barrier,200070092,33079,355.0,False
D_density_commune_barrier,200044394,33087,415.0,False
D_density_commune_barrier,200023794,33089,504.0,False
D_density_commune_barrier,200023794,33100,1213.0,False
D_density_commune_barrier,200044394,33102,376.0,False
D_density_commune_barrier,243301454,33108,3238.0,False
D_density_commune_barrier,200044394,33111,1111.0,False
D_density_commune_barrier,243301181,33114,2292.0,False
D_density_commune_barrier,243301181,33123,2678.0,False
D_density_commune_barrier,243301181,33126,845.0,False
D_density_commune_barrier,243301454,33127,222.0,False
D_density_commune_barrier,200023794,33132,553.0,False
D_density_commune_barrier,243301454,33133,71.0,False
D_density_commune_barrier,243301181,33142,1726.0,False
D_density_commune_barrier,200070092,33147,465.0,False
D_density_commune_barrier,200070092,33148,90.0,False
D_density_commune_barrier,243301454,33153,263.0,False
D_density_commune_barrier,200070092,33157,780.0,False
D_density_commune_barrier,200044394,33158,241.0,False
D_density_commune_barrier,243301454,33168,594.0,False
D_density_commune_barrier,200044394,33169,110.0,False
D_density_commune_barrier,200044394,33170,769.0,False
D_density_commune_barrier,200044394,33171,228.0,False
D_density_commune_barrier,200023794,33172,273.0,False
D_density_commune_barrier,200023794,33182,721.0,False
D_density_commune_barrier,200023794,33184,544.0,False
D_density_commune_barrier,200070092,33185,1992.0,False
D_density_commune_barrier,243301454,33186,701.0,False
D_density_commune_barrier,200044394,33187,1321.0,False
D_density_commune_barrier,200070092,33191,564.0,False
D_density_commune_barrier,243301454,33194,691.0,False
D_density_commune_barrier,243301454,33196,158.0,False
D_density_commune_barrier,200070092,33198,1606.0,False
D_density_commune_barrier,200044394,33204,557.0,False
D_density_commune_barrier,200070092,33207,6298.0,False
D_density_commune_barrier,243301454,33209,275.0,False
D_density_commune_barrier,243301454,33210,225.0,False
D_density_commune_barrier,200044394,33221,1132.0,False
D_density_commune_barrier,200070092,33222,656.0,False
D_density_commune_barrier,200070092,33230,516.0,False
D_density_commune_barrier,243301181,33233,2821.0,False
D_density_commune_barrier,200070092,33243,24432.0,False
D_density_commune_barrier,200044394,33250,309.0,False
D_density_commune_barrier,200044394,33254,520.0,False
D_density_commune_barrier,243301454,33257,475.0,False
D_density_commune_barrier,200070092,33264,1021.0,False
D_density_commune_barrier,243301181,33266,821.0,False
D_density_commune_barrier,243301181,33272,1222.0,False
D_density_commune_barrier,200044394,33287,599.0,False
D_density_commune_barrier,200044394,33289,1598.0,False
D_density_commune_barrier,200044394,33291,177.0,False
D_density_commune_barrier,200044394,33294,543.0,False
D_density_commune_barrier,243301454,33296,1031.0,False
D_density_commune_barrier,200070092,33298,1020.0,False
D_density_commune_barrier,243301454,33301,617.0,False
D_density_commune_barrier,200070092,33303,842.0,False
D_density_commune_barrier,200044394,33306,518.0,False
D_density_commune_barrier,243301454,33319,441.0,False
D_density_commune_barrier,200023794,33325,938.0,False
D_density_commune_barrier,200070092,33328,589.0,False
D_density_commune_barrier,200070092,33332,871.0,False
D_density_commune_barrier,243301454,33344,526.0,False
D_density_commune_barrier,200070092,33347,307.0,False
D_density_commune_barrier,243301454,33350,1248.0,False
D_density_commune_barrier,200044394,33352,4351.0,False
D_density_commune_barrier,200044394,33359,283.0,False
D_density_commune_barrier,200070092,33362,1309.0,False
D_density_commune_barrier,200070092,33373,581.0,False
D_density_commune_barrier,243301454,33375,376.0,False
D_density_commune_barrier,200023794,33382,1870.0,False
D_density_commune_barrier,200070092,33387,1502.0,False
D_density_commune_barrier,200023794,33388,759.0,False
D_density_commune_barrier,243301454,33390,423.0,False
D_density_commune_barrier,200070092,33393,5791.0,False
D_density_commune_barrier,200044394,33398,169.0,False
D_density_commune_barrier,243301454,33401,149.0,False
D_density_commune_barrier,200044394,33403,136.0,False
D_density_commune_barrier,200023794,33405,499.0,False
D_density_commune_barrier,200070092,33413,2259.0,False
D_density_commune_barrier,200023794,33416,940.0,False
D_density_commune_barrier,200044394,33418,376.0,False
D_density_commune_barrier,243301454,33421,459.0,False
D_density_commune_barrier,200044394,33428,83.0,False
D_density_commune_barrier,243301454,33437,2030.0,False
D_density_commune_barrier,243301181,33439,1619.0,False
D_density_commune_barrier,200023794,33441,1160.0,False
D_density_commune_barrier,200070092,33442,551.0,False
D_density_commune_barrier,200044394,33444,571.0,False
D_density_commune_barrier,200070092,33445,835.0,False
D_density_commune_barrier,200044394,33453,217.0,False
D_density_commune_barrier,200023794,33458,996.0,False
D_density_commune_barrier,243301454,33460,603.0,False
D_density_commune_barrier,200044394,33463,1312.0,False
D_density_commune_barrier,200070092,33466,2620.0,False
D_density_commune_barrier,243301454,33468,434.0,False
D_density_commune_barrier,243301181,33473,3313.0,False
D_density_commune_barrier,200023794,33475,408.0,False
D_density_commune_barrier,200070092,33478,3134.0,False
D_density_commune_barrier,200044394,33479,249.0,False
D_density_commune_barrier,243301454,33488,342.0,False
D_density_commune_barrier,243301181,33489,363.0,False
D_density_commune_barrier,200044394,33491,395.0,False
D_density_commune_barrier,243301181,33492,2478.0,False
D_density_commune_barrier,243301454,33499,327.0,False
D_density_commune_barrier,200023794,33500,443.0,False
D_density_commune_barrier,200023794,33502,493.0,False
D_density_commune_barrier,200070092,33509,535.0,False
D_density_commune_barrier,200070092,33531,356.0,False
D_density_commune_barrier,200070092,33532,471.0,False
D_density_commune_barrier,200070092,33539,4177.0,False
D_density_commune_barrier,200023794,33551,403.0,False
D_density_commune_barrier,200071058,34001,1805.0,False
D_density_commune_barrier,243400819,34002,1303.0,False
D_density_commune_barrier,243400819,34003,29201.0,False
D_density_commune_barrier,243400769,34009,1764.0,False
D_density_commune_barrier,243400355,34013,1670.0,False
D_density_commune_barrier,243400819,34017,499.0,False
D_density_commune_barrier,200071058,34018,922.0,False
D_density_commune_barrier,200066355,34023,7115.0,False
D_density_commune_barrier,200066355,34024,2689.0,False
D_density_commune_barrier,243400769,34025,2221.0,False
D_density_commune_barrier,243400819,34031,5365.0,False
D_density_commune_barrier,243400520,34033,2113.0,False
D_density_commune_barrier,243400769,34037,3369.0,False
D_density_commune_barrier,200066355,34039,1633.0,False
D_density_commune_barrier,243400355,34041,961.0,False
D_density_commune_barrier,243400355,34045,549.0,False
D_density_commune_barrier,243400355,34051,3540.0,False
D_density_commune_barrier,243400819,34056,1231.0,False
D_density_commune_barrier,200071058,34061,627.0,False
D_density_commune_barrier,243400819,34063,2589.0,False
D_density_commune_barrier,243400819,34068,409.0,False
D_density_commune_barrier,243400488,34069,5124.0,False
D_density_commune_barrier,243400769,34073,2557.0,False
D_density_commune_barrier,243400355,34076,1378.0,False
D_density_commune_barrier,243400355,34079,9126.0,False
D_density_commune_barrier,243400488,34081,2680.0,False
D_density_commune_barrier,243400769,34084,1694.0,False
D_density_commune_barrier,243400769,34085,359.0,False
D_density_commune_barrier,243400769,34094,1147.0,False
D_density_commune_barrier,243400819,34101,5035.0,False
D_density_commune_barrier,243400355,34103,1052.0,False
D_density_commune_barrier,200071058,34105,251.0,False
D_density_commune_barrier,200066355,34108,23485.0,False
D_density_commune_barrier,200071058,34109,845.0,False
D_density_commune_barrier,243400520,34110,743.0,False
D_density_commune_barrier,200066355,34113,6563.0,False
D_density_commune_barrier,243400355,34124,306.0,False
D_density_commune_barrier,243400488,34135,3318.0,False
D_density_commune_barrier,243400819,34136,1567.0,False
D_density_commune_barrier,243400355,34137,149.0,False
D_density_commune_barrier,243400355,34138,335.0,False
D_density_commune_barrier,243400769,34139,1380.0,False
D_density_commune_barrier,243400769,34140,3221.0,False
D_density_commune_barrier,200066355,34143,2206.0,False
D_density_commune_barrier,243400520,34145,26356.0,False
D_density_commune_barrier,243400520,34146,4484.0,False
D_density_commune_barrier,200071058,34147,3424.0,False
D_density_commune_barrier,243400488,34148,4650.0,False
D_density_commune_barrier,200071058,34149,724.0,False
D_density_commune_barrier,200066355,34150,7692.0,False
D_density_commune_barrier,243400520,34151,6395.0,False
D_density_commune_barrier,243400488,34155,2342.0,False
D_density_commune_barrier,200066355,34157,12385.0,False
D_density_commune_barrier,200066355,34159,3304.0,False
D_density_commune_barrier,243400488,34161,3990.0,False
D_density_commune_barrier,243400819,34162,4318.0,False
D_density_commune_barrier,200066355,34165,2933.0,False
D_density_commune_barrier,243400769,34166,2868.0,False
D_density_commune_barrier,200071058,34168,75.0,False
D_density_commune_barrier,243400355,34175,215.0,False
D_density_commune_barrier,200071058,34178,3112.0,False
D_density_commune_barrier,243400355,34180,1451.0,False
D_density_commune_barrier,200071058,34181,1030.0,False
D_density_commune_barrier,243400819,34182,1795.0,False
D_density_commune_barrier,243400488,34183,4020.0,False
D_density_commune_barrier,243400819,34184,669.0,False
D_density_commune_barrier,200071058,34191,571.0,False
D_density_commune_barrier,243400355,34194,4024.0,False
D_density_commune_barrier,243400355,34197,1070.0,False
D_density_commune_barrier,243400819,34199,7857.0,False
D_density_commune_barrier,243400819,34203,1987.0,False
D_density_commune_barrier,243400819,34207,2151.0,False
D_density_commune_barrier,243400819,34209,3090.0,False
D_density_commune_barrier,200066355,34213,6008.0,False
D_density_commune_barrier,200071058,34214,1173.0,False
D_density_commune_barrier,200071058,34223,1174.0,False
D_density_commune_barrier,200071058,34224,1349.0,False
D_density_commune_barrier,200071058,34237,2223.0,False
D_density_commune_barrier,243400355,34254,1156.0,False
D_density_commune_barrier,200071058,34258,1676.0,False
D_density_commune_barrier,243400520,34272,3290.0,False
D_density_commune_barrier,200071058,34279,322.0,False
D_density_commune_barrier,243400520,34280,610.0,False
D_density_commune_barrier,243400819,34285,638.0,False
D_density_commune_barrier,243400520,34288,973.0,False
D_density_commune_barrier,243400819,34289,2875.0,False
D_density_commune_barrier,243400355,34292,310.0,False
D_density_commune_barrier,243400520,34294,1022.0,False
D_density_commune_barrier,243400520,34296,989.0,False
D_density_commune_barrier,243400769,34298,5483.0,False
D_density_commune_barrier,243400769,34299,7809.0,False
D_density_commune_barrier,243400769,34300,5301.0,False
D_density_commune_barrier,200071058,34310,3040.0,False
D_density_commune_barrier,243400819,34311,1782.0,False
D_density_commune_barrier,243400355,34315,437.0,False
D_density_commune_barrier,200071058,34319,148.0,False
D_density_commune_barrier,243400355,34323,46.0,False
D_density_commune_barrier,243400769,34324,4188.0,False
D_density_commune_barrier,243400769,34325,1643.0,False
D_density_commune_barrier,243400488,34329,2728.0,False
D_density_commune_barrier,243400819,34332,5804.0,False
D_density_commune_barrier,200066355,34333,3429.0,False
D_density_commune_barrier,243400769,34336,4099.0,False
D_density_commune_barrier,243400355,34338,68.0,False
D_density_commune_barrier,243400520,34340,1558.0,False
D_density_commune_barrier,200066355,34341,3909.0,False
D_density_commune_barrier,200070670,35009,1702.0,False
D_density_commune_barrier,200070670,35010,1779.0,False
D_density_commune_barrier,243500741,35013,3500.0,False
D_density_commune_barrier,200072452,35021,1355.0,False
D_density_commune_barrier,200072452,35025,1057.0,False
D_density_commune_barrier,200070670,35034,1215.0,False
D_density_commune_barrier,200072452,35063,455.0,False
D_density_commune_barrier,200070670,35078,1089.0,False
D_density_commune_barrier,200072452,35086,612.0,False
D_density_commune_barrier,200070670,35095,5761.0,False
D_density_commune_barrier,200070670,35104,1426.0,False
D_density_commune_barrier,200072452,35115,20505.0,False
D_density_commune_barrier,200072452,35137,2116.0,False
D_density_commune_barrier,200072452,35138,1190.0,False
D_density_commune_barrier,200072452,35142,1176.0,False
D_density_commune_barrier,200072452,35150,3279.0,False
D_density_commune_barrier,200072452,35157,635.0,False
D_density_commune_barrier,200070670,35186,1082.0,False
D_density_commune_barrier,200072452,35214,650.0,False
D_density_commune_barrier,200072452,35215,1328.0,False
D_density_commune_barrier,243500741,35236,9315.0,False
D_density_commune_barrier,243500741,35237,1040.0,False
D_density_commune_barrier,200072452,35243,2446.0,False
D_density_commune_barrier,200070670,35246,1368.0,False
D_density_commune_barrier,200070670,35259,1143.0,False
D_density_commune_barrier,200070670,35291,436.0,False
D_density_commune_barrier,243500741,35294,2273.0,False
D_density_commune_barrier,200072452,35310,1543.0,False
D_density_commune_barrier,200072452,35324,617.0,False
D_density_commune_barrier,200070670,35361,1063.0,False
D_density_commune_barrier,244200770,42001,462.0,False
D_density_commune_barrier,200035731,42003,1898.0,False
D_density_commune_barrier,244200770,42005,10108.0,False
D_density_commune_barrier,200035731,42008,111.0,False
D_density_commune_barrier,244200770,42031,306.0,False
D_density_commune_barrier,244200770,42032,1701.0,False
D_density_commune_barrier,244200770,42036,505.0,False
D_density_commune_barrier,244200770,42043,1812.0,False
D_density_commune_barrier,244200770,42044,11857.0,False
D_density_commune_barrier,244200770,42053,1651.0,False
D_density_commune_barrier,200035731,42068,419.0,False
D_density_commune_barrier,200035731,42069,3018.0,False
D_density_commune_barrier,200035731,42071,6886.0,False
D_density_commune_barrier,200035731,42074,1075.0,False
D_density_commune_barrier,244200770,42083,529.0,False
D_density_commune_barrier,244200770,42085,843.0,False
D_density_commune_barrier,244200770,42092,2702.0,False
D_density_commune_barrier,244200770,42093,1364.0,False
D_density_commune_barrier,244200770,42095,16953.0,False
D_density_commune_barrier,244200770,42096,683.0,False
D_density_commune_barrier,244200770,42097,4690.0,False
D_density_commune_barrier,244200770,42099,3732.0,False
D_density_commune_barrier,244200770,42100,279.0,False
D_density_commune_barrier,244200770,42103,5100.0,False
D_density_commune_barrier,244200770,42110,4766.0,False
D_density_commune_barrier,200035731,42120,1798.0,False
D_density_commune_barrier,244200770,42123,4746.0,False
D_density_commune_barrier,200035731,42127,7517.0,False
D_density_commune_barrier,244200770,42133,693.0,False
D_density_commune_barrier,200035731,42145,1100.0,False
D_density_commune_barrier,200035731,42157,794.0,False
D_density_commune_barrier,200035731,42158,211.0,False
D_density_commune_barrier,200035731,42161,577.0,False
D_density_commune_barrier,200035731,42162,1151.0,False
D_density_commune_barrier,200035731,42166,631.0,False
D_density_commune_barrier,244200770,42167,388.0,False
D_density_commune_barrier,200035731,42170,2106.0,False
D_density_commune_barrier,200035731,42176,2191.0,False
D_density_commune_barrier,200035731,42182,3209.0,False
D_density_commune_barrier,244200770,42183,7943.0,False
D_density_commune_barrier,200035731,42184,10917.0,False
D_density_commune_barrier,244200770,42186,15086.0,False
D_density_commune_barrier,244200770,42189,9878.0,False
D_density_commune_barrier,244200770,42192,429.0,False
D_density_commune_barrier,200035731,42198,916.0,False
D_density_commune_barrier,200035731,42199,1920.0,False
D_density_commune_barrier,244200770,42206,1718.0,False
D_density_commune_barrier,244200770,42208,1909.0,False
D_density_commune_barrier,244200770,42210,477.0,False
D_density_commune_barrier,244200770,42222,5837.0,False
D_density_commune_barrier,244200770,42223,6185.0,False
D_density_commune_barrier,244200770,42225,3866.0,False
D_density_commune_barrier,200035731,42231,1226.0,False
D_density_commune_barrier,200035731,42232,636.0,False
D_density_commune_barrier,200035731,42233,954.0,False
D_density_commune_barrier,244200770,42234,3659.0,False
D_density_commune_barrier,244200770,42237,6633.0,False
D_density_commune_barrier,200035731,42239,1155.0,False
D_density_commune_barrier,244200770,42242,1949.0,False
D_density_commune_barrier,200035731,42253,1161.0,False
D_density_commune_barrier,244200770,42259,3799.0,False
D_density_commune_barrier,244200770,42262,1819.0,False
D_density_commune_barrier,244200770,42266,660.0,False
D_density_commune_barrier,244200770,42270,1354.0,False
D_density_commune_barrier,244200770,42271,4793.0,False
D_density_commune_barrier,244200770,42275,6088.0,False
D_density_commune_barrier,200035731,42281,132.0,False
D_density_commune_barrier,244200770,42283,1214.0,False
D_density_commune_barrier,200035731,42284,1419.0,False
D_density_commune_barrier,200035731,42294,979.0,False
D_density_commune_barrier,244200770,42302,8009.0,False
D_density_commune_barrier,244200770,42305,7044.0,False
D_density_commune_barrier,244200770,42307,926.0,False
D_density_commune_barrier,244200770,42308,772.0,False
D_density_commune_barrier,244200770,42311,1462.0,False
D_density_commune_barrier,244200770,42316,8448.0,False
D_density_commune_barrier,244200770,42320,707.0,False
D_density_commune_barrier,244200770,42322,1082.0,False
D_density_commune_barrier,244200770,42330,7861.0,False
D_density_commune_barrier,200035731,42331,1024.0,False
D_density_commune_barrier,200035731,42332,5097.0,False
D_density_commune_barrier,243500741,44007,2444.0,False
D_density_commune_barrier,243500741,44057,2302.0,False
D_density_commune_barrier,243500741,44123,997.0,False
D_density_commune_barrier,243500741,44185,3280.0,False
D_density_commune_barrier,244500203,45004,13279.0,False
D_density_commune_barrier,244500203,45061,2400.0,False
D_density_commune_barrier,244500203,45068,12743.0,False
D_density_commune_barrier,244500203,45092,1465.0,False
D_density_commune_barrier,244500203,45102,355.0,False
D_density_commune_barrier,244500203,45104,2822.0,False
D_density_commune_barrier,244500203,45185,298.0,False
D_density_commune_barrier,244500203,45208,14738.0,False
D_density_commune_barrier,244500203,45216,128.0,False
D_density_commune_barrier,244500203,45247,3694.0,False
D_density_commune_barrier,244500203,45249,907.0,False
D_density_commune_barrier,244500203,45293,1151.0,False
D_density_commune_barrier,244500203,45338,6835.0,False
D_density_commune_barrier,244500203,45345,1118.0,False
D_density_commune_barrier,200023307,47006,602.0,False
D_density_commune_barrier,200030674,47024,1638.0,False
D_density_commune_barrier,200023307,47027,2987.0,False
D_density_commune_barrier,200030674,47028,847.0,False
D_density_commune_barrier,200023307,47049,2402.0,False
D_density_commune_barrier,200023307,47050,131.0,False
D_density_commune_barrier,200023307,47053,383.0,False
D_density_commune_barrier,200030674,47061,789.0,False
D_density_commune_barrier,200030674,47068,1089.0,False
D_density_commune_barrier,200030674,47074,371.0,False
D_density_commune_barrier,200023307,47075,1094.0,False
D_density_commune_barrier,200023307,47081,714.0,False
D_density_commune_barrier,200030674,47101,1333.0,False
D_density_commune_barrier,200030674,47108,244.0,False
D_density_commune_barrier,200023307,47117,1016.0,False
D_density_commune_barrier,200030674,47120,99.0,False
D_density_commune_barrier,200023307,47138,1597.0,False
D_density_commune_barrier,200023307,47146,1416.0,False
D_density_commune_barrier,200030674,47150,367.0,False
D_density_commune_barrier,200030674,47156,857.0,False
D_density_commune_barrier,200030674,47157,17265.0,False
D_density_commune_barrier,200030674,47163,608.0,False
D_density_commune_barrier,200030674,47165,1338.0,False
D_density_commune_barrier,200023307,47171,445.0,False
D_density_commune_barrier,200030674,47191,836.0,False
D_density_commune_barrier,200023307,47215,3717.0,False
D_density_commune_barrier,200023307,47228,715.0,False
D_density_commune_barrier,200030674,47233,3174.0,False
D_density_commune_barrier,200023307,47237,505.0,False
D_density_commune_barrier,200023307,47252,6487.0,False
D_density_commune_barrier,200030674,47257,617.0,False
D_density_commune_barrier,200030674,47263,606.0,False
D_density_commune_barrier,200023307,47273,187.0,False
D_density_commune_barrier,200030674,47277,342.0,False
D_density_commune_barrier,200030674,47285,897.0,False
D_density_commune_barrier,200030674,47304,60.0,False
D_density_commune_barrier,200023307,47323,21690.0,False
D_density_commune_barrier,200030674,47326,1676.0,False
D_density_commune_barrier,200071876,49002,2947.0,False
D_density_commune_barrier,200071876,49011,422.0,False
D_density_commune_barrier,200071876,49041,2046.0,False
D_density_commune_barrier,200071876,49045,600.0,False
D_density_commune_barrier,200071876,49112,961.0,False
D_density_commune_barrier,200071876,49113,527.0,False
D_density_commune_barrier,200071876,49114,142.0,False
D_density_commune_barrier,200071876,49123,1746.0,False
D_density_commune_barrier,200071876,49131,720.0,False
D_density_commune_barrier,200071876,49140,1515.0,False
D_density_commune_barrier,200071876,49219,423.0,False
D_density_commune_barrier,200071876,49224,988.0,False
D_density_commune_barrier,200071876,49235,408.0,False
D_density_commune_barrier,200071876,49262,649.0,False
D_density_commune_barrier,200071876,49291,375.0,False
D_density_commune_barrier,200071876,49328,26154.0,False
D_density_commune_barrier,200071876,49341,730.0,False
D_density_commune_barrier,200071876,49358,572.0,False
D_density_commune_barrier,200071876,49359,574.0,False
D_density_commune_barrier,200071876,49361,1859.0,False
D_density_commune_barrier,200071876,49362,1241.0,False
D_density_commune_barrier,200071876,49368,1993.0,False
D_density_commune_barrier,200071876,49369,1278.0,False
D_density_commune_barrier,200071876,49370,473.0,False
D_density_commune_barrier,200071876,49374,1438.0,False
D_density_commune_barrier,200071876,49378,2545.0,False
D_density_commune_barrier,243500741,56001,3882.0,False
D_density_commune_barrier,243500741,56011,1390.0,False
D_density_commune_barrier,243500741,56154,1840.0,False
D_density_commune_barrier,243500741,56194,2862.0,False
D_density_commune_barrier,243500741,56216,399.0,False
D_density_commune_barrier,243500741,56221,1742.0,False
D_density_commune_barrier,243500741,56223,1454.0,False
D_density_commune_barrier,243500741,56232,1066.0,False
D_density_commune_barrier,243500741,56239,1584.0,False
D_density_commune_barrier,243500741,56250,608.0,False
D_density_commune_barrier,245701222,57012,6104.0,False
D_density_commune_barrier,245700372,57013,2508.0,False
D_density_commune_barrier,200067502,57014,369.0,False
D_density_commune_barrier,200067502,57015,561.0,False
D_density_commune_barrier,245700398,57052,573.0,False
D_density_commune_barrier,245700372,57058,6571.0,False
D_density_commune_barrier,245700398,57061,1145.0,False
D_density_commune_barrier,245700398,57073,863.0,False
D_density_commune_barrier,200067502,57082,334.0,False
D_density_commune_barrier,245701164,57087,251.0,False
D_density_commune_barrier,245700372,57101,1228.0,False
D_density_commune_barrier,200067502,57105,151.0,False
D_density_commune_barrier,245700398,57122,677.0,False
D_density_commune_barrier,200067502,57123,3414.0,False
D_density_commune_barrier,245700372,57144,3355.0,False
D_density_commune_barrier,245701164,57160,12772.0,False
D_density_commune_barrier,245700372,57176,1677.0,False
D_density_commune_barrier,200067502,57189,225.0,False
D_density_commune_barrier,245700372,57202,1155.0,False
D_density_commune_barrier,245701222,57206,14829.0,False
D_density_commune_barrier,245700398,57207,5406.0,False
D_density_commune_barrier,245700372,57208,1340.0,False
D_density_commune_barrier,245701222,57221,11939.0,False
D_density_commune_barrier,245700372,57222,1354.0,False
D_density_commune_barrier,200067502,57224,3949.0,False
D_density_commune_barrier,245700372,57227,21509.0,False
D_density_commune_barrier,200067502,57237,304.0,False
D_density_commune_barrier,200067502,57239,432.0,False
D_density_commune_barrier,245700398,57240,12840.0,False
D_density_commune_barrier,245700398,57271,678.0,False
D_density_commune_barrier,245701164,57274,863.0,False
D_density_commune_barrier,200067502,57275,918.0,False
D_density_commune_barrier,245701164,57288,2862.0,False
D_density_commune_barrier,245701222,57306,15994.0,False
D_density_commune_barrier,245700398,57316,750.0,False
D_density_commune_barrier,245700398,57332,6275.0,False
D_density_commune_barrier,200067502,57336,5205.0,False
D_density_commune_barrier,245700398,57337,584.0,False
D_density_commune_barrier,245700372,57360,1207.0,False
D_density_commune_barrier,245701222,57368,3197.0,False
D_density_commune_barrier,200067502,57373,926.0,False
D_density_commune_barrier,200067502,57384,623.0,False
D_density_commune_barrier,200067502,57389,465.0,False
D_density_commune_barrier,200067502,57398,506.0,False
D_density_commune_barrier,200067502,57409,670.0,False
D_density_commune_barrier,200067502,57428,2778.0,False
D_density_commune_barrier,200067502,57453,297.0,False
D_density_commune_barrier,245700372,57466,665.0,False
D_density_commune_barrier,245700372,57484,2675.0,False
D_density_commune_barrier,245701222,57498,2593.0,False
D_density_commune_barrier,245701222,57508,4430.0,False
D_density_commune_barrier,245700372,57514,1186.0,False
D_density_commune_barrier,245700372,57521,2711.0,False
D_density_commune_barrier,245700372,57537,6257.0,False
D_density_commune_barrier,200067502,57550,2473.0,False
D_density_commune_barrier,245701222,57562,865.0,False
D_density_commune_barrier,245700372,57596,740.0,False
D_density_commune_barrier,200067502,57606,15171.0,False
D_density_commune_barrier,245700372,57638,2473.0,False
D_density_commune_barrier,245700398,57644,1741.0,False
D_density_commune_barrier,245701222,57647,4164.0,False
D_density_commune_barrier,245700372,57659,3227.0,False
D_density_commune_barrier,245700372,57660,11043.0,False
D_density_commune_barrier,245700372,57665,1051.0,False
D_density_commune_barrier,245700372,57669,2459.0,False
D_density_commune_barrier,245701222,57683,6951.0,False
D_density_commune_barrier,200067502,57684,509.0,False
D_density_commune_barrier,200067502,57690,2976.0,False
D_density_commune_barrier,245701164,57696,968.0,False
D_density_commune_barrier,200067502,57765,1057.0,False
D_density_commune_barrier,200068500,59001,468.0,False
D_density_commune_barrier,200042190,59002,4241.0,False
D_density_commune_barrier,200043396,59003,371.0,False
D_density_commune_barrier,200044618,59007,892.0,False
D_density_commune_barrier,245901152,59008,9944.0,False
D_density_commune_barrier,200068500,59010,257.0,False
D_density_commune_barrier,200043404,59012,3254.0,False
D_density_commune_barrier,245901160,59014,13195.0,False
D_density_commune_barrier,200044618,59015,3160.0,False
D_density_commune_barrier,245900428,59016,2159.0,False
D_density_commune_barrier,245901160,59019,1055.0,False
D_density_commune_barrier,200043396,59021,1810.0,False
D_density_commune_barrier,200068500,59023,544.0,False
D_density_commune_barrier,245901152,59024,4634.0,False
D_density_commune_barrier,200044618,59026,1161.0,False
D_density_commune_barrier,245901160,59027,1720.0,False
D_density_commune_barrier,200044618,59028,7205.0,False
D_density_commune_barrier,245901160,59032,7167.0,False
D_density_commune_barrier,200043396,59033,8804.0,False
D_density_commune_barrier,200043263,59035,2309.0,False
D_density_commune_barrier,200043263,59036,4158.0,False
D_density_commune_barrier,200030633,59037,3628.0,False
D_density_commune_barrier,200042190,59038,1445.0,False
D_density_commune_barrier,200068500,59039,812.0,False
D_density_commune_barrier,200043396,59041,2276.0,False
D_density_commune_barrier,200068500,59047,350.0,False
D_density_commune_barrier,200068500,59048,515.0,False
D_density_commune_barrier,200068500,59049,440.0,False
D_density_commune_barrier,200043263,59050,342.0,False
D_density_commune_barrier,200030633,59055,526.0,False
D_density_commune_barrier,200043396,59058,1013.0,False
D_density_commune_barrier,200030633,59059,447.0,False
D_density_commune_barrier,245901038,59060,232.0,False
D_density_commune_barrier,200043263,59062,163.0,False
D_density_commune_barrier,200030633,59063,1970.0,False
D_density_commune_barrier,200042190,59064,1263.0,False
D_density_commune_barrier,200043263,59066,161.0,False
D_density_commune_barrier,200043396,59068,3174.0,False
D_density_commune_barrier,245901038,59069,739.0,False
D_density_commune_barrier,200043396,59072,256.0,False
D_density_commune_barrier,200030633,59074,2158.0,False
D_density_commune_barrier,200030633,59075,736.0,False
D_density_commune_barrier,200043396,59076,309.0,False
D_density_commune_barrier,200043263,59078,619.0,False
D_density_commune_barrier,245901160,59079,6800.0,False
D_density_commune_barrier,200030633,59081,560.0,False
D_density_commune_barrier,200068500,59085,302.0,False
D_density_commune_barrier,200042190,59092,3937.0,False
D_density_commune_barrier,200043263,59093,325.0,False
D_density_commune_barrier,245900428,59094,7087.0,False
D_density_commune_barrier,200068500,59097,408.0,False
D_density_commune_barrier,200042190,59100,354.0,False
D_density_commune_barrier,200043396,59101,379.0,False
D_density_commune_barrier,200030633,59102,440.0,False
D_density_commune_barrier,200043396,59103,518.0,False
D_density_commune_barrier,200043396,59104,3176.0,False
D_density_commune_barrier,245900428,59107,4476.0,False
D_density_commune_barrier,200030633,59108,732.0,False
D_density_commune_barrier,200042190,59109,770.0,False
D_density_commune_barrier,245901160,59112,11325.0,False
D_density_commune_barrier,245901152,59113,1354.0,False
D_density_commune_barrier,200042190,59114,1671.0,False
D_density_commune_barrier,200044618,59115,710.0,False
D_density_commune_barrier,200044618,59117,1058.0,False
D_density_commune_barrier,200030633,59118,2440.0,False
D_density_commune_barrier,200068500,59121,621.0,False
D_density_commune_barrier,200068500,59125,405.0,False
D_density_commune_barrier,200044618,59126,1719.0,False
D_density_commune_barrier,245901038,59127,143.0,False
D_density_commune_barrier,245900428,59131,7953.0,False
D_density_commune_barrier,200030633,59132,1009.0,False
D_density_commune_barrier,200043263,59134,1257.0,False
D_density_commune_barrier,200030633,59136,7016.0,False
D_density_commune_barrier,200030633,59137,788.0,False
D_density_commune_barrier,200030633,59138,682.0,False
D_density_commune_barrier,200030633,59139,14028.0,False
D_density_commune_barrier,200030633,59140,457.0,False
D_density_commune_barrier,200068500,59141,566.0,False
D_density_commune_barrier,200043396,59142,709.0,False
D_density_commune_barrier,200042190,59144,859.0,False
D_density_commune_barrier,200043263,59147,48.0,False
D_density_commune_barrier,200043263,59148,363.0,False
D_density_commune_barrier,200030633,59149,1086.0,False
D_density_commune_barrier,200043396,59151,1595.0,False
D_density_commune_barrier,245901160,59153,9445.0,False
D_density_commune_barrier,245900428,59155,20708.0,False
D_density_commune_barrier,200044618,59156,2912.0,False
D_density_commune_barrier,200043396,59157,2172.0,False
D_density_commune_barrier,245900428,59159,741.0,False
D_density_commune_barrier,245901160,59160,4481.0,False
D_density_commune_barrier,200068500,59161,741.0,False
D_density_commune_barrier,200044618,59165,6444.0,False
D_density_commune_barrier,245901160,59166,1348.0,False
D_density_commune_barrier,200068500,59167,207.0,False
D_density_commune_barrier,200043263,59169,207.0,False
D_density_commune_barrier,200044618,59170,5352.0,False
D_density_commune_barrier,200030633,59171,38.0,False
D_density_commune_barrier,200042190,59172,20415.0,False
D_density_commune_barrier,200043263,59174,326.0,False
D_density_commune_barrier,200043263,59175,310.0,False
D_density_commune_barrier,200068500,59176,323.0,False
D_density_commune_barrier,200043263,59177,858.0,False
D_density_commune_barrier,200042190,59179,10144.0,False
D_density_commune_barrier,200043263,59181,542.0,False
D_density_commune_barrier,245901152,59185,1936.0,False
D_density_commune_barrier,200043263,59186,84.0,False
D_density_commune_barrier,200043396,59187,265.0,False
D_density_commune_barrier,200043396,59188,140.0,False
D_density_commune_barrier,200043396,59190,998.0,False
D_density_commune_barrier,200030633,59191,630.0,False
D_density_commune_barrier,200044618,59199,690.0,False
D_density_commune_barrier,245901152,59203,1580.0,False
D_density_commune_barrier,245901038,59204,482.0,False
D_density_commune_barrier,200042190,59205,9445.0,False
D_density_commune_barrier,200068500,59206,3186.0,False
D_density_commune_barrier,200042190,59207,4172.0,False
D_density_commune_barrier,200068500,59209,673.0,False
D_density_commune_barrier,200044618,59211,914.0,False
D_density_commune_barrier,200030633,59213,457.0,False
D_density_commune_barrier,200044618,59214,1111.0,False
D_density_commune_barrier,245901160,59215,960.0,False
D_density_commune_barrier,200068500,59216,349.0,False
D_density_commune_barrier,200043263,59218,1291.0,False
D_density_commune_barrier,200068500,59219,718.0,False
D_density_commune_barrier,245901160,59221,2494.0,False
D_density_commune_barrier,200044618,59222,2235.0,False
D_density_commune_barrier,200044618,59224,1675.0,False
D_density_commune_barrier,200043396,59225,6763.0,False
D_density_commune_barrier,200043263,59226,1458.0,False
D_density_commune_barrier,245901152,59227,5516.0,False
D_density_commune_barrier,200044618,59228,1452.0,False
D_density_commune_barrier,200043404,59229,546.0,False
D_density_commune_barrier,200043396,59230,5239.0,False
D_density_commune_barrier,200043396,59231,1081.0,False
D_density_commune_barrier,200043263,59233,356.0,False
D_density_commune_barrier,200044618,59234,5751.0,False
D_density_commune_barrier,200068500,59236,263.0,False
D_density_commune_barrier,200042190,59238,1630.0,False
D_density_commune_barrier,200044618,59239,5612.0,False
D_density_commune_barrier,200043263,59240,127.0,False
D_density_commune_barrier,200043263,59241,515.0,False
D_density_commune_barrier,200030633,59243,1217.0,False
D_density_commune_barrier,200068500,59244,1767.0,False
D_density_commune_barrier,200043404,59249,11403.0,False
D_density_commune_barrier,245901160,59253,7453.0,False
D_density_commune_barrier,200044618,59254,880.0,False
D_density_commune_barrier,200068500,59255,572.0,False
D_density_commune_barrier,245900428,59260,4111.0,False
D_density_commune_barrier,200044618,59263,1045.0,False
D_density_commune_barrier,200043396,59264,728.0,False
D_density_commune_barrier,200068500,59267,295.0,False
D_density_commune_barrier,200068500,59269,1463.0,False
D_density_commune_barrier,200043263,59270,477.0,False
D_density_commune_barrier,245900428,59271,20635.0,False
D_density_commune_barrier,245900428,59272,5054.0,False
D_density_commune_barrier,245900428,59273,11001.0,False
D_density_commune_barrier,200030633,59274,481.0,False
D_density_commune_barrier,200044618,59276,4667.0,False
D_density_commune_barrier,200044618,59280,780.0,False
D_density_commune_barrier,200042190,59284,3894.0,False
D_density_commune_barrier,200042190,59285,2650.0,False
D_density_commune_barrier,200030633,59287,190.0,False
D_density_commune_barrier,200042190,59288,2328.0,False
D_density_commune_barrier,245901038,59289,1514.0,False
D_density_commune_barrier,200043263,59290,388.0,False
D_density_commune_barrier,200043396,59291,14318.0,False
D_density_commune_barrier,200042190,59292,3276.0,False
D_density_commune_barrier,200068500,59294,309.0,False
D_density_commune_barrier,200042190,59297,1937.0,False
D_density_commune_barrier,200068500,59300,549.0,False
D_density_commune_barrier,245901160,59301,4465.0,False
D_density_commune_barrier,200042190,59302,4125.0,False
D_density_commune_barrier,200043263,59306,295.0,False
D_density_commune_barrier,200030633,59311,567.0,False
D_density_commune_barrier,200068500,59312,743.0,False
D_density_commune_barrier,200042190,59313,1431.0,False
D_density_commune_barrier,245901152,59314,3548.0,False
D_density_commune_barrier,200030633,59321,643.0,False
D_density_commune_barrier,200068500,59322,3358.0,False
D_density_commune_barrier,200043396,59324,10447.0,False
D_density_commune_barrier,200044618,59327,6311.0,False
D_density_commune_barrier,200044618,59329,4953.0,False
D_density_commune_barrier,200043263,59333,249.0,False
D_density_commune_barrier,200044618,59334,1604.0,False
D_density_commune_barrier,200042190,59335,2896.0,False
D_density_commune_barrier,200044618,59336,1366.0,False
D_density_commune_barrier,245900428,59340,4150.0,False
D_density_commune_barrier,200068500,59341,439.0,False
D_density_commune_barrier,200043263,59342,223.0,False
D_density_commune_barrier,200043396,59344,2500.0,False
D_density_commune_barrier,245901152,59345,2418.0,False
D_density_commune_barrier,200043263,59347,534.0,False
D_density_commune_barrier,200042190,59348,1465.0,False
D_density_commune_barrier,200030633,59349,1928.0,False
D_density_commune_barrier,200043396,59351,544.0,False
D_density_commune_barrier,245901152,59354,719.0,False
D_density_commune_barrier,245900428,59359,6083.0,False
D_density_commune_barrier,200042190,59361,3872.0,False
D_density_commune_barrier,200043396,59365,6389.0,False
D_density_commune_barrier,245901160,59369,4039.0,False
D_density_commune_barrier,200043396,59370,700.0,False
D_density_commune_barrier,200030633,59372,481.0,False
D_density_commune_barrier,200043263,59374,470.0,False
D_density_commune_barrier,245901152,59375,4549.0,False
D_density_commune_barrier,200068500,59377,1897.0,False
D_density_commune_barrier,200044618,59379,755.0,False
D_density_commune_barrier,200030633,59382,1430.0,False
D_density_commune_barrier,245901160,59383,12014.0,False
D_density_commune_barrier,200043396,59385,2674.0,False
D_density_commune_barrier,200042190,59387,1919.0,False
D_density_commune_barrier,200068500,59389,2757.0,False
D_density_commune_barrier,245901152,59390,4080.0,False
D_density_commune_barrier,200042190,59391,887.0,False
D_density_commune_barrier,200043396,59392,29625.0,False
D_density_commune_barrier,200042190,59393,1007.0,False
D_density_commune_barrier,200030633,59394,404.0,False
D_density_commune_barrier,200030633,59395,297.0,False
D_density_commune_barrier,200042190,59403,715.0,False
D_density_commune_barrier,200068500,59405,485.0,False
D_density_commune_barrier,200043396,59406,435.0,False
D_density_commune_barrier,245901160,59407,548.0,False
D_density_commune_barrier,245901152,59409,2508.0,False
D_density_commune_barrier,200030633,59412,273.0,False
D_density_commune_barrier,200030633,59413,555.0,False
D_density_commune_barrier,245901152,59414,4774.0,False
D_density_commune_barrier,245901038,59415,224.0,False
D_density_commune_barrier,200042190,59418,1584.0,False
D_density_commune_barrier,200068500,59422,627.0,False
D_density_commune_barrier,200043396,59424,1316.0,False
D_density_commune_barrier,200068500,59428,3923.0,False
D_density_commune_barrier,200042190,59429,2688.0,False
D_density_commune_barrier,200030633,59430,1084.0,False
D_density_commune_barrier,200068500,59432,513.0,False
D_density_commune_barrier,200042190,59434,1361.0,False
D_density_commune_barrier,200068500,59438,813.0,False
D_density_commune_barrier,200043396,59439,273.0,False
D_density_commune_barrier,200042190,59440,685.0,False
D_density_commune_barrier,200043396,59442,270.0,False
D_density_commune_barrier,245901160,59444,918.0,False
D_density_commune_barrier,200042190,59446,679.0,False
D_density_commune_barrier,245901160,59447,8742.0,False
D_density_commune_barrier,200030633,59450,638.0,False
D_density_commune_barrier,200068500,59455,1007.0,False
D_density_commune_barrier,245901152,59456,6225.0,False
D_density_commune_barrier,245901160,59459,5080.0,False
D_density_commune_barrier,200043263,59461,302.0,False
D_density_commune_barrier,200030633,59465,778.0,False
D_density_commune_barrier,200043396,59467,2434.0,False
D_density_commune_barrier,245901160,59471,2048.0,False
D_density_commune_barrier,200043263,59474,1042.0,False
D_density_commune_barrier,245901160,59475,2190.0,False
D_density_commune_barrier,200068500,59476,3090.0,False
D_density_commune_barrier,245901160,59479,3108.0,False
D_density_commune_barrier,245901160,59480,859.0,False
D_density_commune_barrier,200043396,59483,137.0,False
D_density_commune_barrier,245901160,59484,6354.0,False
D_density_commune_barrier,200030633,59485,1801.0,False
D_density_commune_barrier,200044618,59486,2682.0,False
D_density_commune_barrier,200068500,59488,2155.0,False
D_density_commune_barrier,200044618,59489,4010.0,False
D_density_commune_barrier,200043263,59490,183.0,False
D_density_commune_barrier,200042190,59491,12201.0,False
D_density_commune_barrier,200068500,59492,605.0,False
D_density_commune_barrier,200043263,59493,227.0,False
D_density_commune_barrier,200043396,59495,2460.0,False
D_density_commune_barrier,200030633,59498,347.0,False
D_density_commune_barrier,200068500,59500,375.0,False
D_density_commune_barrier,245901152,59501,1258.0,False
D_density_commune_barrier,200068500,59502,1439.0,False
D_density_commune_barrier,200042190,59504,3798.0,False
D_density_commune_barrier,245901160,59505,755.0,False
D_density_commune_barrier,245901038,59506,470.0,False
D_density_commune_barrier,200044618,59509,5985.0,False
D_density_commune_barrier,200042190,59511,1948.0,False
D_density_commune_barrier,200044618,59513,455.0,False
D_density_commune_barrier,200043396,59514,4089.0,False
D_density_commune_barrier,245901160,59515,660.0,False
D_density_commune_barrier,200068500,59517,756.0,False
D_density_commune_barrier,200042190,59519,1739.0,False
D_density_commune_barrier,200068500,59520,1431.0,False
D_density_commune_barrier,200068500,59521,429.0,False
D_density_commune_barrier,200043263,59525,2787.0,False
D_density_commune_barrier,200042190,59526,15997.0,False
D_density_commune_barrier,200030633,59528,1563.0,False
D_density_commune_barrier,200043263,59529,349.0,False
D_density_commune_barrier,245901160,59530,333.0,False
D_density_commune_barrier,200030633,59531,340.0,False
D_density_commune_barrier,245900428,59532,302.0,False
D_density_commune_barrier,200030633,59533,1559.0,False
D_density_commune_barrier,200043263,59534,832.0,False
D_density_commune_barrier,245901038,59537,502.0,False
D_density_commune_barrier,245901038,59541,1013.0,False
D_density_commune_barrier,200043396,59542,498.0,False
D_density_commune_barrier,200043396,59543,1083.0,False
D_density_commune_barrier,245901160,59544,11268.0,False
D_density_commune_barrier,200030633,59545,1203.0,False
D_density_commune_barrier,200030633,59547,852.0,False
D_density_commune_barrier,200068500,59552,195.0,False
D_density_commune_barrier,200042190,59554,618.0,False
D_density_commune_barrier,200043263,59555,1432.0,False
D_density_commune_barrier,200043396,59556,261.0,False
D_density_commune_barrier,245901160,59557,2577.0,False
D_density_commune_barrier,245901038,59558,1684.0,False
D_density_commune_barrier,245901160,59559,1989.0,False
D_density_commune_barrier,200043263,59562,538.0,False
D_density_commune_barrier,200043263,59563,234.0,False
D_density_commune_barrier,200042190,59564,3151.0,False
D_density_commune_barrier,200068500,59567,416.0,False
D_density_commune_barrier,200044618,59569,15442.0,False
D_density_commune_barrier,245901038,59571,4266.0,False
D_density_commune_barrier,200043263,59572,1777.0,False
D_density_commune_barrier,200043263,59573,141.0,False
D_density_commune_barrier,245901152,59574,11869.0,False
D_density_commune_barrier,245901038,59575,399.0,False
D_density_commune_barrier,245900428,59576,1779.0,False
D_density_commune_barrier,200043263,59583,473.0,False
D_density_commune_barrier,245900428,59588,8258.0,False
D_density_commune_barrier,200042190,59589,3000.0,False
D_density_commune_barrier,245901160,59591,827.0,False
D_density_commune_barrier,200068500,59593,756.0,False
D_density_commune_barrier,200042190,59594,1116.0,False
D_density_commune_barrier,200068500,59595,541.0,False
D_density_commune_barrier,245901152,59596,519.0,False
D_density_commune_barrier,200068500,59597,682.0,False
D_density_commune_barrier,200042190,59603,6186.0,False
D_density_commune_barrier,200030633,59604,815.0,False
D_density_commune_barrier,245901038,59608,1108.0,False
D_density_commune_barrier,245901160,59610,1087.0,False
D_density_commune_barrier,245901038,59612,508.0,False
D_density_commune_barrier,245901160,59613,1465.0,False
D_density_commune_barrier,245901038,59614,1394.0,False
D_density_commune_barrier,245901160,59616,10409.0,False
D_density_commune_barrier,200043396,59617,637.0,False
D_density_commune_barrier,200043396,59618,899.0,False
D_density_commune_barrier,200044618,59620,664.0,False
D_density_commune_barrier,200068500,59622,1174.0,False
D_density_commune_barrier,200068500,59623,686.0,False
D_density_commune_barrier,200030633,59624,2146.0,False
D_density_commune_barrier,200068500,59625,393.0,False
D_density_commune_barrier,200043396,59627,1005.0,False
D_density_commune_barrier,245901152,59629,1320.0,False
D_density_commune_barrier,200030633,59631,2132.0,False
D_density_commune_barrier,200042190,59632,5617.0,False
D_density_commune_barrier,200068500,59635,366.0,False
D_density_commune_barrier,245901152,59637,1327.0,False
D_density_commune_barrier,245901152,59642,590.0,False
D_density_commune_barrier,200042190,59645,593.0,False
D_density_commune_barrier,200043263,59649,239.0,False
D_density_commune_barrier,200042190,59651,1624.0,False
D_density_commune_barrier,200042190,59652,419.0,False
D_density_commune_barrier,200044618,59654,7381.0,False
D_density_commune_barrier,200043404,59659,2830.0,False
D_density_commune_barrier,200043404,59661,133.0,False
D_density_commune_barrier,245900428,59668,1593.0,False
D_density_commune_barrier,246000756,60021,529.0,False
D_density_commune_barrier,246000756,60037,510.0,False
D_density_commune_barrier,246000756,60052,98.0,False
D_density_commune_barrier,246000756,60055,340.0,False
D_density_commune_barrier,246000756,60059,202.0,False
D_density_commune_barrier,246000756,60062,316.0,False
D_density_commune_barrier,246000756,60105,427.0,False
D_density_commune_barrier,246000756,60117,310.0,False
D_density_commune_barrier,246000756,60118,507.0,False
D_density_commune_barrier,246000756,60121,160.0,False
D_density_commune_barrier,246000756,60129,1475.0,False
D_density_commune_barrier,246000756,60132,185.0,False
D_density_commune_barrier,200068047,60173,810.0,False
D_density_commune_barrier,246000756,60181,908.0,False
D_density_commune_barrier,246000756,60189,967.0,False
D_density_commune_barrier,246000756,60236,220.0,False
D_density_commune_barrier,246000756,60255,332.0,False
D_density_commune_barrier,246000756,60263,264.0,False
D_density_commune_barrier,246000756,60270,335.0,False
D_density_commune_barrier,246000756,60287,360.0,False
D_density_commune_barrier,246000756,60291,1800.0,False
D_density_commune_barrier,246000756,60348,516.0,False
D_density_commune_barrier,246000756,60389,244.0,False
D_density_commune_barrier,200068047,60391,220.0,False
D_density_commune_barrier,246000756,60410,249.0,False
D_density_commune_barrier,200068047,60414,13683.0,False
D_density_commune_barrier,246000756,60431,538.0,False
D_density_commune_barrier,246000756,60443,588.0,False
D_density_commune_barrier,200068047,60463,21589.0,False
D_density_commune_barrier,246000756,60471,13197.0,False
D_density_commune_barrier,246000756,60488,272.0,False
D_density_commune_barrier,246000756,60502,95.0,False
D_density_commune_barrier,246000756,60506,679.0,False
D_density_commune_barrier,246000756,60507,453.0,False
D_density_commune_barrier,246000756,60511,401.0,False
D_density_commune_barrier,246000756,60519,174.0,False
D_density_commune_barrier,200068047,60551,292.0,False
D_density_commune_barrier,200068047,60584,4637.0,False
D_density_commune_barrier,200068047,60589,2907.0,False
D_density_commune_barrier,200068047,60601,1037.0,False
D_density_commune_barrier,246000756,60603,898.0,False
D_density_commune_barrier,246000756,60610,766.0,False
D_density_commune_barrier,246000756,60617,273.0,False
D_density_commune_barrier,246000756,60625,574.0,False
D_density_commune_barrier,200068047,60635,1078.0,False
D_density_commune_barrier,246000756,60655,364.0,False
D_density_commune_barrier,246000756,60657,246.0,False
D_density_commune_barrier,246000756,60676,755.0,False
D_density_commune_barrier,200068047,60684,6442.0,False
D_density_commune_barrier,200035814,61007,4224.0,False
D_density_commune_barrier,200035814,61011,408.0,False
D_density_commune_barrier,200035814,61024,610.0,False
D_density_commune_barrier,200035814,61030,272.0,False
D_density_commune_barrier,200035814,61040,1053.0,False
D_density_commune_barrier,200035814,61078,713.0,False
D_density_commune_barrier,200035814,61094,590.0,False
D_density_commune_barrier,200035814,61095,532.0,False
D_density_commune_barrier,200035814,61102,404.0,False
D_density_commune_barrier,200035814,61124,503.0,False
D_density_commune_barrier,200035814,61146,394.0,False
D_density_commune_barrier,200035814,61148,292.0,False
D_density_commune_barrier,200035814,61149,371.0,False
D_density_commune_barrier,200035814,61163,1552.0,False
D_density_commune_barrier,200035814,61169,14589.0,False
D_density_commune_barrier,200035814,61218,1784.0,False
D_density_commune_barrier,200035814,61219,159.0,False
D_density_commune_barrier,200035814,61221,448.0,False
D_density_commune_barrier,200035814,61222,765.0,False
D_density_commune_barrier,200035814,61278,1846.0,False
D_density_commune_barrier,200035814,61362,529.0,False
D_density_commune_barrier,200035814,61376,849.0,False
D_density_commune_barrier,200035814,61391,3164.0,False
D_density_commune_barrier,200035814,61407,692.0,False
D_density_commune_barrier,200035814,61443,694.0,False
D_density_commune_barrier,200035814,61459,304.0,False
D_density_commune_barrier,200035814,61466,1451.0,False
D_density_commune_barrier,246200364,62001,1929.0,False
D_density_commune_barrier,246200364,62003,599.0,False
D_density_commune_barrier,246201016,62008,796.0,False
D_density_commune_barrier,246201016,62010,256.0,False
D_density_commune_barrier,200069037,62014,9610.0,False
D_density_commune_barrier,246200364,62019,3917.0,False
D_density_commune_barrier,200072478,62020,622.0,False
D_density_commune_barrier,200072460,62023,2871.0,False
D_density_commune_barrier,246201016,62024,994.0,False
D_density_commune_barrier,246200380,62025,1998.0,False
D_density_commune_barrier,200072460,62028,627.0,False
D_density_commune_barrier,200072460,62029,461.0,False
D_density_commune_barrier,200072478,62031,1552.0,False
D_density_commune_barrier,246200364,62032,4777.0,False
D_density_commune_barrier,246200364,62033,4477.0,False
D_density_commune_barrier,200072460,62034,2143.0,False
D_density_commune_barrier,200072460,62035,5807.0,False
D_density_commune_barrier,200072478,62038,4404.0,False
D_density_commune_barrier,200069037,62040,9521.0,False
D_density_commune_barrier,200090751,62043,2040.0,False
D_density_commune_barrier,200072460,62048,10221.0,False
D_density_commune_barrier,200072460,62049,534.0,False
D_density_commune_barrier,200072460,62051,4656.0,False
D_density_commune_barrier,246200380,62052,458.0,False
D_density_commune_barrier,200069037,62053,662.0,False
D_density_commune_barrier,246200380,62054,594.0,False
D_density_commune_barrier,246201016,62055,522.0,False
D_density_commune_barrier,246200380,62056,628.0,False
D_density_commune_barrier,200072478,62059,288.0,False
D_density_commune_barrier,246200364,62065,17676.0,False
D_density_commune_barrier,200069037,62067,593.0,False
D_density_commune_barrier,246200729,62075,1296.0,False
D_density_commune_barrier,200072478,62076,217.0,False
D_density_commune_barrier,200072460,62077,363.0,False
D_density_commune_barrier,200072478,62078,1225.0,False
D_density_commune_barrier,200072460,62083,7456.0,False
D_density_commune_barrier,200069037,62087,1010.0,False
D_density_commune_barrier,246201016,62088,328.0,False
D_density_commune_barrier,246200380,62089,398.0,False
D_density_commune_barrier,200069037,62095,241.0,False
D_density_commune_barrier,200035442,62096,559.0,False
D_density_commune_barrier,200018083,62104,437.0,False
D_density_commune_barrier,200018083,62105,565.0,False
D_density_commune_barrier,246200364,62107,350.0,False
D_density_commune_barrier,200035442,62117,913.0,False
D_density_commune_barrier,200072460,62119,24983.0,False
D_density_commune_barrier,200072460,62120,466.0,False
D_density_commune_barrier,246200380,62125,460.0,False
D_density_commune_barrier,200072460,62126,9164.0,False
D_density_commune_barrier,200072460,62132,5034.0,False
D_density_commune_barrier,246200364,62133,8185.0,False
D_density_commune_barrier,200069037,62139,4926.0,False
D_density_commune_barrier,246201016,62140,492.0,False
D_density_commune_barrier,200072460,62141,903.0,False
D_density_commune_barrier,246200299,62148,821.0,False
D_density_commune_barrier,246201016,62149,244.0,False
D_density_commune_barrier,200069037,62153,653.0,False
D_density_commune_barrier,246201016,62155,635.0,False
D_density_commune_barrier,200090751,62156,572.0,False
D_density_commune_barrier,200072478,62161,787.0,False
D_density_commune_barrier,200072460,62162,589.0,False
D_density_commune_barrier,200072478,62167,254.0,False
D_density_commune_barrier,246201016,62169,246.0,False
D_density_commune_barrier,246200364,62170,2376.0,False
D_density_commune_barrier,200072478,62174,1294.0,False
D_density_commune_barrier,200072460,62178,21953.0,False
D_density_commune_barrier,200035442,62185,227.0,False
D_density_commune_barrier,246200364,62186,12080.0,False
D_density_commune_barrier,200072460,62188,2812.0,False
D_density_commune_barrier,200035442,62189,132.0,False
D_density_commune_barrier,200072460,62190,1244.0,False
D_density_commune_barrier,200072478,62191,728.0,False
D_density_commune_barrier,200072460,62194,5511.0,False
D_density_commune_barrier,200072460,62195,1543.0,False
D_density_commune_barrier,200072460,62197,1774.0,False
D_density_commune_barrier,200072460,62200,1221.0,False
D_density_commune_barrier,200072478,62203,437.0,False
D_density_commune_barrier,200069037,62205,1288.0,False
D_density_commune_barrier,246200364,62213,796.0,False
D_density_commune_barrier,200018083,62214,607.0,False
D_density_commune_barrier,246200299,62215,17667.0,False
D_density_commune_barrier,200072460,62217,2723.0,False
D_density_commune_barrier,200072460,62218,334.0,False
D_density_commune_barrier,200035442,62223,290.0,False
D_density_commune_barrier,200072460,62224,2821.0,False
D_density_commune_barrier,200069037,62225,600.0,False
D_density_commune_barrier,246201016,62228,320.0,False
D_density_commune_barrier,246201016,62229,804.0,False
D_density_commune_barrier,200018083,62230,950.0,False
D_density_commune_barrier,200072460,62232,892.0,False
D_density_commune_barrier,246200729,62235,2482.0,False
D_density_commune_barrier,246200729,62237,518.0,False
D_density_commune_barrier,200090751,62239,2601.0,False
D_density_commune_barrier,200090751,62244,5451.0,False
D_density_commune_barrier,246201016,62245,763.0,False
D_density_commune_barrier,246200299,62249,8166.0,False
D_density_commune_barrier,246200299,62250,10360.0,False
D_density_commune_barrier,200072460,62252,2643.0,False
D_density_commune_barrier,200069037,62254,602.0,False
D_density_commune_barrier,200035442,62259,1961.0,False
D_density_commune_barrier,200072460,62262,1751.0,False
D_density_commune_barrier,246200729,62264,1332.0,False
D_density_commune_barrier,200069037,62265,1192.0,False
D_density_commune_barrier,200069037,62267,400.0,False
D_density_commune_barrier,200072460,62269,725.0,False
D_density_commune_barrier,200072460,62270,6957.0,False
D_density_commune_barrier,246201016,62271,834.0,False
D_density_commune_barrier,246200299,62274,5927.0,False
D_density_commune_barrier,200072460,62276,5733.0,False
D_density_commune_barrier,246200299,62277,2935.0,False
D_density_commune_barrier,200072460,62278,610.0,False
D_density_commune_barrier,246200729,62281,384.0,False
D_density_commune_barrier,200035442,62285,490.0,False
D_density_commune_barrier,200072460,62286,506.0,False
D_density_commune_barrier,200069037,62288,2178.0,False
D_density_commune_barrier,246200364,62291,2844.0,False
D_density_commune_barrier,246201016,62292,868.0,False
D_density_commune_barrier,200069037,62297,3745.0,False
D_density_commune_barrier,246200729,62300,2624.0,False
D_density_commune_barrier,200069037,62304,335.0,False
D_density_commune_barrier,200090751,62307,219.0,False
D_density_commune_barrier,246201016,62308,476.0,False
D_density_commune_barrier,246201016,62309,1631.0,False
D_density_commune_barrier,200072460,62310,1758.0,False
D_density_commune_barrier,246200364,62311,2031.0,False
D_density_commune_barrier,200072460,62313,915.0,False
D_density_commune_barrier,200072460,62314,357.0,False
D_density_commune_barrier,246200299,62321,4662.0,False
D_density_commune_barrier,200069037,62325,949.0,False
D_density_commune_barrier,200069037,62327,614.0,False
D_density_commune_barrier,200072460,62328,895.0,False
D_density_commune_barrier,246200380,62329,1751.0,False
D_density_commune_barrier,200072460,62330,1268.0,False
D_density_commune_barrier,200072478,62334,856.0,False
D_density_commune_barrier,200069037,62336,480.0,False
D_density_commune_barrier,200035442,62343,262.0,False
D_density_commune_barrier,200072460,62349,1629.0,False
D_density_commune_barrier,200072460,62350,1124.0,False
D_density_commune_barrier,246200364,62351,6333.0,False
D_density_commune_barrier,200072460,62356,801.0,False
D_density_commune_barrier,200090751,62360,1390.0,False
D_density_commune_barrier,200072460,62366,308.0,False
D_density_commune_barrier,246200364,62371,2003.0,False
D_density_commune_barrier,200072460,62373,1023.0,False
D_density_commune_barrier,200072460,62376,2512.0,False
D_density_commune_barrier,200072460,62377,949.0,False
D_density_commune_barrier,246200364,62380,350.0,False
D_density_commune_barrier,246200364,62386,6748.0,False
D_density_commune_barrier,200072460,62391,1388.0,False
D_density_commune_barrier,200072478,62397,5581.0,False
D_density_commune_barrier,200072460,62400,4864.0,False
D_density_commune_barrier,200072460,62401,4416.0,False
D_density_commune_barrier,200018083,62402,310.0,False
D_density_commune_barrier,200069037,62403,1211.0,False
D_density_commune_barrier,200035442,62406,267.0,False
D_density_commune_barrier,200072460,62407,947.0,False
D_density_commune_barrier,200090751,62408,1457.0,False
D_density_commune_barrier,200072478,62412,1217.0,False
D_density_commune_barrier,246200364,62413,12277.0,False
D_density_commune_barrier,246201016,62419,176.0,False
D_density_commune_barrier,200035442,62421,389.0,False
D_density_commune_barrier,200069037,62423,1737.0,False
D_density_commune_barrier,246200299,62427,25886.0,False
D_density_commune_barrier,200072478,62432,405.0,False
D_density_commune_barrier,200072478,62439,418.0,False
D_density_commune_barrier,200035442,62440,1159.0,False
D_density_commune_barrier,200072460,62441,209.0,False
D_density_commune_barrier,200072460,62443,6196.0,False
D_density_commune_barrier,246200380,62444,225.0,False
D_density_commune_barrier,200072460,62445,827.0,False
D_density_commune_barrier,246200729,62446,805.0,False
D_density_commune_barrier,246200729,62448,1891.0,False
D_density_commune_barrier,200069037,62452,1371.0,False
D_density_commune_barrier,200072460,62454,2413.0,False
D_density_commune_barrier,200072478,62455,111.0,False
D_density_commune_barrier,200072460,62456,718.0,False
D_density_commune_barrier,200072460,62457,7066.0,False
D_density_commune_barrier,200069037,62458,1163.0,False
D_density_commune_barrier,246200364,62464,3380.0,False
D_density_commune_barrier,200069037,62471,1084.0,False
D_density_commune_barrier,200072460,62473,8683.0,False
D_density_commune_barrier,246200729,62474,1154.0,False
D_density_commune_barrier,246201016,62478,288.0,False
D_density_commune_barrier,200072460,62479,1662.0,False
D_density_commune_barrier,200072460,62480,2912.0,False
D_density_commune_barrier,200018083,62483,248.0,False
D_density_commune_barrier,200069037,62485,369.0,False
D_density_commune_barrier,200072460,62486,1058.0,False
D_density_commune_barrier,246200380,62487,1252.0,False
D_density_commune_barrier,200072478,62488,775.0,False
D_density_commune_barrier,200072460,62489,3525.0,False
D_density_commune_barrier,200035442,62493,233.0,False
D_density_commune_barrier,200035442,62494,46.0,False
D_density_commune_barrier,246200299,62497,7236.0,False
D_density_commune_barrier,200072460,62500,404.0,False
D_density_commune_barrier,246200380,62503,297.0,False
D_density_commune_barrier,246201016,62504,258.0,False
D_density_commune_barrier,246200380,62505,512.0,False
D_density_commune_barrier,200072478,62506,1639.0,False
D_density_commune_barrier,200072460,62508,367.0,False
D_density_commune_barrier,200072460,62509,343.0,False
D_density_commune_barrier,200072460,62512,568.0,False
D_density_commune_barrier,200072460,62516,9866.0,False
D_density_commune_barrier,200072460,62517,192.0,False
D_density_commune_barrier,200072460,62520,2361.0,False
D_density_commune_barrier,246200364,62523,5308.0,False
D_density_commune_barrier,200069037,62525,10600.0,False
D_density_commune_barrier,246200364,62528,6904.0,False
D_density_commune_barrier,200072460,62529,1589.0,False
D_density_commune_barrier,200072478,62531,945.0,False
D_density_commune_barrier,200072460,62532,1300.0,False
D_density_commune_barrier,246201016,62534,3582.0,False
D_density_commune_barrier,200072460,62540,1698.0,False
D_density_commune_barrier,200069037,62543,2006.0,False
D_density_commune_barrier,246200380,62546,307.0,False
D_density_commune_barrier,200090751,62548,10523.0,False
D_density_commune_barrier,200072460,62555,5524.0,False
D_density_commune_barrier,246200380,62560,5072.0,False
D_density_commune_barrier,246200364,62563,8029.0,False
D_density_commune_barrier,200072460,62564,466.0,False
D_density_commune_barrier,200069037,62567,647.0,False
D_density_commune_barrier,200069037,62569,668.0,False
D_density_commune_barrier,246200364,62570,11374.0,False
D_density_commune_barrier,200035442,62572,615.0,False
D_density_commune_barrier,246200364,62573,3728.0,False
D_density_commune_barrier,200072460,62584,1326.0,False
D_density_commune_barrier,246200299,62587,10086.0,False
D_density_commune_barrier,200069037,62592,556.0,False
D_density_commune_barrier,200069037,62595,1136.0,False
D_density_commune_barrier,200035442,62597,286.0,False
D_density_commune_barrier,200018083,62599,224.0,False
D_density_commune_barrier,246200729,62603,1067.0,False
D_density_commune_barrier,246200729,62604,3748.0,False
D_density_commune_barrier,200072460,62606,1435.0,False
D_density_commune_barrier,200035442,62608,168.0,False
D_density_commune_barrier,246201016,62613,898.0,False
D_density_commune_barrier,200072478,62614,592.0,False
D_density_commune_barrier,200090751,62615,286.0,False
D_density_commune_barrier,200072460,62617,11638.0,False
D_density_commune_barrier,200069037,62618,1336.0,False
D_density_commune_barrier,200035442,62619,141.0,False
D_density_commune_barrier,200072460,62620,1377.0,False
D_density_commune_barrier,200069037,62622,266.0,False
D_density_commune_barrier,246200299,62624,5864.0,False
D_density_commune_barrier,200072460,62626,2297.0,False
D_density_commune_barrier,246200364,62628,6590.0,False
D_density_commune_barrier,200072460,62632,381.0,False
D_density_commune_barrier,246200380,62636,269.0,False
D_density_commune_barrier,246200299,62637,10130.0,False
D_density_commune_barrier,200072460,62642,750.0,False
D_density_commune_barrier,246200729,62643,13178.0,False
D_density_commune_barrier,246201016,62644,503.0,False
D_density_commune_barrier,246200729,62653,414.0,False
D_density_commune_barrier,200090751,62654,784.0,False
D_density_commune_barrier,246201016,62656,947.0,False
D_density_commune_barrier,200090751,62657,503.0,False
D_density_commune_barrier,246200729,62658,117.0,False
D_density_commune_barrier,246200364,62666,3116.0,False
D_density_commune_barrier,246200729,62667,8985.0,False
D_density_commune_barrier,246201016,62674,544.0,False
D_density_commune_barrier,246201016,62675,275.0,False
D_density_commune_barrier,200072460,62676,448.0,False
D_density_commune_barrier,200018083,62679,324.0,False
D_density_commune_barrier,200069037,62681,625.0,False
D_density_commune_barrier,200069037,62684,2218.0,False
D_density_commune_barrier,246201016,62692,374.0,False
D_density_commune_barrier,200072460,62693,1071.0,False
D_density_commune_barrier,200069037,62696,233.0,False
D_density_commune_barrier,200072460,62701,453.0,False
D_density_commune_barrier,246201016,62702,358.0,False
D_density_commune_barrier,200069037,62704,588.0,False
D_density_commune_barrier,246200380,62705,2087.0,False
D_density_commune_barrier,200072460,62706,2628.0,False
D_density_commune_barrier,246200380,62711,3048.0,False
D_density_commune_barrier,200072460,62713,1335.0,False
D_density_commune_barrier,200072478,62716,550.0,False
D_density_commune_barrier,200072460,62720,43.0,False
D_density_commune_barrier,200069037,62721,1947.0,False
D_density_commune_barrier,246200299,62724,8925.0,False
D_density_commune_barrier,200072460,62727,1521.0,False
D_density_commune_barrier,200035442,62731,281.0,False
D_density_commune_barrier,200072460,62735,2520.0,False
D_density_commune_barrier,246200364,62737,6035.0,False
D_density_commune_barrier,246200729,62746,5094.0,False
D_density_commune_barrier,200072460,62747,625.0,False
D_density_commune_barrier,200072460,62750,817.0,False
D_density_commune_barrier,246200380,62751,801.0,False
D_density_commune_barrier,200035442,62754,495.0,False
D_density_commune_barrier,246200729,62755,3377.0,False
D_density_commune_barrier,246200729,62758,11165.0,False
D_density_commune_barrier,200069037,62760,275.0,False
D_density_commune_barrier,200069037,62765,14782.0,False
D_density_commune_barrier,200090751,62769,765.0,False
D_density_commune_barrier,200072460,62770,3041.0,False
D_density_commune_barrier,246200364,62771,9575.0,False
D_density_commune_barrier,200069037,62772,492.0,False
D_density_commune_barrier,200018083,62773,4656.0,False
D_density_commune_barrier,200090751,62774,4840.0,False
D_density_commune_barrier,200072478,62775,351.0,False
D_density_commune_barrier,246201016,62788,694.0,False
D_density_commune_barrier,200069037,62792,1151.0,False
D_density_commune_barrier,246200364,62793,1133.0,False
D_density_commune_barrier,246201016,62794,589.0,False
D_density_commune_barrier,246200364,62801,2643.0,False
D_density_commune_barrier,246201016,62803,640.0,False
D_density_commune_barrier,246200380,62806,150.0,False
D_density_commune_barrier,200069037,62811,1101.0,False
D_density_commune_barrier,200069037,62812,835.0,False
D_density_commune_barrier,200069037,62819,1077.0,False
D_density_commune_barrier,200018083,62821,294.0,False
D_density_commune_barrier,200069037,62827,1391.0,False
D_density_commune_barrier,200035442,62830,175.0,False
D_density_commune_barrier,200072460,62836,1079.0,False
D_density_commune_barrier,246201016,62837,501.0,False
D_density_commune_barrier,200035442,62840,132.0,False
D_density_commune_barrier,200072460,62841,2413.0,False
D_density_commune_barrier,246200364,62842,8419.0,False
D_density_commune_barrier,200018083,62845,502.0,False
D_density_commune_barrier,200072460,62846,4767.0,False
D_density_commune_barrier,200072460,62847,2021.0,False
D_density_commune_barrier,200072460,62848,3477.0,False
D_density_commune_barrier,200072460,62851,833.0,False
D_density_commune_barrier,246200364,62854,614.0,False
D_density_commune_barrier,246200364,62861,4332.0,False
D_density_commune_barrier,200072460,62863,3814.0,False
D_density_commune_barrier,246200380,62867,264.0,False
D_density_commune_barrier,200069037,62875,1354.0,False
D_density_commune_barrier,200018083,62880,198.0,False
D_density_commune_barrier,246201016,62882,1240.0,False
D_density_commune_barrier,200072460,62885,253.0,False
D_density_commune_barrier,200018083,62888,226.0,False
D_density_commune_barrier,246200380,62889,867.0,False
D_density_commune_barrier,246200729,62893,6311.0,False
D_density_commune_barrier,246200729,62894,3937.0,False
D_density_commune_barrier,246200364,62895,8750.0,False
D_density_commune_barrier,246201016,62897,512.0,False
D_density_commune_barrier,246201016,62898,224.0,False
D_density_commune_barrier,246200380,62899,850.0,False
D_density_commune_barrier,200072460,62900,599.0,False
D_density_commune_barrier,200069037,62901,999.0,False
D_density_commune_barrier,200069037,62902,3308.0,False
D_density_commune_barrier,200069037,62904,596.0,False
D_density_commune_barrier,246201016,62905,1033.0,False
D_density_commune_barrier,246200299,62907,8230.0,False
D_density_commune_barrier,246200729,62908,1610.0,False
D_density_commune_barrier,200035442,62909,433.0,False
D_density_commune_barrier,200069300,65005,435.0,False
D_density_commune_barrier,200069300,65010,222.0,False
D_density_commune_barrier,200069300,65019,572.0,False
D_density_commune_barrier,200069300,65047,7932.0,False
D_density_commune_barrier,200069300,65048,783.0,False
D_density_commune_barrier,200069300,65052,73.0,False
D_density_commune_barrier,200069300,65057,979.0,False
D_density_commune_barrier,200069300,65062,3497.0,False
D_density_commune_barrier,200069300,65067,130.0,False
D_density_commune_barrier,200069300,65070,560.0,False
D_density_commune_barrier,200069300,65072,1849.0,False
D_density_commune_barrier,200069300,65080,546.0,False
D_density_commune_barrier,200069300,65083,724.0,False
D_density_commune_barrier,200069300,65084,286.0,False
D_density_commune_barrier,200069300,65100,5421.0,False
D_density_commune_barrier,200069300,65108,880.0,False
D_density_commune_barrier,200069300,65146,312.0,False
D_density_commune_barrier,200069300,65185,443.0,False
D_density_commune_barrier,200069300,65189,276.0,False
D_density_commune_barrier,200069300,65201,187.0,False
D_density_commune_barrier,200069300,65220,238.0,False
D_density_commune_barrier,200069300,65223,1194.0,False
D_density_commune_barrier,200069300,65226,2905.0,False
D_density_commune_barrier,200069300,65235,4045.0,False
D_density_commune_barrier,200069300,65244,530.0,False
D_density_commune_barrier,200069300,65251,1874.0,False
D_density_commune_barrier,200069300,65252,869.0,False
D_density_commune_barrier,200069300,65257,605.0,False
D_density_commune_barrier,200069300,65268,225.0,False
D_density_commune_barrier,200069300,65284,1052.0,False
D_density_commune_barrier,200069300,65292,404.0,False
D_density_commune_barrier,200069300,65313,737.0,False
D_density_commune_barrier,200069300,65321,141.0,False
D_density_commune_barrier,200069300,65331,3290.0,False
D_density_commune_barrier,200069300,65339,338.0,False
D_density_commune_barrier,200069300,65340,1953.0,False
D_density_commune_barrier,200069300,65344,2369.0,False
D_density_commune_barrier,200069300,65350,1200.0,False
D_density_commune_barrier,200069300,65392,442.0,False
D_density_commune_barrier,200069300,65401,573.0,False
D_density_commune_barrier,200069300,65406,258.0,False
D_density_commune_barrier,200069300,65410,525.0,False
D_density_commune_barrier,200069300,65417,5165.0,False
D_density_commune_barrier,200069300,65422,338.0,False
D_density_commune_barrier,200069300,65433,3047.0,False
D_density_commune_barrier,200069300,65479,352.0,False
D_density_commune_barrier,246600373,66001,70.0,False
D_density_commune_barrier,200043602,66008,10593.0,False
D_density_commune_barrier,200043602,66011,4453.0,False
D_density_commune_barrier,200027183,66012,3388.0,False
D_density_commune_barrier,200027183,66014,2669.0,False
D_density_commune_barrier,246600449,66015,1289.0,False
D_density_commune_barrier,200043602,66016,4761.0,False
D_density_commune_barrier,200027183,66017,5894.0,False
D_density_commune_barrier,200027183,66021,7625.0,False
D_density_commune_barrier,246600373,66024,5313.0,False
D_density_commune_barrier,246600449,66026,1580.0,False
D_density_commune_barrier,200027183,66028,10368.0,False
D_density_commune_barrier,246600449,66029,134.0,False
D_density_commune_barrier,200027183,66030,216.0,False
D_density_commune_barrier,246600449,66032,59.0,False
D_density_commune_barrier,246600449,66033,459.0,False
D_density_commune_barrier,200027183,66037,12653.0,False
D_density_commune_barrier,200027183,66038,6490.0,False
D_density_commune_barrier,200027183,66041,958.0,False
D_density_commune_barrier,246600449,66044,289.0,False
D_density_commune_barrier,200043602,66048,1301.0,False
D_density_commune_barrier,246600373,66049,7753.0,False
D_density_commune_barrier,200043602,66053,2400.0,False
D_density_commune_barrier,246600415,66058,2012.0,False
D_density_commune_barrier,246600373,66063,232.0,False
D_density_commune_barrier,200043602,66065,9402.0,False
D_density_commune_barrier,200027183,66069,3489.0,False
D_density_commune_barrier,246600449,66084,1313.0,False
D_density_commune_barrier,200043602,66093,2192.0,False
D_density_commune_barrier,246600449,66099,320.0,False
D_density_commune_barrier,200027183,66101,2141.0,False
D_density_commune_barrier,246600373,66106,2665.0,False
D_density_commune_barrier,246600415,66108,4261.0,False
D_density_commune_barrier,246600449,66112,251.0,False
D_density_commune_barrier,200043602,66115,1250.0,False
D_density_commune_barrier,246600415,66121,1314.0,False
D_density_commune_barrier,246600449,66126,334.0,False
D_density_commune_barrier,200027183,66127,1189.0,False
D_density_commune_barrier,200043602,66129,1700.0,False
D_density_commune_barrier,200043602,66133,3092.0,False
D_density_commune_barrier,246600449,66134,998.0,False
D_density_commune_barrier,246600373,66137,551.0,False
D_density_commune_barrier,200027183,66138,1585.0,False
D_density_commune_barrier,200027183,66140,3906.0,False
D_density_commune_barrier,200027183,66144,5316.0,False
D_density_commune_barrier,200027183,66145,2833.0,False
D_density_commune_barrier,200043602,66148,3995.0,False
D_density_commune_barrier,246600373,66160,1252.0,False
D_density_commune_barrier,200027183,66164,9020.0,False
D_density_commune_barrier,200043602,66168,3411.0,False
D_density_commune_barrier,246600449,66170,162.0,False
D_density_commune_barrier,200027183,66172,11642.0,False
D_density_commune_barrier,246600415,66173,1205.0,False
D_density_commune_barrier,200027183,66174,2907.0,False
D_density_commune_barrier,200043602,66175,2837.0,False
D_density_commune_barrier,200027183,66176,3209.0,False
D_density_commune_barrier,246600449,66177,1558.0,False
D_density_commune_barrier,246600373,66178,2264.0,False
D_density_commune_barrier,200027183,66180,10053.0,False
D_density_commune_barrier,200027183,66182,4800.0,False
D_density_commune_barrier,200027183,66186,2784.0,False
D_density_commune_barrier,200027183,66189,5617.0,False
D_density_commune_barrier,200027183,66195,7868.0,False
D_density_commune_barrier,200043602,66196,3395.0,False
D_density_commune_barrier,246600373,66199,103.0,False
D_density_commune_barrier,246600449,66207,760.0,False
D_density_commune_barrier,246600449,66210,8057.0,False
D_density_commune_barrier,246600449,66211,180.0,False
D_density_commune_barrier,200027183,66212,3854.0,False
D_density_commune_barrier,200027183,66213,7255.0,False
D_density_commune_barrier,246600449,66214,1125.0,False
D_density_commune_barrier,246600449,66217,2222.0,False
D_density_commune_barrier,200027183,66224,3285.0,False
D_density_commune_barrier,200043602,66225,1815.0,False
D_density_commune_barrier,246600449,66226,1356.0,False
D_density_commune_barrier,200027183,66227,4124.0,False
D_density_commune_barrier,200027183,66228,1373.0,False
D_density_commune_barrier,200027183,66231,558.0,False
D_density_commune_barrier,246600373,66233,173.0,False
D_density_commune_barrier,246800395,68185,1664.0,False
D_density_commune_barrier,246800395,68283,776.0,False
D_density_commune_barrier,246800395,68294,1857.0,False
D_density_commune_barrier,246800395,68298,5054.0,False
D_density_commune_barrier,247100290,71038,469.0,False
D_density_commune_barrier,247100290,71040,6044.0,False
D_density_commune_barrier,247100290,71059,3535.0,False
D_density_commune_barrier,247100290,71132,2252.0,False
D_density_commune_barrier,247100290,71153,21057.0,False
D_density_commune_barrier,247100290,71187,1595.0,False
D_density_commune_barrier,247100290,71191,475.0,False
D_density_commune_barrier,247100290,71212,1394.0,False
D_density_commune_barrier,247100290,71306,17239.0,False
D_density_commune_barrier,247100290,71309,1905.0,False
D_density_commune_barrier,247100290,71310,4992.0,False
D_density_commune_barrier,247100290,71321,191.0,False
D_density_commune_barrier,247100290,71346,1557.0,False
D_density_commune_barrier,247100290,71347,556.0,False
D_density_commune_barrier,247100290,71390,1094.0,False
D_density_commune_barrier,247100290,71412,1207.0,False
D_density_commune_barrier,247100290,71413,805.0,False
D_density_commune_barrier,247100290,71435,242.0,False
D_density_commune_barrier,247100290,71436,997.0,False
D_density_commune_barrier,247100290,71468,848.0,False
D_density_commune_barrier,247100290,71486,8541.0,False
D_density_commune_barrier,247100290,71499,4325.0,False
D_density_commune_barrier,247100290,71540,2810.0,False
D_density_commune_barrier,247200348,72009,358.0,False
D_density_commune_barrier,247200090,72022,1214.0,False
D_density_commune_barrier,247200348,72044,432.0,False
D_density_commune_barrier,247200348,72084,1268.0,False
D_density_commune_barrier,247200348,72100,409.0,False
D_density_commune_barrier,247200348,72110,1039.0,False
D_density_commune_barrier,247200090,72123,68.0,False
D_density_commune_barrier,247200348,72154,15078.0,False
D_density_commune_barrier,247200348,72163,488.0,False
D_density_commune_barrier,247200348,72185,660.0,False
D_density_commune_barrier,247200348,72377,1034.0,False
D_density_commune_barrier,247600786,76008,630.0,False
D_density_commune_barrier,200069821,76011,151.0,False
D_density_commune_barrier,200069821,76013,1084.0,False
D_density_commune_barrier,247600786,76026,2526.0,False
D_density_commune_barrier,247600786,76030,516.0,False
D_density_commune_barrier,247600588,76058,216.0,False
D_density_commune_barrier,200069821,76183,765.0,False
D_density_commune_barrier,247600786,76184,110.0,False
D_density_commune_barrier,200069821,76187,166.0,False
D_density_commune_barrier,247600588,76192,2617.0,False
D_density_commune_barrier,200069821,76194,402.0,False
D_density_commune_barrier,247600786,76217,28091.0,False
D_density_commune_barrier,200069821,76226,162.0,False
D_density_commune_barrier,200069821,76232,639.0,False
D_density_commune_barrier,200069821,76240,1036.0,False
D_density_commune_barrier,247600588,76252,1047.0,False
D_density_commune_barrier,247600588,76255,6653.0,False
D_density_commune_barrier,200069821,76259,18054.0,False
D_density_commune_barrier,247600588,76266,701.0,False
D_density_commune_barrier,200069821,76291,1168.0,False
D_density_commune_barrier,200069821,76298,468.0,False
D_density_commune_barrier,200069821,76300,439.0,False
D_density_commune_barrier,247600786,76324,852.0,False
D_density_commune_barrier,247600786,76349,1896.0,False
D_density_commune_barrier,247600588,76374,1202.0,False
D_density_commune_barrier,200069821,76386,391.0,False
D_density_commune_barrier,200069821,76390,1095.0,False
D_density_commune_barrier,247600588,76394,634.0,False
D_density_commune_barrier,200069821,76406,424.0,False
D_density_commune_barrier,247600786,76413,419.0,False
D_density_commune_barrier,247600786,76414,1605.0,False
D_density_commune_barrier,247600588,76422,264.0,False
D_density_commune_barrier,247600588,76435,795.0,False
D_density_commune_barrier,247600588,76438,237.0,False
D_density_commune_barrier,247600588,76442,578.0,False
D_density_commune_barrier,247600786,76482,3162.0,False
D_density_commune_barrier,247600588,76507,819.0,False
D_density_commune_barrier,247600786,76545,1811.0,False
D_density_commune_barrier,247600786,76565,1200.0,False
D_density_commune_barrier,200069821,76587,732.0,False
D_density_commune_barrier,200069821,76600,1702.0,False
D_density_commune_barrier,247600786,76605,463.0,False
D_density_commune_barrier,200069821,76637,826.0,False
D_density_commune_barrier,247600588,76638,1087.0,False
D_density_commune_barrier,247600588,76644,797.0,False
D_density_commune_barrier,200069821,76663,1002.0,False
D_density_commune_barrier,247600786,76667,342.0,False
D_density_commune_barrier,200069821,76670,888.0,False
D_density_commune_barrier,200069821,76680,185.0,False
D_density_commune_barrier,200069821,76685,666.0,False
D_density_commune_barrier,200069821,76686,535.0,False
D_density_commune_barrier,200069821,76688,399.0,False
D_density_commune_barrier,200069821,76689,369.0,False
D_density_commune_barrier,200069821,76706,722.0,False
D_density_commune_barrier,247600786,76707,1200.0,False
D_density_commune_barrier,200069821,76708,699.0,False
D_density_commune_barrier,247600588,76711,4441.0,False
D_density_commune_barrier,200069821,76719,863.0,False
D_density_commune_barrier,247600786,76720,952.0,False
D_density_commune_barrier,200069821,76726,323.0,False
D_density_commune_barrier,200069821,76754,718.0,False
D_density_commune_barrier,200069821,76755,565.0,False
D_density_commune_barrier,247700107,77021,154.0,False
D_density_commune_barrier,247700107,77035,546.0,False
D_density_commune_barrier,247700107,77054,721.0,False
D_density_commune_barrier,247700107,77061,2575.0,False
D_density_commune_barrier,247700107,77115,511.0,False
D_density_commune_barrier,200055655,77118,12316.0,False
D_density_commune_barrier,200055655,77123,816.0,False
D_density_commune_barrier,247700107,77133,196.0,False
D_density_commune_barrier,200055655,77153,10830.0,False
D_density_commune_barrier,247700107,77158,199.0,False
D_density_commune_barrier,247700107,77172,891.0,False
D_density_commune_barrier,247700107,77194,421.0,False
D_density_commune_barrier,247700107,77210,2886.0,False
D_density_commune_barrier,200055655,77214,807.0,False
D_density_commune_barrier,200055655,77241,2018.0,False
D_density_commune_barrier,247700107,77245,403.0,False
D_density_commune_barrier,200055655,77259,2303.0,False
D_density_commune_barrier,247700107,77279,1832.0,False
D_density_commune_barrier,200055655,77282,365.0,False
D_density_commune_barrier,200055655,77291,1041.0,False
D_density_commune_barrier,247700107,77293,894.0,False
D_density_commune_barrier,200055655,77294,20620.0,False
D_density_commune_barrier,247700107,77305,21888.0,False
D_density_commune_barrier,247700107,77313,259.0,False
D_density_commune_barrier,200055655,77322,3212.0,False
D_density_commune_barrier,200055655,77323,1476.0,False
D_density_commune_barrier,247700107,77338,595.0,False
D_density_commune_barrier,200055655,77349,6737.0,False
D_density_commune_barrier,200055655,77392,916.0,False
D_density_commune_barrier,247700107,77409,2769.0,False
D_density_commune_barrier,200055655,77420,3846.0,False
D_density_commune_barrier,247700107,77439,1170.0,False
D_density_commune_barrier,200055655,77462,893.0,False
D_density_commune_barrier,247700107,77465,646.0,False
D_density_commune_barrier,247700107,77482,3660.0,False
D_density_commune_barrier,200055655,77511,645.0,False
D_density_commune_barrier,200055655,77514,26700.0,False
D_density_commune_barrier,247700107,77531,1645.0,False
D_density_commune_barrier,200070993,80001,22895.0,False
D_density_commune_barrier,200070944,80004,502.0,False
D_density_commune_barrier,200070944,80008,899.0,False
D_density_commune_barrier,247600588,80018,249.0,False
D_density_commune_barrier,248000531,80020,774.0,False
D_density_commune_barrier,200070993,80029,828.0,False
D_density_commune_barrier,247600588,80039,1383.0,False
D_density_commune_barrier,200070993,80051,253.0,False
D_density_commune_barrier,247600588,80063,973.0,False
D_density_commune_barrier,200070944,80076,524.0,False
D_density_commune_barrier,200070993,80078,517.0,False
D_density_commune_barrier,248000531,80092,747.0,False
D_density_commune_barrier,200070944,80096,927.0,False
D_density_commune_barrier,248000531,80107,629.0,False
D_density_commune_barrier,200070944,80124,708.0,False
D_density_commune_barrier,247600588,80127,833.0,False
D_density_commune_barrier,248000531,80130,422.0,False
D_density_commune_barrier,248000531,80131,3335.0,False
D_density_commune_barrier,200070993,80135,244.0,False
D_density_commune_barrier,247600588,80148,397.0,False
D_density_commune_barrier,248000531,80160,1208.0,False
D_density_commune_barrier,200070944,80161,208.0,False
D_density_commune_barrier,200070993,80163,774.0,False
D_density_commune_barrier,248000531,80164,4441.0,False
D_density_commune_barrier,200070993,80171,598.0,False
D_density_commune_barrier,248000531,80173,530.0,False
D_density_commune_barrier,200070944,80190,1231.0,False
D_density_commune_barrier,248000531,80198,379.0,False
D_density_commune_barrier,248000531,80225,193.0,False
D_density_commune_barrier,247600588,80235,1184.0,False
D_density_commune_barrier,200070977,80236,566.0,False
D_density_commune_barrier,200070993,80251,359.0,False
D_density_commune_barrier,248000531,80256,1620.0,False
D_density_commune_barrier,200070993,80260,931.0,False
D_density_commune_barrier,248000531,80261,1452.0,False
D_density_commune_barrier,200070993,80262,376.0,False
D_density_commune_barrier,247600588,80265,563.0,False
D_density_commune_barrier,200070993,80268,525.0,False
D_density_commune_barrier,200070993,80282,513.0,False
D_density_commune_barrier,248000531,80291,268.0,False
D_density_commune_barrier,248000531,80305,472.0,False
D_density_commune_barrier,200070944,80308,2466.0,False
D_density_commune_barrier,200070993,80345,519.0,False
D_density_commune_barrier,200070944,80360,2168.0,False
D_density_commune_barrier,247600588,80364,697.0,False
D_density_commune_barrier,200070944,80368,4492.0,False
D_density_commune_barrier,247600588,80373,2461.0,False
D_density_commune_barrier,248000531,80379,838.0,False
D_density_commune_barrier,200070993,80385,465.0,False
D_density_commune_barrier,248000531,80387,323.0,False
D_density_commune_barrier,248000531,80399,403.0,False
D_density_commune_barrier,248000531,80424,540.0,False
D_density_commune_barrier,200070944,80444,668.0,False
D_density_commune_barrier,200070993,80446,745.0,False
D_density_commune_barrier,200070993,80476,359.0,False
D_density_commune_barrier,200070993,80482,140.0,False
D_density_commune_barrier,248000531,80489,5815.0,False
D_density_commune_barrier,200070993,80512,832.0,False
D_density_commune_barrier,200070944,80527,302.0,False
D_density_commune_barrier,247600588,80533,2573.0,False
D_density_commune_barrier,200070944,80546,594.0,False
D_density_commune_barrier,200070944,80578,718.0,False
D_density_commune_barrier,200070993,80588,359.0,False
D_density_commune_barrier,200070944,80597,844.0,False
D_density_commune_barrier,200070944,80603,329.0,False
D_density_commune_barrier,247600588,80613,618.0,False
D_density_commune_barrier,248000531,80626,291.0,False
D_density_commune_barrier,248000531,80632,2375.0,False
D_density_commune_barrier,248000531,80639,1290.0,False
D_density_commune_barrier,248000531,80650,629.0,False
D_density_commune_barrier,200070944,80654,535.0,False
D_density_commune_barrier,248000531,80668,170.0,False
D_density_commune_barrier,248000531,80670,493.0,False
D_density_commune_barrier,248000531,80674,3623.0,False
D_density_commune_barrier,248000531,80690,644.0,False
D_density_commune_barrier,200070993,80691,347.0,False
D_density_commune_barrier,248000531,80696,1213.0,False
D_density_commune_barrier,200070993,80700,878.0,False
D_density_commune_barrier,248000531,80702,1355.0,False
D_density_commune_barrier,247600588,80714,1275.0,False
D_density_commune_barrier,248000531,80717,987.0,False
D_density_commune_barrier,248000531,80722,485.0,False
D_density_commune_barrier,248000531,80724,2787.0,False
D_density_commune_barrier,248000531,80725,4011.0,False
D_density_commune_barrier,248000531,80730,1067.0,False
D_density_commune_barrier,248000531,80735,167.0,False
D_density_commune_barrier,248000531,80752,675.0,False
D_density_commune_barrier,200070944,80764,299.0,False
D_density_commune_barrier,200070944,80765,806.0,False
D_density_commune_barrier,200070944,80770,540.0,False
D_density_commune_barrier,200070944,80775,626.0,False
D_density_commune_barrier,200070993,80779,835.0,False
D_density_commune_barrier,200070993,80780,411.0,False
D_density_commune_barrier,248000531,80782,424.0,False
D_density_commune_barrier,248000531,80791,775.0,False
D_density_commune_barrier,247600588,80826,779.0,False
D_density_commune_barrier,200070944,80827,1224.0,False
D_density_commune_barrier,200070944,80834,512.0,False
D_density_commune_barrier,200070993,80836,226.0,False
D_density_commune_barrier,248100430,81034,381.0,False
D_density_commune_barrier,248100430,81120,6510.0,False
D_density_commune_barrier,248100430,81130,1802.0,False
D_density_commune_barrier,248100430,81195,689.0,False
D_density_commune_barrier,248100430,81196,851.0,False
D_density_commune_barrier,248100430,81307,862.0,False
D_density_commune_barrier,200066322,82003,246.0,False
D_density_commune_barrier,200066322,82030,491.0,False
D_density_commune_barrier,200066322,82031,1212.0,False
D_density_commune_barrier,200066322,82033,14131.0,False
D_density_commune_barrier,200066322,82035,344.0,False
D_density_commune_barrier,200066322,82045,357.0,False
D_density_commune_barrier,200066322,82058,101.0,False
D_density_commune_barrier,200066322,82063,681.0,False
D_density_commune_barrier,200066322,82081,183.0,False
D_density_commune_barrier,200066322,82086,225.0,False
D_density_commune_barrier,200066322,82096,3140.0,False
D_density_commune_barrier,200066322,82152,396.0,False
D_density_commune_barrier,200066322,82156,147.0,False
D_density_commune_barrier,200066322,82171,1384.0,False
D_density_commune_barrier,248400293,84001,2824.0,False
D_density_commune_barrier,248400053,84004,5825.0,False
D_density_commune_barrier,248400053,84011,355.0,False
D_density_commune_barrier,248400053,84012,2379.0,False
D_density_commune_barrier,248400293,84016,5358.0,False
D_density_commune_barrier,248400053,84017,3091.0,False
D_density_commune_barrier,200000628,84019,13830.0,False
D_density_commune_barrier,200040442,84025,1845.0,False
D_density_commune_barrier,248400236,84027,2639.0,False
D_density_commune_barrier,248400053,84030,3448.0,False
D_density_commune_barrier,248400053,84031,29865.0,False
D_density_commune_barrier,248400251,84034,5094.0,False
D_density_commune_barrier,200040442,84035,25832.0,False
D_density_commune_barrier,248400236,84037,2061.0,False
D_density_commune_barrier,200040442,84038,4300.0,False
D_density_commune_barrier,248400236,84039,6049.0,False
D_density_commune_barrier,248400053,84041,479.0,False
D_density_commune_barrier,248400251,84043,8605.0,False
D_density_commune_barrier,248400053,84046,471.0,False
D_density_commune_barrier,248400251,84055,1571.0,False
D_density_commune_barrier,248400236,84056,5384.0,False
D_density_commune_barrier,248400053,84059,122.0,False
D_density_commune_barrier,200040442,84062,1638.0,False
D_density_commune_barrier,200000628,84063,394.0,False
D_density_commune_barrier,200000628,84064,3842.0,False
D_density_commune_barrier,200040442,84065,3890.0,False
D_density_commune_barrier,248400053,84067,2488.0,False
D_density_commune_barrier,200040442,84068,1042.0,False
D_density_commune_barrier,200040442,84071,1914.0,False
D_density_commune_barrier,248400053,84072,6235.0,False
D_density_commune_barrier,200040442,84074,2232.0,False
D_density_commune_barrier,248400053,84077,467.0,False
D_density_commune_barrier,200000628,84078,3708.0,False
D_density_commune_barrier,248400293,84080,12979.0,False
D_density_commune_barrier,248400251,84081,8848.0,False
D_density_commune_barrier,200000628,84083,2450.0,False
D_density_commune_barrier,248400236,84087,28454.0,False
D_density_commune_barrier,248400293,84088,10294.0,False
D_density_commune_barrier,248400251,84092,17018.0,False
D_density_commune_barrier,200040442,84093,852.0,False
D_density_commune_barrier,200040442,84095,823.0,False
D_density_commune_barrier,200040442,84099,4688.0,False
D_density_commune_barrier,248400053,84100,54.0,False
D_density_commune_barrier,248400053,84101,417.0,False
D_density_commune_barrier,248400053,84108,2060.0,False
D_density_commune_barrier,248400053,84109,169.0,False
D_density_commune_barrier,248400053,84115,501.0,False
D_density_commune_barrier,248400251,84119,5027.0,False
D_density_commune_barrier,248400053,84122,6030.0,False
D_density_commune_barrier,248400293,84129,18930.0,False
D_density_commune_barrier,248400053,84130,111.0,False
D_density_commune_barrier,200040442,84131,1917.0,False
D_density_commune_barrier,248400053,84136,1206.0,False
D_density_commune_barrier,200040442,84140,553.0,False
D_density_commune_barrier,248400251,84141,11423.0,False
D_density_commune_barrier,248400251,84142,3030.0,False
D_density_commune_barrier,248400053,84143,1032.0,False
D_density_commune_barrier,248500464,85031,3208.0,False
D_density_commune_barrier,200071934,85033,728.0,False
D_density_commune_barrier,248500464,85066,829.0,False
D_density_commune_barrier,248500464,85090,6417.0,False
D_density_commune_barrier,200071934,85092,13138.0,False
D_density_commune_barrier,200071934,85110,923.0,False
D_density_commune_barrier,200071934,85121,1012.0,False
D_density_commune_barrier,200071934,85126,1334.0,False
D_density_commune_barrier,200071934,85137,472.0,False
D_density_commune_barrier,248500464,85140,1498.0,False
D_density_commune_barrier,200071934,85143,1057.0,False
D_density_commune_barrier,248500464,85145,967.0,False
D_density_commune_barrier,248500464,85147,1630.0,False
D_density_commune_barrier,200071934,85148,822.0,False
D_density_commune_barrier,200071934,85167,788.0,False
D_density_commune_barrier,200071934,85174,681.0,False
D_density_commune_barrier,200071934,85176,1164.0,False
D_density_commune_barrier,200071934,85181,641.0,False
D_density_commune_barrier,248500464,85182,5565.0,False
D_density_commune_barrier,248500464,85187,862.0,False
D_density_commune_barrier,200071934,85205,539.0,False
D_density_commune_barrier,200071934,85244,820.0,False
D_density_commune_barrier,200071934,85245,170.0,False
D_density_commune_barrier,200071934,85256,1283.0,False
D_density_commune_barrier,200071934,85274,533.0,False
D_density_commune_barrier,200071934,85281,999.0,False
D_density_commune_barrier,248600413,86009,1063.0,False
D_density_commune_barrier,200068757,88011,1628.0,False
D_density_commune_barrier,200068757,88012,1104.0,False
D_density_commune_barrier,200068757,88026,1006.0,False
D_density_commune_barrier,200068757,88028,618.0,False
D_density_commune_barrier,200071066,88032,1193.0,False
D_density_commune_barrier,200096634,88037,877.0,False
D_density_commune_barrier,200068757,88040,246.0,False
D_density_commune_barrier,200071066,88054,306.0,False
D_density_commune_barrier,200071066,88057,92.0,False
D_density_commune_barrier,200071066,88068,903.0,False
D_density_commune_barrier,200068757,88073,209.0,False
D_density_commune_barrier,200068757,88084,458.0,False
D_density_commune_barrier,200068757,88087,3190.0,False
D_density_commune_barrier,200068757,88090,4625.0,False
D_density_commune_barrier,200068757,88094,1718.0,False
D_density_commune_barrier,200068757,88098,893.0,False
D_density_commune_barrier,200068757,88099,1364.0,False
D_density_commune_barrier,200096634,88109,647.0,False
D_density_commune_barrier,200071066,88111,352.0,False
D_density_commune_barrier,200071066,88113,134.0,False
D_density_commune_barrier,200071066,88120,478.0,False
D_density_commune_barrier,200068757,88121,272.0,False
D_density_commune_barrier,200068757,88126,1369.0,False
D_density_commune_barrier,200068757,88132,1358.0,False
D_density_commune_barrier,200068757,88133,210.0,False
D_density_commune_barrier,200068757,88134,633.0,False
D_density_commune_barrier,200068757,88136,1504.0,False
D_density_commune_barrier,200068757,88142,420.0,False
D_density_commune_barrier,200068757,88143,264.0,False
D_density_commune_barrier,200068377,88148,1879.0,False
D_density_commune_barrier,200068757,88157,861.0,False
D_density_commune_barrier,200068377,88158,3110.0,False
D_density_commune_barrier,200071066,88159,500.0,False
D_density_commune_barrier,200068757,88163,746.0,False
D_density_commune_barrier,200068757,88173,477.0,False
D_density_commune_barrier,200068757,88174,147.0,False
D_density_commune_barrier,200096634,88177,518.0,False
D_density_commune_barrier,200068757,88178,1811.0,False
D_density_commune_barrier,200071066,88182,198.0,False
D_density_commune_barrier,200068757,88190,509.0,False
D_density_commune_barrier,200071066,88193,146.0,False
D_density_commune_barrier,200096634,88197,352.0,False
D_density_commune_barrier,200068757,88200,56.0,False
D_density_commune_barrier,200068757,88201,891.0,False
D_density_commune_barrier,200068757,88209,8882.0,False
D_density_commune_barrier,200071066,88213,137.0,False
D_density_commune_barrier,200068757,88224,380.0,False
D_density_commune_barrier,200068757,88225,2357.0,False
D_density_commune_barrier,200068757,88247,1156.0,False
D_density_commune_barrier,200068757,88250,481.0,False
D_density_commune_barrier,200068757,88253,680.0,False
D_density_commune_barrier,200068757,88260,152.0,False
D_density_commune_barrier,200071066,88268,139.0,False
D_density_commune_barrier,200068757,88273,453.0,False
D_density_commune_barrier,200071066,88275,242.0,False
D_density_commune_barrier,200071066,88276,376.0,False
D_density_commune_barrier,200071066,88277,113.0,False
D_density_commune_barrier,200071066,88284,580.0,False
D_density_commune_barrier,200068757,88294,261.0,False
D_density_commune_barrier,200068757,88313,421.0,False
D_density_commune_barrier,200071066,88320,773.0,False
D_density_commune_barrier,200071066,88326,354.0,False
D_density_commune_barrier,200068757,88327,1955.0,False
D_density_commune_barrier,200071066,88328,533.0,False
D_density_commune_barrier,200071066,88341,502.0,False
D_density_commune_barrier,200068757,88342,168.0,False
D_density_commune_barrier,200071066,88345,70.0,False
D_density_commune_barrier,200068757,88355,1230.0,False
D_density_commune_barrier,200068757,88358,1968.0,False
D_density_commune_barrier,200071066,88361,1328.0,False
D_density_commune_barrier,200068757,88371,1221.0,False
D_density_commune_barrier,200071066,88373,147.0,False
D_density_commune_barrier,200071066,88375,474.0,False
D_density_commune_barrier,200068757,88379,356.0,False
D_density_commune_barrier,200068377,88383,7711.0,False
D_density_commune_barrier,200071066,88386,446.0,False
D_density_commune_barrier,200068757,88388,120.0,False
D_density_commune_barrier,200096634,88391,680.0,False
D_density_commune_barrier,200068757,88406,131.0,False
D_density_commune_barrier,200068377,88409,2161.0,False
D_density_commune_barrier,200071066,88413,19490.0,False
D_density_commune_barrier,200068377,88415,3827.0,False
D_density_commune_barrier,200071066,88423,1359.0,False
D_density_commune_barrier,200071066,88424,2286.0,False
D_density_commune_barrier,200071066,88428,1820.0,False
D_density_commune_barrier,200068377,88429,3992.0,False
D_density_commune_barrier,200071066,88438,392.0,False
D_density_commune_barrier,200068757,88439,947.0,False
D_density_commune_barrier,200096634,88442,633.0,False
D_density_commune_barrier,200071066,88445,2323.0,False
D_density_commune_barrier,200068757,88458,283.0,False
D_density_commune_barrier,200096634,88462,1887.0,False
D_density_commune_barrier,200071066,88463,1505.0,False
D_density_commune_barrier,200096634,88464,510.0,False
D_density_commune_barrier,200068757,88465,8583.0,False
D_density_commune_barrier,200096634,88467,573.0,False
D_density_commune_barrier,200068757,88480,167.0,False
D_density_commune_barrier,200068757,88481,1331.0,False
D_density_commune_barrier,200068757,88483,2281.0,False
D_density_commune_barrier,200068757,88484,1040.0,False
D_density_commune_barrier,200096634,88486,3900.0,False
D_density_commune_barrier,200068757,88495,185.0,False
D_density_commune_barrier,200068757,88497,463.0,False
D_density_commune_barrier,200068377,88498,848.0,False
D_density_commune_barrier,200068757,88509,108.0,False
D_density_commune_barrier,200068757,88513,2151.0,False
D_density_commune_barrier,200071066,88519,672.0,False
D_density_commune_barrier,200071066,88526,423.0,False
D_density_commune_barrier,200068757,88532,77.0,False
D_density_commune_barrier,248900334,89018,767.0,False
D_density_commune_barrier,248900383,89029,880.0,False
D_density_commune_barrier,248900383,89050,873.0,False
D_density_commune_barrier,248900334,89051,538.0,False
D_density_commune_barrier,248900383,89085,1109.0,False
D_density_commune_barrier,248900383,89099,2287.0,False
D_density_commune_barrier,248900383,89105,467.0,False
D_density_commune_barrier,248900334,89113,671.0,False
D_density_commune_barrier,248900334,89127,782.0,False
D_density_commune_barrier,248900334,89142,911.0,False
D_density_commune_barrier,248900383,89152,740.0,False
D_density_commune_barrier,248900334,89160,763.0,False
D_density_commune_barrier,248900334,89172,502.0,False
D_density_commune_barrier,248900334,89195,1242.0,False
D_density_commune_barrier,248900383,89218,1258.0,False
D_density_commune_barrier,248900334,89236,1206.0,False
D_density_commune_barrier,248900334,89239,1558.0,False
D_density_commune_barrier,248900334,89240,321.0,False
D_density_commune_barrier,248900334,89245,835.0,False
D_density_commune_barrier,248900383,89257,7274.0,False
D_density_commune_barrier,248900334,89278,550.0,False
D_density_commune_barrier,248900334,89287,4825.0,False
D_density_commune_barrier,248900334,89291,338.0,False
D_density_commune_barrier,248900334,89326,1074.0,False
D_density_commune_barrier,248900334,89327,389.0,False
D_density_commune_barrier,248900334,89338,2812.0,False
D_density_commune_barrier,248900334,89342,640.0,False
D_density_commune_barrier,248900334,89354,1529.0,False
D_density_commune_barrier,248900334,89373,679.0,False
D_density_commune_barrier,248900334,89387,26854.0,False
D_density_commune_barrier,248900334,89399,1575.0,False
D_density_commune_barrier,248900334,89443,1855.0,False
D_density_commune_barrier,248900334,89464,5148.0,False
D_density_commune_barrier,200055655,95019,14364.0,False
D_density_commune_barrier,200055655,95088,1158.0,False
D_density_commune_barrier,200055655,95094,303.0,False
D_density_commune_barrier,200055655,95154,308.0,False
D_density_commune_barrier,200055655,95205,7099.0,False
D_density_commune_barrier,200055655,95212,112.0,False
D_density_commune_barrier,200055655,95241,2078.0,False
D_density_commune_barrier,200055655,95250,9830.0,False
D_density_commune_barrier,200055655,95277,25853.0,False
D_density_commune_barrier,200055655,95351,11356.0,False
D_density_commune_barrier,200055655,95371,5661.0,False
D_density_commune_barrier,200055655,95395,907.0,False
D_density_commune_barrier,200055655,95492,82.0,False
D_density_commune_barrier,200055655,95509,3583.0,False
D_density_commune_barrier,200055655,95527,2793.0,False
D_density_commune_barrier,200055655,95580,2439.0,False
D_density_commune_barrier,200055655,95604,4276.0,False
D_density_commune_barrier,200055655,95612,4597.0,False
D_density_commune_barrier,200055655,95633,101.0,False
D_density_commune_barrier,200055655,95641,2710.0,False
D_density_commune_barrier,200055655,95675,1534.0,False
D_density_commune_barrier,200055655,95680,28636.0,False
