commune_code,department,epci_2023,P20_POP,SUPERF,metadataGeography,population_reference_year,source_table,is_actual_epci,density2020,bassin_2022_cog2023,epci_density_2020,epci_median_income2020,bassin_density_2020,bassin_median_income2020,department_density_2020,department_median_income2020,commune_income2020,actual_epci,population_below30000,eligible_A_epci,eligible_A_isolated_commune,isolated_A_income_unknown,department_qualifies,eligible_C_department,bassin_indicators_unknown,bassin_potential,eligible_B_potential,mountain_any_commune2022,mountain_membership_unknown,mountain_population_upper,epci_mountain_possible,eligible_D_potential,listed_initial2024,assignment_audit_status,prior_zrr_effects,metropolitan,analysis_stable,administrative_change_since2017,epci_change_2023_2024,fixed_prepolicy_common,alternative_screen_any,alternative_screen_unknown,selected_V,epci_primitive,frr_population
01006,01,200040350,113.0,5.88,2023-01-01,2020,base-cc-serie-historique-2020.CSV,True,19.21768707482993,01034,54.65617538180478,22260.0,60.83084647813936,22020.0,114.16374108659774,24030.0,,True,True,False,False,False,False,False,False,False,False,True,False,113.0,False,False,False,not_listed_no_path,False,True,True,False,False,True,False,False,True,EPCI:200040350,0.0
01009,01,200040350,324.0,6.94,2023-01-01,2020,base-cc-serie-historique-2020.CSV,True,46.68587896253602,01034,54.65617538180478,22260.0,60.83084647813936,22020.0,114.16374108659774,24030.0,24410.0,True,True,False,False,False,False,False,False,False,False,False,False,0.0,False,False,False,not_listed_no_path,False,True,True,False,False,True,False,False,True,EPCI:200040350,0.0
01015,01,200040350,663.0,22.49,2023-01-01,2020,base-cc-serie-historique-2020.CSV,True,29.47976878612717,01034,54.65617538180478,22260.0,60.83084647813936,22020.0,114.16374108659774,24030.0,22960.0,True,True,False,False,False,False,False,False,False,False,True,False,663.0,False,False,False,not_listed_no_path,False,True,True,False,False,True,False,False,True,EPCI:200040350,0.0
01019,01,200040350,26.0,6.82,2023-01-01,2020,base-cc-serie-historique-2020.CSV,True,3.8123167155425217,01034,54.65617538180478,22260.0,60.83084647813936,22020.0,114.16374108659774,24030.0,,True,True,False,False,False,False,False,False,False,False,True,False,26.0,False,False,False,not_listed_no_path,False,True,True,False,False,True,False,False,True,EPCI:200040350,0.0
01022,01,200040350,1213.0,3.75,2023-01-01,2020,base-cc-serie-historique-2020.CSV,True,323.46666666666664,01034,54.65617538180478,22260.0,60.83084647813936,22020.0,114.16374108659774,24030.0,20990.0,True,True,False,False,False,False,False,False,False,False,False,False,0.0,False,False,False,not_listed_no_path,False,True,True,False,False,True,False,False,True,EPCI:200040350,0.0
01034,01,200040350,9207.0,22.42,2023-01-01,2020,base-cc-serie-historique-2020.CSV,True,410.6601248884924,01034,54.65617538180478,22260.0,60.83084647813936,22020.0,114.16374108659774,24030.0,20550.0,True,True,False,False,False,False,False,False,False,False,False,False,0.0,False,False,False,not_listed_no_path,False,True,True,False,False,True,False,False,True,EPCI:200040350,0.0
01058,01,200040350,819.0,11.0,2023-01-01,2020,base-cc-serie-historique-2020.CSV,True,74.45454545454545,73236,54.65617538180478,22260.0,114.40748194625311,22190.0,114.16374108659774,24030.0,22990.0,True,True,False,False,False,False,False,False,False,False,False,False,0.0,False,False,False,not_listed_no_path,False,True,True,False,False,True,False,False,False,EPCI:200040350,0.0
01061,01,200040350,1133.0,6.9,2023-01-01,2020,base-cc-serie-historique-2020.CSV,True,164.20289855072463,01034,54.65617538180478,22260.0,60.83084647813936,22020.0,114.16374108659774,24030.0,24550.0,True,True,False,False,False,False,False,False,False,False,False,False,0.0,False,False,False,not_listed_no_path,False,True,True,False,False,True,False,False,True,EPCI:200040350,0.0
01066,01,200040350,92.0,10.82,2023-01-01,2020,base-cc-serie-historique-2020.CSV,True,8.502772643253234,01034,54.65617538180478,22260.0,60.83084647813936,22020.0,114.16374108659774,24030.0,,True,True,False,False,False,False,False,False,False,False,True,False,92.0,False,False,False,not_listed_no_path,False,True,True,False,False,True,False,False,True,EPCI:200040350,0.0
01073,01,200040350,995.0,19.72,2023-01-01,2020,base-cc-serie-historique-2020.CSV,True,50.45638945233266,01138,54.65617538180478,22260.0,78.7107438016529,22760.0,114.16374108659774,24030.0,24710.0,True,True,False,False,False,False,False,False,False,False,False,False,0.0,False,False,False,not_listed_no_path,False,True,True,False,False,True,False,False,False,EPCI:200040350,0.0
01079,01,200040350,822.0,18.16,2023-01-01,2020,base-cc-serie-historique-2020.CSV,True,45.26431718061674,01034,54.65617538180478,22260.0,60.83084647813936,22020.0,114.16374108659774,24030.0,22020.0,True,True,False,False,False,False,False,False,False,False,True,False,822.0,False,False,False,not_listed_no_path,False,True,True,False,False,True,False,False,True,EPCI:200040350,0.0
01100,01,200040350,131.0,6.26,2023-01-01,2020,base-cc-serie-historique-2020.CSV,True,20.926517571884983,01034,54.65617538180478,22260.0,60.83084647813936,22020.0,114.16374108659774,24030.0,20380.0,True,True,False,False,False,False,False,False,False,False,True,False,131.0,False,False,False,not_listed_no_path,False,True,True,False,False,True,False,False,True,EPCI:200040350,0.0
01110,01,200040350,159.0,5.96,2023-01-01,2020,base-cc-serie-historique-2020.CSV,True,26.677852348993287,01034,54.65617538180478,22260.0,60.83084647813936,22020.0,114.16374108659774,24030.0,20910.0,True,True,False,False,False,False,False,False,False,False,False,False,0.0,False,False,False,not_listed_no_path,False,True,True,False,False,True,False,False,True,EPCI:200040350,0.0
01116,01,200040350,496.0,14.18,2023-01-01,2020,base-cc-serie-historique-2020.CSV,True,34.97884344146686,01034,54.65617538180478,22260.0,60.83084647813936,22020.0,114.16374108659774,24030.0,22740.0,True,True,False,False,False,False,False,False,False,False,True,False,496.0,False,False,False,not_listed_no_path,False,True,True,False,False,True,False,False,True,EPCI:200040350,0.0
01117,01,200040350,150.0,7.2,2023-01-01,2020,base-cc-serie-historique-2020.CSV,True,20.83333333333333,01034,54.65617538180478,22260.0,60.83084647813936,22020.0,114.16374108659774,24030.0,22590.0,True,True,False,False,False,False,False,False,False,False,True,False,150.0,False,False,False,not_listed_no_path,False,True,True,False,False,True,False,False,True,EPCI:200040350,0.0
01133,01,200040350,395.0,7.93,2023-01-01,2020,base-cc-serie-historique-2020.CSV,True,49.810844892812106,01034,54.65617538180478,22260.0,60.83084647813936,22020.0,114.16374108659774,24030.0,23530.0,True,True,False,False,False,False,False,False,False,False,False,False,0.0,False,False,False,not_listed_no_path,False,True,True,False,False,True,False,False,True,EPCI:200040350,0.0
01141,01,200040350,443.0,4.87,2023-01-01,2020,base-cc-serie-historique-2020.CSV,True,90.96509240246408,01034,54.65617538180478,22260.0,60.83084647813936,22020.0,114.16374108659774,24030.0,25140.0,True,True,False,False,False,False,False,False,False,False,False,False,0.0,False,False,False,not_listed_no_path,False,True,True,False,False,True,False,False,True,EPCI:200040350,0.0
01162,01,200040350,65.0,2.79,2023-01-01,2020,base-cc-serie-historique-2020.CSV,True,23.29749103942652,01034,54.65617538180478,22260.0,60.83084647813936,22020.0,114.16374108659774,24030.0,,True,True,False,False,False,False,False,False,False,False,False,False,0.0,False,False,False,not_listed_no_path,False,True,True,False,False,True,False,False,True,EPCI:200040350,0.0
01193,01,200040350,220.0,7.67,2023-01-01,2020,base-cc-serie-historique-2020.CSV,True,28.683181225554108,73236,54.65617538180478,22260.0,114.40748194625311,22190.0,114.16374108659774,24030.0,24780.0,True,True,False,False,False,False,False,False,False,False,True,False,220.0,False,False,False,not_listed_no_path,False,True,True,False,False,True,False,False,False,EPCI:200040350,0.0
01208,01,200040350,135.0,6.3,2023-01-01,2020,base-cc-serie-historique-2020.CSV,True,21.42857142857143,01034,54.65617538180478,22260.0,60.83084647813936,22020.0,114.16374108659774,24030.0,24310.0,True,True,False,False,False,False,False,False,False,False,False,False,0.0,False,False,False,not_listed_no_path,False,True,True,False,False,True,False,False,True,EPCI:200040350,0.0
01234,01,200040350,167.0,3.55,2023-01-01,2020,base-cc-serie-historique-2020.CSV,True,47.04225352112676,01034,54.65617538180478,22260.0,60.83084647813936,22020.0,114.16374108659774,24030.0,24730.0,True,True,False,False,False,False,False,False,False,False,False,False,0.0,False,False,False,not_listed_no_path,False,True,True,False,False,True,False,False,True,EPCI:200040350,0.0
01239,01,200040350,631.0,9.52,2023-01-01,2020,base-cc-serie-historique-2020.CSV,True,66.28151260504202,01034,54.65617538180478,22260.0,60.83084647813936,22020.0,114.16374108659774,24030.0,24160.0,True,True,False,False,False,False,False,False,False,False,False,False,0.0,False,False,False,not_listed_no_path,False,True,True,False,False,True,False,False,True,EPCI:200040350,0.0
01268,01,200040350,244.0,6.46,2023-01-01,2020,base-cc-serie-historique-2020.CSV,True,37.77089783281734,73236,54.65617538180478,22260.0,114.40748194625311,22190.0,114.16374108659774,24030.0,23840.0,True,True,False,False,False,False,False,False,False,False,False,False,0.0,False,False,False,not_listed_no_path,False,True,True,False,False,True,False,False,False,EPCI:200040350,0.0
01286,01,200040350,959.0,15.86,2023-01-01,2020,base-cc-serie-historique-2020.CSV,True,60.46658259773014,73330,54.65617538180478,22260.0,61.97908413880526,23720.0,114.16374108659774,24030.0,26330.0,True,True,False,False,False,False,False,False,False,False,False,False,0.0,False,False,False,not_listed_no_path,False,True,True,False,False,True,False,False,True,EPCI:200040350,0.0
01294,01,200040350,897.0,14.13,2023-01-01,2020,base-cc-serie-historique-2020.CSV,True,63.481953290870486,01034,54.65617538180478,22260.0,60.83084647813936,22020.0,114.16374108659774,24030.0,22830.0,True,True,False,False,False,False,False,False,False,False,False,False,0.0,False,False,False,not_listed_no_path,False,True,True,False,False,True,False,False,True,EPCI:200040350,0.0
01302,01,200040350,165.0,3.71,2023-01-01,2020,base-cc-serie-historique-2020.CSV,True,44.4743935309973,01034,54.65617538180478,22260.0,60.83084647813936,22020.0,114.16374108659774,24030.0,25610.0,True,True,False,False,False,False,False,False,False,False,False,False,0.0,False,False,False,not_listed_no_path,False,True,True,False,False,True,False,False,True,EPCI:200040350,0.0
01310,01,200040350,249.0,7.63,2023-01-01,2020,base-cc-serie-historique-2020.CSV,True,32.634338138925294,01034,54.65617538180478,22260.0,60.83084647813936,22020.0,114.16374108659774,24030.0,23710.0,True,True,False,False,False,False,False,False,False,False,True,False,249.0,False,False,False,not_listed_no_path,False,True,True,False,False,True,False,False,True,EPCI:200040350,0.0
01329,01,200040350,157.0,8.07,2023-01-01,2020,base-cc-serie-historique-2020.CSV,True,19.454770755885995,01034,54.65617538180478,22260.0,60.83084647813936,22020.0,114.16374108659774,24030.0,20210.0,True,True,False,False,False,False,False,False,False,False,True,False,157.0,False,False,False,not_listed_no_path,False,True,True,False,False,True,False,False,True,EPCI:200040350,0.0
01338,01,200040350,1245.0,28.92,2023-01-01,2020,base-cc-serie-historique-2020.CSV,True,43.04979253112033,38022,54.65617538180478,22260.0,137.03928225024248,22320.0,114.16374108659774,24030.0,22130.0,True,True,False,False,False,False,False,False,False,False,False,False,0.0,False,False,False,not_listed_no_path,False,True,True,False,False,True,False,False,False,EPCI:200040350,0.0
01358,01,200040350,426.0,16.27,2023-01-01,2020,base-cc-serie-historique-2020.CSV,True,26.183159188690844,01034,54.65617538180478,22260.0,60.83084647813936,22020.0,114.16374108659774,24030.0,23770.0,True,True,False,False,False,False,False,False,False,False,True,False,426.0,False,False,False,not_listed_no_path,False,True,True,False,False,True,False,False,True,EPCI:200040350,0.0
01372,01,200040350,441.0,8.5,2023-01-01,2020,base-cc-serie-historique-2020.CSV,True,51.88235294117647,01034,54.65617538180478,22260.0,60.83084647813936,22020.0,114.16374108659774,24030.0,24820.0,True,True,False,False,False,False,False,False,False,False,False,False,0.0,False,False,False,not_listed_no_path,False,True,True,False,False,True,False,False,True,EPCI:200040350,0.0
01415,01,200040350,524.0,4.8,2023-01-01,2020,base-cc-serie-historique-2020.CSV,True,109.16666666666669,01034,54.65617538180478,22260.0,60.83084647813936,22020.0,114.16374108659774,24030.0,23550.0,True,True,False,False,False,False,False,False,False,False,False,False,0.0,False,False,False,not_listed_no_path,False,True,True,False,False,True,False,False,True,EPCI:200040350,0.0
01452,01,200040350,1127.0,12.55,2023-01-01,2020,base-cc-serie-historique-2020.CSV,True,89.800796812749,01034,54.65617538180478,22260.0,60.83084647813936,22020.0,114.16374108659774,24030.0,20230.0,True,True,False,False,False,False,False,False,False,False,True,False,1127.0,False,False,False,not_listed_no_path,False,True,True,False,False,True,False,False,True,EPCI:200040350,0.0
01454,01,200040350,1118.0,7.88,2023-01-01,2020,base-cc-serie-historique-2020.CSV,True,141.87817258883248,01034,54.65617538180478,22260.0,60.83084647813936,22020.0,114.16374108659774,24030.0,22670.0,True,True,False,False,False,False,False,False,False,False,False,False,0.0,False,False,False,not_listed_no_path,False,True,True,False,False,True,False,False,True,EPCI:200040350,0.0
01456,01,200040350,71.0,2.05,2023-01-01,2020,base-cc-serie-historique-2020.CSV,True,34.63414634146342,01138,54.65617538180478,22260.0,78.7107438016529,22760.0,114.16374108659774,24030.0,,True,True,False,False,False,False,False,False,False,False,False,False,0.0,False,False,False,not_listed_no_path,False,True,True,False,False,True,False,False,False,EPCI:200040350,0.0
02008,02,240200501,299.0,14.63,2023-01-01,2020,base-cc-serie-historique-2020.CSV,True,20.43745727956254,02722,51.20074904471493,21540.0,107.06778327338132,20560.0,71.90969415823899,20300.0,20900.0,True,True,True,False,False,False,False,False,False,False,False,False,0.0,False,False,True,verified_mandatory_path_listed,False,True,True,False,False,True,True,False,False,EPCI:240200501,299.0
02010,02,240200501,171.0,5.13,2023-01-01,2020,base-cc-serie-historique-2020.CSV,True,33.333333333333336,02408,51.20074904471493,21540.0,61.22727605178257,20380.0,71.90969415823899,20300.0,21040.0,True,True,True,False,False,False,False,False,True,True,False,False,0.0,False,False,True,verified_mandatory_path_listed,False,True,True,False,False,True,True,False,False,EPCI:240200501,171.0
02011,02,200071991,1159.0,17.32,2023-01-01,2020,base-cc-serie-historique-2020.CSV,True,66.91685912240185,02722,54.14584853758491,21900.0,107.06778327338132,20560.0,71.90969415823899,20300.0,23420.0,True,True,False,False,False,False,False,False,False,False,False,False,0.0,False,False,False,not_listed_no_path,False,True,True,False,False,True,False,False,False,EPCI:200071991,0.0
02015,02,200071991,74.0,3.85,2023-01-01,2020,base-cc-serie-historique-2020.CSV,True,19.22077922077922,02810,54.14584853758491,21900.0,54.13600129559318,22010.0,71.90969415823899,20300.0,,True,True,False,False,False,False,False,False,False,False,False,False,0.0,False,False,False,not_listed_no_path,False,True,True,False,False,True,False,False,True,EPCI:200071991,0.0
02034,02,200071991,122.0,5.66,2023-01-01,2020,base-cc-serie-historique-2020.CSV,True,21.5547703180212,60159,54.14584853758491,21900.0,172.91899485935056,22960.0,71.90969415823899,20300.0,21540.0,True,True,False,False,False,False,False,False,False,False,False,False,0.0,False,False,False,not_listed_no_path,False,True,True,False,False,True,False,False,False,EPCI:200071991,0.0
02036,02,240200501,70.0,2.6,2023-01-01,2020,base-cc-serie-historique-2020.CSV,True,26.923076923076923,02722,51.20074904471493,21540.0,107.06778327338132,20560.0,71.90969415823899,20300.0,,True,True,True,False,False,False,False,False,False,False,False,False,0.0,False,False,True,verified_mandatory_path_listed,False,True,True,False,False,True,True,False,False,EPCI:240200501,70.0
02071,02,200071991,650.0,7.87,2023-01-01,2020,base-cc-serie-historique-2020.CSV,True,82.59212198221093,60159,54.14584853758491,21900.0,172.91899485935056,22960.0,71.90969415823899,20300.0,22700.0,True,True,False,False,False,False,False,False,False,False,False,False,0.0,False,False,False,not_listed_no_path,False,True,True,False,False,True,False,False,False,EPCI:200071991,0.0
02087,02,200071991,34.0,4.5,2023-01-01,2020,base-cc-serie-historique-2020.CSV,True,7.555555555555555,02722,54.14584853758491,21900.0,107.06778327338132,20560.0,71.90969415823899,20300.0,,True,True,False,False,False,False,False,False,False,False,False,False,0.0,False,False,False,not_listed_no_path,False,True,True,False,False,True,False,False,False,EPCI:200071991,0.0
02091,02,240200501,94.0,5.27,2023-01-01,2020,base-cc-serie-historique-2020.CSV,True,17.836812144212526,51250,51.20074904471493,21540.0,47.30868665977249,21700.0,71.90969415823899,20300.0,,True,True,True,False,False,False,False,False,False,False,False,False,0.0,False,False,True,verified_mandatory_path_listed,False,True,True,False,False,True,True,False,False,EPCI:240200501,94.0
02110,02,240200501,2232.0,11.61,2023-01-01,2020,base-cc-serie-historique-2020.CSV,True,192.24806201550388,02722,51.20074904471493,21540.0,107.06778327338132,20560.0,71.90969415823899,20300.0,19820.0,True,True,True,False,False,False,False,False,False,False,False,False,0.0,False,False,True,verified_mandatory_path_listed,False,True,True,False,False,True,True,False,False,EPCI:240200501,2232.0
02118,02,240200501,129.0,1.34,2023-01-01,2020,base-cc-serie-historique-2020.CSV,True,96.26865671641792,02722,51.20074904471493,21540.0,107.06778327338132,20560.0,71.90969415823899,20300.0,22210.0,True,True,True,False,False,False,False,False,False,False,False,False,0.0,False,False,True,verified_mandatory_path_listed,False,True,True,False,False,True,True,False,False,EPCI:240200501,129.0
02120,02,240200501,196.0,4.34,2023-01-01,2020,base-cc-serie-historique-2020.CSV,True,45.16129032258065,02722,51.20074904471493,21540.0,107.06778327338132,20560.0,71.90969415823899,20300.0,21120.0,True,True,True,False,False,False,False,False,False,False,False,False,0.0,False,False,True,verified_mandatory_path_listed,False,True,True,False,False,True,True,False,False,EPCI:240200501,196.0
02129,02,240200501,19.0,5.7,2023-01-01,2020,base-cc-serie-historique-2020.CSV,True,3.333333333333333,51250,51.20074904471493,21540.0,47.30868665977249,21700.0,71.90969415823899,20300.0,,True,True,True,False,False,False,False,False,False,False,False,False,0.0,False,False,True,verified_mandatory_path_listed,False,True,True,False,False,True,True,False,False,EPCI:240200501,19.0
02131,02,240200501,1883.0,12.86,2023-01-01,2020,base-cc-serie-historique-2020.CSV,True,146.4230171073095,02722,51.20074904471493,21540.0,107.06778327338132,20560.0,71.90969415823899,20300.0,22870.0,True,True,True,False,False,False,False,False,False,False,False,False,0.0,False,False,True,verified_mandatory_path_listed,False,True,True,False,False,True,True,False,False,EPCI:240200501,1883.0
02148,02,240200501,256.0,6.16,2023-01-01,2020,base-cc-serie-historique-2020.CSV,True,41.55844155844156,02722,51.20074904471493,21540.0,107.06778327338132,20560.0,71.90969415823899,20300.0,22140.0,True,True,True,False,False,False,False,False,False,False,False,False,0.0,False,False,True,verified_mandatory_path_listed,False,True,True,False,False,True,True,False,False,EPCI:240200501,256.0
02152,02,240200501,87.0,4.61,2023-01-01,2020,base-cc-serie-historique-2020.CSV,True,18.87201735357917,02722,51.20074904471493,21540.0,107.06778327338132,20560.0,71.90969415823899,20300.0,,True,True,True,False,False,False,False,False,False,False,False,False,0.0,False,False,True,verified_mandatory_path_listed,False,True,True,False,False,True,True,False,False,EPCI:240200501,87.0
02167,02,240200501,888.0,10.85,2023-01-01,2020,base-cc-serie-historique-2020.CSV,True,81.84331797235023,02722,51.20074904471493,21540.0,107.06778327338132,20560.0,71.90969415823899,20300.0,22100.0,True,True,True,False,False,False,False,False,False,False,False,False,0.0,False,False,True,verified_mandatory_path_listed,False,True,True,False,False,True,True,False,False,EPCI:240200501,888.0
02174,02,240200501,835.0,11.55,2023-01-01,2020,base-cc-serie-historique-2020.CSV,True,72.2943722943723,02408,51.20074904471493,21540.0,61.22727605178257,20380.0,71.90969415823899,20300.0,21560.0,True,True,True,False,False,False,False,False,True,True,False,False,0.0,False,False,True,verified_mandatory_path_listed,False,True,True,False,False,True,True,False,False,EPCI:240200501,835.0
02176,02,240200501,207.0,3.62,2023-01-01,2020,base-cc-serie-historique-2020.CSV,True,57.18232044198895,02722,51.20074904471493,21540.0,107.06778327338132,20560.0,71.90969415823899,20300.0,20160.0,True,True,True,False,False,False,False,False,False,False,False,False,0.0,False,False,True,verified_mandatory_path_listed,False,True,True,False,False,True,True,False,False,EPCI:240200501,207.0
02179,02,240200501,381.0,13.69,2023-01-01,2020,base-cc-serie-historique-2020.CSV,True,27.83053323593864,51250,51.20074904471493,21540.0,47.30868665977249,21700.0,71.90969415823899,20300.0,22150.0,True,True,True,False,False,False,False,False,False,False,False,False,0.0,False,False,True,verified_mandatory_path_listed,False,True,True,False,False,True,True,False,False,EPCI:240200501,381.0
02190,02,240200501,523.0,5.54,2023-01-01,2020,base-cc-serie-historique-2020.CSV,True,94.4043321299639,02722,51.20074904471493,21540.0,107.06778327338132,20560.0,71.90969415823899,20300.0,21820.0,True,True,True,False,False,False,False,False,False,False,False,False,0.0,False,False,True,verified_mandatory_path_listed,False,True,True,False,False,True,True,False,False,EPCI:240200501,523.0
02192,02,200071991,370.0,20.03,2023-01-01,2020,base-cc-serie-historique-2020.CSV,True,18.47229156265601,02810,54.14584853758491,21900.0,54.13600129559318,22010.0,71.90969415823899,20300.0,22250.0,True,True,False,False,False,False,False,False,False,False,False,False,0.0,False,False,False,not_listed_no_path,False,True,True,False,False,True,False,False,True,EPCI:200071991,0.0
02195,02,240200501,900.0,8.95,2023-01-01,2020,base-cc-serie-historique-2020.CSV,True,100.5586592178771,02722,51.20074904471493,21540.0,107.06778327338132,20560.0,71.90969415823899,20300.0,23340.0,True,True,True,False,False,False,False,False,False,False,False,False,0.0,False,False,True,verified_mandatory_path_listed,False,True,True,False,False,True,True,False,False,EPCI:240200501,900.0
02198,02,240200501,228.0,3.4,2023-01-01,2020,base-cc-serie-historique-2020.CSV,True,67.05882352941177,02722,51.20074904471493,21540.0,107.06778327338132,20560.0,71.90969415823899,20300.0,22810.0,True,True,True,False,False,False,False,False,False,False,False,False,0.0,False,False,True,verified_mandatory_path_listed,False,True,True,False,False,True,True,False,False,EPCI:240200501,228.0
02201,02,200071991,449.0,12.52,2023-01-01,2020,base-cc-serie-historique-2020.CSV,True,35.86261980830671,02810,54.14584853758491,21900.0,54.13600129559318,22010.0,71.90969415823899,20300.0,23310.0,True,True,False,False,False,False,False,False,False,False,False,False,0.0,False,False,False,not_listed_no_path,False,True,True,False,False,True,False,False,True,EPCI:200071991,0.0
02210,02,240200501,361.0,3.73,2023-01-01,2020,base-cc-serie-historique-2020.CSV,True,96.7828418230563,02722,51.20074904471493,21540.0,107.06778327338132,20560.0,71.90969415823899,20300.0,22690.0,True,True,True,False,False,False,False,False,False,False,False,False,0.0,False,False,True,verified_mandatory_path_listed,False,True,True,False,False,True,True,False,False,EPCI:240200501,361.0
02216,02,200071991,290.0,7.25,2023-01-01,2020,base-cc-serie-historique-2020.CSV,True,40.0,02810,54.14584853758491,21900.0,54.13600129559318,22010.0,71.90969415823899,20300.0,22820.0,True,True,False,False,False,False,False,False,False,False,False,False,0.0,False,False,False,not_listed_no_path,False,True,True,False,False,True,False,False,True,EPCI:200071991,0.0
02224,02,240200501,340.0,8.81,2023-01-01,2020,base-cc-serie-historique-2020.CSV,True,38.59250851305335,02722,51.20074904471493,21540.0,107.06778327338132,20560.0,71.90969415823899,20300.0,20360.0,True,True,True,False,False,False,False,False,False,False,False,False,0.0,False,False,True,verified_mandatory_path_listed,False,True,True,False,False,True,True,False,False,EPCI:240200501,340.0
02230,02,240200501,186.0,7.5,2023-01-01,2020,base-cc-serie-historique-2020.CSV,True,24.8,02722,51.20074904471493,21540.0,107.06778327338132,20560.0,71.90969415823899,20300.0,23650.0,True,True,True,False,False,False,False,False,False,False,False,False,0.0,False,False,True,verified_mandatory_path_listed,False,True,True,False,False,True,True,False,False,EPCI:240200501,186.0
02232,02,200071991,365.0,24.55,2023-01-01,2020,base-cc-serie-historique-2020.CSV,True,14.867617107942973,02810,54.14584853758491,21900.0,54.13600129559318,22010.0,71.90969415823899,20300.0,22690.0,True,True,False,False,False,False,False,False,False,False,False,False,0.0,False,False,False,not_listed_no_path,False,True,True,False,False,True,False,False,True,EPCI:200071991,0.0
02254,02,200071991,128.0,4.79,2023-01-01,2020,base-cc-serie-historique-2020.CSV,True,26.7223382045929,02722,54.14584853758491,21900.0,107.06778327338132,20560.0,71.90969415823899,20300.0,23000.0,True,True,False,False,False,False,False,False,False,False,False,False,0.0,False,False,False,not_listed_no_path,False,True,True,False,False,True,False,False,False,EPCI:200071991,0.0
02255,02,240200501,155.0,4.39,2023-01-01,2020,base-cc-serie-historique-2020.CSV,True,35.307517084282466,02722,51.20074904471493,21540.0,107.06778327338132,20560.0,71.90969415823899,20300.0,20400.0,True,True,True,False,False,False,False,False,False,False,False,False,0.0,False,False,True,verified_mandatory_path_listed,False,True,True,False,False,True,True,False,False,EPCI:240200501,155.0
02258,02,200071991,372.0,7.96,2023-01-01,2020,base-cc-serie-historique-2020.CSV,True,46.733668341708544,02810,54.14584853758491,21900.0,54.13600129559318,22010.0,71.90969415823899,20300.0,21810.0,True,True,False,False,False,False,False,False,False,False,False,False,0.0,False,False,False,not_listed_no_path,False,True,True,False,False,True,False,False,True,EPCI:200071991,0.0
02259,02,200071991,390.0,8.19,2023-01-01,2020,base-cc-serie-historique-2020.CSV,True,47.61904761904762,02810,54.14584853758491,21900.0,54.13600129559318,22010.0,71.90969415823899,20300.0,24750.0,True,True,False,False,False,False,False,False,False,False,False,False,0.0,False,False,False,not_listed_no_path,False,True,True,False,False,True,False,False,True,EPCI:200071991,0.0
02263,02,240200501,114.0,6.81,2023-01-01,2020,base-cc-serie-historique-2020.CSV,True,16.740088105726873,51250,51.20074904471493,21540.0,47.30868665977249,21700.0,71.90969415823899,20300.0,23340.0,True,True,True,False,False,False,False,False,False,False,False,False,0.0,False,False,True,verified_mandatory_path_listed,False,True,True,False,False,True,True,False,False,EPCI:240200501,114.0
02267,02,200071991,297.0,7.24,2023-01-01,2020,base-cc-serie-historique-2020.CSV,True,41.02209944751381,02722,54.14584853758491,21900.0,107.06778327338132,20560.0,71.90969415823899,20300.0,20480.0,True,True,False,False,False,False,False,False,False,False,False,False,0.0,False,False,False,not_listed_no_path,False,True,True,False,False,True,False,False,False,EPCI:200071991,0.0
02277,02,200071991,343.0,11.0,2023-01-01,2020,base-cc-serie-historique-2020.CSV,True,31.181818181818183,02722,54.14584853758491,21900.0,107.06778327338132,20560.0,71.90969415823899,20300.0,20860.0,True,True,False,False,False,False,False,False,False,False,False,False,0.0,False,False,False,not_listed_no_path,False,True,True,False,False,True,False,False,False,EPCI:200071991,0.0
02302,02,200071991,332.0,13.79,2023-01-01,2020,base-cc-serie-historique-2020.CSV,True,24.075416968817983,02810,54.14584853758491,21900.0,54.13600129559318,22010.0,71.90969415823899,20300.0,23690.0,True,True,False,False,False,False,False,False,False,False,False,False,0.0,False,False,False,not_listed_no_path,False,True,True,False,False,True,False,False,True,EPCI:200071991,0.0
02307,02,200071991,2055.0,18.35,2023-01-01,2020,base-cc-serie-historique-2020.CSV,True,111.98910081743868,02810,54.14584853758491,21900.0,54.13600129559318,22010.0,71.90969415823899,20300.0,22320.0,True,True,False,False,False,False,False,False,False,False,False,False,0.0,False,False,False,not_listed_no_path,False,True,True,False,False,True,False,False,True,EPCI:200071991,0.0
02316,02,200071991,124.0,6.51,2023-01-01,2020,base-cc-serie-historique-2020.CSV,True,19.047619047619047,02810,54.14584853758491,21900.0,54.13600129559318,22010.0,71.90969415823899,20300.0,25620.0,True,True,False,False,False,False,False,False,False,False,False,False,0.0,False,False,False,not_listed_no_path,False,True,True,False,False,True,False,False,True,EPCI:200071991,0.0
02326,02,200071991,467.0,9.03,2023-01-01,2020,base-cc-serie-historique-2020.CSV,True,51.71650055370986,02722,54.14584853758491,21900.0,107.06778327338132,20560.0,71.90969415823899,20300.0,22190.0,True,True,False,False,False,False,False,False,False,False,False,False,0.0,False,False,False,not_listed_no_path,False,True,True,False,False,True,False,False,False,EPCI:200071991,0.0
02368,02,200071991,568.0,12.24,2023-01-01,2020,base-cc-serie-historique-2020.CSV,True,46.40522875816993,02810,54.14584853758491,21900.0,54.13600129559318,22010.0,71.90969415823899,20300.0,21950.0,True,True,False,False,False,False,False,False,False,False,False,False,0.0,False,False,False,not_listed_no_path,False,True,True,False,False,True,False,False,True,EPCI:200071991,0.0
02393,02,240200501,139.0,7.84,2023-01-01,2020,base-cc-serie-historique-2020.CSV,True,17.729591836734695,02722,51.20074904471493,21540.0,107.06778327338132,20560.0,71.90969415823899,20300.0,22730.0,True,True,True,False,False,False,False,False,False,False,False,False,0.0,False,False,True,verified_mandatory_path_listed,False,True,True,False,False,True,True,False,False,EPCI:240200501,139.0
02400,02,240200501,152.0,6.76,2023-01-01,2020,base-cc-serie-historique-2020.CSV,True,22.485207100591715,02408,51.20074904471493,21540.0,61.22727605178257,20380.0,71.90969415823899,20300.0,21820.0,True,True,True,False,False,False,False,False,True,True,False,False,0.0,False,False,True,verified_mandatory_path_listed,False,True,True,False,False,True,True,False,False,EPCI:240200501,152.0
02410,02,200071991,242.0,9.53,2023-01-01,2020,base-cc-serie-historique-2020.CSV,True,25.39349422875131,02810,54.14584853758491,21900.0,54.13600129559318,22010.0,71.90969415823899,20300.0,25590.0,True,True,False,False,False,False,False,False,False,False,False,False,0.0,False,False,False,not_listed_no_path,False,True,True,False,False,True,False,False,True,EPCI:200071991,0.0
02415,02,200071991,159.0,7.22,2023-01-01,2020,base-cc-serie-historique-2020.CSV,True,22.022160664819943,02722,54.14584853758491,21900.0,107.06778327338132,20560.0,71.90969415823899,20300.0,25510.0,True,True,False,False,False,False,False,False,False,False,False,False,0.0,False,False,False,not_listed_no_path,False,True,True,False,False,True,False,False,False,EPCI:200071991,0.0
02421,02,240200501,99.0,6.65,2023-01-01,2020,base-cc-serie-historique-2020.CSV,True,14.887218045112782,02722,51.20074904471493,21540.0,107.06778327338132,20560.0,71.90969415823899,20300.0,,True,True,True,False,False,False,False,False,False,False,False,False,0.0,False,False,True,verified_mandatory_path_listed,False,True,True,False,False,True,True,False,False,EPCI:240200501,99.0
02427,02,240200501,140.0,4.95,2023-01-01,2020,base-cc-serie-historique-2020.CSV,True,28.28282828282828,51250,51.20074904471493,21540.0,47.30868665977249,21700.0,71.90969415823899,20300.0,20720.0,True,True,True,False,False,False,False,False,False,False,False,False,0.0,False,False,True,verified_mandatory_path_listed,False,True,True,False,False,True,True,False,False,EPCI:240200501,140.0
02432,02,240200501,190.0,5.55,2023-01-01,2020,base-cc-serie-historique-2020.CSV,True,34.23423423423424,02722,51.20074904471493,21540.0,107.06778327338132,20560.0,71.90969415823899,20300.0,21250.0,True,True,True,False,False,False,False,False,False,False,False,False,0.0,False,False,True,verified_mandatory_path_listed,False,True,True,False,False,True,True,False,False,EPCI:240200501,190.0
02438,02,200071991,244.0,10.94,2023-01-01,2020,base-cc-serie-historique-2020.CSV,True,22.30347349177331,02810,54.14584853758491,21900.0,54.13600129559318,22010.0,71.90969415823899,20300.0,23940.0,True,True,False,False,False,False,False,False,False,False,False,False,0.0,False,False,False,not_listed_no_path,False,True,True,False,False,True,False,False,True,EPCI:200071991,0.0
02439,02,240200501,1196.0,38.14,2023-01-01,2020,base-cc-serie-historique-2020.CSV,True,31.3581541688516,51250,51.20074904471493,21540.0,47.30868665977249,21700.0,71.90969415823899,20300.0,20690.0,True,True,True,False,False,False,False,False,False,False,False,False,0.0,False,False,True,verified_mandatory_path_listed,False,True,True,False,False,True,True,False,False,EPCI:240200501,1196.0
02441,02,200071991,181.0,11.02,2023-01-01,2020,base-cc-serie-historique-2020.CSV,True,16.424682395644282,02810,54.14584853758491,21900.0,54.13600129559318,22010.0,71.90969415823899,20300.0,24300.0,True,True,False,False,False,False,False,False,False,False,False,False,0.0,False,False,False,not_listed_no_path,False,True,True,False,False,True,False,False,True,EPCI:200071991,0.0
02449,02,200071991,64.0,6.17,2023-01-01,2020,base-cc-serie-historique-2020.CSV,True,10.372771474878444,02810,54.14584853758491,21900.0,54.13600129559318,22010.0,71.90969415823899,20300.0,,True,True,False,False,False,False,False,False,False,False,False,False,0.0,False,False,False,not_listed_no_path,False,True,True,False,False,True,False,False,True,EPCI:200071991,0.0
02464,02,240200501,366.0,5.47,2023-01-01,2020,base-cc-serie-historique-2020.CSV,True,66.91042047531992,02722,51.20074904471493,21540.0,107.06778327338132,20560.0,71.90969415823899,20300.0,22040.0,True,True,True,False,False,False,False,False,False,False,False,False,0.0,False,False,True,verified_mandatory_path_listed,False,True,True,False,False,True,True,False,False,EPCI:240200501,366.0
02466,02,200071991,131.0,7.71,2023-01-01,2020,base-cc-serie-historique-2020.CSV,True,16.990920881971466,02810,54.14584853758491,21900.0,54.13600129559318,22010.0,71.90969415823899,20300.0,22870.0,True,True,False,False,False,False,False,False,False,False,False,False,0.0,False,False,False,not_listed_no_path,False,True,True,False,False,True,False,False,True,EPCI:200071991,0.0
02467,02,200071991,50.0,4.54,2023-01-01,2020,base-cc-serie-historique-2020.CSV,True,11.013215859030836,02810,54.14584853758491,21900.0,54.13600129559318,22010.0,71.90969415823899,20300.0,,True,True,False,False,False,False,False,False,False,False,False,False,0.0,False,False,False,not_listed_no_path,False,True,True,False,False,True,False,False,True,EPCI:200071991,0.0
02487,02,240200501,620.0,3.25,2023-01-01,2020,base-cc-serie-historique-2020.CSV,True,190.7692307692308,02722,51.20074904471493,21540.0,107.06778327338132,20560.0,71.90969415823899,20300.0,22580.0,True,True,True,False,False,False,False,False,False,False,False,False,0.0,False,False,True,verified_mandatory_path_listed,False,True,True,False,False,True,True,False,False,EPCI:240200501,620.0
02490,02,240200501,124.0,5.86,2023-01-01,2020,base-cc-serie-historique-2020.CSV,True,21.160409556314,02408,51.20074904471493,21540.0,61.22727605178257,20380.0,71.90969415823899,20300.0,27750.0,True,True,True,False,False,False,False,False,True,True,False,False,0.0,False,False,True,verified_mandatory_path_listed,False,True,True,False,False,True,True,False,False,EPCI:240200501,124.0
02496,02,200071991,98.0,4.92,2023-01-01,2020,base-cc-serie-historique-2020.CSV,True,19.91869918699187,02810,54.14584853758491,21900.0,54.13600129559318,22010.0,71.90969415823899,20300.0,23090.0,True,True,False,False,False,False,False,False,False,False,False,False,0.0,False,False,False,not_listed_no_path,False,True,True,False,False,True,False,False,True,EPCI:200071991,0.0
02506,02,200071991,197.0,11.18,2023-01-01,2020,base-cc-serie-historique-2020.CSV,True,17.620751341681576,02810,54.14584853758491,21900.0,54.13600129559318,22010.0,71.90969415823899,20300.0,24990.0,True,True,False,False,False,False,False,False,False,False,False,False,0.0,False,False,False,not_listed_no_path,False,True,True,False,False,True,False,False,True,EPCI:200071991,0.0
02514,02,200071991,702.0,11.38,2023-01-01,2020,base-cc-serie-historique-2020.CSV,True,61.68717047451669,60159,54.14584853758491,21900.0,172.91899485935056,22960.0,71.90969415823899,20300.0,21560.0,True,True,False,False,False,False,False,False,False,False,False,False,0.0,False,False,False,not_listed_no_path,False,True,True,False,False,True,False,False,False,EPCI:200071991,0.0
02520,02,240200501,737.0,9.96,2023-01-01,2020,base-cc-serie-historique-2020.CSV,True,73.99598393574297,51250,51.20074904471493,21540.0,47.30868665977249,21700.0,71.90969415823899,20300.0,21860.0,True,True,True,False,False,False,False,False,False,False,False,False,0.0,False,False,True,verified_mandatory_path_listed,False,True,True,False,False,True,True,False,False,EPCI:240200501,737.0
02523,02,240200501,71.0,5.81,2023-01-01,2020,base-cc-serie-historique-2020.CSV,True,12.220309810671257,51250,51.20074904471493,21540.0,47.30868665977249,21700.0,71.90969415823899,20300.0,,True,True,True,False,False,False,False,False,False,False,False,False,0.0,False,False,True,verified_mandatory_path_listed,False,True,True,False,False,True,True,False,False,EPCI:240200501,71.0
02527,02,200071991,461.0,14.34,2023-01-01,2020,base-cc-serie-historique-2020.CSV,True,32.147838214783825,60159,54.14584853758491,21900.0,172.91899485935056,22960.0,71.90969415823899,20300.0,22510.0,True,True,False,False,False,False,False,False,False,False,False,False,0.0,False,False,False,not_listed_no_path,False,True,True,False,False,True,False,False,False,EPCI:200071991,0.0
02528,02,200071991,223.0,11.9,2023-01-01,2020,base-cc-serie-historique-2020.CSV,True,18.73949579831933,60159,54.14584853758491,21900.0,172.91899485935056,22960.0,71.90969415823899,20300.0,23800.0,True,True,False,False,False,False,False,False,False,False,False,False,0.0,False,False,False,not_listed_no_path,False,True,True,False,False,True,False,False,False,EPCI:200071991,0.0
02537,02,240200501,203.0,7.36,2023-01-01,2020,base-cc-serie-historique-2020.CSV,True,27.58152173913044,02722,51.20074904471493,21540.0,107.06778327338132,20560.0,71.90969415823899,20300.0,21940.0,True,True,True,False,False,False,False,False,False,False,False,False,0.0,False,False,True,verified_mandatory_path_listed,False,True,True,False,False,True,True,False,False,EPCI:240200501,203.0
02551,02,240200501,110.0,3.65,2023-01-01,2020,base-cc-serie-historique-2020.CSV,True,30.136986301369863,02408,51.20074904471493,21540.0,61.22727605178257,20380.0,71.90969415823899,20300.0,21650.0,True,True,True,False,False,False,False,False,True,True,False,False,0.0,False,False,True,verified_mandatory_path_listed,False,True,True,False,False,True,True,False,False,EPCI:240200501,110.0
02557,02,200071991,128.0,5.15,2023-01-01,2020,base-cc-serie-historique-2020.CSV,True,24.854368932038835,02810,54.14584853758491,21900.0,54.13600129559318,22010.0,71.90969415823899,20300.0,22220.0,True,True,False,False,False,False,False,False,False,False,False,False,0.0,False,False,False,not_listed_no_path,False,True,True,False,False,True,False,False,True,EPCI:200071991,0.0
02562,02,200071991,206.0,9.25,2023-01-01,2020,base-cc-serie-historique-2020.CSV,True,22.27027027027027,02722,54.14584853758491,21900.0,107.06778327338132,20560.0,71.90969415823899,20300.0,20910.0,True,True,False,False,False,False,False,False,False,False,False,False,0.0,False,False,False,not_listed_no_path,False,True,True,False,False,True,False,False,False,EPCI:200071991,0.0
02568,02,200071991,165.0,11.88,2023-01-01,2020,base-cc-serie-historique-2020.CSV,True,13.888888888888888,02810,54.14584853758491,21900.0,54.13600129559318,22010.0,71.90969415823899,20300.0,23430.0,True,True,False,False,False,False,False,False,False,False,False,False,0.0,False,False,False,not_listed_no_path,False,True,True,False,False,True,False,False,True,EPCI:200071991,0.0
02577,02,240200501,91.0,9.1,2023-01-01,2020,base-cc-serie-historique-2020.CSV,True,10.0,02722,51.20074904471493,21540.0,107.06778327338132,20560.0,71.90969415823899,20300.0,,True,True,True,False,False,False,False,False,False,False,False,False,0.0,False,False,True,verified_mandatory_path_listed,False,True,True,False,False,True,True,False,False,EPCI:240200501,91.0
02581,02,240200501,320.0,5.15,2023-01-01,2020,base-cc-serie-historique-2020.CSV,True,62.13592233009708,02722,51.20074904471493,21540.0,107.06778327338132,20560.0,71.90969415823899,20300.0,24060.0,True,True,True,False,False,False,False,False,False,False,False,False,0.0,False,False,True,verified_mandatory_path_listed,False,True,True,False,False,True,True,False,False,EPCI:240200501,320.0
02594,02,200071991,129.0,3.41,2023-01-01,2020,base-cc-serie-historique-2020.CSV,True,37.82991202346041,02810,54.14584853758491,21900.0,54.13600129559318,22010.0,71.90969415823899,20300.0,24790.0,True,True,False,False,False,False,False,False,False,False,False,False,0.0,False,False,False,not_listed_no_path,False,True,True,False,False,True,False,False,True,EPCI:200071991,0.0
02598,02,200071991,679.0,9.83,2023-01-01,2020,base-cc-serie-historique-2020.CSV,True,69.07426246185148,02722,54.14584853758491,21900.0,107.06778327338132,20560.0,71.90969415823899,20300.0,24010.0,True,True,False,False,False,False,False,False,False,False,False,False,0.0,False,False,False,not_listed_no_path,False,True,True,False,False,True,False,False,False,EPCI:200071991,0.0
02612,02,240200501,124.0,3.18,2023-01-01,2020,base-cc-serie-historique-2020.CSV,True,38.9937106918239,51250,51.20074904471493,21540.0,47.30868665977249,21700.0,71.90969415823899,20300.0,19640.0,True,True,True,False,False,False,False,False,False,False,False,False,0.0,False,False,True,verified_mandatory_path_listed,False,True,True,False,False,True,True,False,False,EPCI:240200501,124.0
02620,02,240200501,341.0,9.61,2023-01-01,2020,base-cc-serie-historique-2020.CSV,True,35.483870967741936,02722,51.20074904471493,21540.0,107.06778327338132,20560.0,71.90969415823899,20300.0,21360.0,True,True,True,False,False,False,False,False,False,False,False,False,0.0,False,False,True,verified_mandatory_path_listed,False,True,True,False,False,True,True,False,False,EPCI:240200501,341.0
02628,02,200071991,218.0,9.88,2023-01-01,2020,base-cc-serie-historique-2020.CSV,True,22.06477732793522,02810,54.14584853758491,21900.0,54.13600129559318,22010.0,71.90969415823899,20300.0,22710.0,True,True,False,False,False,False,False,False,False,False,False,False,0.0,False,False,False,not_listed_no_path,False,True,True,False,False,True,False,False,True,EPCI:200071991,0.0
02633,02,240200501,61.0,5.04,2023-01-01,2020,base-cc-serie-historique-2020.CSV,True,12.103174603174605,02722,51.20074904471493,21540.0,107.06778327338132,20560.0,71.90969415823899,20300.0,,True,True,True,False,False,False,False,False,False,False,False,False,0.0,False,False,True,verified_mandatory_path_listed,False,True,True,False,False,True,True,False,False,EPCI:240200501,61.0
02643,02,200071991,784.0,10.55,2023-01-01,2020,base-cc-serie-historique-2020.CSV,True,74.3127962085308,60159,54.14584853758491,21900.0,172.91899485935056,22960.0,71.90969415823899,20300.0,23420.0,True,True,False,False,False,False,False,False,False,False,False,False,0.0,False,False,False,not_listed_no_path,False,True,True,False,False,True,False,False,False,EPCI:200071991,0.0
02644,02,200071991,340.0,14.87,2023-01-01,2020,base-cc-serie-historique-2020.CSV,True,22.864828513786147,60159,54.14584853758491,21900.0,172.91899485935056,22960.0,71.90969415823899,20300.0,23440.0,True,True,False,False,False,False,False,False,False,False,False,False,0.0,False,False,False,not_listed_no_path,False,True,True,False,False,True,False,False,False,EPCI:200071991,0.0
02667,02,200071991,201.0,8.53,2023-01-01,2020,base-cc-serie-historique-2020.CSV,True,23.563892145369287,02722,54.14584853758491,21900.0,107.06778327338132,20560.0,71.90969415823899,20300.0,24430.0,True,True,False,False,False,False,False,False,False,False,False,False,0.0,False,False,False,not_listed_no_path,False,True,True,False,False,True,False,False,False,EPCI:200071991,0.0
02672,02,200071991,254.0,6.02,2023-01-01,2020,base-cc-serie-historique-2020.CSV,True,42.19269102990034,02722,54.14584853758491,21900.0,107.06778327338132,20560.0,71.90969415823899,20300.0,23190.0,True,True,False,False,False,False,False,False,False,False,False,False,0.0,False,False,False,not_listed_no_path,False,True,True,False,False,True,False,False,False,EPCI:200071991,0.0
02673,02,200071991,442.0,7.78,2023-01-01,2020,base-cc-serie-historique-2020.CSV,True,56.81233933161953,60159,54.14584853758491,21900.0,172.91899485935056,22960.0,71.90969415823899,20300.0,22240.0,True,True,False,False,False,False,False,False,False,False,False,False,0.0,False,False,False,not_listed_no_path,False,True,True,False,False,True,False,False,False,EPCI:200071991,0.0
02682,02,240200501,115.0,4.69,2023-01-01,2020,base-cc-serie-historique-2020.CSV,True,24.520255863539443,02722,51.20074904471493,21540.0,107.06778327338132,20560.0,71.90969415823899,20300.0,19130.0,True,True,True,False,False,False,False,False,False,False,False,False,0.0,False,False,True,verified_mandatory_path_listed,False,True,True,False,False,True,True,False,False,EPCI:240200501,115.0
02687,02,200071991,335.0,12.02,2023-01-01,2020,base-cc-serie-historique-2020.CSV,True,27.870216306156408,02810,54.14584853758491,21900.0,54.13600129559318,22010.0,71.90969415823899,20300.0,24650.0,True,True,False,False,False,False,False,False,False,False,False,False,0.0,False,False,False,not_listed_no_path,False,True,True,False,False,True,False,False,True,EPCI:200071991,0.0
02698,02,240200501,102.0,4.53,2023-01-01,2020,base-cc-serie-historique-2020.CSV,True,22.516556291390728,02722,51.20074904471493,21540.0,107.06778327338132,20560.0,71.90969415823899,20300.0,22190.0,True,True,True,False,False,False,False,False,False,False,False,False,0.0,False,False,True,verified_mandatory_path_listed,False,True,True,False,False,True,True,False,False,EPCI:240200501,102.0
02715,02,240200501,42.0,2.14,2023-01-01,2020,base-cc-serie-historique-2020.CSV,True,19.626168224299064,51250,51.20074904471493,21540.0,47.30868665977249,21700.0,71.90969415823899,20300.0,,True,True,True,False,False,False,False,False,False,False,False,False,0.0,False,False,True,verified_mandatory_path_listed,False,True,True,False,False,True,True,False,False,EPCI:240200501,42.0
02718,02,200071991,118.0,2.31,2023-01-01,2020,base-cc-serie-historique-2020.CSV,True,51.08225108225109,02810,54.14584853758491,21900.0,54.13600129559318,22010.0,71.90969415823899,20300.0,23090.0,True,True,False,False,False,False,False,False,False,False,False,False,0.0,False,False,False,not_listed_no_path,False,True,True,False,False,True,False,False,True,EPCI:200071991,0.0
02729,02,200071991,79.0,5.22,2023-01-01,2020,base-cc-serie-historique-2020.CSV,True,15.134099616858238,02810,54.14584853758491,21900.0,54.13600129559318,22010.0,71.90969415823899,20300.0,,True,True,False,False,False,False,False,False,False,False,False,False,0.0,False,False,False,not_listed_no_path,False,True,True,False,False,True,False,False,True,EPCI:200071991,0.0
02730,02,240200501,265.0,10.2,2023-01-01,2020,base-cc-serie-historique-2020.CSV,True,25.980392156862745,02722,51.20074904471493,21540.0,107.06778327338132,20560.0,71.90969415823899,20300.0,19160.0,True,True,True,False,False,False,False,False,False,False,False,False,0.0,False,False,True,verified_mandatory_path_listed,False,True,True,False,False,True,True,False,False,EPCI:240200501,265.0
02734,02,200071991,272.0,10.63,2023-01-01,2020,base-cc-serie-historique-2020.CSV,True,25.58795860771401,02810,54.14584853758491,21900.0,54.13600129559318,22010.0,71.90969415823899,20300.0,22340.0,True,True,False,False,False,False,False,False,False,False,False,False,0.0,False,False,False,not_listed_no_path,False,True,True,False,False,True,False,False,True,EPCI:200071991,0.0
02735,02,240200501,17.0,2.55,2023-01-01,2020,base-cc-serie-historique-2020.CSV,True,6.666666666666667,02722,51.20074904471493,21540.0,107.06778327338132,20560.0,71.90969415823899,20300.0,,True,True,True,False,False,False,False,False,False,False,False,False,0.0,False,False,True,verified_mandatory_path_listed,False,True,True,False,False,True,True,False,False,EPCI:240200501,17.0
02736,02,200071991,166.0,8.89,2023-01-01,2020,base-cc-serie-historique-2020.CSV,True,18.672665916760405,02722,54.14584853758491,21900.0,107.06778327338132,20560.0,71.90969415823899,20300.0,20430.0,True,True,False,False,False,False,False,False,False,False,False,False,0.0,False,False,False,not_listed_no_path,False,True,True,False,False,True,False,False,False,EPCI:200071991,0.0
02739,02,240200501,336.0,7.07,2023-01-01,2020,base-cc-serie-historique-2020.CSV,True,47.52475247524752,02722,51.20074904471493,21540.0,107.06778327338132,20560.0,71.90969415823899,20300.0,22530.0,True,True,True,False,False,False,False,False,False,False,False,False,0.0,False,False,True,verified_mandatory_path_listed,False,True,True,False,False,True,True,False,False,EPCI:240200501,336.0
02749,02,200071991,216.0,2.65,2023-01-01,2020,base-cc-serie-historique-2020.CSV,True,81.50943396226415,02810,54.14584853758491,21900.0,54.13600129559318,22010.0,71.90969415823899,20300.0,22800.0,True,True,False,False,False,False,False,False,False,False,False,False,0.0,False,False,False,not_listed_no_path,False,True,True,False,False,True,False,False,True,EPCI:200071991,0.0
02758,02,240200501,2017.0,9.97,2023-01-01,2020,base-cc-serie-historique-2020.CSV,True,202.30692076228684,02722,51.20074904471493,21540.0,107.06778327338132,20560.0,71.90969415823899,20300.0,20300.0,True,True,True,False,False,False,False,False,False,False,False,False,0.0,False,False,True,verified_mandatory_path_listed,False,True,True,False,False,True,True,False,False,EPCI:240200501,2017.0
02762,02,200071991,150.0,9.87,2023-01-01,2020,base-cc-serie-historique-2020.CSV,True,15.197568389057752,60159,54.14584853758491,21900.0,172.91899485935056,22960.0,71.90969415823899,20300.0,20160.0,True,True,False,False,False,False,False,False,False,False,False,False,0.0,False,False,False,not_listed_no_path,False,True,True,False,False,True,False,False,False,EPCI:200071991,0.0
02763,02,240200501,219.0,3.18,2023-01-01,2020,base-cc-serie-historique-2020.CSV,True,68.86792452830188,02722,51.20074904471493,21540.0,107.06778327338132,20560.0,71.90969415823899,20300.0,21430.0,True,True,True,False,False,False,False,False,False,False,False,False,0.0,False,False,True,verified_mandatory_path_listed,False,True,True,False,False,True,True,False,False,EPCI:240200501,219.0
02766,02,240200501,236.0,8.42,2023-01-01,2020,base-cc-serie-historique-2020.CSV,True,28.028503562945367,02408,51.20074904471493,21540.0,61.22727605178257,20380.0,71.90969415823899,20300.0,18880.0,True,True,True,False,False,False,False,False,True,True,False,False,0.0,False,False,True,verified_mandatory_path_listed,False,True,True,False,False,True,True,False,False,EPCI:240200501,236.0
02773,02,240200501,39.0,2.27,2023-01-01,2020,base-cc-serie-historique-2020.CSV,True,17.180616740088105,02722,51.20074904471493,21540.0,107.06778327338132,20560.0,71.90969415823899,20300.0,,True,True,True,False,False,False,False,False,False,False,False,False,0.0,False,False,True,verified_mandatory_path_listed,False,True,True,False,False,True,True,False,False,EPCI:240200501,39.0
02793,02,200071991,116.0,3.18,2023-01-01,2020,base-cc-serie-historique-2020.CSV,True,36.477987421383645,02722,54.14584853758491,21900.0,107.06778327338132,20560.0,71.90969415823899,20300.0,22150.0,True,True,False,False,False,False,False,False,False,False,False,False,0.0,False,False,False,not_listed_no_path,False,True,True,False,False,True,False,False,False,EPCI:200071991,0.0
02795,02,200071991,1604.0,5.23,2023-01-01,2020,base-cc-serie-historique-2020.CSV,True,306.69216061185466,60159,54.14584853758491,21900.0,172.91899485935056,22960.0,71.90969415823899,20300.0,21120.0,True,True,False,False,False,False,False,False,False,False,False,False,0.0,False,False,False,not_listed_no_path,False,True,True,False,False,True,False,False,False,EPCI:200071991,0.0
02797,02,240200501,172.0,6.59,2023-01-01,2020,base-cc-serie-historique-2020.CSV,True,26.100151745068285,51250,51.20074904471493,21540.0,47.30868665977249,21700.0,71.90969415823899,20300.0,18340.0,True,True,True,False,False,False,False,False,False,False,False,False,0.0,False,False,True,verified_mandatory_path_listed,False,True,True,False,False,True,True,False,False,EPCI:240200501,172.0
02810,02,200071991,10392.0,41.71,2023-01-01,2020,base-cc-serie-historique-2020.CSV,True,249.14888515943417,02810,54.14584853758491,21900.0,54.13600129559318,22010.0,71.90969415823899,20300.0,20030.0,True,True,False,False,False,False,False,False,False,False,False,False,0.0,False,False,False,not_listed_no_path,False,True,True,False,False,True,False,False,True,EPCI:200071991,0.0
02812,02,200071991,203.0,8.07,2023-01-01,2020,base-cc-serie-historique-2020.CSV,True,25.154894671623296,02810,54.14584853758491,21900.0,54.13600129559318,22010.0,71.90969415823899,20300.0,25230.0,True,True,False,False,False,False,False,False,False,False,False,False,0.0,False,False,False,not_listed_no_path,False,True,True,False,False,True,False,False,True,EPCI:200071991,0.0
02817,02,240200501,82.0,2.64,2023-01-01,2020,base-cc-serie-historique-2020.CSV,True,31.06060606060606,51250,51.20074904471493,21540.0,47.30868665977249,21700.0,71.90969415823899,20300.0,,True,True,True,False,False,False,False,False,False,False,False,False,0.0,False,False,True,verified_mandatory_path_listed,False,True,True,False,False,True,True,False,False,EPCI:240200501,82.0
02822,02,200071991,397.0,13.96,2023-01-01,2020,base-cc-serie-historique-2020.CSV,True,28.438395415472776,02810,54.14584853758491,21900.0,54.13600129559318,22010.0,71.90969415823899,20300.0,23990.0,True,True,False,False,False,False,False,False,False,False,False,False,0.0,False,False,False,not_listed_no_path,False,True,True,False,False,True,False,False,True,EPCI:200071991,0.0
02829,02,240200501,41.0,1.09,2023-01-01,2020,base-cc-serie-historique-2020.CSV,True,37.61467889908256,02722,51.20074904471493,21540.0,107.06778327338132,20560.0,71.90969415823899,20300.0,,True,True,True,False,False,False,False,False,False,False,False,False,0.0,False,False,True,verified_mandatory_path_listed,False,True,True,False,False,True,True,False,False,EPCI:240200501,41.0
04013,04,200071033,616.0,14.74,2023-01-01,2020,base-cc-serie-historique-2020.CSV,True,41.7910447761194,04209,17.236411263916178,22130.0,20.73597704782513,21080.0,23.89108216056674,21130.0,23240.0,True,True,False,False,False,True,True,False,True,True,True,False,616.0,True,True,True,verified_mandatory_path_listed,False,True,True,False,False,True,True,False,False,EPCI:200071033,616.0
04053,04,200071033,502.0,21.1,2023-01-01,2020,base-cc-serie-historique-2020.CSV,True,23.7914691943128,04209,17.236411263916178,22130.0,20.73597704782513,21080.0,23.89108216056674,21130.0,24230.0,True,True,False,False,False,True,True,False,True,True,True,False,502.0,True,True,True,verified_mandatory_path_listed,False,True,True,False,False,True,True,False,False,EPCI:200071033,502.0
04127,04,200071033,325.0,12.08,2023-01-01,2020,base-cc-serie-historique-2020.CSV,True,26.90397350993377,04049,17.236411263916178,22130.0,72.96499542695601,20960.0,23.89108216056674,21130.0,21580.0,True,True,False,False,False,True,True,False,False,False,True,False,325.0,True,True,True,verified_mandatory_path_listed,False,True,True,False,False,True,True,False,False,EPCI:200071033,325.0
04145,04,200071033,1463.0,13.15,2023-01-01,2020,base-cc-serie-historique-2020.CSV,True,111.25475285171102,04209,17.236411263916178,22130.0,20.73597704782513,21080.0,23.89108216056674,21130.0,21280.0,True,True,False,False,False,True,True,False,True,True,True,False,1463.0,True,True,True,verified_mandatory_path_listed,False,True,True,False,False,True,True,False,False,EPCI:200071033,1463.0
04200,04,200071033,660.0,14.42,2023-01-01,2020,base-cc-serie-historique-2020.CSV,True,45.76976421636616,04209,17.236411263916178,22130.0,20.73597704782513,21080.0,23.89108216056674,21130.0,24400.0,True,True,False,False,False,True,True,False,True,True,True,False,660.0,True,True,True,verified_mandatory_path_listed,False,True,True,False,False,True,True,False,False,EPCI:200071033,660.0
04211,04,200071033,178.0,19.75,2023-01-01,2020,base-cc-serie-historique-2020.CSV,True,9.0126582278481,04049,17.236411263916178,22130.0,72.96499542695601,20960.0,23.89108216056674,21130.0,20340.0,True,True,False,False,False,True,True,False,False,False,True,False,178.0,True,True,True,verified_mandatory_path_listed,False,True,True,False,False,True,True,False,False,EPCI:200071033,178.0
05012,05,200067742,627.0,15.99,2023-01-01,2020,base-cc-serie-historique-2020.CSV,True,39.21200750469043,05046,27.67648894582964,21490.0,24.828888805774767,21240.0,25.3402611071462,21420.0,21440.0,True,True,True,False,False,True,True,False,True,True,True,False,627.0,True,True,True,verified_mandatory_path_listed,False,True,True,False,False,True,True,False,False,EPCI:200067742,627.0
05036,05,200067742,1200.0,92.84,2023-01-01,2020,base-cc-serie-historique-2020.CSV,True,12.925463162429986,05046,27.67648894582964,21490.0,24.828888805774767,21240.0,25.3402611071462,21420.0,21370.0,True,True,True,False,False,True,True,False,True,True,True,False,1200.0,True,True,True,verified_mandatory_path_listed,False,True,True,False,False,True,True,False,False,EPCI:200067742,1200.0
05044,05,200067742,125.0,56.26,2023-01-01,2020,base-cc-serie-historique-2020.CSV,True,2.22182723071454,05046,27.67648894582964,21490.0,24.828888805774767,21240.0,25.3402611071462,21420.0,19910.0,True,True,True,False,False,True,True,False,True,True,True,False,125.0,True,True,True,verified_mandatory_path_listed,False,True,True,False,False,True,True,False,False,EPCI:200067742,125.0
05045,05,200067742,1125.0,53.84,2023-01-01,2020,base-cc-serie-historique-2020.CSV,True,20.89524517087667,05046,27.67648894582964,21490.0,24.828888805774767,21240.0,25.3402611071462,21420.0,20990.0,True,True,True,False,False,True,True,False,True,True,True,False,1125.0,True,True,True,verified_mandatory_path_listed,False,True,True,False,False,True,True,False,False,EPCI:200067742,1125.0
05046,05,200067742,6435.0,36.39,2023-01-01,2020,base-cc-serie-historique-2020.CSV,True,176.83429513602638,05046,27.67648894582964,21490.0,24.828888805774767,21240.0,25.3402611071462,21420.0,21110.0,True,True,True,False,False,True,True,False,True,True,True,False,6435.0,True,True,True,verified_mandatory_path_listed,False,True,True,False,False,True,True,False,False,EPCI:200067742,6435.0
05052,05,200067452,800.0,30.04,2023-01-01,2020,base-cc-serie-historique-2020.CSV,True,26.63115845539281,05065,9.5195718838314,21100.0,9.5195718838314,21100.0,25.3402611071462,21420.0,21670.0,True,True,True,False,False,True,True,False,True,True,True,False,800.0,True,True,True,verified_mandatory_path_listed,False,True,True,False,False,True,True,False,False,EPCI:200067452,800.0
05065,05,200067452,2291.0,51.29,2023-01-01,2020,base-cc-serie-historique-2020.CSV,True,44.66757652563852,05065,9.5195718838314,21100.0,9.5195718838314,21100.0,25.3402611071462,21420.0,20720.0,True,True,True,False,False,True,True,False,True,True,True,False,2291.0,True,True,True,verified_mandatory_path_listed,False,True,True,False,False,True,True,False,False,EPCI:200067452,2291.0
05082,05,200067452,173.0,0.58,2023-01-01,2020,base-cc-serie-historique-2020.CSV,True,298.2758620689655,05065,9.5195718838314,21100.0,9.5195718838314,21100.0,25.3402611071462,21420.0,19620.0,True,True,True,False,False,True,True,False,True,True,True,False,173.0,True,True,True,verified_mandatory_path_listed,False,True,True,False,False,True,True,False,False,EPCI:200067452,173.0
05098,05,200067742,530.0,74.79,2023-01-01,2020,base-cc-serie-historique-2020.CSV,True,7.086508891563042,05046,27.67648894582964,21490.0,24.828888805774767,21240.0,25.3402611071462,21420.0,21880.0,True,True,True,False,False,True,True,False,True,True,True,False,530.0,True,True,True,verified_mandatory_path_listed,False,True,True,False,False,True,True,False,False,EPCI:200067742,530.0
05109,05,240500439,515.0,7.74,2023-01-01,2020,base-cc-serie-historique-2020.CSV,True,66.53746770025839,05023,22.657185185185185,21230.0,28.034827660646183,21390.0,25.3402611071462,21420.0,22860.0,True,True,True,False,False,True,True,False,True,True,True,False,515.0,True,True,True,verified_mandatory_path_listed,False,True,True,False,False,True,True,False,False,EPCI:240500439,515.0
05116,05,200067452,209.0,22.33,2023-01-01,2020,base-cc-serie-historique-2020.CSV,True,9.35960591133005,05065,9.5195718838314,21100.0,9.5195718838314,21100.0,25.3402611071462,21420.0,20590.0,True,True,True,False,False,True,True,False,True,True,True,False,209.0,True,True,True,verified_mandatory_path_listed,False,True,True,False,False,True,True,False,False,EPCI:200067452,209.0
05119,05,200067452,658.0,30.34,2023-01-01,2020,base-cc-serie-historique-2020.CSV,True,21.687541199736323,05065,9.5195718838314,21100.0,9.5195718838314,21100.0,25.3402611071462,21420.0,23490.0,True,True,True,False,False,True,True,False,True,True,True,False,658.0,True,True,True,verified_mandatory_path_listed,False,True,True,False,False,True,True,False,False,EPCI:200067452,658.0
05128,05,200067742,697.0,38.63,2023-01-01,2020,base-cc-serie-historique-2020.CSV,True,18.042971783587884,05046,27.67648894582964,21490.0,24.828888805774767,21240.0,25.3402611071462,21420.0,21500.0,True,True,True,False,False,True,True,False,True,True,True,False,697.0,True,True,True,verified_mandatory_path_listed,False,True,True,False,False,True,True,False,False,EPCI:200067742,697.0
05134,05,200067452,321.0,25.06,2023-01-01,2020,base-cc-serie-historique-2020.CSV,True,12.80925778132482,05065,9.5195718838314,21100.0,9.5195718838314,21100.0,25.3402611071462,21420.0,21210.0,True,True,True,False,False,True,True,False,True,True,True,False,321.0,True,True,True,verified_mandatory_path_listed,False,True,True,False,False,True,True,False,False,EPCI:200067452,321.0
05136,05,200067452,732.0,46.3,2023-01-01,2020,base-cc-serie-historique-2020.CSV,True,15.809935205183589,05065,9.5195718838314,21100.0,9.5195718838314,21100.0,25.3402611071462,21420.0,20850.0,True,True,True,False,False,True,True,False,True,True,True,False,732.0,True,True,True,verified_mandatory_path_listed,False,True,True,False,False,True,True,False,False,EPCI:200067452,732.0
05156,05,200067742,517.0,24.18,2023-01-01,2020,base-cc-serie-historique-2020.CSV,True,21.38130686517784,05046,27.67648894582964,21490.0,24.828888805774767,21240.0,25.3402611071462,21420.0,22220.0,True,True,True,False,False,True,True,False,True,True,True,False,517.0,True,True,True,verified_mandatory_path_listed,False,True,True,False,False,True,True,False,False,EPCI:200067742,517.0
05177,05,200067452,554.0,92.2,2023-01-01,2020,base-cc-serie-historique-2020.CSV,True,6.008676789587852,05065,9.5195718838314,21100.0,9.5195718838314,21100.0,25.3402611071462,21420.0,20660.0,True,True,True,False,False,True,True,False,True,True,True,False,554.0,True,True,True,verified_mandatory_path_listed,False,True,True,False,False,True,True,False,False,EPCI:200067452,554.0
10031,10,200006716,475.0,18.09,2023-01-01,2020,base-cc-serie-historique-2020.CSV,True,26.257600884466555,10268,56.691203907866615,21320.0,40.57480138470351,21590.0,51.86987022331184,20960.0,22060.0,True,True,True,False,False,False,False,False,True,True,False,False,0.0,False,False,True,verified_mandatory_path_listed,False,True,True,False,False,True,True,False,False,EPCI:200006716,475.0
10057,10,200006716,53.0,6.7,2023-01-01,2020,base-cc-serie-historique-2020.CSV,True,7.91044776119403,10268,56.691203907866615,21320.0,40.57480138470351,21590.0,51.86987022331184,20960.0,,True,True,True,False,False,False,False,False,True,True,False,False,0.0,False,False,True,verified_mandatory_path_listed,False,True,True,False,False,True,True,False,False,EPCI:200006716,53.0
10106,10,200006716,141.0,6.69,2023-01-01,2020,base-cc-serie-historique-2020.CSV,True,21.076233183856505,10268,56.691203907866615,21320.0,40.57480138470351,21590.0,51.86987022331184,20960.0,23030.0,True,True,True,False,False,False,False,False,True,True,False,False,0.0,False,False,True,verified_mandatory_path_listed,False,True,True,False,False,True,True,False,False,EPCI:200006716,141.0
10148,10,200006716,409.0,15.32,2023-01-01,2020,base-cc-serie-historique-2020.CSV,True,26.697127937336813,10268,56.691203907866615,21320.0,40.57480138470351,21590.0,51.86987022331184,20960.0,24500.0,True,True,True,False,False,False,False,False,True,True,False,False,0.0,False,False,True,verified_mandatory_path_listed,False,True,True,False,False,True,True,False,False,EPCI:200006716,409.0
10153,10,200006716,611.0,16.01,2023-01-01,2020,base-cc-serie-historique-2020.CSV,True,38.163647720174886,10268,56.691203907866615,21320.0,40.57480138470351,21590.0,51.86987022331184,20960.0,25050.0,True,True,True,False,False,False,False,False,True,True,False,False,0.0,False,False,True,verified_mandatory_path_listed,False,True,True,False,False,True,True,False,False,EPCI:200006716,611.0
10154,10,200006716,71.0,8.4,2023-01-01,2020,base-cc-serie-historique-2020.CSV,True,8.452380952380953,10268,56.691203907866615,21320.0,40.57480138470351,21590.0,51.86987022331184,20960.0,,True,True,True,False,False,False,False,False,True,True,False,False,0.0,False,False,True,verified_mandatory_path_listed,False,True,True,False,False,True,True,False,False,EPCI:200006716,71.0
10169,10,200006716,219.0,10.92,2023-01-01,2020,base-cc-serie-historique-2020.CSV,True,20.05494505494505,10268,56.691203907866615,21320.0,40.57480138470351,21590.0,51.86987022331184,20960.0,24070.0,True,True,True,False,False,False,False,False,True,True,False,False,0.0,False,False,True,verified_mandatory_path_listed,False,True,True,False,False,True,True,False,False,EPCI:200006716,219.0
10208,10,200006716,290.0,13.68,2023-01-01,2020,base-cc-serie-historique-2020.CSV,True,21.198830409356727,10268,56.691203907866615,21320.0,40.57480138470351,21590.0,51.86987022331184,20960.0,22630.0,True,True,True,False,False,False,False,False,True,True,False,False,0.0,False,False,True,verified_mandatory_path_listed,False,True,True,False,False,True,True,False,False,EPCI:200006716,290.0
10225,10,200006716,235.0,10.1,2023-01-01,2020,base-cc-serie-historique-2020.CSV,True,23.26732673267327,10268,56.691203907866615,21320.0,40.57480138470351,21590.0,51.86987022331184,20960.0,23170.0,True,True,True,False,False,False,False,False,True,True,False,False,0.0,False,False,True,verified_mandatory_path_listed,False,True,True,False,False,True,True,False,False,EPCI:200006716,235.0
10231,10,200006716,624.0,12.6,2023-01-01,2020,base-cc-serie-historique-2020.CSV,True,49.523809523809526,10268,56.691203907866615,21320.0,40.57480138470351,21590.0,51.86987022331184,20960.0,23670.0,True,True,True,False,False,False,False,False,True,True,False,False,0.0,False,False,True,verified_mandatory_path_listed,False,True,True,False,False,True,True,False,False,EPCI:200006716,624.0
10254,10,200006716,329.0,7.72,2023-01-01,2020,base-cc-serie-historique-2020.CSV,True,42.61658031088083,77379,56.691203907866615,21320.0,61.13354461944368,21570.0,51.86987022331184,20960.0,24040.0,True,True,True,False,False,False,False,False,True,True,False,False,0.0,False,False,True,verified_mandatory_path_listed,False,True,True,False,False,True,True,False,False,EPCI:200006716,329.0
10259,10,200006716,361.0,11.59,2023-01-01,2020,base-cc-serie-historique-2020.CSV,True,31.14754098360656,10268,56.691203907866615,21320.0,40.57480138470351,21590.0,51.86987022331184,20960.0,21940.0,True,True,True,False,False,False,False,False,True,True,False,False,0.0,False,False,True,verified_mandatory_path_listed,False,True,True,False,False,True,True,False,False,EPCI:200006716,361.0
10268,10,200006716,5946.0,20.08,2023-01-01,2020,base-cc-serie-historique-2020.CSV,True,296.1155378486056,10268,56.691203907866615,21320.0,40.57480138470351,21590.0,51.86987022331184,20960.0,19930.0,True,True,True,False,False,False,False,False,True,True,False,False,0.0,False,False,True,verified_mandatory_path_listed,False,True,True,False,False,True,True,False,False,EPCI:200006716,5946.0
10284,10,200006716,150.0,6.86,2023-01-01,2020,base-cc-serie-historique-2020.CSV,True,21.865889212827987,10323,56.691203907866615,21320.0,45.0796102661597,20330.0,51.86987022331184,20960.0,22840.0,True,True,True,False,False,False,False,False,True,True,False,False,0.0,False,False,True,verified_mandatory_path_listed,False,True,True,False,False,True,True,False,False,EPCI:200006716,150.0
10291,10,200006716,180.0,5.5,2023-01-01,2020,base-cc-serie-historique-2020.CSV,True,32.72727272727273,77379,56.691203907866615,21320.0,61.13354461944368,21570.0,51.86987022331184,20960.0,22660.0,True,True,True,False,False,False,False,False,True,True,False,False,0.0,False,False,True,verified_mandatory_path_listed,False,True,True,False,False,True,True,False,False,EPCI:200006716,180.0
10298,10,200006716,1160.0,16.15,2023-01-01,2020,base-cc-serie-historique-2020.CSV,True,71.82662538699691,10268,56.691203907866615,21320.0,40.57480138470351,21590.0,51.86987022331184,20960.0,20640.0,True,True,True,False,False,False,False,False,True,True,False,False,0.0,False,False,True,verified_mandatory_path_listed,False,True,True,False,False,True,True,False,False,EPCI:200006716,1160.0
10334,10,200006716,590.0,17.76,2023-01-01,2020,base-cc-serie-historique-2020.CSV,True,33.22072072072072,10268,56.691203907866615,21320.0,40.57480138470351,21590.0,51.86987022331184,20960.0,21460.0,True,True,True,False,False,False,False,False,True,True,False,False,0.0,False,False,True,verified_mandatory_path_listed,False,True,True,False,False,True,True,False,False,EPCI:200006716,590.0
10355,10,200006716,69.0,11.54,2023-01-01,2020,base-cc-serie-historique-2020.CSV,True,5.979202772963605,10268,56.691203907866615,21320.0,40.57480138470351,21590.0,51.86987022331184,20960.0,,True,True,True,False,False,False,False,False,True,True,False,False,0.0,False,False,True,verified_mandatory_path_listed,False,True,True,False,False,True,True,False,False,EPCI:200006716,69.0
10367,10,200006716,681.0,18.93,2023-01-01,2020,base-cc-serie-historique-2020.CSV,True,35.97464342313788,10268,56.691203907866615,21320.0,40.57480138470351,21590.0,51.86987022331184,20960.0,22380.0,True,True,True,False,False,False,False,False,True,True,False,False,0.0,False,False,True,verified_mandatory_path_listed,False,True,True,False,False,True,True,False,False,EPCI:200006716,681.0
10370,10,200006716,250.0,15.94,2023-01-01,2020,base-cc-serie-historique-2020.CSV,True,15.683814303638645,10268,56.691203907866615,21320.0,40.57480138470351,21590.0,51.86987022331184,20960.0,21350.0,True,True,True,False,False,False,False,False,True,True,False,False,0.0,False,False,True,verified_mandatory_path_listed,False,True,True,False,False,True,True,False,False,EPCI:200006716,250.0
10382,10,200006716,1036.0,19.99,2023-01-01,2020,base-cc-serie-historique-2020.CSV,True,51.82591295647824,10268,56.691203907866615,21320.0,40.57480138470351,21590.0,51.86987022331184,20960.0,21060.0,True,True,True,False,False,False,False,False,True,True,False,False,0.0,False,False,True,verified_mandatory_path_listed,False,True,True,False,False,True,True,False,False,EPCI:200006716,1036.0
10420,10,200006716,2685.0,18.05,2023-01-01,2020,base-cc-serie-historique-2020.CSV,True,148.75346260387812,77379,56.691203907866615,21320.0,61.13354461944368,21570.0,51.86987022331184,20960.0,20580.0,True,True,True,False,False,False,False,False,True,True,False,False,0.0,False,False,True,verified_mandatory_path_listed,False,True,True,False,False,True,True,False,False,EPCI:200006716,2685.0
10421,10,200006716,147.0,6.17,2023-01-01,2020,base-cc-serie-historique-2020.CSV,True,23.824959481361425,10323,56.691203907866615,21320.0,45.0796102661597,20330.0,51.86987022331184,20960.0,22050.0,True,True,True,False,False,False,False,False,True,True,False,False,0.0,False,False,True,verified_mandatory_path_listed,False,True,True,False,False,True,True,False,False,EPCI:200006716,147.0
18003,18,200066330,1881.0,14.68,2023-01-01,2020,base-cc-serie-historique-2020.CSV,True,128.133514986376,18033,38.10427093516992,23110.0,102.9926764029773,22450.0,41.59411415910734,21560.0,21090.0,True,True,False,False,False,False,False,False,False,False,False,False,0.0,False,False,False,not_listed_no_path,False,True,True,False,False,True,False,False,False,EPCI:200066330,0.0
18004,18,200066330,1097.0,49.53,2023-01-01,2020,base-cc-serie-historique-2020.CSV,True,22.148193014334748,18033,38.10427093516992,23110.0,102.9926764029773,22450.0,41.59411415910734,21560.0,24330.0,True,True,False,False,False,False,False,False,False,False,False,False,0.0,False,False,False,not_listed_no_path,False,True,True,False,False,True,False,False,False,EPCI:200066330,0.0
18005,18,200066330,1074.0,35.59,2023-01-01,2020,base-cc-serie-historique-2020.CSV,True,30.17701601573476,18141,38.10427093516992,23110.0,63.828525437370274,22710.0,41.59411415910734,21560.0,23810.0,True,True,False,False,False,False,False,False,False,False,False,False,0.0,False,False,False,not_listed_no_path,False,True,True,False,False,True,False,False,True,EPCI:200066330,0.0
18019,18,200066330,448.0,27.62,2023-01-01,2020,base-cc-serie-historique-2020.CSV,True,16.220130340333093,18033,38.10427093516992,23110.0,102.9926764029773,22450.0,41.59411415910734,21560.0,21520.0,True,True,False,False,False,False,False,False,False,False,False,False,0.0,False,False,False,not_listed_no_path,False,True,True,False,False,True,False,False,False,EPCI:200066330,0.0
18026,18,200069227,986.0,11.01,2023-01-01,2020,base-cc-serie-historique-2020.CSV,True,89.55495004541326,58086,26.456779895056613,22430.0,30.877385608954565,21490.0,41.59411415910734,21560.0,23220.0,True,True,False,False,False,False,False,False,True,True,False,False,0.0,False,False,True,listed_only_potential_B_or_D,False,True,True,False,False,True,False,False,True,EPCI:200069227,986.0
18032,18,200069227,1375.0,32.71,2023-01-01,2020,base-cc-serie-historique-2020.CSV,True,42.0360745949251,58086,26.456779895056613,22430.0,30.877385608954565,21490.0,41.59411415910734,21560.0,22530.0,True,True,False,False,False,False,False,False,True,True,False,False,0.0,False,False,True,listed_only_potential_B_or_D,False,True,True,False,False,True,False,False,True,EPCI:200069227,1375.0
18035,18,200066330,1053.0,39.63,2023-01-01,2020,base-cc-serie-historique-2020.CSV,True,26.57077971233913,18033,38.10427093516992,23110.0,102.9926764029773,22450.0,41.59411415910734,21560.0,22620.0,True,True,False,False,False,False,False,False,False,False,False,False,0.0,False,False,False,not_listed_no_path,False,True,True,False,False,True,False,False,False,EPCI:200066330,0.0
18066,18,241800457,901.0,40.87,2023-01-01,2020,base-cc-serie-historique-2020.CSV,True,22.045510154147298,18207,49.37931034482759,21490.0,49.721508986766736,21940.0,41.59411415910734,21560.0,22870.0,True,True,True,False,False,False,False,False,False,False,False,False,0.0,False,False,True,verified_mandatory_path_listed,False,True,True,False,False,True,True,False,False,EPCI:241800457,901.0
18097,18,200066330,1952.0,11.08,2023-01-01,2020,base-cc-serie-historique-2020.CSV,True,176.17328519855596,18033,38.10427093516992,23110.0,102.9926764029773,22450.0,41.59411415910734,21560.0,24530.0,True,True,False,False,False,False,False,False,False,False,False,False,0.0,False,False,False,not_listed_no_path,False,True,True,False,False,True,False,False,False,EPCI:200066330,0.0
18125,18,200069227,1075.0,15.98,2023-01-01,2020,base-cc-serie-historique-2020.CSV,True,67.27158948685857,58086,26.456779895056613,22430.0,30.877385608954565,21490.0,41.59411415910734,21560.0,21360.0,True,True,False,False,False,False,False,False,True,True,False,False,0.0,False,False,True,listed_only_potential_B_or_D,False,True,True,False,False,True,False,False,True,EPCI:200069227,1075.0
18133,18,241800457,1593.0,32.87,2023-01-01,2020,base-cc-serie-historique-2020.CSV,True,48.46364466078492,18207,49.37931034482759,21490.0,49.721508986766736,21940.0,41.59411415910734,21560.0,20050.0,True,True,True,False,False,False,False,False,False,False,False,False,0.0,False,False,True,verified_mandatory_path_listed,False,True,True,False,False,True,True,False,False,EPCI:241800457,1593.0
18145,18,200066330,1614.0,37.66,2023-01-01,2020,base-cc-serie-historique-2020.CSV,True,42.85714285714286,18109,38.10427093516992,23110.0,22.757737039227283,21420.0,41.59411415910734,21560.0,23150.0,True,True,False,False,False,False,False,False,True,True,False,False,0.0,False,False,True,listed_only_potential_B_or_D,False,True,True,False,False,True,False,False,True,EPCI:200066330,1614.0
18176,18,200066330,410.0,26.02,2023-01-01,2020,base-cc-serie-historique-2020.CSV,True,15.757109915449654,18033,38.10427093516992,23110.0,102.9926764029773,22450.0,41.59411415910734,21560.0,21230.0,True,True,False,False,False,False,False,False,False,False,False,False,0.0,False,False,False,not_listed_no_path,False,True,True,False,False,True,False,False,False,EPCI:200066330,0.0
18179,18,200066330,994.0,8.08,2023-01-01,2020,base-cc-serie-historique-2020.CSV,True,123.01980198019804,18033,38.10427093516992,23110.0,102.9926764029773,22450.0,41.59411415910734,21560.0,25210.0,True,True,False,False,False,False,False,False,False,False,False,False,0.0,False,False,False,not_listed_no_path,False,True,True,False,False,True,False,False,False,EPCI:200066330,0.0
18181,18,241800457,545.0,33.21,2023-01-01,2020,base-cc-serie-historique-2020.CSV,True,16.410719662752182,18207,49.37931034482759,21490.0,49.721508986766736,21940.0,41.59411415910734,21560.0,24240.0,True,True,True,False,False,False,False,False,False,False,False,False,0.0,False,False,True,verified_mandatory_path_listed,False,True,True,False,False,True,True,False,False,EPCI:241800457,545.0
18188,18,241800457,222.0,26.57,2023-01-01,2020,base-cc-serie-historique-2020.CSV,True,8.355287918705306,18207,49.37931034482759,21490.0,49.721508986766736,21940.0,41.59411415910734,21560.0,21060.0,True,True,True,False,False,False,False,False,False,False,False,False,0.0,False,False,True,verified_mandatory_path_listed,False,True,True,False,False,True,True,False,False,EPCI:241800457,222.0
18189,18,200066330,481.0,12.69,2023-01-01,2020,base-cc-serie-historique-2020.CSV,True,37.90386130811663,18223,38.10427093516992,23110.0,57.18542287416916,23160.0,41.59411415910734,21560.0,21690.0,True,True,False,False,False,False,False,False,False,False,False,False,0.0,False,False,False,not_listed_no_path,False,True,True,False,False,True,False,False,True,EPCI:200066330,0.0
18194,18,200066330,973.0,32.41,2023-01-01,2020,base-cc-serie-historique-2020.CSV,True,30.02159827213823,18033,38.10427093516992,23110.0,102.9926764029773,22450.0,41.59411415910734,21560.0,22230.0,True,True,False,False,False,False,False,False,False,False,False,False,0.0,False,False,False,not_listed_no_path,False,True,True,False,False,True,False,False,False,EPCI:200066330,0.0
18201,18,241800457,778.0,14.42,2023-01-01,2020,base-cc-serie-historique-2020.CSV,True,53.95284327323162,18207,49.37931034482759,21490.0,49.721508986766736,21940.0,41.59411415910734,21560.0,24800.0,True,True,True,False,False,False,False,False,False,False,False,False,0.0,False,False,True,verified_mandatory_path_listed,False,True,True,False,False,True,True,False,False,EPCI:241800457,778.0
18206,18,200066330,1553.0,31.2,2023-01-01,2020,base-cc-serie-historique-2020.CSV,True,49.77564102564103,18033,38.10427093516992,23110.0,102.9926764029773,22450.0,41.59411415910734,21560.0,25580.0,True,True,False,False,False,False,False,False,False,False,False,False,0.0,False,False,False,not_listed_no_path,False,True,True,False,False,True,False,False,False,EPCI:200066330,0.0
18207,18,241800457,6432.0,22.41,2023-01-01,2020,base-cc-serie-historique-2020.CSV,True,287.0147255689424,18207,49.37931034482759,21490.0,49.721508986766736,21940.0,41.59411415910734,21560.0,20830.0,True,True,True,False,False,False,False,False,False,False,False,False,0.0,False,False,True,verified_mandatory_path_listed,False,True,True,False,False,True,True,False,False,EPCI:241800457,6432.0
18208,18,200069227,408.0,14.84,2023-01-01,2020,base-cc-serie-historique-2020.CSV,True,27.493261455525605,58086,26.456779895056613,22430.0,30.877385608954565,21490.0,41.59411415910734,21560.0,23190.0,True,True,False,False,False,False,False,False,True,True,False,False,0.0,False,False,True,listed_only_potential_B_or_D,False,True,True,False,False,True,False,False,True,EPCI:200069227,408.0
18211,18,200066330,695.0,9.43,2023-01-01,2020,base-cc-serie-historique-2020.CSV,True,73.70095440084836,18223,38.10427093516992,23110.0,57.18542287416916,23160.0,41.59411415910734,21560.0,23410.0,True,True,False,False,False,False,False,False,False,False,False,False,0.0,False,False,False,not_listed_no_path,False,True,True,False,False,True,False,False,True,EPCI:200066330,0.0
18223,18,200066330,2484.0,24.08,2023-01-01,2020,base-cc-serie-historique-2020.CSV,True,103.156146179402,18223,38.10427093516992,23110.0,57.18542287416916,23160.0,41.59411415910734,21560.0,22820.0,True,True,False,False,False,False,False,False,False,False,False,False,0.0,False,False,False,not_listed_no_path,False,True,True,False,False,True,False,False,True,EPCI:200066330,0.0
18229,18,200066330,615.0,26.12,2023-01-01,2020,base-cc-serie-historique-2020.CSV,True,23.545176110260336,18223,38.10427093516992,23110.0,57.18542287416916,23160.0,41.59411415910734,21560.0,23700.0,True,True,False,False,False,False,False,False,False,False,False,False,0.0,False,False,False,not_listed_no_path,False,True,True,False,False,True,False,False,True,EPCI:200066330,0.0
18235,18,200066330,1122.0,31.85,2023-01-01,2020,base-cc-serie-historique-2020.CSV,True,35.2276295133438,18033,38.10427093516992,23110.0,102.9926764029773,22450.0,41.59411415910734,21560.0,22960.0,True,True,False,False,False,False,False,False,False,False,False,False,0.0,False,False,False,not_listed_no_path,False,True,True,False,False,True,False,False,False,EPCI:200066330,0.0
18243,18,200069227,413.0,24.31,2023-01-01,2020,base-cc-serie-historique-2020.CSV,True,16.988893459481694,45053,26.456779895056613,22430.0,38.16258588529738,21200.0,41.59411415910734,21560.0,22450.0,True,True,False,False,False,False,False,False,True,True,False,False,0.0,False,False,True,listed_only_potential_B_or_D,False,True,True,False,False,True,False,False,True,EPCI:200069227,413.0
18244,18,241800457,79.0,9.63,2023-01-01,2020,base-cc-serie-historique-2020.CSV,True,8.203530633437175,36088,49.37931034482759,21490.0,30.589473197354422,21440.0,41.59411415910734,21560.0,,True,True,True,False,False,False,False,False,True,True,False,False,0.0,False,False,True,verified_mandatory_path_listed,False,True,True,False,False,True,True,False,False,EPCI:241800457,79.0
18246,18,200069227,1112.0,33.31,2023-01-01,2020,base-cc-serie-historique-2020.CSV,True,33.38336835785049,58086,26.456779895056613,22430.0,30.877385608954565,21490.0,41.59411415910734,21560.0,21360.0,True,True,False,False,False,False,False,False,True,True,False,False,0.0,False,False,True,listed_only_potential_B_or_D,False,True,True,False,False,True,False,False,True,EPCI:200069227,1112.0
18253,18,200066330,466.0,13.76,2023-01-01,2020,base-cc-serie-historique-2020.CSV,True,33.866279069767444,18033,38.10427093516992,23110.0,102.9926764029773,22450.0,41.59411415910734,21560.0,26320.0,True,True,False,False,False,False,False,False,False,False,False,False,0.0,False,False,False,not_listed_no_path,False,True,True,False,False,True,False,False,False,EPCI:200066330,0.0
18257,18,200069227,662.0,17.78,2023-01-01,2020,base-cc-serie-historique-2020.CSV,True,37.232845894263214,58086,26.456779895056613,22430.0,30.877385608954565,21490.0,41.59411415910734,21560.0,23640.0,True,True,False,False,False,False,False,False,True,True,False,False,0.0,False,False,True,listed_only_potential_B_or_D,False,True,True,False,False,True,False,False,True,EPCI:200069227,662.0
18271,18,200066330,1528.0,20.21,2023-01-01,2020,base-cc-serie-historique-2020.CSV,True,75.6061355764473,18033,38.10427093516992,23110.0,102.9926764029773,22450.0,41.59411415910734,21560.0,24800.0,True,True,False,False,False,False,False,False,False,False,False,False,0.0,False,False,False,not_listed_no_path,False,True,True,False,False,True,False,False,False,EPCI:200066330,0.0
18280,18,200066330,715.0,14.94,2023-01-01,2020,base-cc-serie-historique-2020.CSV,True,47.85809906291834,18223,38.10427093516992,23110.0,57.18542287416916,23160.0,41.59411415910734,21560.0,24680.0,True,True,False,False,False,False,False,False,False,False,False,False,0.0,False,False,False,not_listed_no_path,False,True,True,False,False,True,False,False,True,EPCI:200066330,0.0
18285,18,241800457,411.0,26.13,2023-01-01,2020,base-cc-serie-historique-2020.CSV,True,15.729047072330657,18207,49.37931034482759,21490.0,49.721508986766736,21940.0,41.59411415910734,21560.0,23390.0,True,True,True,False,False,False,False,False,False,False,False,False,0.0,False,False,True,verified_mandatory_path_listed,False,True,True,False,False,True,True,False,False,EPCI:241800457,411.0
19085,19,241927201,782.0,20.86,2023-01-01,2020,base-cc-serie-historique-2020.CSV,True,37.488015340364335,19272,50.91122733451605,22100.0,56.62112077878697,22080.0,40.83949850004184,21590.0,22330.0,True,True,False,False,False,False,False,False,False,False,True,False,782.0,True,True,True,listed_only_potential_B_or_D,False,True,True,False,False,True,True,False,False,EPCI:241927201,782.0
21013,21,200039055,449.0,8.47,2023-01-01,2020,base-cc-serie-historique-2020.CSV,True,53.01062573789846,21231,34.39807283193593,24870.0,216.8772902210661,23330.0,61.05958889493691,22940.0,25300.0,True,True,False,False,False,False,False,False,False,False,False,False,0.0,False,False,False,not_listed_no_path,False,True,True,False,False,True,False,False,False,EPCI:200039055,0.0
21016,21,200072825,987.0,21.6,2023-01-01,2020,base-cc-serie-historique-2020.CSV,True,45.69444444444444,21231,29.602734881527763,23780.0,216.8772902210661,23330.0,61.05958889493691,22940.0,28250.0,True,True,False,False,False,False,False,False,False,False,False,False,0.0,False,False,False,not_listed_no_path,False,True,True,False,False,True,False,False,False,EPCI:200072825,0.0
21018,21,200039055,53.0,3.47,2023-01-01,2020,base-cc-serie-historique-2020.CSV,True,15.273775216138327,21231,34.39807283193593,24870.0,216.8772902210661,23330.0,61.05958889493691,22940.0,,True,True,False,False,False,False,False,False,False,False,False,False,0.0,False,False,False,not_listed_no_path,False,True,True,False,False,True,False,False,False,EPCI:200039055,0.0
21039,21,242100154,37.0,6.08,2023-01-01,2020,base-cc-serie-historique-2020.CSV,True,6.0855263157894735,21317,36.57377749306001,23970.0,17.883429252745742,22520.0,61.05958889493691,22940.0,,True,True,False,False,False,False,False,False,False,False,False,False,0.0,False,False,False,not_listed_no_path,False,True,True,False,False,True,False,False,True,EPCI:242100154,0.0
21045,21,200039055,208.0,10.76,2023-01-01,2020,base-cc-serie-historique-2020.CSV,True,19.33085501858736,21231,34.39807283193593,24870.0,216.8772902210661,23330.0,61.05958889493691,22940.0,23930.0,True,True,False,False,False,False,False,False,False,False,False,False,0.0,False,False,False,not_listed_no_path,False,True,True,False,False,True,False,False,False,EPCI:200039055,0.0
21053,21,200072825,200.0,11.72,2023-01-01,2020,base-cc-serie-historique-2020.CSV,True,17.064846416382252,21317,29.602734881527763,23780.0,17.883429252745742,22520.0,61.05958889493691,22940.0,22820.0,True,True,False,False,False,False,False,False,False,False,False,False,0.0,False,False,False,not_listed_no_path,False,True,True,False,False,True,False,False,True,EPCI:200072825,0.0
21056,21,200072825,886.0,19.25,2023-01-01,2020,base-cc-serie-historique-2020.CSV,True,46.02597402597402,21231,29.602734881527763,23780.0,216.8772902210661,23330.0,61.05958889493691,22940.0,25450.0,True,True,False,False,False,False,False,False,False,False,False,False,0.0,False,False,False,not_listed_no_path,False,True,True,False,False,True,False,False,False,EPCI:200072825,0.0
21060,21,200072825,1604.0,14.47,2023-01-01,2020,base-cc-serie-historique-2020.CSV,True,110.85003455425016,21231,29.602734881527763,23780.0,216.8772902210661,23330.0,61.05958889493691,22940.0,25340.0,True,True,False,False,False,False,False,False,False,False,False,False,0.0,False,False,False,not_listed_no_path,False,True,True,False,False,True,False,False,False,EPCI:200072825,0.0
21071,21,200072825,711.0,23.4,2023-01-01,2020,base-cc-serie-historique-2020.CSV,True,30.384615384615387,21317,29.602734881527763,23780.0,17.883429252745742,22520.0,61.05958889493691,22940.0,24530.0,True,True,False,False,False,False,False,False,False,False,False,False,0.0,False,False,False,not_listed_no_path,False,True,True,False,False,True,False,False,True,EPCI:200072825,0.0
21072,21,200072825,188.0,1.1,2023-01-01,2020,base-cc-serie-historique-2020.CSV,True,170.9090909090909,21416,29.602734881527763,23780.0,38.16140506891952,23290.0,61.05958889493691,22940.0,23600.0,True,True,False,False,False,False,False,False,False,False,False,False,0.0,False,False,False,not_listed_no_path,False,True,True,False,False,True,False,False,True,EPCI:200072825,0.0
21079,21,200072825,128.0,7.56,2023-01-01,2020,base-cc-serie-historique-2020.CSV,True,16.931216931216934,21416,29.602734881527763,23780.0,38.16140506891952,23290.0,61.05958889493691,22940.0,21570.0,True,True,False,False,False,False,False,False,False,False,False,False,0.0,False,False,False,not_listed_no_path,False,True,True,False,False,True,False,False,True,EPCI:200072825,0.0
21127,21,242100154,517.0,25.05,2023-01-01,2020,base-cc-serie-historique-2020.CSV,True,20.63872255489022,21317,36.57377749306001,23970.0,17.883429252745742,22520.0,61.05958889493691,22940.0,26740.0,True,True,False,False,False,False,False,False,False,False,False,False,0.0,False,False,False,not_listed_no_path,False,True,True,False,False,True,False,False,True,EPCI:242100154,0.0
21135,21,200072825,309.0,13.25,2023-01-01,2020,base-cc-serie-historique-2020.CSV,True,23.32075471698113,70279,29.602734881527763,23780.0,38.25612009615542,20770.0,61.05958889493691,22940.0,22690.0,True,True,False,False,False,False,False,False,True,True,False,False,0.0,False,False,True,listed_only_potential_B_or_D,False,True,True,False,False,True,False,False,True,EPCI:200072825,309.0
21146,21,200072825,123.0,6.53,2023-01-01,2020,base-cc-serie-historique-2020.CSV,True,18.83614088820827,21416,29.602734881527763,23780.0,38.16140506891952,23290.0,61.05958889493691,22940.0,23010.0,True,True,False,False,False,False,False,False,False,False,False,False,0.0,False,False,False,not_listed_no_path,False,True,True,False,False,True,False,False,True,EPCI:200072825,0.0
21167,21,200072825,124.0,8.88,2023-01-01,2020,base-cc-serie-historique-2020.CSV,True,13.963963963963964,21416,29.602734881527763,23780.0,38.16140506891952,23290.0,61.05958889493691,22940.0,22180.0,True,True,False,False,False,False,False,False,False,False,False,False,0.0,False,False,False,not_listed_no_path,False,True,True,False,False,True,False,False,True,EPCI:200072825,0.0
21208,21,242100154,162.0,15.63,2023-01-01,2020,base-cc-serie-historique-2020.CSV,True,10.36468330134357,21317,36.57377749306001,23970.0,17.883429252745742,22520.0,61.05958889493691,22940.0,24130.0,True,True,False,False,False,False,False,False,False,False,False,False,0.0,False,False,False,not_listed_no_path,False,True,True,False,False,True,False,False,True,EPCI:242100154,0.0
21211,21,242100154,128.0,10.77,2023-01-01,2020,base-cc-serie-historique-2020.CSV,True,11.884865366759518,21317,36.57377749306001,23970.0,17.883429252745742,22520.0,61.05958889493691,22940.0,26820.0,True,True,False,False,False,False,False,False,False,False,False,False,0.0,False,False,False,not_listed_no_path,False,True,True,False,False,True,False,False,True,EPCI:242100154,0.0
21215,21,200072825,182.0,6.33,2023-01-01,2020,base-cc-serie-historique-2020.CSV,True,28.751974723538705,21416,29.602734881527763,23780.0,38.16140506891952,23290.0,61.05958889493691,22940.0,24360.0,True,True,False,False,False,False,False,False,False,False,False,False,0.0,False,False,False,not_listed_no_path,False,True,True,False,False,True,False,False,True,EPCI:200072825,0.0
21227,21,200039063,500.0,8.12,2023-01-01,2020,base-cc-serie-historique-2020.CSV,True,61.57635467980296,21231,16.712393566698204,26040.0,216.8772902210661,23330.0,61.05958889493691,22940.0,30000.0,True,True,False,False,False,False,False,False,False,False,False,False,0.0,False,False,False,not_listed_no_path,False,True,True,False,False,True,False,False,False,EPCI:200039063,0.0
21230,21,242100154,378.0,15.39,2023-01-01,2020,base-cc-serie-historique-2020.CSV,True,24.561403508771928,21317,36.57377749306001,23970.0,17.883429252745742,22520.0,61.05958889493691,22940.0,26310.0,True,True,False,False,False,False,False,False,False,False,False,False,0.0,False,False,False,not_listed_no_path,False,True,True,False,False,True,False,False,True,EPCI:242100154,0.0
21240,21,242100154,322.0,11.45,2023-01-01,2020,base-cc-serie-historique-2020.CSV,True,28.12227074235808,21317,36.57377749306001,23970.0,17.883429252745742,22520.0,61.05958889493691,22940.0,25050.0,True,True,False,False,False,False,False,False,False,False,False,False,0.0,False,False,False,not_listed_no_path,False,True,True,False,False,True,False,False,True,EPCI:242100154,0.0
21245,21,242100154,320.0,12.39,2023-01-01,2020,base-cc-serie-historique-2020.CSV,True,25.8272800645682,21231,36.57377749306001,23970.0,216.8772902210661,23330.0,61.05958889493691,22940.0,25790.0,True,True,False,False,False,False,False,False,False,False,False,False,0.0,False,False,False,not_listed_no_path,False,True,True,False,False,True,False,False,False,EPCI:242100154,0.0
21255,21,200039063,348.0,16.71,2023-01-01,2020,base-cc-serie-historique-2020.CSV,True,20.82585278276481,21231,16.712393566698204,26040.0,216.8772902210661,23330.0,61.05958889493691,22940.0,28940.0,True,True,False,False,False,False,False,False,False,False,False,False,0.0,False,False,False,not_listed_no_path,False,True,True,False,False,True,False,False,False,EPCI:200039063,0.0
21273,21,200039055,1442.0,29.76,2023-01-01,2020,base-cc-serie-historique-2020.CSV,True,48.454301075268816,21231,34.39807283193593,24870.0,216.8772902210661,23330.0,61.05958889493691,22940.0,27840.0,True,True,False,False,False,False,False,False,False,False,False,False,0.0,False,False,False,not_listed_no_path,False,True,True,False,False,True,False,False,False,EPCI:200039055,0.0
21290,21,242100154,923.0,19.34,2023-01-01,2020,base-cc-serie-historique-2020.CSV,True,47.72492244053775,21317,36.57377749306001,23970.0,17.883429252745742,22520.0,61.05958889493691,22940.0,24840.0,True,True,False,False,False,False,False,False,False,False,False,False,0.0,False,False,False,not_listed_no_path,False,True,True,False,False,True,False,False,True,EPCI:242100154,0.0
21293,21,200039055,119.0,9.93,2023-01-01,2020,base-cc-serie-historique-2020.CSV,True,11.983887210473313,21231,34.39807283193593,24870.0,216.8772902210661,23330.0,61.05958889493691,22940.0,23250.0,True,True,False,False,False,False,False,False,False,False,False,False,0.0,False,False,False,not_listed_no_path,False,True,True,False,False,True,False,False,False,EPCI:200039055,0.0
21300,21,200039055,354.0,14.48,2023-01-01,2020,base-cc-serie-historique-2020.CSV,True,24.447513812154696,21231,34.39807283193593,24870.0,216.8772902210661,23330.0,61.05958889493691,22940.0,24390.0,True,True,False,False,False,False,False,False,False,False,False,False,0.0,False,False,False,not_listed_no_path,False,True,True,False,False,True,False,False,False,EPCI:200039055,0.0
21317,21,242100154,4360.0,22.53,2023-01-01,2020,base-cc-serie-historique-2020.CSV,True,193.51975144252108,21317,36.57377749306001,23970.0,17.883429252745742,22520.0,61.05958889493691,22940.0,21940.0,True,True,False,False,False,False,False,False,False,False,False,False,0.0,False,False,False,not_listed_no_path,False,True,True,False,False,True,False,False,True,EPCI:242100154,0.0
21323,21,200072825,143.0,6.95,2023-01-01,2020,base-cc-serie-historique-2020.CSV,True,20.575539568345324,21416,29.602734881527763,23780.0,38.16140506891952,23290.0,61.05958889493691,22940.0,22820.0,True,True,False,False,False,False,False,False,False,False,False,False,0.0,False,False,False,not_listed_no_path,False,True,True,False,False,True,False,False,True,EPCI:200072825,0.0
21339,21,200039055,511.0,17.13,2023-01-01,2020,base-cc-serie-historique-2020.CSV,True,29.830706363105666,21231,34.39807283193593,24870.0,216.8772902210661,23330.0,61.05958889493691,22940.0,26420.0,True,True,False,False,False,False,False,False,False,False,False,False,0.0,False,False,False,not_listed_no_path,False,True,True,False,False,True,False,False,False,EPCI:200039055,0.0
21361,21,242100154,512.0,23.1,2023-01-01,2020,base-cc-serie-historique-2020.CSV,True,22.164502164502164,21317,36.57377749306001,23970.0,17.883429252745742,22520.0,61.05958889493691,22940.0,22920.0,True,True,False,False,False,False,False,False,False,False,False,False,0.0,False,False,False,not_listed_no_path,False,True,True,False,False,True,False,False,True,EPCI:242100154,0.0
21369,21,200072825,315.0,10.87,2023-01-01,2020,base-cc-serie-historique-2020.CSV,True,28.978840846366147,21231,29.602734881527763,23780.0,216.8772902210661,23330.0,61.05958889493691,22940.0,24960.0,True,True,False,False,False,False,False,False,False,False,False,False,0.0,False,False,False,not_listed_no_path,False,True,True,False,False,True,False,False,False,EPCI:200072825,0.0
21373,21,200039055,784.0,11.24,2023-01-01,2020,base-cc-serie-historique-2020.CSV,True,69.7508896797153,21231,34.39807283193593,24870.0,216.8772902210661,23330.0,61.05958889493691,22940.0,23540.0,True,True,False,False,False,False,False,False,False,False,False,False,0.0,False,False,False,not_listed_no_path,False,True,True,False,False,True,False,False,False,EPCI:200039055,0.0
21383,21,242100154,1713.0,7.27,2023-01-01,2020,base-cc-serie-historique-2020.CSV,True,235.6258596973865,21317,36.57377749306001,23970.0,17.883429252745742,22520.0,61.05958889493691,22940.0,23160.0,True,True,False,False,False,False,False,False,False,False,False,False,0.0,False,False,False,not_listed_no_path,False,True,True,False,False,True,False,False,True,EPCI:242100154,0.0
21385,21,242100154,326.0,30.15,2023-01-01,2020,base-cc-serie-historique-2020.CSV,True,10.812603648424544,21317,36.57377749306001,23970.0,17.883429252745742,22520.0,61.05958889493691,22940.0,22520.0,True,True,False,False,False,False,False,False,False,False,False,False,0.0,False,False,False,not_listed_no_path,False,True,True,False,False,True,False,False,True,EPCI:242100154,0.0
21391,21,242100154,841.0,11.94,2023-01-01,2020,base-cc-serie-historique-2020.CSV,True,70.4355108877722,21231,36.57377749306001,23970.0,216.8772902210661,23330.0,61.05958889493691,22940.0,27600.0,True,True,False,False,False,False,False,False,False,False,False,False,0.0,False,False,False,not_listed_no_path,False,True,True,False,False,True,False,False,False,EPCI:242100154,0.0
21408,21,200039063,1705.0,33.92,2023-01-01,2020,base-cc-serie-historique-2020.CSV,True,50.26533018867924,21231,16.712393566698204,26040.0,216.8772902210661,23330.0,61.05958889493691,22940.0,30250.0,True,True,False,False,False,False,False,False,False,False,False,False,0.0,False,False,False,not_listed_no_path,False,True,True,False,False,True,False,False,False,EPCI:200039063,0.0
21416,21,200072825,1972.0,22.19,2023-01-01,2020,base-cc-serie-historique-2020.CSV,True,88.86885984677782,21416,29.602734881527763,23780.0,38.16140506891952,23290.0,61.05958889493691,22940.0,23340.0,True,True,False,False,False,False,False,False,False,False,False,False,0.0,False,False,False,not_listed_no_path,False,True,True,False,False,True,False,False,True,EPCI:200072825,0.0
21421,21,242100154,237.0,19.23,2023-01-01,2020,base-cc-serie-historique-2020.CSV,True,12.324492979719189,21317,36.57377749306001,23970.0,17.883429252745742,22520.0,61.05958889493691,22940.0,23090.0,True,True,False,False,False,False,False,False,False,False,False,False,0.0,False,False,False,not_listed_no_path,False,True,True,False,False,True,False,False,True,EPCI:242100154,0.0
21459,21,200072825,231.0,11.8,2023-01-01,2020,base-cc-serie-historique-2020.CSV,True,19.57627118644068,21416,29.602734881527763,23780.0,38.16140506891952,23290.0,61.05958889493691,22940.0,24480.0,True,True,False,False,False,False,False,False,False,False,False,False,0.0,False,False,False,not_listed_no_path,False,True,True,False,False,True,False,False,True,EPCI:200072825,0.0
21467,21,200072825,126.0,5.97,2023-01-01,2020,base-cc-serie-historique-2020.CSV,True,21.10552763819096,21416,29.602734881527763,23780.0,38.16140506891952,23290.0,61.05958889493691,22940.0,22560.0,True,True,False,False,False,False,False,False,False,False,False,False,0.0,False,False,False,not_listed_no_path,False,True,True,False,False,True,False,False,True,EPCI:200072825,0.0
21478,21,200039055,282.0,20.41,2023-01-01,2020,base-cc-serie-historique-2020.CSV,True,13.816756491915728,21231,34.39807283193593,24870.0,216.8772902210661,23330.0,61.05958889493691,22940.0,26000.0,True,True,False,False,False,False,False,False,False,False,False,False,0.0,False,False,False,not_listed_no_path,False,True,True,False,False,True,False,False,False,EPCI:200039055,0.0
21483,21,242100154,299.0,10.03,2023-01-01,2020,base-cc-serie-historique-2020.CSV,True,29.810568295114656,21317,36.57377749306001,23970.0,17.883429252745742,22520.0,61.05958889493691,22940.0,24870.0,True,True,False,False,False,False,False,False,False,False,False,False,0.0,False,False,False,not_listed_no_path,False,True,True,False,False,True,False,False,True,EPCI:242100154,0.0
21491,21,242100154,70.0,15.13,2023-01-01,2020,base-cc-serie-historique-2020.CSV,True,4.626569729015201,21317,36.57377749306001,23970.0,17.883429252745742,22520.0,61.05958889493691,22940.0,,True,True,False,False,False,False,False,False,False,False,False,False,0.0,False,False,False,not_listed_no_path,False,True,True,False,False,True,False,False,True,EPCI:242100154,0.0
21508,21,200039063,462.0,19.16,2023-01-01,2020,base-cc-serie-historique-2020.CSV,True,24.112734864300627,21231,16.712393566698204,26040.0,216.8772902210661,23330.0,61.05958889493691,22940.0,26910.0,True,True,False,False,False,False,False,False,False,False,False,False,0.0,False,False,False,not_listed_no_path,False,True,True,False,False,True,False,False,False,EPCI:200039063,0.0
21522,21,200072825,459.0,14.4,2023-01-01,2020,base-cc-serie-historique-2020.CSV,True,31.875,70279,29.602734881527763,23780.0,38.25612009615542,20770.0,61.05958889493691,22940.0,21920.0,True,True,False,False,False,False,False,False,True,True,False,False,0.0,False,False,True,listed_only_potential_B_or_D,False,True,True,False,False,True,False,False,True,EPCI:200072825,459.0
21553,21,200039055,107.0,12.26,2023-01-01,2020,base-cc-serie-historique-2020.CSV,True,8.727569331158238,21231,34.39807283193593,24870.0,216.8772902210661,23330.0,61.05958889493691,22940.0,24140.0,True,True,False,False,False,False,False,False,False,False,False,False,0.0,False,False,False,not_listed_no_path,False,True,True,False,False,True,False,False,False,EPCI:200039055,0.0
21559,21,200039055,695.0,8.25,2023-01-01,2020,base-cc-serie-historique-2020.CSV,True,84.24242424242425,21231,34.39807283193593,24870.0,216.8772902210661,23330.0,61.05958889493691,22940.0,25300.0,True,True,False,False,False,False,False,False,False,False,False,False,0.0,False,False,False,not_listed_no_path,False,True,True,False,False,True,False,False,False,EPCI:200039055,0.0
21578,21,200039055,328.0,12.77,2023-01-01,2020,base-cc-serie-historique-2020.CSV,True,25.68519968676586,21231,34.39807283193593,24870.0,216.8772902210661,23330.0,61.05958889493691,22940.0,25010.0,True,True,False,False,False,False,False,False,False,False,False,False,0.0,False,False,False,not_listed_no_path,False,True,True,False,False,True,False,False,False,EPCI:200039055,0.0
21587,21,242100154,250.0,29.08,2023-01-01,2020,base-cc-serie-historique-2020.CSV,True,8.59697386519945,21317,36.57377749306001,23970.0,17.883429252745742,22520.0,61.05958889493691,22940.0,25070.0,True,True,False,False,False,False,False,False,False,False,False,False,0.0,False,False,False,not_listed_no_path,False,True,True,False,False,True,False,False,True,EPCI:242100154,0.0
21591,21,200039063,862.0,9.34,2023-01-01,2020,base-cc-serie-historique-2020.CSV,True,92.2912205567452,21231,16.712393566698204,26040.0,216.8772902210661,23330.0,61.05958889493691,22940.0,28750.0,True,True,False,False,False,False,False,False,False,False,False,False,0.0,False,False,False,not_listed_no_path,False,True,True,False,False,True,False,False,False,EPCI:200039063,0.0
21595,21,200072825,157.0,3.12,2023-01-01,2020,base-cc-serie-historique-2020.CSV,True,50.32051282051282,21231,29.602734881527763,23780.0,216.8772902210661,23330.0,61.05958889493691,22940.0,27580.0,True,True,False,False,False,False,False,False,False,False,False,False,0.0,False,False,False,not_listed_no_path,False,True,True,False,False,True,False,False,False,EPCI:200072825,0.0
21614,21,242100154,401.0,12.04,2023-01-01,2020,base-cc-serie-historique-2020.CSV,True,33.30564784053156,21231,36.57377749306001,23970.0,216.8772902210661,23330.0,61.05958889493691,22940.0,26160.0,True,True,False,False,False,False,False,False,False,False,False,False,0.0,False,False,False,not_listed_no_path,False,True,True,False,False,True,False,False,False,EPCI:242100154,0.0
21619,21,200072825,216.0,12.65,2023-01-01,2020,base-cc-serie-historique-2020.CSV,True,17.07509881422925,21416,29.602734881527763,23780.0,38.16140506891952,23290.0,61.05958889493691,22940.0,23480.0,True,True,False,False,False,False,False,False,False,False,False,False,0.0,False,False,False,not_listed_no_path,False,True,True,False,False,True,False,False,True,EPCI:200072825,0.0
21620,21,242100154,157.0,9.57,2023-01-01,2020,base-cc-serie-historique-2020.CSV,True,16.405433646812956,21317,36.57377749306001,23970.0,17.883429252745742,22520.0,61.05958889493691,22940.0,24070.0,True,True,False,False,False,False,False,False,False,False,False,False,0.0,False,False,False,not_listed_no_path,False,True,True,False,False,True,False,False,True,EPCI:242100154,0.0
21638,21,242100154,1144.0,26.37,2023-01-01,2020,base-cc-serie-historique-2020.CSV,True,43.382631778536215,21317,36.57377749306001,23970.0,17.883429252745742,22520.0,61.05958889493691,22940.0,24100.0,True,True,False,False,False,False,False,False,False,False,False,False,0.0,False,False,False,not_listed_no_path,False,True,True,False,False,True,False,False,True,EPCI:242100154,0.0
21644,21,200072825,169.0,5.1,2023-01-01,2020,base-cc-serie-historique-2020.CSV,True,33.13725490196079,21231,29.602734881527763,23780.0,216.8772902210661,23330.0,61.05958889493691,22940.0,24990.0,True,True,False,False,False,False,False,False,False,False,False,False,0.0,False,False,False,not_listed_no_path,False,True,True,False,False,True,False,False,False,EPCI:200072825,0.0
21661,21,200039055,1777.0,12.13,2023-01-01,2020,base-cc-serie-historique-2020.CSV,True,146.49629018961252,21231,34.39807283193593,24870.0,216.8772902210661,23330.0,61.05958889493691,22940.0,26090.0,True,True,False,False,False,False,False,False,False,False,False,False,0.0,False,False,False,not_listed_no_path,False,True,True,False,False,True,False,False,False,EPCI:200039055,0.0
21666,21,242100154,94.0,12.91,2023-01-01,2020,base-cc-serie-historique-2020.CSV,True,7.281177381874516,21317,36.57377749306001,23970.0,17.883429252745742,22520.0,61.05958889493691,22940.0,25110.0,True,True,False,False,False,False,False,False,False,False,False,False,0.0,False,False,False,not_listed_no_path,False,True,True,False,False,True,False,False,True,EPCI:242100154,0.0
21682,21,200072825,271.0,13.43,2023-01-01,2020,base-cc-serie-historique-2020.CSV,True,20.178704393149665,21231,29.602734881527763,23780.0,216.8772902210661,23330.0,61.05958889493691,22940.0,24800.0,True,True,False,False,False,False,False,False,False,False,False,False,0.0,False,False,False,not_listed_no_path,False,True,True,False,False,True,False,False,False,EPCI:200072825,0.0
21692,21,242100154,248.0,16.41,2023-01-01,2020,base-cc-serie-historique-2020.CSV,True,15.112736136502132,21317,36.57377749306001,23970.0,17.883429252745742,22520.0,61.05958889493691,22940.0,25920.0,True,True,False,False,False,False,False,False,False,False,False,False,0.0,False,False,False,not_listed_no_path,False,True,True,False,False,True,False,False,True,EPCI:242100154,0.0
21702,21,242100154,263.0,12.78,2023-01-01,2020,base-cc-serie-historique-2020.CSV,True,20.57902973395932,21317,36.57377749306001,23970.0,17.883429252745742,22520.0,61.05958889493691,22940.0,25180.0,True,True,False,False,False,False,False,False,False,False,False,False,0.0,False,False,False,not_listed_no_path,False,True,True,False,False,True,False,False,True,EPCI:242100154,0.0
25001,25,200068070,247.0,3.2,2023-01-01,2020,base-cc-serie-historique-2020.CSV,True,77.1875,25056,38.043902000179926,23040.0,295.4064719810576,22380.0,104.19386772260272,23260.0,22730.0,True,True,False,False,False,False,False,False,False,False,False,False,0.0,False,False,False,not_listed_no_path,False,True,True,False,False,True,False,False,False,EPCI:200068070,0.0
25002,25,200068070,298.0,4.43,2023-01-01,2020,base-cc-serie-historique-2020.CSV,True,67.2686230248307,25056,38.043902000179926,23040.0,295.4064719810576,22380.0,104.19386772260272,23260.0,25100.0,True,True,False,False,False,False,False,False,False,False,False,False,0.0,False,False,False,not_listed_no_path,False,True,True,False,False,True,False,False,False,EPCI:200068070,0.0
25006,25,242504447,88.0,9.59,2023-01-01,2020,base-cc-serie-historique-2020.CSV,True,9.176225234619396,25047,45.95741022040068,22400.0,35.71842410196987,21760.0,104.19386772260272,23260.0,,True,True,False,False,False,False,False,False,False,False,False,False,0.0,False,False,False,not_listed_no_path,False,True,True,False,False,True,False,False,True,EPCI:242504447,0.0
25007,25,242504181,108.0,3.19,2023-01-01,2020,base-cc-serie-historique-2020.CSV,True,33.85579937304075,25578,41.3545049174215,24270.0,35.804716256117786,23340.0,104.19386772260272,23260.0,21790.0,True,True,False,False,False,False,False,False,False,False,True,False,108.0,True,False,False,not_listed_no_path,False,True,True,False,False,True,False,False,True,EPCI:242504181,0.0
25009,25,242504447,163.0,10.67,2023-01-01,2020,base-cc-serie-historique-2020.CSV,True,15.27647610121837,25047,45.95741022040068,22400.0,35.71842410196987,21760.0,104.19386772260272,23260.0,20430.0,True,True,False,False,False,False,False,False,False,False,False,False,0.0,False,False,False,not_listed_no_path,False,True,True,False,False,True,False,False,True,EPCI:242504447,0.0
25021,25,200068070,1614.0,14.98,2023-01-01,2020,base-cc-serie-historique-2020.CSV,True,107.74365821094791,39500,38.043902000179926,23040.0,31.81093070518564,21820.0,104.19386772260272,23260.0,21940.0,True,True,False,False,False,False,False,False,False,False,False,False,0.0,False,False,False,not_listed_no_path,False,True,True,False,False,True,False,False,True,EPCI:200068070,0.0
25032,25,242504447,427.0,6.59,2023-01-01,2020,base-cc-serie-historique-2020.CSV,True,64.79514415781487,25047,45.95741022040068,22400.0,35.71842410196987,21760.0,104.19386772260272,23260.0,23140.0,True,True,False,False,False,False,False,False,False,False,False,False,0.0,False,False,False,not_listed_no_path,False,True,True,False,False,True,False,False,True,EPCI:242504447,0.0
25039,25,242504181,927.0,12.86,2023-01-01,2020,base-cc-serie-historique-2020.CSV,True,72.08398133748057,25578,41.3545049174215,24270.0,35.804716256117786,23340.0,104.19386772260272,23260.0,24830.0,True,True,False,False,False,False,False,False,False,False,True,False,927.0,True,False,False,not_listed_no_path,False,True,True,False,False,True,False,False,True,EPCI:242504181,0.0
25044,25,200068070,59.0,5.81,2023-01-01,2020,base-cc-serie-historique-2020.CSV,True,10.154905335628229,39500,38.043902000179926,23040.0,31.81093070518564,21820.0,104.19386772260272,23260.0,,True,True,False,False,False,False,False,False,False,False,False,False,0.0,False,False,False,not_listed_no_path,False,True,True,False,False,True,False,False,True,EPCI:200068070,0.0
25047,25,242504447,4984.0,24.79,2023-01-01,2020,base-cc-serie-historique-2020.CSV,True,201.0488100040339,25047,45.95741022040068,22400.0,35.71842410196987,21760.0,104.19386772260272,23260.0,21580.0,True,True,False,False,False,False,False,False,False,False,False,False,0.0,False,False,False,not_listed_no_path,False,True,True,False,False,True,False,False,True,EPCI:242504447,0.0
25049,25,200023075,136.0,3.2,2023-01-01,2020,base-cc-serie-historique-2020.CSV,True,42.5,25356,48.72778517184687,27830.0,51.73996878156276,28390.0,104.19386772260272,23260.0,35290.0,True,True,False,False,False,False,False,False,False,False,True,False,136.0,True,False,False,not_listed_no_path,False,True,True,False,False,True,False,False,True,EPCI:200023075,0.0
25052,25,242504181,66.0,4.72,2023-01-01,2020,base-cc-serie-historique-2020.CSV,True,13.983050847457628,25578,41.3545049174215,24270.0,35.804716256117786,23340.0,104.19386772260272,23260.0,,True,True,False,False,False,False,False,False,False,False,False,False,0.0,True,False,False,not_listed_no_path,False,True,True,False,False,True,False,False,True,EPCI:242504181,0.0
25055,25,200041887,356.0,4.07,2023-01-01,2020,base-cc-serie-historique-2020.CSV,True,87.46928746928747,25527,47.79526254762299,23080.0,78.27320172452916,23310.0,104.19386772260272,23260.0,23930.0,True,True,False,False,False,False,False,False,False,False,False,False,0.0,False,False,False,not_listed_no_path,False,True,True,False,False,True,False,False,False,EPCI:200041887,0.0
25088,25,242504447,87.0,3.26,2023-01-01,2020,base-cc-serie-historique-2020.CSV,True,26.68711656441718,25047,45.95741022040068,22400.0,35.71842410196987,21760.0,104.19386772260272,23260.0,,True,True,False,False,False,False,False,False,False,False,False,False,0.0,False,False,False,not_listed_no_path,False,True,True,False,False,True,False,False,True,EPCI:242504447,0.0
25089,25,242504181,98.0,7.22,2023-01-01,2020,base-cc-serie-historique-2020.CSV,True,13.573407202216067,25578,41.3545049174215,24270.0,35.804716256117786,23340.0,104.19386772260272,23260.0,21220.0,True,True,False,False,False,False,False,False,False,False,False,False,0.0,True,False,False,not_listed_no_path,False,True,True,False,False,True,False,False,True,EPCI:242504181,0.0
25090,25,200068070,69.0,2.15,2023-01-01,2020,base-cc-serie-historique-2020.CSV,True,32.093023255813954,25056,38.043902000179926,23040.0,295.4064719810576,22380.0,104.19386772260272,23260.0,,True,True,False,False,False,False,False,False,False,False,False,False,0.0,False,False,False,not_listed_no_path,False,True,True,False,False,True,False,False,False,EPCI:200068070,0.0
25091,25,200023075,476.0,7.37,2023-01-01,2020,base-cc-serie-historique-2020.CSV,True,64.58616010854817,25356,48.72778517184687,27830.0,51.73996878156276,28390.0,104.19386772260272,23260.0,29380.0,True,True,False,False,False,False,False,False,False,False,True,False,476.0,True,False,False,not_listed_no_path,False,True,True,False,False,True,False,False,True,EPCI:200023075,0.0
25094,25,242504447,119.0,5.62,2023-01-01,2020,base-cc-serie-historique-2020.CSV,True,21.174377224199286,25047,45.95741022040068,22400.0,35.71842410196987,21760.0,104.19386772260272,23260.0,20510.0,True,True,False,False,False,False,False,False,False,False,False,False,0.0,False,False,False,not_listed_no_path,False,True,True,False,False,True,False,False,True,EPCI:242504447,0.0
25098,25,200068070,188.0,8.1,2023-01-01,2020,base-cc-serie-historique-2020.CSV,True,23.20987654320988,39500,38.043902000179926,23040.0,31.81093070518564,21820.0,104.19386772260272,23260.0,25630.0,True,True,False,False,False,False,False,False,False,False,False,False,0.0,False,False,False,not_listed_no_path,False,True,True,False,False,True,False,False,True,EPCI:200068070,0.0
25101,25,200041887,574.0,9.28,2023-01-01,2020,base-cc-serie-historique-2020.CSV,True,61.85344827586207,70334,47.79526254762299,23080.0,38.04285340998171,22590.0,104.19386772260272,23260.0,24750.0,True,True,False,False,False,False,False,False,False,False,False,False,0.0,False,False,False,not_listed_no_path,False,True,True,False,False,True,False,False,True,EPCI:200041887,0.0
25104,25,200068070,84.0,7.34,2023-01-01,2020,base-cc-serie-historique-2020.CSV,True,11.444141689373296,39500,38.043902000179926,23040.0,31.81093070518564,21820.0,104.19386772260272,23260.0,,True,True,False,False,False,False,False,False,False,False,False,False,0.0,False,False,False,not_listed_no_path,False,True,True,False,False,True,False,False,True,EPCI:200068070,0.0
25106,25,200068070,68.0,3.39,2023-01-01,2020,base-cc-serie-historique-2020.CSV,True,20.058997050147493,25434,38.043902000179926,23040.0,39.05559311456654,23050.0,104.19386772260272,23260.0,,True,True,False,False,False,False,False,False,False,False,False,False,0.0,False,False,False,not_listed_no_path,False,True,True,False,False,True,False,False,True,EPCI:200068070,0.0
25108,25,200023075,312.0,5.95,2023-01-01,2020,base-cc-serie-historique-2020.CSV,True,52.436974789915965,25356,48.72778517184687,27830.0,51.73996878156276,28390.0,104.19386772260272,23260.0,31210.0,True,True,False,False,False,False,False,False,False,False,True,False,312.0,True,False,False,not_listed_no_path,False,True,True,False,False,True,False,False,True,EPCI:200023075,0.0
25109,25,200068070,325.0,7.53,2023-01-01,2020,base-cc-serie-historique-2020.CSV,True,43.16069057104914,25056,38.043902000179926,23040.0,295.4064719810576,22380.0,104.19386772260272,23260.0,24830.0,True,True,False,False,False,False,False,False,False,False,False,False,0.0,False,False,False,not_listed_no_path,False,True,True,False,False,True,False,False,False,EPCI:200068070,0.0
25116,25,242504447,245.0,8.2,2023-01-01,2020,base-cc-serie-historique-2020.CSV,True,29.87804878048781,25495,45.95741022040068,22400.0,102.36328952946164,22890.0,104.19386772260272,23260.0,22570.0,True,True,False,False,False,False,False,False,False,False,False,False,0.0,False,False,False,not_listed_no_path,False,True,True,False,False,True,False,False,False,EPCI:242504447,0.0
25120,25,200068070,394.0,14.31,2023-01-01,2020,base-cc-serie-historique-2020.CSV,True,27.53319357092942,25434,38.043902000179926,23040.0,39.05559311456654,23050.0,104.19386772260272,23260.0,23250.0,True,True,False,False,False,False,False,False,False,False,True,False,394.0,False,False,False,not_listed_no_path,False,True,True,False,False,True,False,False,True,EPCI:200068070,0.0
25124,25,200023075,278.0,10.47,2023-01-01,2020,base-cc-serie-historique-2020.CSV,True,26.552053486150907,25356,48.72778517184687,27830.0,51.73996878156276,28390.0,104.19386772260272,23260.0,30010.0,True,True,False,False,False,False,False,False,False,False,True,False,278.0,True,False,False,not_listed_no_path,False,True,True,False,False,True,False,False,True,EPCI:200023075,0.0
25126,25,200068070,478.0,5.66,2023-01-01,2020,base-cc-serie-historique-2020.CSV,True,84.45229681978799,25056,38.043902000179926,23040.0,295.4064719810576,22380.0,104.19386772260272,23260.0,23530.0,True,True,False,False,False,False,False,False,False,False,False,False,0.0,False,False,False,not_listed_no_path,False,True,True,False,False,True,False,False,False,EPCI:200068070,0.0
25127,25,200023075,2791.0,21.44,2023-01-01,2020,base-cc-serie-historique-2020.CSV,True,130.17723880597015,25356,48.72778517184687,27830.0,51.73996878156276,28390.0,104.19386772260272,23260.0,31390.0,True,True,False,False,False,False,False,False,False,False,True,False,2791.0,True,False,False,not_listed_no_path,False,True,True,False,False,True,False,False,True,EPCI:200023075,0.0
25129,25,200068070,111.0,9.23,2023-01-01,2020,base-cc-serie-historique-2020.CSV,True,12.026002166847237,25434,38.043902000179926,23040.0,39.05559311456654,23050.0,104.19386772260272,23260.0,22160.0,True,True,False,False,False,False,False,False,False,False,False,False,0.0,False,False,False,not_listed_no_path,False,True,True,False,False,True,False,False,True,EPCI:200068070,0.0
25130,25,200068070,10.0,4.46,2023-01-01,2020,base-cc-serie-historique-2020.CSV,True,2.242152466367713,25434,38.043902000179926,23040.0,39.05559311456654,23050.0,104.19386772260272,23260.0,,True,True,False,False,False,False,False,False,False,False,True,False,10.0,False,False,False,not_listed_no_path,False,True,True,False,False,True,False,False,True,EPCI:200068070,0.0
25132,25,242504447,142.0,4.44,2023-01-01,2020,base-cc-serie-historique-2020.CSV,True,31.981981981981978,25495,45.95741022040068,22400.0,102.36328952946164,22890.0,104.19386772260272,23260.0,23510.0,True,True,False,False,False,False,False,False,False,False,False,False,0.0,False,False,False,not_listed_no_path,False,True,True,False,False,True,False,False,False,EPCI:242504447,0.0
25141,25,242504181,122.0,8.44,2023-01-01,2020,base-cc-serie-historique-2020.CSV,True,14.454976303317537,25578,41.3545049174215,24270.0,35.804716256117786,23340.0,104.19386772260272,23260.0,,True,True,False,False,False,False,False,False,False,False,False,False,0.0,True,False,False,not_listed_no_path,False,True,True,False,False,True,False,False,True,EPCI:242504181,0.0
25143,25,200068070,204.0,6.54,2023-01-01,2020,base-cc-serie-historique-2020.CSV,True,31.192660550458715,39500,38.043902000179926,23040.0,31.81093070518564,21820.0,104.19386772260272,23260.0,23160.0,True,True,False,False,False,False,False,False,False,False,False,False,0.0,False,False,False,not_listed_no_path,False,True,True,False,False,True,False,False,True,EPCI:200068070,0.0
25149,25,200068070,505.0,16.58,2023-01-01,2020,base-cc-serie-historique-2020.CSV,True,30.458383594692403,25056,38.043902000179926,23040.0,295.4064719810576,22380.0,104.19386772260272,23260.0,23900.0,True,True,False,False,False,False,False,False,False,False,False,False,0.0,False,False,False,not_listed_no_path,False,True,True,False,False,True,False,False,False,EPCI:200068070,0.0
25150,25,200041887,290.0,4.58,2023-01-01,2020,base-cc-serie-historique-2020.CSV,True,63.31877729257642,70334,47.79526254762299,23080.0,38.04285340998171,22590.0,104.19386772260272,23260.0,24060.0,True,True,False,False,False,False,False,False,False,False,False,False,0.0,False,False,False,not_listed_no_path,False,True,True,False,False,True,False,False,True,EPCI:200041887,0.0
25151,25,242504181,135.0,5.38,2023-01-01,2020,base-cc-serie-historique-2020.CSV,True,25.092936802973977,25578,41.3545049174215,24270.0,35.804716256117786,23340.0,104.19386772260272,23260.0,24470.0,True,True,False,False,False,False,False,False,False,False,True,False,135.0,True,False,False,not_listed_no_path,False,True,True,False,False,True,False,False,True,EPCI:242504181,0.0
25154,25,200068070,265.0,6.41,2023-01-01,2020,base-cc-serie-historique-2020.CSV,True,41.34165366614665,25056,38.043902000179926,23040.0,295.4064719810576,22380.0,104.19386772260272,23260.0,22630.0,True,True,False,False,False,False,False,False,False,False,False,False,0.0,False,False,False,not_listed_no_path,False,True,True,False,False,True,False,False,False,EPCI:200068070,0.0
25162,25,200041887,212.0,2.25,2023-01-01,2020,base-cc-serie-historique-2020.CSV,True,94.22222222222224,25527,47.79526254762299,23080.0,78.27320172452916,23310.0,104.19386772260272,23260.0,24530.0,True,True,False,False,False,False,False,False,False,False,False,False,0.0,False,False,False,not_listed_no_path,False,True,True,False,False,True,False,False,False,EPCI:200041887,0.0
25164,25,200041887,145.0,5.38,2023-01-01,2020,base-cc-serie-historique-2020.CSV,True,26.95167286245353,25527,47.79526254762299,23080.0,78.27320172452916,23310.0,104.19386772260272,23260.0,22260.0,True,True,False,False,False,False,False,False,False,False,False,False,0.0,False,False,False,not_listed_no_path,False,True,True,False,False,True,False,False,False,EPCI:200041887,0.0
25166,25,242504447,84.0,3.22,2023-01-01,2020,base-cc-serie-historique-2020.CSV,True,26.08695652173913,25532,45.95741022040068,22400.0,67.93610982773414,24560.0,104.19386772260272,23260.0,,True,True,False,False,False,False,False,False,False,False,False,False,0.0,False,False,False,not_listed_no_path,False,True,True,False,False,True,False,False,False,EPCI:242504447,0.0
25171,25,200068070,105.0,3.61,2023-01-01,2020,base-cc-serie-historique-2020.CSV,True,29.085872576177287,25056,38.043902000179926,23040.0,295.4064719810576,22380.0,104.19386772260272,23260.0,,True,True,False,False,False,False,False,False,False,False,False,False,0.0,False,False,False,not_listed_no_path,False,True,True,False,False,True,False,False,False,EPCI:200068070,0.0
25172,25,200041887,233.0,5.31,2023-01-01,2020,base-cc-serie-historique-2020.CSV,True,43.87947269303202,70334,47.79526254762299,23080.0,38.04285340998171,22590.0,104.19386772260272,23260.0,22950.0,True,True,False,False,False,False,False,False,False,False,False,False,0.0,False,False,False,not_listed_no_path,False,True,True,False,False,True,False,False,True,EPCI:200041887,0.0
25175,25,242504181,91.0,6.85,2023-01-01,2020,base-cc-serie-historique-2020.CSV,True,13.284671532846716,25578,41.3545049174215,24270.0,35.804716256117786,23340.0,104.19386772260272,23260.0,,True,True,False,False,False,False,False,False,False,False,False,False,0.0,True,False,False,not_listed_no_path,False,True,True,False,False,True,False,False,True,EPCI:242504181,0.0
25183,25,242504447,76.0,4.04,2023-01-01,2020,base-cc-serie-historique-2020.CSV,True,18.81188118811881,25047,45.95741022040068,22400.0,35.71842410196987,21760.0,104.19386772260272,23260.0,,True,True,False,False,False,False,False,False,False,False,False,False,0.0,False,False,False,not_listed_no_path,False,True,True,False,False,True,False,False,True,EPCI:242504447,0.0
25189,25,242504447,184.0,9.91,2023-01-01,2020,base-cc-serie-historique-2020.CSV,True,18.567103935418768,25047,45.95741022040068,22400.0,35.71842410196987,21760.0,104.19386772260272,23260.0,23310.0,True,True,False,False,False,False,False,False,False,False,False,False,0.0,False,False,False,not_listed_no_path,False,True,True,False,False,True,False,False,True,EPCI:242504447,0.0
25193,25,200023075,1832.0,21.9,2023-01-01,2020,base-cc-serie-historique-2020.CSV,True,83.65296803652969,25356,48.72778517184687,27830.0,51.73996878156276,28390.0,104.19386772260272,23260.0,27590.0,True,True,False,False,False,False,False,False,False,False,True,False,1832.0,True,False,False,not_listed_no_path,False,True,True,False,False,True,False,False,True,EPCI:200023075,0.0
25208,25,200068070,184.0,8.51,2023-01-01,2020,base-cc-serie-historique-2020.CSV,True,21.62162162162162,25578,38.043902000179926,23040.0,35.804716256117786,23340.0,104.19386772260272,23260.0,24710.0,True,True,False,False,False,False,False,False,False,False,False,False,0.0,False,False,False,not_listed_no_path,False,True,True,False,False,True,False,False,True,EPCI:200068070,0.0
25209,25,200068070,125.0,5.49,2023-01-01,2020,base-cc-serie-historique-2020.CSV,True,22.76867030965392,39500,38.043902000179926,23040.0,31.81093070518564,21820.0,104.19386772260272,23260.0,22200.0,True,True,False,False,False,False,False,False,False,False,False,False,0.0,False,False,False,not_listed_no_path,False,True,True,False,False,True,False,False,True,EPCI:200068070,0.0
25211,25,200068070,87.0,5.23,2023-01-01,2020,base-cc-serie-historique-2020.CSV,True,16.634799235181642,25434,38.043902000179926,23040.0,39.05559311456654,23050.0,104.19386772260272,23260.0,,True,True,False,False,False,False,False,False,False,False,True,False,87.0,False,False,False,not_listed_no_path,False,True,True,False,False,True,False,False,True,EPCI:200068070,0.0
25213,25,200023075,745.0,9.51,2023-01-01,2020,base-cc-serie-historique-2020.CSV,True,78.33859095688749,25356,48.72778517184687,27830.0,51.73996878156276,28390.0,104.19386772260272,23260.0,31010.0,True,True,False,False,False,False,False,False,False,False,True,False,745.0,True,False,False,not_listed_no_path,False,True,True,False,False,True,False,False,True,EPCI:200023075,0.0
25215,25,242504447,88.0,2.16,2023-01-01,2020,base-cc-serie-historique-2020.CSV,True,40.74074074074074,25047,45.95741022040068,22400.0,35.71842410196987,21760.0,104.19386772260272,23260.0,,True,True,False,False,False,False,False,False,False,False,False,False,0.0,False,False,False,not_listed_no_path,False,True,True,False,False,True,False,False,True,EPCI:242504447,0.0
25217,25,200041887,603.0,5.15,2023-01-01,2020,base-cc-serie-historique-2020.CSV,True,117.08737864077668,25056,47.79526254762299,23080.0,295.4064719810576,22380.0,104.19386772260272,23260.0,22960.0,True,True,False,False,False,False,False,False,False,False,False,False,0.0,False,False,False,not_listed_no_path,False,True,True,False,False,True,False,False,False,EPCI:200041887,0.0
25218,25,242504181,165.0,5.75,2023-01-01,2020,base-cc-serie-historique-2020.CSV,True,28.695652173913043,25578,41.3545049174215,24270.0,35.804716256117786,23340.0,104.19386772260272,23260.0,20840.0,True,True,False,False,False,False,False,False,False,False,True,False,165.0,True,False,False,not_listed_no_path,False,True,True,False,False,True,False,False,True,EPCI:242504181,0.0
25219,25,242504181,637.0,13.25,2023-01-01,2020,base-cc-serie-historique-2020.CSV,True,48.075471698113205,25578,41.3545049174215,24270.0,35.804716256117786,23340.0,104.19386772260272,23260.0,24960.0,True,True,False,False,False,False,False,False,False,False,True,False,637.0,True,False,False,not_listed_no_path,False,True,True,False,False,True,False,False,True,EPCI:242504181,0.0
25220,25,200068070,593.0,13.95,2023-01-01,2020,base-cc-serie-historique-2020.CSV,True,42.50896057347671,25434,38.043902000179926,23040.0,39.05559311456654,23050.0,104.19386772260272,23260.0,23310.0,True,True,False,False,False,False,False,False,False,False,False,False,0.0,False,False,False,not_listed_no_path,False,True,True,False,False,True,False,False,True,EPCI:200068070,0.0
25221,25,242504447,64.0,3.72,2023-01-01,2020,base-cc-serie-historique-2020.CSV,True,17.204301075268816,25047,45.95741022040068,22400.0,35.71842410196987,21760.0,104.19386772260272,23260.0,,True,True,False,False,False,False,False,False,False,False,False,False,0.0,False,False,False,not_listed_no_path,False,True,True,False,False,True,False,False,True,EPCI:242504447,0.0
25225,25,200041887,187.0,5.52,2023-01-01,2020,base-cc-serie-historique-2020.CSV,True,33.8768115942029,70334,47.79526254762299,23080.0,38.04285340998171,22590.0,104.19386772260272,23260.0,22800.0,True,True,False,False,False,False,False,False,False,False,False,False,0.0,False,False,False,not_listed_no_path,False,True,True,False,False,True,False,False,True,EPCI:200041887,0.0
25227,25,242504181,285.0,6.0,2023-01-01,2020,base-cc-serie-historique-2020.CSV,True,47.5,25578,41.3545049174215,24270.0,35.804716256117786,23340.0,104.19386772260272,23260.0,24380.0,True,True,False,False,False,False,False,False,False,False,True,False,285.0,True,False,False,not_listed_no_path,False,True,True,False,False,True,False,False,True,EPCI:242504181,0.0
25231,25,242504181,120.0,6.01,2023-01-01,2020,base-cc-serie-historique-2020.CSV,True,19.96672212978369,25578,41.3545049174215,24270.0,35.804716256117786,23340.0,104.19386772260272,23260.0,27720.0,True,True,False,False,False,False,False,False,False,False,True,False,120.0,True,False,False,not_listed_no_path,False,True,True,False,False,True,False,False,True,EPCI:242504181,0.0
25233,25,242504181,286.0,10.78,2023-01-01,2020,base-cc-serie-historique-2020.CSV,True,26.53061224489796,25578,41.3545049174215,24270.0,35.804716256117786,23340.0,104.19386772260272,23260.0,24900.0,True,True,False,False,False,False,False,False,False,False,True,False,286.0,True,False,False,not_listed_no_path,False,True,True,False,False,True,False,False,True,EPCI:242504181,0.0
25234,25,200023075,174.0,2.47,2023-01-01,2020,base-cc-serie-historique-2020.CSV,True,70.44534412955466,25356,48.72778517184687,27830.0,51.73996878156276,28390.0,104.19386772260272,23260.0,30780.0,True,True,False,False,False,False,False,False,False,False,True,False,174.0,True,False,False,not_listed_no_path,False,True,True,False,False,True,False,False,True,EPCI:200023075,0.0
25235,25,200041887,320.0,4.17,2023-01-01,2020,base-cc-serie-historique-2020.CSV,True,76.73860911270984,25527,47.79526254762299,23080.0,78.27320172452916,23310.0,104.19386772260272,23260.0,23780.0,True,True,False,False,False,False,False,False,False,False,False,False,0.0,False,False,False,not_listed_no_path,False,True,True,False,False,True,False,False,False,EPCI:200041887,0.0
25238,25,200023075,157.0,6.16,2023-01-01,2020,base-cc-serie-historique-2020.CSV,True,25.487012987012985,25356,48.72778517184687,27830.0,51.73996878156276,28390.0,104.19386772260272,23260.0,30710.0,True,True,False,False,False,False,False,False,False,False,True,False,157.0,True,False,False,not_listed_no_path,False,True,True,False,False,True,False,False,True,EPCI:200023075,0.0
25249,25,242504447,62.0,5.65,2023-01-01,2020,base-cc-serie-historique-2020.CSV,True,10.973451327433628,25047,45.95741022040068,22400.0,35.71842410196987,21760.0,104.19386772260272,23260.0,,True,True,False,False,False,False,False,False,False,False,False,False,0.0,False,False,False,not_listed_no_path,False,True,True,False,False,True,False,False,True,EPCI:242504447,0.0
25251,25,242504447,174.0,1.97,2023-01-01,2020,base-cc-serie-historique-2020.CSV,True,88.32487309644671,25047,45.95741022040068,22400.0,35.71842410196987,21760.0,104.19386772260272,23260.0,23440.0,True,True,False,False,False,False,False,False,False,False,False,False,0.0,False,False,False,not_listed_no_path,False,True,True,False,False,True,False,False,True,EPCI:242504447,0.0
25252,25,200069565,117.0,2.75,2023-01-01,2020,base-cc-serie-historique-2020.CSV,True,42.54545454545455,25462,39.08568978249994,33790.0,57.04807313925927,27910.0,104.19386772260272,23260.0,34780.0,True,True,False,False,False,False,False,False,False,False,True,False,117.0,True,False,False,not_listed_no_path,False,True,True,False,False,True,False,False,True,EPCI:200069565,0.0
25253,25,200068070,386.0,12.1,2023-01-01,2020,base-cc-serie-historique-2020.CSV,True,31.90082644628099,25527,38.043902000179926,23040.0,78.27320172452916,23310.0,104.19386772260272,23260.0,23740.0,True,True,False,False,False,False,False,False,False,False,False,False,0.0,False,False,False,not_listed_no_path,False,True,True,False,False,True,False,False,False,EPCI:200068070,0.0
25254,25,200069565,1400.0,27.99,2023-01-01,2020,base-cc-serie-historique-2020.CSV,True,50.01786352268668,25462,39.08568978249994,33790.0,57.04807313925927,27910.0,104.19386772260272,23260.0,29250.0,True,True,False,False,False,False,False,False,False,False,True,False,1400.0,True,False,False,not_listed_no_path,False,True,True,False,False,True,False,False,True,EPCI:200069565,0.0
25255,25,200023075,349.0,13.08,2023-01-01,2020,base-cc-serie-historique-2020.CSV,True,26.68195718654434,25356,48.72778517184687,27830.0,51.73996878156276,28390.0,104.19386772260272,23260.0,34830.0,True,True,False,False,False,False,False,False,False,False,True,False,349.0,True,False,False,not_listed_no_path,False,True,True,False,False,True,False,False,True,EPCI:200023075,0.0
25256,25,200023075,900.0,10.1,2023-01-01,2020,base-cc-serie-historique-2020.CSV,True,89.10891089108911,25356,48.72778517184687,27830.0,51.73996878156276,28390.0,104.19386772260272,23260.0,31720.0,True,True,False,False,False,False,False,False,False,False,True,False,900.0,True,False,False,not_listed_no_path,False,True,True,False,False,True,False,False,True,EPCI:200023075,0.0
25257,25,200041887,268.0,3.38,2023-01-01,2020,base-cc-serie-historique-2020.CSV,True,79.28994082840237,70334,47.79526254762299,23080.0,38.04285340998171,22590.0,104.19386772260272,23260.0,23000.0,True,True,False,False,False,False,False,False,False,False,False,False,0.0,False,False,False,not_listed_no_path,False,True,True,False,False,True,False,False,True,EPCI:200041887,0.0
25273,25,242504447,202.0,9.76,2023-01-01,2020,base-cc-serie-historique-2020.CSV,True,20.69672131147541,25532,45.95741022040068,22400.0,67.93610982773414,24560.0,104.19386772260272,23260.0,23270.0,True,True,False,False,False,False,False,False,False,False,False,False,0.0,False,False,False,not_listed_no_path,False,True,True,False,False,True,False,False,False,EPCI:242504447,0.0
25278,25,242504181,566.0,17.29,2023-01-01,2020,base-cc-serie-historique-2020.CSV,True,32.73568536726432,25578,41.3545049174215,24270.0,35.804716256117786,23340.0,104.19386772260272,23260.0,23700.0,True,True,False,False,False,False,False,False,False,False,False,False,0.0,True,False,False,not_listed_no_path,False,True,True,False,False,True,False,False,True,EPCI:242504181,0.0
25280,25,200023075,154.0,5.83,2023-01-01,2020,base-cc-serie-historique-2020.CSV,True,26.41509433962264,25356,48.72778517184687,27830.0,51.73996878156276,28390.0,104.19386772260272,23260.0,33800.0,True,True,False,False,False,False,False,False,False,False,True,False,154.0,True,False,False,not_listed_no_path,False,True,True,False,False,True,False,False,True,EPCI:200023075,0.0
25283,25,200068070,62.0,5.42,2023-01-01,2020,base-cc-serie-historique-2020.CSV,True,11.439114391143912,25056,38.043902000179926,23040.0,295.4064719810576,22380.0,104.19386772260272,23260.0,,True,True,False,False,False,False,False,False,False,False,False,False,0.0,False,False,False,not_listed_no_path,False,True,True,False,False,True,False,False,False,EPCI:200068070,0.0
25295,25,200069565,308.0,5.38,2023-01-01,2020,base-cc-serie-historique-2020.CSV,True,57.24907063197026,25462,39.08568978249994,33790.0,57.04807313925927,27910.0,104.19386772260272,23260.0,32390.0,True,True,False,False,False,False,False,False,False,False,True,False,308.0,True,False,False,not_listed_no_path,False,True,True,False,False,True,False,False,True,EPCI:200069565,0.0
25298,25,242504447,244.0,2.96,2023-01-01,2020,base-cc-serie-historique-2020.CSV,True,82.43243243243244,25047,45.95741022040068,22400.0,35.71842410196987,21760.0,104.19386772260272,23260.0,22500.0,True,True,False,False,False,False,False,False,False,False,False,False,0.0,False,False,False,not_listed_no_path,False,True,True,False,False,True,False,False,True,EPCI:242504447,0.0
25299,25,242504447,111.0,4.72,2023-01-01,2020,base-cc-serie-historique-2020.CSV,True,23.516949152542374,25047,45.95741022040068,22400.0,35.71842410196987,21760.0,104.19386772260272,23260.0,,True,True,False,False,False,False,False,False,False,False,False,False,0.0,False,False,False,not_listed_no_path,False,True,True,False,False,True,False,False,True,EPCI:242504447,0.0
25300,25,242504181,304.0,9.03,2023-01-01,2020,base-cc-serie-historique-2020.CSV,True,33.6655592469546,25578,41.3545049174215,24270.0,35.804716256117786,23340.0,104.19386772260272,23260.0,24930.0,True,True,False,False,False,False,False,False,False,False,False,False,0.0,True,False,False,not_listed_no_path,False,True,True,False,False,True,False,False,True,EPCI:242504181,0.0
25305,25,200068070,590.0,7.84,2023-01-01,2020,base-cc-serie-historique-2020.CSV,True,75.25510204081633,25578,38.043902000179926,23040.0,35.804716256117786,23340.0,104.19386772260272,23260.0,23820.0,True,True,False,False,False,False,False,False,False,False,False,False,0.0,False,False,False,not_listed_no_path,False,True,True,False,False,True,False,False,True,EPCI:200068070,0.0
25307,25,200069565,907.0,6.56,2023-01-01,2020,base-cc-serie-historique-2020.CSV,True,138.26219512195124,25462,39.08568978249994,33790.0,57.04807313925927,27910.0,104.19386772260272,23260.0,38500.0,True,True,False,False,False,False,False,False,False,False,True,False,907.0,True,False,False,not_listed_no_path,False,True,True,False,False,True,False,False,True,EPCI:200069565,0.0
25308,25,200069565,464.0,14.21,2023-01-01,2020,base-cc-serie-historique-2020.CSV,True,32.6530612244898,25462,39.08568978249994,33790.0,57.04807313925927,27910.0,104.19386772260272,23260.0,34810.0,True,True,False,False,False,False,False,False,False,False,True,False,464.0,True,False,False,not_listed_no_path,False,True,True,False,False,True,False,False,True,EPCI:200069565,0.0
25312,25,242504447,66.0,3.41,2023-01-01,2020,base-cc-serie-historique-2020.CSV,True,19.35483870967742,25047,45.95741022040068,22400.0,35.71842410196987,21760.0,104.19386772260272,23260.0,,True,True,False,False,False,False,False,False,False,False,False,False,0.0,False,False,False,not_listed_no_path,False,True,True,False,False,True,False,False,True,EPCI:242504447,0.0
25313,25,242504447,197.0,8.79,2023-01-01,2020,base-cc-serie-historique-2020.CSV,True,22.41183162684869,25047,45.95741022040068,22400.0,35.71842410196987,21760.0,104.19386772260272,23260.0,20690.0,True,True,False,False,False,False,False,False,False,False,False,False,0.0,False,False,False,not_listed_no_path,False,True,True,False,False,True,False,False,True,EPCI:242504447,0.0
25317,25,200041887,267.0,5.41,2023-01-01,2020,base-cc-serie-historique-2020.CSV,True,49.35304990757856,70334,47.79526254762299,23080.0,38.04285340998171,22590.0,104.19386772260272,23260.0,21820.0,True,True,False,False,False,False,False,False,False,False,False,False,0.0,False,False,False,not_listed_no_path,False,True,True,False,False,True,False,False,True,EPCI:200041887,0.0
25318,25,200069565,1850.0,29.03,2023-01-01,2020,base-cc-serie-historique-2020.CSV,True,63.72717878057182,25462,39.08568978249994,33790.0,57.04807313925927,27910.0,104.19386772260272,23260.0,37890.0,True,True,False,False,False,False,False,False,False,False,True,False,1850.0,True,False,False,not_listed_no_path,False,True,True,False,False,True,False,False,True,EPCI:200069565,0.0
25320,25,200069565,1218.0,22.12,2023-01-01,2020,base-cc-serie-historique-2020.CSV,True,55.063291139240505,25462,39.08568978249994,33790.0,57.04807313925927,27910.0,104.19386772260272,23260.0,34610.0,True,True,False,False,False,False,False,False,False,False,True,False,1218.0,True,False,False,not_listed_no_path,False,True,True,False,False,True,False,False,True,EPCI:200069565,0.0
25323,25,242504447,448.0,2.86,2023-01-01,2020,base-cc-serie-historique-2020.CSV,True,156.64335664335664,25495,45.95741022040068,22400.0,102.36328952946164,22890.0,104.19386772260272,23260.0,20900.0,True,True,False,False,False,False,False,False,False,False,False,False,0.0,False,False,False,not_listed_no_path,False,True,True,False,False,True,False,False,False,EPCI:242504447,0.0
25326,25,200041887,534.0,9.88,2023-01-01,2020,base-cc-serie-historique-2020.CSV,True,54.04858299595141,25527,47.79526254762299,23080.0,78.27320172452916,23310.0,104.19386772260272,23260.0,24450.0,True,True,False,False,False,False,False,False,False,False,False,False,0.0,False,False,False,not_listed_no_path,False,True,True,False,False,True,False,False,False,EPCI:200041887,0.0
25330,25,200068070,179.0,5.9,2023-01-01,2020,base-cc-serie-historique-2020.CSV,True,30.338983050847457,25056,38.043902000179926,23040.0,295.4064719810576,22380.0,104.19386772260272,23260.0,25080.0,True,True,False,False,False,False,False,False,False,False,False,False,0.0,False,False,False,not_listed_no_path,False,True,True,False,False,True,False,False,False,EPCI:200068070,0.0
25331,25,200068070,251.0,10.16,2023-01-01,2020,base-cc-serie-historique-2020.CSV,True,24.70472440944882,25578,38.043902000179926,23040.0,35.804716256117786,23340.0,104.19386772260272,23260.0,23500.0,True,True,False,False,False,False,False,False,False,False,True,False,251.0,False,False,False,not_listed_no_path,False,True,True,False,False,True,False,False,True,EPCI:200068070,0.0
25332,25,200041887,569.0,7.74,2023-01-01,2020,base-cc-serie-historique-2020.CSV,True,73.5142118863049,70334,47.79526254762299,23080.0,38.04285340998171,22590.0,104.19386772260272,23260.0,23570.0,True,True,False,False,False,False,False,False,False,False,False,False,0.0,False,False,False,not_listed_no_path,False,True,True,False,False,True,False,False,True,EPCI:200041887,0.0
25336,25,200068070,548.0,16.54,2023-01-01,2020,base-cc-serie-historique-2020.CSV,True,33.13180169286578,39500,38.043902000179926,23040.0,31.81093070518564,21820.0,104.19386772260272,23260.0,21050.0,True,True,False,False,False,False,False,False,False,False,False,False,0.0,False,False,False,not_listed_no_path,False,True,True,False,False,True,False,False,True,EPCI:200068070,0.0
25339,25,200068070,224.0,6.25,2023-01-01,2020,base-cc-serie-historique-2020.CSV,True,35.84,25434,38.043902000179926,23040.0,39.05559311456654,23050.0,104.19386772260272,23260.0,20110.0,True,True,False,False,False,False,False,False,False,False,True,False,224.0,False,False,False,not_listed_no_path,False,True,True,False,False,True,False,False,True,EPCI:200068070,0.0
25340,25,200068070,191.0,5.92,2023-01-01,2020,base-cc-serie-historique-2020.CSV,True,32.26351351351352,25056,38.043902000179926,23040.0,295.4064719810576,22380.0,104.19386772260272,23260.0,22750.0,True,True,False,False,False,False,False,False,False,False,False,False,0.0,False,False,False,not_listed_no_path,False,True,True,False,False,True,False,False,False,EPCI:200068070,0.0
25341,25,242504447,173.0,9.79,2023-01-01,2020,base-cc-serie-historique-2020.CSV,True,17.67109295199183,25047,45.95741022040068,22400.0,35.71842410196987,21760.0,104.19386772260272,23260.0,23040.0,True,True,False,False,False,False,False,False,False,False,False,False,0.0,False,False,False,not_listed_no_path,False,True,True,False,False,True,False,False,True,EPCI:242504447,0.0
25342,25,242504181,78.0,5.13,2023-01-01,2020,base-cc-serie-historique-2020.CSV,True,15.2046783625731,25578,41.3545049174215,24270.0,35.804716256117786,23340.0,104.19386772260272,23260.0,,True,True,False,False,False,False,False,False,False,False,True,False,78.0,True,False,False,not_listed_no_path,False,True,True,False,False,True,False,False,True,EPCI:242504181,0.0
25343,25,242504181,164.0,9.63,2023-01-01,2020,base-cc-serie-historique-2020.CSV,True,17.030114226375908,25578,41.3545049174215,24270.0,35.804716256117786,23340.0,104.19386772260272,23260.0,23490.0,True,True,False,False,False,False,False,False,False,False,True,False,164.0,True,False,False,not_listed_no_path,False,True,True,False,False,True,False,False,True,EPCI:242504181,0.0
25348,25,200069565,611.0,13.25,2023-01-01,2020,base-cc-serie-historique-2020.CSV,True,46.11320754716981,25462,39.08568978249994,33790.0,57.04807313925927,27910.0,104.19386772260272,23260.0,35840.0,True,True,False,False,False,False,False,False,False,False,True,False,611.0,True,False,False,not_listed_no_path,False,True,True,False,False,True,False,False,True,EPCI:200069565,0.0
25354,25,242504447,158.0,6.44,2023-01-01,2020,base-cc-serie-historique-2020.CSV,True,24.53416149068323,25047,45.95741022040068,22400.0,35.71842410196987,21760.0,104.19386772260272,23260.0,20140.0,True,True,False,False,False,False,False,False,False,False,False,False,0.0,False,False,False,not_listed_no_path,False,True,True,False,False,True,False,False,True,EPCI:242504447,0.0
25355,25,242504181,63.0,4.2,2023-01-01,2020,base-cc-serie-historique-2020.CSV,True,15.0,25578,41.3545049174215,24270.0,35.804716256117786,23340.0,104.19386772260272,23260.0,,True,True,False,False,False,False,False,False,False,False,False,False,0.0,True,False,False,not_listed_no_path,False,True,True,False,False,True,False,False,True,EPCI:242504181,0.0
25356,25,200023075,4259.0,17.42,2023-01-01,2020,base-cc-serie-historique-2020.CSV,True,244.48909299655568,25356,48.72778517184687,27830.0,51.73996878156276,28390.0,104.19386772260272,23260.0,25960.0,True,True,False,False,False,False,False,False,False,False,True,False,4259.0,True,False,False,not_listed_no_path,False,True,True,False,False,True,False,False,True,EPCI:200023075,0.0
25360,25,200068070,174.0,8.74,2023-01-01,2020,base-cc-serie-historique-2020.CSV,True,19.908466819221967,25434,38.043902000179926,23040.0,39.05559311456654,23050.0,104.19386772260272,23260.0,22200.0,True,True,False,False,False,False,False,False,False,False,False,False,0.0,False,False,False,not_listed_no_path,False,True,True,False,False,True,False,False,True,EPCI:200068070,0.0
25361,25,200069565,851.0,6.6,2023-01-01,2020,base-cc-serie-historique-2020.CSV,True,128.93939393939394,25462,39.08568978249994,33790.0,57.04807313925927,27910.0,104.19386772260272,23260.0,34760.0,True,True,False,False,False,False,False,False,False,False,True,False,851.0,True,False,False,not_listed_no_path,False,True,True,False,False,True,False,False,True,EPCI:200069565,0.0
25362,25,200069565,286.0,5.78,2023-01-01,2020,base-cc-serie-historique-2020.CSV,True,49.48096885813148,25462,39.08568978249994,33790.0,57.04807313925927,27910.0,104.19386772260272,23260.0,29950.0,True,True,False,False,False,False,False,False,False,False,True,False,286.0,True,False,False,not_listed_no_path,False,True,True,False,False,True,False,False,True,EPCI:200069565,0.0
25366,25,200023075,191.0,6.09,2023-01-01,2020,base-cc-serie-historique-2020.CSV,True,31.36288998357964,25356,48.72778517184687,27830.0,51.73996878156276,28390.0,104.19386772260272,23260.0,30020.0,True,True,False,False,False,False,False,False,False,False,True,False,191.0,True,False,False,not_listed_no_path,False,True,True,False,False,True,False,False,True,EPCI:200023075,0.0
25374,25,200041887,553.0,6.56,2023-01-01,2020,base-cc-serie-historique-2020.CSV,True,84.29878048780488,25527,47.79526254762299,23080.0,78.27320172452916,23310.0,104.19386772260272,23260.0,21770.0,True,True,False,False,False,False,False,False,False,False,False,False,0.0,False,False,False,not_listed_no_path,False,True,True,False,False,True,False,False,False,EPCI:200041887,0.0
25379,25,200068070,71.0,3.11,2023-01-01,2020,base-cc-serie-historique-2020.CSV,True,22.82958199356913,25056,38.043902000179926,23040.0,295.4064719810576,22380.0,104.19386772260272,23260.0,,True,True,False,False,False,False,False,False,False,False,False,False,0.0,False,False,False,not_listed_no_path,False,True,True,False,False,True,False,False,False,EPCI:200068070,0.0
25380,25,200069565,1411.0,5.76,2023-01-01,2020,base-cc-serie-historique-2020.CSV,True,244.9652777777778,25462,39.08568978249994,33790.0,57.04807313925927,27910.0,104.19386772260272,23260.0,35930.0,True,True,False,False,False,False,False,False,False,False,True,False,1411.0,True,False,False,not_listed_no_path,False,True,True,False,False,True,False,False,True,EPCI:200069565,0.0
25382,25,242504447,612.0,5.0,2023-01-01,2020,base-cc-serie-historique-2020.CSV,True,122.4,25056,45.95741022040068,22400.0,295.4064719810576,22380.0,104.19386772260272,23260.0,23300.0,True,True,False,False,False,False,False,False,False,False,False,False,0.0,False,False,False,not_listed_no_path,False,True,True,False,False,True,False,False,False,EPCI:242504447,0.0
25383,25,200041887,272.0,7.92,2023-01-01,2020,base-cc-serie-historique-2020.CSV,True,34.343434343434346,25056,47.79526254762299,23080.0,295.4064719810576,22380.0,104.19386772260272,23260.0,23640.0,True,True,False,False,False,False,False,False,False,False,False,False,0.0,False,False,False,not_listed_no_path,False,True,True,False,False,True,False,False,False,EPCI:200041887,0.0
25392,25,200023075,198.0,7.03,2023-01-01,2020,base-cc-serie-historique-2020.CSV,True,28.16500711237553,25356,48.72778517184687,27830.0,51.73996878156276,28390.0,104.19386772260272,23260.0,33010.0,True,True,False,False,False,False,False,False,False,False,True,False,198.0,True,False,False,not_listed_no_path,False,True,True,False,False,True,False,False,True,EPCI:200023075,0.0
25400,25,200068070,479.0,11.06,2023-01-01,2020,base-cc-serie-historique-2020.CSV,True,43.30922242314647,25434,38.043902000179926,23040.0,39.05559311456654,23050.0,104.19386772260272,23260.0,23010.0,True,True,False,False,False,False,False,False,False,False,False,False,0.0,False,False,False,not_listed_no_path,False,True,True,False,False,True,False,False,True,EPCI:200068070,0.0
25405,25,200069565,929.0,11.61,2023-01-01,2020,base-cc-serie-historique-2020.CSV,True,80.01722652885444,25462,39.08568978249994,33790.0,57.04807313925927,27910.0,104.19386772260272,23260.0,36940.0,True,True,False,False,False,False,False,False,False,False,True,False,929.0,True,False,False,not_listed_no_path,False,True,True,False,False,True,False,False,True,EPCI:200069565,0.0
25406,25,200068070,568.0,10.9,2023-01-01,2020,base-cc-serie-historique-2020.CSV,True,52.11009174311926,25434,38.043902000179926,23040.0,39.05559311456654,23050.0,104.19386772260272,23260.0,25510.0,True,True,False,False,False,False,False,False,False,False,False,False,0.0,False,False,False,not_listed_no_path,False,True,True,False,False,True,False,False,True,EPCI:200068070,0.0
25414,25,200041887,126.0,1.3,2023-01-01,2020,base-cc-serie-historique-2020.CSV,True,96.92307692307692,70334,47.79526254762299,23080.0,38.04285340998171,22590.0,104.19386772260272,23260.0,23480.0,True,True,False,False,False,False,False,False,False,False,False,False,0.0,False,False,False,not_listed_no_path,False,True,True,False,False,True,False,False,True,EPCI:200041887,0.0
25415,25,200068070,344.0,12.13,2023-01-01,2020,base-cc-serie-historique-2020.CSV,True,28.359439406430337,25434,38.043902000179926,23040.0,39.05559311456654,23050.0,104.19386772260272,23260.0,22720.0,True,True,False,False,False,False,False,False,False,False,True,False,344.0,False,False,False,not_listed_no_path,False,True,True,False,False,True,False,False,True,EPCI:200068070,0.0
25416,25,200068070,182.0,16.06,2023-01-01,2020,base-cc-serie-historique-2020.CSV,True,11.332503113325032,39500,38.043902000179926,23040.0,31.81093070518564,21820.0,104.19386772260272,23260.0,22370.0,True,True,False,False,False,False,False,False,False,False,False,False,0.0,False,False,False,not_listed_no_path,False,True,True,False,False,True,False,False,True,EPCI:200068070,0.0
25417,25,242504181,806.0,25.13,2023-01-01,2020,base-cc-serie-historique-2020.CSV,True,32.073219259848784,25532,41.3545049174215,24270.0,67.93610982773414,24560.0,104.19386772260272,23260.0,24320.0,True,True,False,False,False,False,False,False,False,False,False,False,0.0,True,False,False,not_listed_no_path,False,True,True,False,False,True,False,False,False,EPCI:242504181,0.0
25433,25,200023075,39.0,4.83,2023-01-01,2020,base-cc-serie-historique-2020.CSV,True,8.074534161490684,25356,48.72778517184687,27830.0,51.73996878156276,28390.0,104.19386772260272,23260.0,,True,True,False,False,False,False,False,False,False,False,True,False,39.0,True,False,False,not_listed_no_path,False,True,True,False,False,True,False,False,True,EPCI:200023075,0.0
25434,25,200068070,4422.0,35.72,2023-01-01,2020,base-cc-serie-historique-2020.CSV,True,123.79619260918254,25434,38.043902000179926,23040.0,39.05559311456654,23050.0,104.19386772260272,23260.0,23110.0,True,True,False,False,False,False,False,False,False,False,False,False,0.0,False,False,False,not_listed_no_path,False,True,True,False,False,True,False,False,True,EPCI:200068070,0.0
25435,25,242504181,168.0,8.29,2023-01-01,2020,base-cc-serie-historique-2020.CSV,True,20.26537997587455,25578,41.3545049174215,24270.0,35.804716256117786,23340.0,104.19386772260272,23260.0,24910.0,True,True,False,False,False,False,False,False,False,False,False,False,0.0,True,False,False,not_listed_no_path,False,True,True,False,False,True,False,False,True,EPCI:242504181,0.0
25437,25,242504447,349.0,8.21,2023-01-01,2020,base-cc-serie-historique-2020.CSV,True,42.50913520097442,25532,45.95741022040068,22400.0,67.93610982773414,24560.0,104.19386772260272,23260.0,23280.0,True,True,False,False,False,False,False,False,False,False,False,False,0.0,False,False,False,not_listed_no_path,False,True,True,False,False,True,False,False,False,EPCI:242504447,0.0
25439,25,242504447,254.0,6.56,2023-01-01,2020,base-cc-serie-historique-2020.CSV,True,38.71951219512195,25047,45.95741022040068,22400.0,35.71842410196987,21760.0,104.19386772260272,23260.0,22770.0,True,True,False,False,False,False,False,False,False,False,False,False,0.0,False,False,False,not_listed_no_path,False,True,True,False,False,True,False,False,True,EPCI:242504447,0.0
25442,25,200069565,725.0,10.45,2023-01-01,2020,base-cc-serie-historique-2020.CSV,True,69.37799043062202,25462,39.08568978249994,33790.0,57.04807313925927,27910.0,104.19386772260272,23260.0,34840.0,True,True,False,False,False,False,False,False,False,False,True,False,725.0,True,False,False,not_listed_no_path,False,True,True,False,False,True,False,False,True,EPCI:200069565,0.0
25443,25,200068070,72.0,4.31,2023-01-01,2020,base-cc-serie-historique-2020.CSV,True,16.705336426914155,25056,38.043902000179926,23040.0,295.4064719810576,22380.0,104.19386772260272,23260.0,,True,True,False,False,False,False,False,False,False,False,False,False,0.0,False,False,False,not_listed_no_path,False,True,True,False,False,True,False,False,False,EPCI:200068070,0.0
25445,25,200068070,123.0,4.37,2023-01-01,2020,base-cc-serie-historique-2020.CSV,True,28.14645308924485,39500,38.043902000179926,23040.0,31.81093070518564,21820.0,104.19386772260272,23260.0,26000.0,True,True,False,False,False,False,False,False,False,False,False,False,0.0,False,False,False,not_listed_no_path,False,True,True,False,False,True,False,False,True,EPCI:200068070,0.0
25446,25,242504447,188.0,14.98,2023-01-01,2020,base-cc-serie-historique-2020.CSV,True,12.550066755674232,25047,45.95741022040068,22400.0,35.71842410196987,21760.0,104.19386772260272,23260.0,24280.0,True,True,False,False,False,False,False,False,False,False,False,False,0.0,False,False,False,not_listed_no_path,False,True,True,False,False,True,False,False,True,EPCI:242504447,0.0
25447,25,242504181,341.0,19.49,2023-01-01,2020,base-cc-serie-historique-2020.CSV,True,17.49615187275526,25578,41.3545049174215,24270.0,35.804716256117786,23340.0,104.19386772260272,23260.0,24400.0,True,True,False,False,False,False,False,False,False,False,True,False,341.0,True,False,False,not_listed_no_path,False,True,True,False,False,True,False,False,True,EPCI:242504181,0.0
25450,25,200068070,85.0,4.35,2023-01-01,2020,base-cc-serie-historique-2020.CSV,True,19.540229885057474,25056,38.043902000179926,23040.0,295.4064719810576,22380.0,104.19386772260272,23260.0,,True,True,False,False,False,False,False,False,False,False,False,False,0.0,False,False,False,not_listed_no_path,False,True,True,False,False,True,False,False,False,EPCI:200068070,0.0
25455,25,200041887,196.0,2.57,2023-01-01,2020,base-cc-serie-historique-2020.CSV,True,76.26459143968872,70334,47.79526254762299,23080.0,38.04285340998171,22590.0,104.19386772260272,23260.0,24140.0,True,True,False,False,False,False,False,False,False,False,False,False,0.0,False,False,False,not_listed_no_path,False,True,True,False,False,True,False,False,True,EPCI:200041887,0.0
25459,25,200069565,315.0,13.0,2023-01-01,2020,base-cc-serie-historique-2020.CSV,True,24.23076923076923,25462,39.08568978249994,33790.0,57.04807313925927,27910.0,104.19386772260272,23260.0,28870.0,True,True,False,False,False,False,False,False,False,False,True,False,315.0,True,False,False,not_listed_no_path,False,True,True,False,False,True,False,False,True,EPCI:200069565,0.0
25465,25,242504447,205.0,4.95,2023-01-01,2020,base-cc-serie-historique-2020.CSV,True,41.41414141414141,25047,45.95741022040068,22400.0,35.71842410196987,21760.0,104.19386772260272,23260.0,23330.0,True,True,False,False,False,False,False,False,False,False,False,False,0.0,False,False,False,not_listed_no_path,False,True,True,False,False,True,False,False,True,EPCI:242504447,0.0
25468,25,242504447,844.0,11.6,2023-01-01,2020,base-cc-serie-historique-2020.CSV,True,72.75862068965517,25495,45.95741022040068,22400.0,102.36328952946164,22890.0,104.19386772260272,23260.0,23760.0,True,True,False,False,False,False,False,False,False,False,False,False,0.0,False,False,False,not_listed_no_path,False,True,True,False,False,True,False,False,False,EPCI:242504447,0.0
25474,25,242504447,111.0,3.42,2023-01-01,2020,base-cc-serie-historique-2020.CSV,True,32.45614035087719,25047,45.95741022040068,22400.0,35.71842410196987,21760.0,104.19386772260272,23260.0,22120.0,True,True,False,False,False,False,False,False,False,False,False,False,0.0,False,False,False,not_listed_no_path,False,True,True,False,False,True,False,False,True,EPCI:242504447,0.0
25475,25,200068070,1399.0,8.55,2023-01-01,2020,base-cc-serie-historique-2020.CSV,True,163.62573099415204,25056,38.043902000179926,23040.0,295.4064719810576,22380.0,104.19386772260272,23260.0,21790.0,True,True,False,False,False,False,False,False,False,False,False,False,0.0,False,False,False,not_listed_no_path,False,True,True,False,False,True,False,False,False,EPCI:200068070,0.0
25482,25,200041887,687.0,6.78,2023-01-01,2020,base-cc-serie-historique-2020.CSV,True,101.32743362831856,70334,47.79526254762299,23080.0,38.04285340998171,22590.0,104.19386772260272,23260.0,24120.0,True,True,False,False,False,False,False,False,False,False,False,False,0.0,False,False,False,not_listed_no_path,False,True,True,False,False,True,False,False,True,EPCI:200041887,0.0
25486,25,200069565,435.0,15.15,2023-01-01,2020,base-cc-serie-historique-2020.CSV,True,28.71287128712872,25462,39.08568978249994,33790.0,57.04807313925927,27910.0,104.19386772260272,23260.0,31880.0,True,True,False,False,False,False,False,False,False,False,True,False,435.0,True,False,False,not_listed_no_path,False,True,True,False,False,True,False,False,True,EPCI:200069565,0.0
25488,25,200068070,108.0,5.5,2023-01-01,2020,base-cc-serie-historique-2020.CSV,True,19.63636363636364,39500,38.043902000179926,23040.0,31.81093070518564,21820.0,104.19386772260272,23260.0,20340.0,True,True,False,False,False,False,False,False,False,False,False,False,0.0,False,False,False,not_listed_no_path,False,True,True,False,False,True,False,False,True,EPCI:200068070,0.0
25494,25,200069565,729.0,24.32,2023-01-01,2020,base-cc-serie-historique-2020.CSV,True,29.97532894736842,25462,39.08568978249994,33790.0,57.04807313925927,27910.0,104.19386772260272,23260.0,33450.0,True,True,False,False,False,False,False,False,False,False,True,False,729.0,True,False,False,not_listed_no_path,False,True,True,False,False,True,False,False,True,EPCI:200069565,0.0
25500,25,200068070,85.0,5.24,2023-01-01,2020,base-cc-serie-historique-2020.CSV,True,16.221374045801525,25056,38.043902000179926,23040.0,295.4064719810576,22380.0,104.19386772260272,23260.0,,True,True,False,False,False,False,False,False,False,False,False,False,0.0,False,False,False,not_listed_no_path,False,True,True,False,False,True,False,False,False,EPCI:200068070,0.0
25507,25,200068070,72.0,4.19,2023-01-01,2020,base-cc-serie-historique-2020.CSV,True,17.18377088305489,25056,38.043902000179926,23040.0,295.4064719810576,22380.0,104.19386772260272,23260.0,,True,True,False,False,False,False,False,False,False,False,False,False,0.0,False,False,False,not_listed_no_path,False,True,True,False,False,True,False,False,False,EPCI:200068070,0.0
25508,25,242504447,1127.0,8.31,2023-01-01,2020,base-cc-serie-historique-2020.CSV,True,135.61973525872443,25495,45.95741022040068,22400.0,102.36328952946164,22890.0,104.19386772260272,23260.0,23420.0,True,True,False,False,False,False,False,False,False,False,False,False,0.0,False,False,False,not_listed_no_path,False,True,True,False,False,True,False,False,False,EPCI:242504447,0.0
25510,25,200041887,360.0,7.25,2023-01-01,2020,base-cc-serie-historique-2020.CSV,True,49.6551724137931,70334,47.79526254762299,23080.0,38.04285340998171,22590.0,104.19386772260272,23260.0,24350.0,True,True,False,False,False,False,False,False,False,False,False,False,0.0,False,False,False,not_listed_no_path,False,True,True,False,False,True,False,False,True,EPCI:200041887,0.0
25511,25,200068070,356.0,14.77,2023-01-01,2020,base-cc-serie-historique-2020.CSV,True,24.102911306702776,25434,38.043902000179926,23040.0,39.05559311456654,23050.0,104.19386772260272,23260.0,23400.0,True,True,False,False,False,False,False,False,False,False,False,False,0.0,False,False,False,not_listed_no_path,False,True,True,False,False,True,False,False,True,EPCI:200068070,0.0
25514,25,200069565,330.0,4.51,2023-01-01,2020,base-cc-serie-historique-2020.CSV,True,73.17073170731707,25462,39.08568978249994,33790.0,57.04807313925927,27910.0,104.19386772260272,23260.0,34470.0,True,True,False,False,False,False,False,False,False,False,True,False,330.0,True,False,False,not_listed_no_path,False,True,True,False,False,True,False,False,True,EPCI:200069565,0.0
25518,25,242504447,157.0,2.64,2023-01-01,2020,base-cc-serie-historique-2020.CSV,True,59.46969696969697,25495,45.95741022040068,22400.0,102.36328952946164,22890.0,104.19386772260272,23260.0,22880.0,True,True,False,False,False,False,False,False,False,False,False,False,0.0,False,False,False,not_listed_no_path,False,True,True,False,False,True,False,False,False,EPCI:242504447,0.0
25520,25,242504447,181.0,12.09,2023-01-01,2020,base-cc-serie-historique-2020.CSV,True,14.971050454921423,25047,45.95741022040068,22400.0,35.71842410196987,21760.0,104.19386772260272,23260.0,21040.0,True,True,False,False,False,False,False,False,False,False,False,False,0.0,False,False,False,not_listed_no_path,False,True,True,False,False,True,False,False,True,EPCI:242504447,0.0
25525,25,200069565,298.0,4.52,2023-01-01,2020,base-cc-serie-historique-2020.CSV,True,65.92920353982302,25462,39.08568978249994,33790.0,57.04807313925927,27910.0,104.19386772260272,23260.0,32550.0,True,True,False,False,False,False,False,False,False,False,True,False,298.0,True,False,False,not_listed_no_path,False,True,True,False,False,True,False,False,True,EPCI:200069565,0.0
25528,25,200068070,72.0,1.95,2023-01-01,2020,base-cc-serie-historique-2020.CSV,True,36.92307692307693,25056,38.043902000179926,23040.0,295.4064719810576,22380.0,104.19386772260272,23260.0,,True,True,False,False,False,False,False,False,False,False,False,False,0.0,False,False,False,not_listed_no_path,False,True,True,False,False,True,False,False,False,EPCI:200068070,0.0
25535,25,200068070,231.0,7.64,2023-01-01,2020,base-cc-serie-historique-2020.CSV,True,30.23560209424084,25434,38.043902000179926,23040.0,39.05559311456654,23050.0,104.19386772260272,23260.0,23790.0,True,True,False,False,False,False,False,False,False,False,False,False,0.0,False,False,False,not_listed_no_path,False,True,True,False,False,True,False,False,True,EPCI:200068070,0.0
25536,25,200041887,188.0,3.95,2023-01-01,2020,base-cc-serie-historique-2020.CSV,True,47.59493670886076,25056,47.79526254762299,23080.0,295.4064719810576,22380.0,104.19386772260272,23260.0,23060.0,True,True,False,False,False,False,False,False,False,False,False,False,0.0,False,False,False,not_listed_no_path,False,True,True,False,False,True,False,False,False,EPCI:200041887,0.0
25537,25,200068070,287.0,12.53,2023-01-01,2020,base-cc-serie-historique-2020.CSV,True,22.90502793296089,25434,38.043902000179926,23040.0,39.05559311456654,23050.0,104.19386772260272,23260.0,23820.0,True,True,False,False,False,False,False,False,False,False,False,False,0.0,False,False,False,not_listed_no_path,False,True,True,False,False,True,False,False,True,EPCI:200068070,0.0
25538,25,242504447,117.0,1.09,2023-01-01,2020,base-cc-serie-historique-2020.CSV,True,107.3394495412844,25047,45.95741022040068,22400.0,35.71842410196987,21760.0,104.19386772260272,23260.0,20430.0,True,True,False,False,False,False,False,False,False,False,False,False,0.0,False,False,False,not_listed_no_path,False,True,True,False,False,True,False,False,True,EPCI:242504447,0.0
25546,25,242504447,61.0,4.34,2023-01-01,2020,base-cc-serie-historique-2020.CSV,True,14.055299539170507,25047,45.95741022040068,22400.0,35.71842410196987,21760.0,104.19386772260272,23260.0,,True,True,False,False,False,False,False,False,False,False,False,False,0.0,False,False,False,not_listed_no_path,False,True,True,False,False,True,False,False,True,EPCI:242504447,0.0
25559,25,200023075,258.0,5.81,2023-01-01,2020,base-cc-serie-historique-2020.CSV,True,44.40619621342513,25356,48.72778517184687,27830.0,51.73996878156276,28390.0,104.19386772260272,23260.0,31480.0,True,True,False,False,False,False,False,False,False,False,True,False,258.0,True,False,False,not_listed_no_path,False,True,True,False,False,True,False,False,True,EPCI:200023075,0.0
25563,25,242504447,119.0,4.83,2023-01-01,2020,base-cc-serie-historique-2020.CSV,True,24.63768115942029,25056,45.95741022040068,22400.0,295.4064719810576,22380.0,104.19386772260272,23260.0,22740.0,True,True,False,False,False,False,False,False,False,False,False,False,0.0,False,False,False,not_listed_no_path,False,True,True,False,False,True,False,False,False,EPCI:242504447,0.0
25565,25,200069565,273.0,4.72,2023-01-01,2020,base-cc-serie-historique-2020.CSV,True,57.83898305084746,25462,39.08568978249994,33790.0,57.04807313925927,27910.0,104.19386772260272,23260.0,36570.0,True,True,False,False,False,False,False,False,False,False,True,False,273.0,True,False,False,not_listed_no_path,False,True,True,False,False,True,False,False,True,EPCI:200069565,0.0
25569,25,200068070,544.0,14.5,2023-01-01,2020,base-cc-serie-historique-2020.CSV,True,37.51724137931034,25532,38.043902000179926,23040.0,67.93610982773414,24560.0,104.19386772260272,23260.0,25290.0,True,True,False,False,False,False,False,False,False,False,False,False,0.0,False,False,False,not_listed_no_path,False,True,True,False,False,True,False,False,False,EPCI:200068070,0.0
25571,25,200023075,509.0,10.74,2023-01-01,2020,base-cc-serie-historique-2020.CSV,True,47.39292364990689,25356,48.72778517184687,27830.0,51.73996878156276,28390.0,104.19386772260272,23260.0,28280.0,True,True,False,False,False,False,False,False,False,False,True,False,509.0,True,False,False,not_listed_no_path,False,True,True,False,False,True,False,False,True,EPCI:200023075,0.0
25573,25,200023075,14.0,2.15,2023-01-01,2020,base-cc-serie-historique-2020.CSV,True,6.511627906976744,25356,48.72778517184687,27830.0,51.73996878156276,28390.0,104.19386772260272,23260.0,,True,True,False,False,False,False,False,False,False,False,True,False,14.0,True,False,False,not_listed_no_path,False,True,True,False,False,True,False,False,True,EPCI:200023075,0.0
25578,25,242504181,5734.0,25.51,2023-01-01,2020,base-cc-serie-historique-2020.CSV,True,224.77459819678555,25578,41.3545049174215,24270.0,35.804716256117786,23340.0,104.19386772260272,23260.0,23020.0,True,True,False,False,False,False,False,False,False,False,True,False,5734.0,True,False,False,not_listed_no_path,False,True,True,False,False,True,False,False,True,EPCI:242504181,0.0
25579,25,242504447,209.0,2.99,2023-01-01,2020,base-cc-serie-historique-2020.CSV,True,69.89966555183946,25047,45.95741022040068,22400.0,35.71842410196987,21760.0,104.19386772260272,23260.0,24510.0,True,True,False,False,False,False,False,False,False,False,False,False,0.0,False,False,False,not_listed_no_path,False,True,True,False,False,True,False,False,True,EPCI:242504447,0.0
25582,25,242504447,143.0,3.05,2023-01-01,2020,base-cc-serie-historique-2020.CSV,True,46.885245901639344,70447,45.95741022040068,22400.0,35.19694314362054,22660.0,104.19386772260272,23260.0,26230.0,True,True,False,False,False,False,False,False,False,False,False,False,0.0,False,False,False,not_listed_no_path,False,True,True,False,False,True,False,False,True,EPCI:242504447,0.0
25599,25,242504447,255.0,1.36,2023-01-01,2020,base-cc-serie-historique-2020.CSV,True,187.5,25495,45.95741022040068,22400.0,102.36328952946164,22890.0,104.19386772260272,23260.0,23760.0,True,True,False,False,False,False,False,False,False,False,False,False,0.0,False,False,False,not_listed_no_path,False,True,True,False,False,True,False,False,False,EPCI:242504447,0.0
25601,25,242504181,1691.0,29.96,2023-01-01,2020,base-cc-serie-historique-2020.CSV,True,56.44192256341789,25578,41.3545049174215,24270.0,35.804716256117786,23340.0,104.19386772260272,23260.0,23440.0,True,True,False,False,False,False,False,False,False,False,True,False,1691.0,True,False,False,not_listed_no_path,False,True,True,False,False,True,False,False,True,EPCI:242504181,0.0
25602,25,242504447,118.0,5.18,2023-01-01,2020,base-cc-serie-historique-2020.CSV,True,22.77992277992278,25047,45.95741022040068,22400.0,35.71842410196987,21760.0,104.19386772260272,23260.0,22280.0,True,True,False,False,False,False,False,False,False,False,False,False,0.0,False,False,False,not_listed_no_path,False,True,True,False,False,True,False,False,True,EPCI:242504447,0.0
25604,25,242504447,125.0,7.82,2023-01-01,2020,base-cc-serie-historique-2020.CSV,True,15.9846547314578,25047,45.95741022040068,22400.0,35.71842410196987,21760.0,104.19386772260272,23260.0,22120.0,True,True,False,False,False,False,False,False,False,False,False,False,0.0,False,False,False,not_listed_no_path,False,True,True,False,False,True,False,False,True,EPCI:242504447,0.0
25605,25,242504181,481.0,13.28,2023-01-01,2020,base-cc-serie-historique-2020.CSV,True,36.21987951807229,25578,41.3545049174215,24270.0,35.804716256117786,23340.0,104.19386772260272,23260.0,23590.0,True,True,False,False,False,False,False,False,False,False,True,False,481.0,True,False,False,not_listed_no_path,False,True,True,False,False,True,False,False,True,EPCI:242504181,0.0
25622,25,200041887,260.0,3.19,2023-01-01,2020,base-cc-serie-historique-2020.CSV,True,81.50470219435736,25056,47.79526254762299,23080.0,295.4064719810576,22380.0,104.19386772260272,23260.0,25470.0,True,True,False,False,False,False,False,False,False,False,False,False,0.0,False,False,False,not_listed_no_path,False,True,True,False,False,True,False,False,False,EPCI:200041887,0.0
25624,25,242504447,146.0,7.02,2023-01-01,2020,base-cc-serie-historique-2020.CSV,True,20.7977207977208,25047,45.95741022040068,22400.0,35.71842410196987,21760.0,104.19386772260272,23260.0,21950.0,True,True,False,False,False,False,False,False,False,False,False,False,0.0,False,False,False,not_listed_no_path,False,True,True,False,False,True,False,False,True,EPCI:242504447,0.0
25626,25,242504447,226.0,8.9,2023-01-01,2020,base-cc-serie-historique-2020.CSV,True,25.39325842696629,25047,45.95741022040068,22400.0,35.71842410196987,21760.0,104.19386772260272,23260.0,22960.0,True,True,False,False,False,False,False,False,False,False,False,False,0.0,False,False,False,not_listed_no_path,False,True,True,False,False,True,False,False,True,EPCI:242504447,0.0
25629,25,242504447,200.0,10.12,2023-01-01,2020,base-cc-serie-historique-2020.CSV,True,19.76284584980237,25047,45.95741022040068,22400.0,35.71842410196987,21760.0,104.19386772260272,23260.0,23470.0,True,True,False,False,False,False,False,False,False,False,False,False,0.0,False,False,False,not_listed_no_path,False,True,True,False,False,True,False,False,True,EPCI:242504447,0.0
25630,25,242504181,78.0,4.88,2023-01-01,2020,base-cc-serie-historique-2020.CSV,True,15.98360655737705,25578,41.3545049174215,24270.0,35.804716256117786,23340.0,104.19386772260272,23260.0,,True,True,False,False,False,False,False,False,False,False,True,False,78.0,True,False,False,not_listed_no_path,False,True,True,False,False,True,False,False,True,EPCI:242504181,0.0
25633,25,200068070,717.0,6.14,2023-01-01,2020,base-cc-serie-historique-2020.CSV,True,116.77524429967428,25434,38.043902000179926,23040.0,39.05559311456654,23050.0,104.19386772260272,23260.0,21560.0,True,True,False,False,False,False,False,False,False,False,True,False,717.0,False,False,False,not_listed_no_path,False,True,True,False,False,True,False,False,True,EPCI:200068070,0.0
26007,26,242600252,101.0,1.23,2023-01-01,2020,base-cc-serie-historique-2020.CSV,True,82.11382113821138,26165,52.04743942637714,22320.0,113.01100781827374,21800.0,79.28223033867029,21790.0,,True,True,False,False,False,False,False,False,False,False,False,False,0.0,False,False,False,not_listed_no_path,False,True,True,False,False,True,False,False,False,EPCI:242600252,0.0
26097,26,242600252,615.0,9.65,2023-01-01,2020,base-cc-serie-historique-2020.CSV,True,63.73056994818653,26165,52.04743942637714,22320.0,113.01100781827374,21800.0,79.28223033867029,21790.0,23650.0,True,True,False,False,False,False,False,False,False,False,False,False,0.0,False,False,False,not_listed_no_path,False,True,True,False,False,True,False,False,False,EPCI:242600252,0.0
26165,26,242600252,9254.0,39.52,2023-01-01,2020,base-cc-serie-historique-2020.CSV,True,234.15991902834008,26165,52.04743942637714,22320.0,113.01100781827374,21800.0,79.28223033867029,21790.0,21830.0,True,True,False,False,False,False,False,False,False,False,False,False,0.0,False,False,False,not_listed_no_path,False,True,True,False,False,True,False,False,False,EPCI:242600252,0.0
26166,26,242600252,6629.0,28.66,2023-01-01,2020,base-cc-serie-historique-2020.CSV,True,231.297976273552,26165,52.04743942637714,22320.0,113.01100781827374,21800.0,79.28223033867029,21790.0,21020.0,True,True,False,False,False,False,False,False,False,False,False,False,0.0,False,False,False,not_listed_no_path,False,True,True,False,False,True,False,False,False,EPCI:242600252,0.0
26185,26,242600252,592.0,26.45,2023-01-01,2020,base-cc-serie-historique-2020.CSV,True,22.38185255198488,26165,52.04743942637714,22320.0,113.01100781827374,21800.0,79.28223033867029,21790.0,25010.0,True,True,False,False,False,False,False,False,False,False,False,False,0.0,False,False,False,not_listed_no_path,False,True,True,False,False,True,False,False,False,EPCI:242600252,0.0
27009,27,200066462,565.0,16.8,2023-01-01,2020,base-cc-serie-historique-2020.CSV,True,33.63095238095238,61214,46.66510561731286,21130.0,40.65038795070744,20590.0,99.80759756600936,22240.0,18100.0,True,True,True,False,False,False,False,False,True,True,False,False,0.0,False,False,True,verified_mandatory_path_listed,False,True,True,False,False,True,True,False,False,EPCI:200066462,565.0
27019,27,200066462,161.0,6.11,2023-01-01,2020,base-cc-serie-historique-2020.CSV,True,26.350245499181668,27679,46.66510561731286,21130.0,47.37445102157724,20790.0,99.80759756600936,22240.0,22490.0,True,True,True,False,False,False,False,False,True,True,False,False,0.0,False,False,True,verified_mandatory_path_listed,False,True,True,False,False,True,True,False,False,EPCI:200066462,161.0
27036,27,200066462,541.0,3.73,2023-01-01,2020,base-cc-serie-historique-2020.CSV,True,145.0402144772118,27679,46.66510561731286,21130.0,47.37445102157724,20790.0,99.80759756600936,22240.0,22430.0,True,True,True,False,False,False,False,False,True,True,False,False,0.0,False,False,True,verified_mandatory_path_listed,False,True,True,False,False,True,True,False,False,EPCI:200066462,541.0
27038,27,200066462,276.0,9.53,2023-01-01,2020,base-cc-serie-historique-2020.CSV,True,28.96117523609654,27679,46.66510561731286,21130.0,47.37445102157724,20790.0,99.80759756600936,22240.0,20800.0,True,True,True,False,False,False,False,False,True,True,False,False,0.0,False,False,True,verified_mandatory_path_listed,False,True,True,False,False,True,True,False,False,EPCI:200066462,276.0
27043,27,200066462,677.0,34.22,2023-01-01,2020,base-cc-serie-historique-2020.CSV,True,19.78375219170076,27112,46.66510561731286,21130.0,39.79363379733282,20690.0,99.80759756600936,22240.0,20710.0,True,True,True,False,False,False,False,False,True,True,False,False,0.0,False,False,True,verified_mandatory_path_listed,False,True,True,False,False,True,True,False,False,EPCI:200066462,677.0
27054,27,200066462,582.0,17.11,2023-01-01,2020,base-cc-serie-historique-2020.CSV,True,34.015195791934545,27112,46.66510561731286,21130.0,39.79363379733282,20690.0,99.80759756600936,22240.0,21390.0,True,True,True,False,False,False,False,False,True,True,False,False,0.0,False,False,True,verified_mandatory_path_listed,False,True,True,False,False,True,True,False,False,EPCI:200066462,582.0
27068,27,200066462,171.0,11.61,2023-01-01,2020,base-cc-serie-historique-2020.CSV,True,14.728682170542635,27056,46.66510561731286,21130.0,53.733823861619385,21310.0,99.80759756600936,22240.0,17790.0,True,True,True,False,False,False,False,False,True,True,False,False,0.0,False,False,True,verified_mandatory_path_listed,False,True,True,False,False,True,True,False,False,EPCI:200066462,171.0
27069,27,200066462,689.0,12.9,2023-01-01,2020,base-cc-serie-historique-2020.CSV,True,53.41085271317829,61214,46.66510561731286,21130.0,40.65038795070744,20590.0,99.80759756600936,22240.0,21550.0,True,True,True,False,False,False,False,False,True,True,False,False,0.0,False,False,True,verified_mandatory_path_listed,False,True,True,False,False,True,True,False,False,EPCI:200066462,689.0
27075,27,200066462,350.0,16.88,2023-01-01,2020,base-cc-serie-historique-2020.CSV,True,20.734597156398102,61214,46.66510561731286,21130.0,40.65038795070744,20590.0,99.80759756600936,22240.0,20930.0,True,True,True,False,False,False,False,False,True,True,False,False,0.0,False,False,True,verified_mandatory_path_listed,False,True,True,False,False,True,True,False,False,EPCI:200066462,350.0
27096,27,200066462,344.0,22.13,2023-01-01,2020,base-cc-serie-historique-2020.CSV,True,15.544509715318572,61214,46.66510561731286,21130.0,40.65038795070744,20590.0,99.80759756600936,22240.0,22470.0,True,True,True,False,False,False,False,False,True,True,False,False,0.0,False,False,True,verified_mandatory_path_listed,False,True,True,False,False,True,True,False,False,EPCI:200066462,344.0
27108,27,200066462,1188.0,18.63,2023-01-01,2020,base-cc-serie-historique-2020.CSV,True,63.76811594202899,27679,46.66510561731286,21130.0,47.37445102157724,20790.0,99.80759756600936,22240.0,21010.0,True,True,True,False,False,False,False,False,True,True,False,False,0.0,False,False,True,verified_mandatory_path_listed,False,True,True,False,False,True,True,False,False,EPCI:200066462,1188.0
27112,27,200066462,4321.0,55.05,2023-01-01,2020,base-cc-serie-historique-2020.CSV,True,78.49227974568575,27112,46.66510561731286,21130.0,39.79363379733282,20690.0,99.80759756600936,22240.0,20230.0,True,True,True,False,False,False,False,False,True,True,False,False,0.0,False,False,True,verified_mandatory_path_listed,False,True,True,False,False,True,True,False,False,EPCI:200066462,4321.0
27115,27,200066462,339.0,7.08,2023-01-01,2020,base-cc-serie-historique-2020.CSV,True,47.88135593220339,27679,46.66510561731286,21130.0,47.37445102157724,20790.0,99.80759756600936,22240.0,22050.0,True,True,True,False,False,False,False,False,True,True,False,False,0.0,False,False,True,verified_mandatory_path_listed,False,True,True,False,False,True,True,False,False,EPCI:200066462,339.0
27137,27,200066462,199.0,5.93,2023-01-01,2020,base-cc-serie-historique-2020.CSV,True,33.55817875210793,61214,46.66510561731286,21130.0,40.65038795070744,20590.0,99.80759756600936,22240.0,22600.0,True,True,True,False,False,False,False,False,True,True,False,False,0.0,False,False,True,verified_mandatory_path_listed,False,True,True,False,False,True,True,False,False,EPCI:200066462,199.0
27139,27,200066462,175.0,14.62,2023-01-01,2020,base-cc-serie-historique-2020.CSV,True,11.969904240766075,61214,46.66510561731286,21130.0,40.65038795070744,20590.0,99.80759756600936,22240.0,21160.0,True,True,True,False,False,False,False,False,True,True,False,False,0.0,False,False,True,verified_mandatory_path_listed,False,True,True,False,False,True,True,False,False,EPCI:200066462,175.0
27155,27,200066462,105.0,2.92,2023-01-01,2020,base-cc-serie-historique-2020.CSV,True,35.95890410958904,27679,46.66510561731286,21130.0,47.37445102157724,20790.0,99.80759756600936,22240.0,,True,True,True,False,False,False,False,False,True,True,False,False,0.0,False,False,True,verified_mandatory_path_listed,False,True,True,False,False,True,True,False,False,EPCI:200066462,105.0
27156,27,200066462,467.0,21.51,2023-01-01,2020,base-cc-serie-historique-2020.CSV,True,21.71083217108321,61214,46.66510561731286,21130.0,40.65038795070744,20590.0,99.80759756600936,22240.0,21210.0,True,True,True,False,False,False,False,False,True,True,False,False,0.0,False,False,True,verified_mandatory_path_listed,False,True,True,False,False,True,True,False,False,EPCI:200066462,467.0
27182,27,200066462,162.0,6.24,2023-01-01,2020,base-cc-serie-historique-2020.CSV,True,25.96153846153846,27679,46.66510561731286,21130.0,47.37445102157724,20790.0,99.80759756600936,22240.0,23650.0,True,True,True,False,False,False,False,False,True,True,False,False,0.0,False,False,True,verified_mandatory_path_listed,False,True,True,False,False,True,True,False,False,EPCI:200066462,162.0
27258,27,200066017,526.0,9.32,2023-01-01,2020,base-cc-serie-historique-2020.CSV,True,56.43776824034335,27065,49.82584338083059,21370.0,93.31804523169382,22280.0,99.80759756600936,22240.0,22990.0,True,True,True,False,False,False,False,False,False,False,False,False,0.0,False,False,True,verified_mandatory_path_listed,False,True,True,False,False,True,True,False,False,EPCI:200066017,526.0
27291,27,200066462,124.0,12.27,2023-01-01,2020,base-cc-serie-historique-2020.CSV,True,10.105949470252648,61214,46.66510561731286,21130.0,40.65038795070744,20590.0,99.80759756600936,22240.0,21350.0,True,True,True,False,False,False,False,False,True,True,False,False,0.0,False,False,True,verified_mandatory_path_listed,False,True,True,False,False,True,True,False,False,EPCI:200066462,124.0
27323,27,200066462,286.0,18.64,2023-01-01,2020,base-cc-serie-historique-2020.CSV,True,15.343347639484978,61214,46.66510561731286,21130.0,40.65038795070744,20590.0,99.80759756600936,22240.0,19690.0,True,True,True,False,False,False,False,False,True,True,False,False,0.0,False,False,True,verified_mandatory_path_listed,False,True,True,False,False,True,True,False,False,EPCI:200066462,286.0
27341,27,200066462,67.0,6.74,2023-01-01,2020,base-cc-serie-historique-2020.CSV,True,9.940652818991095,27679,46.66510561731286,21130.0,47.37445102157724,20790.0,99.80759756600936,22240.0,,True,True,True,False,False,False,False,False,True,True,False,False,0.0,False,False,True,verified_mandatory_path_listed,False,True,True,False,False,True,True,False,False,EPCI:200066462,67.0
27359,27,200066462,224.0,12.96,2023-01-01,2020,base-cc-serie-historique-2020.CSV,True,17.28395061728395,61214,46.66510561731286,21130.0,40.65038795070744,20590.0,99.80759756600936,22240.0,19340.0,True,True,True,False,False,False,False,False,True,True,False,False,0.0,False,False,True,verified_mandatory_path_listed,False,True,True,False,False,True,True,False,False,EPCI:200066462,224.0
27361,27,200066017,395.0,7.96,2023-01-01,2020,base-cc-serie-historique-2020.CSV,True,49.62311557788945,27065,49.82584338083059,21370.0,93.31804523169382,22280.0,99.80759756600936,22240.0,22390.0,True,True,True,False,False,False,False,False,False,False,False,False,0.0,False,False,True,verified_mandatory_path_listed,False,True,True,False,False,True,True,False,False,EPCI:200066017,395.0
27381,27,200066017,164.0,3.14,2023-01-01,2020,base-cc-serie-historique-2020.CSV,True,52.22929936305732,27056,49.82584338083059,21370.0,53.733823861619385,21310.0,99.80759756600936,22240.0,21730.0,True,True,True,False,False,False,False,False,True,True,False,False,0.0,False,False,True,verified_mandatory_path_listed,False,True,True,False,False,True,True,False,False,EPCI:200066017,164.0
27383,27,200066462,367.0,11.79,2023-01-01,2020,base-cc-serie-historique-2020.CSV,True,31.128074639525025,27679,46.66510561731286,21130.0,47.37445102157724,20790.0,99.80759756600936,22240.0,22550.0,True,True,True,False,False,False,False,False,True,True,False,False,0.0,False,False,True,verified_mandatory_path_listed,False,True,True,False,False,True,True,False,False,EPCI:200066462,367.0
27393,27,200066017,501.0,9.09,2023-01-01,2020,base-cc-serie-historique-2020.CSV,True,55.11551155115512,27065,49.82584338083059,21370.0,93.31804523169382,22280.0,99.80759756600936,22240.0,22240.0,True,True,True,False,False,False,False,False,False,False,False,False,0.0,False,False,True,verified_mandatory_path_listed,False,True,True,False,False,True,True,False,False,EPCI:200066017,501.0
27427,27,200066462,419.0,17.35,2023-01-01,2020,base-cc-serie-historique-2020.CSV,True,24.14985590778097,61214,46.66510561731286,21130.0,40.65038795070744,20590.0,99.80759756600936,22240.0,21060.0,True,True,True,False,False,False,False,False,True,True,False,False,0.0,False,False,True,verified_mandatory_path_listed,False,True,True,False,False,True,True,False,False,EPCI:200066462,419.0
27431,27,200066462,580.0,2.85,2023-01-01,2020,base-cc-serie-historique-2020.CSV,True,203.5087719298245,61214,46.66510561731286,21130.0,40.65038795070744,20590.0,99.80759756600936,22240.0,18300.0,True,True,True,False,False,False,False,False,True,True,False,False,0.0,False,False,True,verified_mandatory_path_listed,False,True,True,False,False,True,True,False,False,EPCI:200066462,580.0
27457,27,200066462,694.0,19.63,2023-01-01,2020,base-cc-serie-historique-2020.CSV,True,35.35404992358635,27679,46.66510561731286,21130.0,47.37445102157724,20790.0,99.80759756600936,22240.0,22180.0,True,True,True,False,False,False,False,False,True,True,False,False,0.0,False,False,True,verified_mandatory_path_listed,False,True,True,False,False,True,True,False,False,EPCI:200066462,694.0
27481,27,200066462,401.0,12.03,2023-01-01,2020,base-cc-serie-historique-2020.CSV,True,33.333333333333336,27679,46.66510561731286,21130.0,47.37445102157724,20790.0,99.80759756600936,22240.0,24320.0,True,True,True,False,False,False,False,False,True,True,False,False,0.0,False,False,True,verified_mandatory_path_listed,False,True,True,False,False,True,True,False,False,EPCI:200066462,401.0
27502,27,200066462,2204.0,14.1,2023-01-01,2020,base-cc-serie-historique-2020.CSV,True,156.31205673758865,61214,46.66510561731286,21130.0,40.65038795070744,20590.0,99.80759756600936,22240.0,19580.0,True,True,True,False,False,False,False,False,True,True,False,False,0.0,False,False,True,verified_mandatory_path_listed,False,True,True,False,False,True,True,False,False,EPCI:200066462,2204.0
27508,27,200066462,206.0,7.16,2023-01-01,2020,base-cc-serie-historique-2020.CSV,True,28.77094972067039,61214,46.66510561731286,21130.0,40.65038795070744,20590.0,99.80759756600936,22240.0,22730.0,True,True,True,False,False,False,False,False,True,True,False,False,0.0,False,False,True,verified_mandatory_path_listed,False,True,True,False,False,True,True,False,False,EPCI:200066462,206.0
27521,27,200066462,136.0,10.76,2023-01-01,2020,base-cc-serie-historique-2020.CSV,True,12.639405204460967,27679,46.66510561731286,21130.0,47.37445102157724,20790.0,99.80759756600936,22240.0,21710.0,True,True,True,False,False,False,False,False,True,True,False,False,0.0,False,False,True,verified_mandatory_path_listed,False,True,True,False,False,True,True,False,False,EPCI:200066462,136.0
27578,27,200066462,591.0,26.04,2023-01-01,2020,base-cc-serie-historique-2020.CSV,True,22.695852534562214,27112,46.66510561731286,21130.0,39.79363379733282,20690.0,99.80759756600936,22240.0,21280.0,True,True,True,False,False,False,False,False,True,True,False,False,0.0,False,False,True,verified_mandatory_path_listed,False,True,True,False,False,True,True,False,False,EPCI:200066462,591.0
27610,27,200066462,55.0,6.9,2023-01-01,2020,base-cc-serie-historique-2020.CSV,True,7.971014492753623,27679,46.66510561731286,21130.0,47.37445102157724,20790.0,99.80759756600936,22240.0,,True,True,True,False,False,False,False,False,True,True,False,False,0.0,False,False,True,verified_mandatory_path_listed,False,True,True,False,False,True,True,False,False,EPCI:200066462,55.0
27643,27,200066462,1059.0,16.76,2023-01-01,2020,base-cc-serie-historique-2020.CSV,True,63.18615751789976,27679,46.66510561731286,21130.0,47.37445102157724,20790.0,99.80759756600936,22240.0,19770.0,True,True,True,False,False,False,False,False,True,True,False,False,0.0,False,False,True,verified_mandatory_path_listed,False,True,True,False,False,True,True,False,False,EPCI:200066462,1059.0
27646,27,200066017,443.0,6.59,2023-01-01,2020,base-cc-serie-historique-2020.CSV,True,67.22306525037936,27065,49.82584338083059,21370.0,93.31804523169382,22280.0,99.80759756600936,22240.0,23510.0,True,True,True,False,False,False,False,False,False,False,False,False,0.0,False,False,True,verified_mandatory_path_listed,False,True,True,False,False,True,True,False,False,EPCI:200066017,443.0
27671,27,200066017,163.0,4.93,2023-01-01,2020,base-cc-serie-historique-2020.CSV,True,33.06288032454361,27467,49.82584338083059,21370.0,78.03567210016537,21430.0,99.80759756600936,22240.0,22720.0,True,True,True,False,False,False,False,False,False,False,False,False,0.0,False,False,True,verified_mandatory_path_listed,False,True,True,False,False,True,True,False,False,EPCI:200066017,163.0
27693,27,200066462,1299.0,23.88,2023-01-01,2020,base-cc-serie-historique-2020.CSV,True,54.39698492462312,27198,46.66510561731286,21130.0,49.45504087193461,22950.0,99.80759756600936,22240.0,25430.0,True,True,True,False,False,False,False,False,False,False,False,False,0.0,False,False,True,verified_mandatory_path_listed,False,True,True,False,False,True,True,False,False,EPCI:200066462,1299.0
28005,28,242852465,751.0,19.58,2023-01-01,2020,base-cc-serie-historique-2020.CSV,True,38.35546475995915,28051,35.940722408815034,22130.0,39.39201553572096,22380.0,73.3752838034337,22650.0,21710.0,True,True,False,False,False,False,False,False,False,False,False,False,0.0,False,False,False,not_listed_no_path,False,True,True,False,False,True,False,False,True,EPCI:242852465,0.0
28009,28,200070159,71.0,4.07,2023-01-01,2020,base-cc-serie-historique-2020.CSV,True,17.444717444717444,91016,25.26445826282844,22610.0,49.65294086947445,23080.0,73.3752838034337,22650.0,,True,True,False,False,False,False,False,False,False,False,False,False,0.0,False,False,False,not_listed_no_path,False,True,True,False,False,True,False,False,True,EPCI:200070159,0.0
28010,28,200006971,323.0,18.35,2023-01-01,2020,base-cc-serie-historique-2020.CSV,True,17.60217983651226,28280,55.24415616203647,21270.0,42.35730545485204,21320.0,73.3752838034337,22650.0,21220.0,True,True,True,False,False,False,False,False,True,True,False,False,0.0,False,False,True,verified_mandatory_path_listed,False,True,True,False,False,True,True,False,False,EPCI:200006971,323.0
28021,28,200058360,1597.0,16.54,2023-01-01,2020,base-cc-serie-historique-2020.CSV,True,96.55380894800484,28196,46.66710913475366,22960.0,41.29539356837849,22450.0,73.3752838034337,22650.0,23370.0,True,True,False,False,False,False,False,False,False,False,False,False,0.0,False,False,False,not_listed_no_path,False,True,True,False,False,True,False,False,True,EPCI:200058360,0.0
28040,28,200058360,320.0,11.95,2023-01-01,2020,base-cc-serie-historique-2020.CSV,True,26.77824267782427,28116,46.66710913475366,22960.0,47.83485895759387,23510.0,73.3752838034337,22650.0,23250.0,True,True,False,False,False,False,False,False,False,False,False,False,0.0,False,False,False,not_listed_no_path,False,True,True,False,False,True,False,False,True,EPCI:200058360,0.0
28041,28,200058360,278.0,13.68,2023-01-01,2020,base-cc-serie-historique-2020.CSV,True,20.321637426900587,28196,46.66710913475366,22960.0,41.29539356837849,22450.0,73.3752838034337,22650.0,22130.0,True,True,False,False,False,False,False,False,False,False,False,False,0.0,False,False,False,not_listed_no_path,False,True,True,False,False,True,False,False,True,EPCI:200058360,0.0
28051,28,242852465,4841.0,28.78,2023-01-01,2020,base-cc-serie-historique-2020.CSV,True,168.20708825573314,28051,35.940722408815034,22130.0,39.39201553572096,22380.0,73.3752838034337,22650.0,21670.0,True,True,False,False,False,False,False,False,False,False,False,False,0.0,False,False,False,not_listed_no_path,False,True,True,False,False,True,False,False,True,EPCI:242852465,0.0
28057,28,242852465,598.0,15.65,2023-01-01,2020,base-cc-serie-historique-2020.CSV,True,38.2108626198083,28051,35.940722408815034,22130.0,39.39201553572096,22380.0,73.3752838034337,22650.0,22100.0,True,True,False,False,False,False,False,False,False,False,False,False,0.0,False,False,False,not_listed_no_path,False,True,True,False,False,True,False,False,True,EPCI:242852465,0.0
28065,28,242852465,107.0,6.66,2023-01-01,2020,base-cc-serie-historique-2020.CSV,True,16.066066066066067,28051,35.940722408815034,22130.0,39.39201553572096,22380.0,73.3752838034337,22650.0,22420.0,True,True,False,False,False,False,False,False,False,False,False,False,0.0,False,False,False,not_listed_no_path,False,True,True,False,False,True,False,False,True,EPCI:242852465,0.0
28067,28,200058360,89.0,7.89,2023-01-01,2020,base-cc-serie-historique-2020.CSV,True,11.280101394169836,28116,46.66710913475366,22960.0,47.83485895759387,23510.0,73.3752838034337,22650.0,,True,True,False,False,False,False,False,False,False,False,False,False,0.0,False,False,False,not_listed_no_path,False,True,True,False,False,True,False,False,True,EPCI:200058360,0.0
28072,28,200006971,405.0,9.02,2023-01-01,2020,base-cc-serie-historique-2020.CSV,True,44.90022172949003,28280,55.24415616203647,21270.0,42.35730545485204,21320.0,73.3752838034337,22650.0,23550.0,True,True,True,False,False,False,False,False,True,True,False,False,0.0,False,False,True,verified_mandatory_path_listed,False,True,True,False,False,True,True,False,False,EPCI:200006971,405.0
28081,28,200058360,302.0,9.66,2023-01-01,2020,base-cc-serie-historique-2020.CSV,True,31.26293995859213,28196,46.66710913475366,22960.0,41.29539356837849,22450.0,73.3752838034337,22650.0,21780.0,True,True,False,False,False,False,False,False,False,False,False,False,0.0,False,False,False,not_listed_no_path,False,True,True,False,False,True,False,False,True,EPCI:200058360,0.0
28091,28,200058360,146.0,10.87,2023-01-01,2020,base-cc-serie-historique-2020.CSV,True,13.43146274149034,28196,46.66710913475366,22960.0,41.29539356837849,22450.0,73.3752838034337,22650.0,21830.0,True,True,False,False,False,False,False,False,False,False,False,False,0.0,False,False,False,not_listed_no_path,False,True,True,False,False,True,False,False,True,EPCI:200058360,0.0
28099,28,200058360,1096.0,22.98,2023-01-01,2020,base-cc-serie-historique-2020.CSV,True,47.693646649260224,28116,46.66710913475366,22960.0,47.83485895759387,23510.0,73.3752838034337,22650.0,23410.0,True,True,False,False,False,False,False,False,False,False,False,False,0.0,False,False,False,not_listed_no_path,False,True,True,False,False,True,False,False,True,EPCI:200058360,0.0
28116,28,200058360,2812.0,11.13,2023-01-01,2020,base-cc-serie-historique-2020.CSV,True,252.6504941599281,28116,46.66710913475366,22960.0,47.83485895759387,23510.0,73.3752838034337,22650.0,22020.0,True,True,False,False,False,False,False,False,False,False,False,False,0.0,False,False,False,not_listed_no_path,False,True,True,False,False,True,False,False,True,EPCI:200058360,0.0
28126,28,242852465,199.0,9.9,2023-01-01,2020,base-cc-serie-historique-2020.CSV,True,20.1010101010101,28051,35.940722408815034,22130.0,39.39201553572096,22380.0,73.3752838034337,22650.0,23240.0,True,True,False,False,False,False,False,False,False,False,False,False,0.0,False,False,False,not_listed_no_path,False,True,True,False,False,True,False,False,True,EPCI:242852465,0.0
28139,28,200058360,184.0,9.31,2023-01-01,2020,base-cc-serie-historique-2020.CSV,True,19.76369495166488,28196,46.66710913475366,22960.0,41.29539356837849,22450.0,73.3752838034337,22650.0,24820.0,True,True,False,False,False,False,False,False,False,False,False,False,0.0,False,False,False,not_listed_no_path,False,True,True,False,False,True,False,False,True,EPCI:200058360,0.0
28142,28,200058360,182.0,5.12,2023-01-01,2020,base-cc-serie-historique-2020.CSV,True,35.546875,28196,46.66710913475366,22960.0,41.29539356837849,22450.0,73.3752838034337,22650.0,23340.0,True,True,False,False,False,False,False,False,False,False,False,False,0.0,False,False,False,not_listed_no_path,False,True,True,False,False,True,False,False,True,EPCI:200058360,0.0
28148,28,200058360,371.0,23.8,2023-01-01,2020,base-cc-serie-historique-2020.CSV,True,15.588235294117649,28116,46.66710913475366,22960.0,47.83485895759387,23510.0,73.3752838034337,22650.0,24330.0,True,True,False,False,False,False,False,False,False,False,False,False,0.0,False,False,False,not_listed_no_path,False,True,True,False,False,True,False,False,True,EPCI:200058360,0.0
28153,28,242852465,207.0,13.99,2023-01-01,2020,base-cc-serie-historique-2020.CSV,True,14.796283059328092,28051,35.940722408815034,22130.0,39.39201553572096,22380.0,73.3752838034337,22650.0,23150.0,True,True,False,False,False,False,False,False,False,False,False,False,0.0,False,False,False,not_listed_no_path,False,True,True,False,False,True,False,False,True,EPCI:242852465,0.0
28154,28,200058360,1699.0,14.59,2023-01-01,2020,base-cc-serie-historique-2020.CSV,True,116.44962302947224,28116,46.66710913475366,22960.0,47.83485895759387,23510.0,73.3752838034337,22650.0,25420.0,True,True,False,False,False,False,False,False,False,False,False,False,0.0,False,False,False,not_listed_no_path,False,True,True,False,False,True,False,False,True,EPCI:200058360,0.0
28164,28,200070159,737.0,29.04,2023-01-01,2020,base-cc-serie-historique-2020.CSV,True,25.37878787878788,28199,25.26445826282844,22610.0,32.57814661134163,22340.0,73.3752838034337,22650.0,21880.0,True,True,False,False,False,False,False,False,False,False,False,False,0.0,False,False,False,not_listed_no_path,False,True,True,False,False,True,False,False,True,EPCI:200070159,0.0
28166,28,200058360,255.0,10.53,2023-01-01,2020,base-cc-serie-historique-2020.CSV,True,24.216524216524217,28116,46.66710913475366,22960.0,47.83485895759387,23510.0,73.3752838034337,22650.0,22030.0,True,True,False,False,False,False,False,False,False,False,False,False,0.0,False,False,False,not_listed_no_path,False,True,True,False,False,True,False,False,True,EPCI:200058360,0.0
28167,28,200058360,382.0,16.97,2023-01-01,2020,base-cc-serie-historique-2020.CSV,True,22.510312315851504,28116,46.66710913475366,22960.0,47.83485895759387,23510.0,73.3752838034337,22650.0,24340.0,True,True,False,False,False,False,False,False,False,False,False,False,0.0,False,False,False,not_listed_no_path,False,True,True,False,False,True,False,False,True,EPCI:200058360,0.0
28169,28,200070159,225.0,11.26,2023-01-01,2020,base-cc-serie-historique-2020.CSV,True,19.982238010657195,91200,25.26445826282844,22610.0,110.13292656352148,25340.0,73.3752838034337,22650.0,25490.0,True,True,False,False,False,False,False,False,False,False,False,False,0.0,False,False,False,not_listed_no_path,False,True,True,False,False,True,False,False,False,EPCI:200070159,0.0
28175,28,200006971,177.0,9.19,2023-01-01,2020,base-cc-serie-historique-2020.CSV,True,19.26006528835691,28280,55.24415616203647,21270.0,42.35730545485204,21320.0,73.3752838034337,22650.0,24080.0,True,True,True,False,False,False,False,False,True,True,False,False,0.0,False,False,True,verified_mandatory_path_listed,False,True,True,False,False,True,True,False,False,EPCI:200006971,177.0
28176,28,242852465,680.0,23.35,2023-01-01,2020,base-cc-serie-historique-2020.CSV,True,29.1220556745182,28051,35.940722408815034,22130.0,39.39201553572096,22380.0,73.3752838034337,22650.0,22760.0,True,True,False,False,False,False,False,False,False,False,False,False,0.0,False,False,False,not_listed_no_path,False,True,True,False,False,True,False,False,True,EPCI:242852465,0.0
28189,28,200070159,178.0,13.41,2023-01-01,2020,base-cc-serie-historique-2020.CSV,True,13.273676360924682,28199,25.26445826282844,22610.0,32.57814661134163,22340.0,73.3752838034337,22650.0,23340.0,True,True,False,False,False,False,False,False,False,False,False,False,0.0,False,False,False,not_listed_no_path,False,True,True,False,False,True,False,False,True,EPCI:200070159,0.0
28196,28,200058360,3237.0,33.6,2023-01-01,2020,base-cc-serie-historique-2020.CSV,True,96.33928571428572,28196,46.66710913475366,22960.0,41.29539356837849,22450.0,73.3752838034337,22650.0,20780.0,True,True,False,False,False,False,False,False,False,False,False,False,0.0,False,False,False,not_listed_no_path,False,True,True,False,False,True,False,False,True,EPCI:200058360,0.0
28203,28,200058360,641.0,10.35,2023-01-01,2020,base-cc-serie-historique-2020.CSV,True,61.932367149758456,28116,46.66710913475366,22960.0,47.83485895759387,23510.0,73.3752838034337,22650.0,23850.0,True,True,False,False,False,False,False,False,False,False,False,False,0.0,False,False,False,not_listed_no_path,False,True,True,False,False,True,False,False,True,EPCI:200058360,0.0
28222,28,200058360,385.0,16.65,2023-01-01,2020,base-cc-serie-historique-2020.CSV,True,23.12312312312313,28085,46.66710913475366,22960.0,211.20492371705964,23360.0,73.3752838034337,22650.0,23480.0,True,True,False,False,False,False,False,False,False,False,False,False,0.0,False,False,False,not_listed_no_path,False,True,True,False,False,True,False,False,False,EPCI:200058360,0.0
28225,28,200058360,645.0,13.03,2023-01-01,2020,base-cc-serie-historique-2020.CSV,True,49.50115118956255,28196,46.66710913475366,22960.0,41.29539356837849,22450.0,73.3752838034337,22650.0,23410.0,True,True,False,False,False,False,False,False,False,False,False,False,0.0,False,False,False,not_listed_no_path,False,True,True,False,False,True,False,False,True,EPCI:200058360,0.0
28234,28,200058360,476.0,12.38,2023-01-01,2020,base-cc-serie-historique-2020.CSV,True,38.44911147011308,28196,46.66710913475366,22960.0,41.29539356837849,22450.0,73.3752838034337,22650.0,23130.0,True,True,False,False,False,False,False,False,False,False,False,False,0.0,False,False,False,not_listed_no_path,False,True,True,False,False,True,False,False,True,EPCI:200058360,0.0
28242,28,200058360,101.0,4.41,2023-01-01,2020,base-cc-serie-historique-2020.CSV,True,22.90249433106576,28196,46.66710913475366,22960.0,41.29539356837849,22450.0,73.3752838034337,22650.0,22880.0,True,True,False,False,False,False,False,False,False,False,False,False,0.0,False,False,False,not_listed_no_path,False,True,True,False,False,True,False,False,True,EPCI:200058360,0.0
28259,28,242852465,332.0,13.94,2023-01-01,2020,base-cc-serie-historique-2020.CSV,True,23.81635581061693,28051,35.940722408815034,22130.0,39.39201553572096,22380.0,73.3752838034337,22650.0,22300.0,True,True,False,False,False,False,False,False,False,False,False,False,0.0,False,False,False,not_listed_no_path,False,True,True,False,False,True,False,False,True,EPCI:242852465,0.0
28260,28,242852465,100.0,6.34,2023-01-01,2020,base-cc-serie-historique-2020.CSV,True,15.772870662460567,28051,35.940722408815034,22130.0,39.39201553572096,22380.0,73.3752838034337,22650.0,,True,True,False,False,False,False,False,False,False,False,False,False,0.0,False,False,False,not_listed_no_path,False,True,True,False,False,True,False,False,True,EPCI:242852465,0.0
28263,28,200066462,252.0,7.26,2023-01-01,2020,base-cc-serie-historique-2020.CSV,True,34.710743801652896,27679,46.66510561731286,21130.0,47.37445102157724,20790.0,73.3752838034337,22650.0,22180.0,True,True,True,False,False,False,False,False,True,True,False,False,0.0,False,False,True,verified_mandatory_path_listed,False,True,True,False,False,True,True,False,False,EPCI:200066462,252.0
28270,28,242852465,222.0,9.03,2023-01-01,2020,base-cc-serie-historique-2020.CSV,True,24.584717607973424,28051,35.940722408815034,22130.0,39.39201553572096,22380.0,73.3752838034337,22650.0,22570.0,True,True,False,False,False,False,False,False,False,False,False,False,0.0,False,False,False,not_listed_no_path,False,True,True,False,False,True,False,False,True,EPCI:242852465,0.0
28277,28,242852465,304.0,25.87,2023-01-01,2020,base-cc-serie-historique-2020.CSV,True,11.751063007344412,28422,35.940722408815034,22130.0,26.090755056655723,22410.0,73.3752838034337,22650.0,23410.0,True,True,False,False,False,False,False,False,False,False,False,False,0.0,False,False,False,not_listed_no_path,False,True,True,False,False,True,False,False,True,EPCI:242852465,0.0
28280,28,200006971,9433.0,23.49,2023-01-01,2020,base-cc-serie-historique-2020.CSV,True,401.5751383567476,28280,55.24415616203647,21270.0,42.35730545485204,21320.0,73.3752838034337,22650.0,20590.0,True,True,True,False,False,False,False,False,True,True,False,False,0.0,False,False,True,verified_mandatory_path_listed,False,True,True,False,False,True,True,False,False,EPCI:200006971,9433.0
28290,28,200058360,284.0,13.25,2023-01-01,2020,base-cc-serie-historique-2020.CSV,True,21.433962264150946,28116,46.66710913475366,22960.0,47.83485895759387,23510.0,73.3752838034337,22650.0,23880.0,True,True,False,False,False,False,False,False,False,False,False,False,0.0,False,False,False,not_listed_no_path,False,True,True,False,False,True,False,False,True,EPCI:200058360,0.0
28294,28,200070159,523.0,9.63,2023-01-01,2020,base-cc-serie-historique-2020.CSV,True,54.30944963655244,91016,25.26445826282844,22610.0,49.65294086947445,23080.0,73.3752838034337,22650.0,24890.0,True,True,False,False,False,False,False,False,False,False,False,False,0.0,False,False,False,not_listed_no_path,False,True,True,False,False,True,False,False,True,EPCI:200070159,0.0
28302,28,200058360,1095.0,25.16,2023-01-01,2020,base-cc-serie-historique-2020.CSV,True,43.5214626391097,28116,46.66710913475366,22960.0,47.83485895759387,23510.0,73.3752838034337,22650.0,22110.0,True,True,False,False,False,False,False,False,False,False,False,False,0.0,False,False,False,not_listed_no_path,False,True,True,False,False,True,False,False,True,EPCI:200058360,0.0
28305,28,242852465,295.0,21.55,2023-01-01,2020,base-cc-serie-historique-2020.CSV,True,13.689095127610209,28051,35.940722408815034,22130.0,39.39201553572096,22380.0,73.3752838034337,22650.0,23280.0,True,True,False,False,False,False,False,False,False,False,False,False,0.0,False,False,False,not_listed_no_path,False,True,True,False,False,True,False,False,True,EPCI:242852465,0.0
28306,28,242852465,191.0,7.25,2023-01-01,2020,base-cc-serie-historique-2020.CSV,True,26.344827586206897,28051,35.940722408815034,22130.0,39.39201553572096,22380.0,73.3752838034337,22650.0,23370.0,True,True,False,False,False,False,False,False,False,False,False,False,0.0,False,False,False,not_listed_no_path,False,True,True,False,False,True,False,False,True,EPCI:242852465,0.0
28324,28,200058360,886.0,20.67,2023-01-01,2020,base-cc-serie-historique-2020.CSV,True,42.8640541848089,28116,46.66710913475366,22960.0,47.83485895759387,23510.0,73.3752838034337,22650.0,24120.0,True,True,False,False,False,False,False,False,False,False,False,False,0.0,False,False,False,not_listed_no_path,False,True,True,False,False,True,False,False,True,EPCI:200058360,0.0
28326,28,200058360,358.0,12.64,2023-01-01,2020,base-cc-serie-historique-2020.CSV,True,28.32278481012658,28196,46.66710913475366,22960.0,41.29539356837849,22450.0,73.3752838034337,22650.0,22570.0,True,True,False,False,False,False,False,False,False,False,False,False,0.0,False,False,False,not_listed_no_path,False,True,True,False,False,True,False,False,True,EPCI:200058360,0.0
28333,28,200058360,143.0,13.53,2023-01-01,2020,base-cc-serie-historique-2020.CSV,True,10.569105691056912,28116,46.66710913475366,22960.0,47.83485895759387,23510.0,73.3752838034337,22650.0,20630.0,True,True,False,False,False,False,False,False,False,False,False,False,0.0,False,False,False,not_listed_no_path,False,True,True,False,False,True,False,False,True,EPCI:200058360,0.0
28336,28,200058360,103.0,4.6,2023-01-01,2020,base-cc-serie-historique-2020.CSV,True,22.39130434782609,28196,46.66710913475366,22960.0,41.29539356837849,22450.0,73.3752838034337,22650.0,23970.0,True,True,False,False,False,False,False,False,False,False,False,False,0.0,False,False,False,not_listed_no_path,False,True,True,False,False,True,False,False,True,EPCI:200058360,0.0
28339,28,200058360,369.0,8.13,2023-01-01,2020,base-cc-serie-historique-2020.CSV,True,45.38745387453874,28116,46.66710913475366,22960.0,47.83485895759387,23510.0,73.3752838034337,22650.0,24980.0,True,True,False,False,False,False,False,False,False,False,False,False,0.0,False,False,False,not_listed_no_path,False,True,True,False,False,True,False,False,True,EPCI:200058360,0.0
28342,28,200006971,265.0,6.91,2023-01-01,2020,base-cc-serie-historique-2020.CSV,True,38.35021707670043,28280,55.24415616203647,21270.0,42.35730545485204,21320.0,73.3752838034337,22650.0,22910.0,True,True,True,False,False,False,False,False,True,True,False,False,0.0,False,False,True,verified_mandatory_path_listed,False,True,True,False,False,True,True,False,False,EPCI:200006971,265.0
28350,28,200058360,954.0,14.35,2023-01-01,2020,base-cc-serie-historique-2020.CSV,True,66.4808362369338,28085,46.66710913475366,22960.0,211.20492371705964,23360.0,73.3752838034337,22650.0,24660.0,True,True,False,False,False,False,False,False,False,False,False,False,0.0,False,False,False,not_listed_no_path,False,True,True,False,False,True,False,False,False,EPCI:200058360,0.0
28353,28,242852465,401.0,16.54,2023-01-01,2020,base-cc-serie-historique-2020.CSV,True,24.24425634824668,28051,35.940722408815034,22130.0,39.39201553572096,22380.0,73.3752838034337,22650.0,23740.0,True,True,False,False,False,False,False,False,False,False,False,False,0.0,False,False,False,not_listed_no_path,False,True,True,False,False,True,False,False,True,EPCI:242852465,0.0
28363,28,200070159,1021.0,21.87,2023-01-01,2020,base-cc-serie-historique-2020.CSV,True,46.68495656149977,28015,25.26445826282844,22610.0,61.79078014184397,23940.0,73.3752838034337,22650.0,24430.0,True,True,False,False,False,False,False,False,False,False,False,False,0.0,False,False,False,not_listed_no_path,False,True,True,False,False,True,False,False,True,EPCI:200070159,0.0
28364,28,242852465,758.0,21.77,2023-01-01,2020,base-cc-serie-historique-2020.CSV,True,34.818557648139645,28422,35.940722408815034,22130.0,26.090755056655723,22410.0,73.3752838034337,22650.0,21380.0,True,True,False,False,False,False,False,False,False,False,False,False,0.0,False,False,False,not_listed_no_path,False,True,True,False,False,True,False,False,True,EPCI:242852465,0.0
28370,28,242852465,492.0,19.46,2023-01-01,2020,base-cc-serie-historique-2020.CSV,True,25.28263103802672,28196,35.940722408815034,22130.0,41.29539356837849,22450.0,73.3752838034337,22650.0,21630.0,True,True,False,False,False,False,False,False,False,False,False,False,0.0,False,False,False,not_listed_no_path,False,True,True,False,False,True,False,False,True,EPCI:242852465,0.0
28378,28,200006971,514.0,18.94,2023-01-01,2020,base-cc-serie-historique-2020.CSV,True,27.13833157338965,28280,55.24415616203647,21270.0,42.35730545485204,21320.0,73.3752838034337,22650.0,22150.0,True,True,True,False,False,False,False,False,True,True,False,False,0.0,False,False,True,verified_mandatory_path_listed,False,True,True,False,False,True,True,False,False,EPCI:200006971,514.0
28385,28,200058360,450.0,11.71,2023-01-01,2020,base-cc-serie-historique-2020.CSV,True,38.42869342442357,28116,46.66710913475366,22960.0,47.83485895759387,23510.0,73.3752838034337,22650.0,21450.0,True,True,False,False,False,False,False,False,False,False,False,False,0.0,False,False,False,not_listed_no_path,False,True,True,False,False,True,False,False,True,EPCI:200058360,0.0
28391,28,200070159,2580.0,18.72,2023-01-01,2020,base-cc-serie-historique-2020.CSV,True,137.82051282051282,28199,25.26445826282844,22610.0,32.57814661134163,22340.0,73.3752838034337,22650.0,21720.0,True,True,False,False,False,False,False,False,False,False,False,False,0.0,False,False,False,not_listed_no_path,False,True,True,False,False,True,False,False,True,EPCI:200070159,0.0
28395,28,200006971,432.0,11.15,2023-01-01,2020,base-cc-serie-historique-2020.CSV,True,38.74439461883408,28280,55.24415616203647,21270.0,42.35730545485204,21320.0,73.3752838034337,22650.0,24690.0,True,True,True,False,False,False,False,False,True,True,False,False,0.0,False,False,True,verified_mandatory_path_listed,False,True,True,False,False,True,True,False,False,EPCI:200006971,432.0
28396,28,242852465,308.0,9.77,2023-01-01,2020,base-cc-serie-historique-2020.CSV,True,31.525076765609008,28051,35.940722408815034,22130.0,39.39201553572096,22380.0,73.3752838034337,22650.0,23880.0,True,True,False,False,False,False,False,False,False,False,False,False,0.0,False,False,False,not_listed_no_path,False,True,True,False,False,True,False,False,True,EPCI:242852465,0.0
28407,28,200006971,290.0,12.27,2023-01-01,2020,base-cc-serie-historique-2020.CSV,True,23.63488182559088,28280,55.24415616203647,21270.0,42.35730545485204,21320.0,73.3752838034337,22650.0,21460.0,True,True,True,False,False,False,False,False,True,True,False,False,0.0,False,False,True,verified_mandatory_path_listed,False,True,True,False,False,True,True,False,False,EPCI:200006971,290.0
28409,28,200058360,444.0,15.62,2023-01-01,2020,base-cc-serie-historique-2020.CSV,True,28.42509603072984,28196,46.66710913475366,22960.0,41.29539356837849,22450.0,73.3752838034337,22650.0,23330.0,True,True,False,False,False,False,False,False,False,False,False,False,0.0,False,False,False,not_listed_no_path,False,True,True,False,False,True,False,False,True,EPCI:200058360,0.0
28414,28,200058360,59.0,2.16,2023-01-01,2020,base-cc-serie-historique-2020.CSV,True,27.314814814814813,28116,46.66710913475366,22960.0,47.83485895759387,23510.0,73.3752838034337,22650.0,,True,True,False,False,False,False,False,False,False,False,False,False,0.0,False,False,False,not_listed_no_path,False,True,True,False,False,True,False,False,True,EPCI:200058360,0.0
28418,28,242852465,163.0,15.11,2023-01-01,2020,base-cc-serie-historique-2020.CSV,True,10.787557908669756,28051,35.940722408815034,22130.0,39.39201553572096,22380.0,73.3752838034337,22650.0,24710.0,True,True,False,False,False,False,False,False,False,False,False,False,0.0,False,False,False,not_listed_no_path,False,True,True,False,False,True,False,False,True,EPCI:242852465,0.0
2A008,2A,200038958,1785.0,45.76,2023-01-01,2020,base-cc-serie-historique-2020.CSV,True,39.00786713286713,2A130,19.974112989188363,24230.0,18.682327668347103,24150.0,40.06108285046659,22350.0,26600.0,True,True,False,False,False,False,False,False,False,False,True,False,1785.0,True,False,False,not_listed_no_path,False,True,True,False,False,True,False,False,True,EPCI:200038958,0.0
2A026,2A,200038958,193.0,7.96,2023-01-01,2020,base-cc-serie-historique-2020.CSV,True,24.246231155778894,2A130,19.974112989188363,24230.0,18.682327668347103,24150.0,40.06108285046659,22350.0,20080.0,True,True,False,False,False,False,False,False,False,False,True,False,193.0,True,False,False,not_listed_no_path,False,True,True,False,False,True,False,False,True,EPCI:200038958,0.0
2A032,2A,242000503,4250.0,18.21,2023-01-01,2020,base-cc-serie-historique-2020.CSV,True,233.38824821526632,2A004,23.895892852462453,24130.0,67.82153086357853,23010.0,40.06108285046659,22350.0,25970.0,True,True,False,False,False,False,False,False,False,False,True,False,4250.0,True,False,False,not_listed_no_path,False,True,True,False,False,True,False,False,False,EPCI:242000503,0.0
2A056,2A,200038958,105.0,3.3,2023-01-01,2020,base-cc-serie-historique-2020.CSV,True,31.81818181818182,2A130,19.974112989188363,24230.0,18.682327668347103,24150.0,40.06108285046659,22350.0,,True,True,False,False,False,False,False,False,False,False,True,False,105.0,True,False,False,not_listed_no_path,False,True,True,False,False,True,False,False,True,EPCI:200038958,0.0
2A064,2A,200038958,31.0,3.88,2023-01-01,2020,base-cc-serie-historique-2020.CSV,True,7.989690721649485,2A130,19.974112989188363,24230.0,18.682327668347103,24150.0,40.06108285046659,22350.0,,True,True,False,False,False,False,False,False,False,False,True,False,31.0,True,False,False,not_listed_no_path,False,True,True,False,False,True,False,False,True,EPCI:200038958,0.0
2A091,2A,200038958,175.0,35.77,2023-01-01,2020,base-cc-serie-historique-2020.CSV,True,4.892367906066536,2A130,19.974112989188363,24230.0,18.682327668347103,24150.0,40.06108285046659,22350.0,20830.0,True,True,False,False,False,False,False,False,False,False,True,False,175.0,True,False,False,not_listed_no_path,False,True,True,False,False,True,False,False,True,EPCI:200038958,0.0
2A098,2A,200038958,724.0,63.33,2023-01-01,2020,base-cc-serie-historique-2020.CSV,True,11.432180641086374,2A130,19.974112989188363,24230.0,18.682327668347103,24150.0,40.06108285046659,22350.0,24430.0,True,True,False,False,False,False,False,False,False,False,True,False,724.0,True,False,False,not_listed_no_path,False,True,True,False,False,True,False,False,True,EPCI:200038958,0.0
2A119,2A,200038958,140.0,16.61,2023-01-01,2020,base-cc-serie-historique-2020.CSV,True,8.428657435279952,2A130,19.974112989188363,24230.0,18.682327668347103,24150.0,40.06108285046659,22350.0,,True,True,False,False,False,False,False,False,False,False,True,False,140.0,True,False,False,not_listed_no_path,False,True,True,False,False,True,False,False,True,EPCI:200038958,0.0
2A130,2A,200038958,3398.0,31.56,2023-01-01,2020,base-cc-serie-historique-2020.CSV,True,107.6679340937896,2A130,19.974112989188363,24230.0,18.682327668347103,24150.0,40.06108285046659,22350.0,25270.0,True,True,False,False,False,False,False,False,False,False,True,False,3398.0,True,False,False,not_listed_no_path,False,True,True,False,False,True,False,False,True,EPCI:200038958,0.0
2A132,2A,200038958,153.0,10.61,2023-01-01,2020,base-cc-serie-historique-2020.CSV,True,14.420358152686148,2A130,19.974112989188363,24230.0,18.682327668347103,24150.0,40.06108285046659,22350.0,,True,True,False,False,False,False,False,False,False,False,True,False,153.0,True,False,False,not_listed_no_path,False,True,True,False,False,True,False,False,True,EPCI:200038958,0.0
2A228,2A,200038958,1945.0,35.23,2023-01-01,2020,base-cc-serie-historique-2020.CSV,True,55.20862900936702,2A130,19.974112989188363,24230.0,18.682327668347103,24150.0,40.06108285046659,22350.0,26900.0,True,True,False,False,False,False,False,False,False,False,True,False,1945.0,True,False,False,not_listed_no_path,False,True,True,False,False,True,False,False,True,EPCI:200038958,0.0
2A253,2A,200038958,51.0,6.11,2023-01-01,2020,base-cc-serie-historique-2020.CSV,True,8.34697217675941,2A130,19.974112989188363,24230.0,18.682327668347103,24150.0,40.06108285046659,22350.0,,True,True,False,False,False,False,False,False,False,False,True,False,51.0,True,False,False,not_listed_no_path,False,True,True,False,False,True,False,False,True,EPCI:200038958,0.0
2A312,2A,200038958,387.0,10.67,2023-01-01,2020,base-cc-serie-historique-2020.CSV,True,36.26991565135895,2A130,19.974112989188363,24230.0,18.682327668347103,24150.0,40.06108285046659,22350.0,20940.0,True,True,False,False,False,False,False,False,False,False,True,False,387.0,True,False,False,not_listed_no_path,False,True,True,False,False,True,False,False,True,EPCI:200038958,0.0
2A331,2A,200038958,59.0,8.25,2023-01-01,2020,base-cc-serie-historique-2020.CSV,True,7.151515151515151,2A130,19.974112989188363,24230.0,18.682327668347103,24150.0,40.06108285046659,22350.0,,True,True,False,False,False,False,False,False,False,False,True,False,59.0,True,False,False,not_listed_no_path,False,True,True,False,False,True,False,False,True,EPCI:200038958,0.0
33029,33,243301405,5625.0,107.32,2023-01-01,2020,base-cc-serie-historique-2020.CSV,True,52.41334327245621,33042,38.82958270008972,23850.0,27.41005594238106,22990.0,164.03952046946597,23180.0,24900.0,True,True,False,False,False,False,False,False,False,False,False,False,0.0,False,False,False,not_listed_no_path,False,True,True,False,False,True,False,False,True,EPCI:243301405,0.0
33042,33,243301405,5831.0,156.03,2023-01-01,2020,base-cc-serie-historique-2020.CSV,True,37.37101839389861,33042,38.82958270008972,23850.0,27.41005594238106,22990.0,164.03952046946597,23180.0,22520.0,True,True,False,False,False,False,False,False,False,False,False,False,0.0,False,False,False,not_listed_no_path,False,True,True,False,False,True,False,False,True,EPCI:243301405,0.0
33260,33,243301405,995.0,62.14,2023-01-01,2020,base-cc-serie-historique-2020.CSV,True,16.01223044737689,33498,38.82958270008972,23850.0,43.17909254447331,24370.0,164.03952046946597,23180.0,23300.0,True,True,False,False,False,False,False,False,False,False,False,False,0.0,False,False,False,not_listed_no_path,False,True,True,False,False,True,False,False,True,EPCI:243301405,0.0
33436,33,243301405,1109.0,82.66,2023-01-01,2020,base-cc-serie-historique-2020.CSV,True,13.416404548753931,33042,38.82958270008972,23850.0,27.41005594238106,22990.0,164.03952046946597,23180.0,22000.0,True,True,False,False,False,False,False,False,False,False,False,False,0.0,False,False,False,not_listed_no_path,False,True,True,False,False,True,False,False,True,EPCI:243301405,0.0
33498,33,243301405,7646.0,137.98,2023-01-01,2020,base-cc-serie-historique-2020.CSV,True,55.41382809102769,33498,38.82958270008972,23850.0,43.17909254447331,24370.0,164.03952046946597,23180.0,24530.0,True,True,False,False,False,False,False,False,False,False,False,False,0.0,False,False,False,not_listed_no_path,False,True,True,False,False,True,False,False,True,EPCI:243301405,0.0
37009,37,243700499,430.0,20.72,2023-01-01,2020,base-cc-serie-historique-2020.CSV,True,20.75289575289576,37063,46.824902282898094,21980.0,45.87747716195313,21800.0,99.91006577766171,22450.0,23790.0,True,True,False,False,False,False,False,False,False,False,False,False,0.0,False,False,False,not_listed_no_path,False,True,True,False,False,True,False,False,True,EPCI:243700499,0.0
37010,37,243700499,2209.0,34.05,2023-01-01,2020,base-cc-serie-historique-2020.CSV,True,64.87518355359765,37063,46.824902282898094,21980.0,45.87747716195313,21800.0,99.91006577766171,22450.0,23130.0,True,True,False,False,False,False,False,False,False,False,False,False,0.0,False,False,False,not_listed_no_path,False,True,True,False,False,True,False,False,True,EPCI:243700499,0.0
37030,37,243700499,796.0,20.1,2023-01-01,2020,base-cc-serie-historique-2020.CSV,True,39.60199004975125,37063,46.824902282898094,21980.0,45.87747716195313,21800.0,99.91006577766171,22450.0,23030.0,True,True,False,False,False,False,False,False,False,False,False,False,0.0,False,False,False,not_listed_no_path,False,True,True,False,False,True,False,False,True,EPCI:243700499,0.0
37047,37,200073237,1237.0,12.3,2023-01-01,2020,base-cc-serie-historique-2020.CSV,True,100.5691056910569,37261,43.32912789780792,23350.0,307.7758026066797,22800.0,99.91006577766171,22450.0,25480.0,True,True,False,False,False,False,False,False,False,False,False,False,0.0,False,False,False,not_listed_no_path,False,True,True,False,False,True,False,False,False,EPCI:200073237,0.0
37059,37,200073237,1318.0,14.13,2023-01-01,2020,base-cc-serie-historique-2020.CSV,True,93.27671620665252,37261,43.32912789780792,23350.0,307.7758026066797,22800.0,99.91006577766171,22450.0,26190.0,True,True,False,False,False,False,False,False,False,False,False,False,0.0,False,False,False,not_listed_no_path,False,True,True,False,False,True,False,False,False,EPCI:200073237,0.0
37063,37,243700499,4895.0,3.51,2023-01-01,2020,base-cc-serie-historique-2020.CSV,True,1394.5868945868947,37063,46.824902282898094,21980.0,45.87747716195313,21800.0,99.91006577766171,22450.0,19380.0,True,True,False,False,False,False,False,False,False,False,False,False,0.0,False,False,False,not_listed_no_path,False,True,True,False,False,True,False,False,True,EPCI:243700499,0.0
37092,37,243700499,653.0,15.89,2023-01-01,2020,base-cc-serie-historique-2020.CSV,True,41.09502831969792,37063,46.824902282898094,21980.0,45.87747716195313,21800.0,99.91006577766171,22450.0,22630.0,True,True,False,False,False,False,False,False,False,False,False,False,0.0,False,False,False,not_listed_no_path,False,True,True,False,False,True,False,False,True,EPCI:243700499,0.0
37095,37,243700499,345.0,8.91,2023-01-01,2020,base-cc-serie-historique-2020.CSV,True,38.72053872053872,37063,46.824902282898094,21980.0,45.87747716195313,21800.0,99.91006577766171,22450.0,22750.0,True,True,False,False,False,False,False,False,False,False,False,False,0.0,False,False,False,not_listed_no_path,False,True,True,False,False,True,False,False,True,EPCI:243700499,0.0
37106,37,243700499,323.0,15.76,2023-01-01,2020,base-cc-serie-historique-2020.CSV,True,20.49492385786802,37261,46.824902282898094,21980.0,307.7758026066797,22800.0,99.91006577766171,22450.0,22720.0,True,True,False,False,False,False,False,False,False,False,False,False,0.0,False,False,False,not_listed_no_path,False,True,True,False,False,True,False,False,False,EPCI:243700499,0.0
37116,37,243700499,553.0,32.6,2023-01-01,2020,base-cc-serie-historique-2020.CSV,True,16.96319018404908,41149,46.824902282898094,21980.0,31.50010968004764,21600.0,99.91006577766171,22450.0,21790.0,True,True,False,False,False,False,False,False,True,True,False,False,0.0,False,False,True,listed_only_potential_B_or_D,False,True,True,False,False,True,False,False,True,EPCI:243700499,553.0
37155,37,243700499,642.0,33.91,2023-01-01,2020,base-cc-serie-historique-2020.CSV,True,18.93246829843704,37063,46.824902282898094,21980.0,45.87747716195313,21800.0,99.91006577766171,22450.0,22660.0,True,True,False,False,False,False,False,False,False,False,False,False,0.0,False,False,False,not_listed_no_path,False,True,True,False,False,True,False,False,True,EPCI:243700499,0.0
37160,37,243700499,349.0,14.62,2023-01-01,2020,base-cc-serie-historique-2020.CSV,True,23.87140902872777,37063,46.824902282898094,21980.0,45.87747716195313,21800.0,99.91006577766171,22450.0,24410.0,True,True,False,False,False,False,False,False,False,False,False,False,0.0,False,False,False,not_listed_no_path,False,True,True,False,False,True,False,False,True,EPCI:243700499,0.0
37167,37,200073237,2127.0,39.0,2023-01-01,2020,base-cc-serie-historique-2020.CSV,True,54.53846153846154,37261,43.32912789780792,23350.0,307.7758026066797,22800.0,99.91006577766171,22450.0,21530.0,True,True,False,False,False,False,False,False,False,False,False,False,0.0,False,False,False,not_listed_no_path,False,True,True,False,False,True,False,False,False,EPCI:200073237,0.0
37169,37,243700499,927.0,6.89,2023-01-01,2020,base-cc-serie-historique-2020.CSV,True,134.54281567489116,37063,46.824902282898094,21980.0,45.87747716195313,21800.0,99.91006577766171,22450.0,23090.0,True,True,False,False,False,False,False,False,False,False,False,False,0.0,False,False,False,not_listed_no_path,False,True,True,False,False,True,False,False,True,EPCI:243700499,0.0
37175,37,243700499,1239.0,40.24,2023-01-01,2020,base-cc-serie-historique-2020.CSV,True,30.79025844930417,37261,46.824902282898094,21980.0,307.7758026066797,22800.0,99.91006577766171,22450.0,25110.0,True,True,False,False,False,False,False,False,False,False,False,False,0.0,False,False,False,not_listed_no_path,False,True,True,False,False,True,False,False,False,EPCI:243700499,0.0
37182,37,200073237,1451.0,17.61,2023-01-01,2020,base-cc-serie-historique-2020.CSV,True,82.39636570130608,37261,43.32912789780792,23350.0,307.7758026066797,22800.0,99.91006577766171,22450.0,23260.0,True,True,False,False,False,False,False,False,False,False,False,False,0.0,False,False,False,not_listed_no_path,False,True,True,False,False,True,False,False,False,EPCI:200073237,0.0
37204,37,200073237,1343.0,18.19,2023-01-01,2020,base-cc-serie-historique-2020.CSV,True,73.83177570093457,37261,43.32912789780792,23350.0,307.7758026066797,22800.0,99.91006577766171,22450.0,24450.0,True,True,False,False,False,False,False,False,False,False,False,False,0.0,False,False,False,not_listed_no_path,False,True,True,False,False,True,False,False,False,EPCI:200073237,0.0
37206,37,200073237,1766.0,24.23,2023-01-01,2020,base-cc-serie-historique-2020.CSV,True,72.8848534874123,37261,43.32912789780792,23350.0,307.7758026066797,22800.0,99.91006577766171,22450.0,25670.0,True,True,False,False,False,False,False,False,False,False,False,False,0.0,False,False,False,not_listed_no_path,False,True,True,False,False,True,False,False,False,EPCI:200073237,0.0
37224,37,243700499,920.0,31.62,2023-01-01,2020,base-cc-serie-historique-2020.CSV,True,29.09550917141049,37261,46.824902282898094,21980.0,307.7758026066797,22800.0,99.91006577766171,22450.0,22570.0,True,True,False,False,False,False,False,False,False,False,False,False,0.0,False,False,False,not_listed_no_path,False,True,True,False,False,True,False,False,False,EPCI:243700499,0.0
37229,37,243700499,243.0,12.77,2023-01-01,2020,base-cc-serie-historique-2020.CSV,True,19.02897415818324,37063,46.824902282898094,21980.0,45.87747716195313,21800.0,99.91006577766171,22450.0,21880.0,True,True,False,False,False,False,False,False,False,False,False,False,0.0,False,False,False,not_listed_no_path,False,True,True,False,False,True,False,False,True,EPCI:243700499,0.0
37237,37,200073237,1281.0,4.75,2023-01-01,2020,base-cc-serie-historique-2020.CSV,True,269.6842105263158,37261,43.32912789780792,23350.0,307.7758026066797,22800.0,99.91006577766171,22450.0,25980.0,True,True,False,False,False,False,False,False,False,False,False,False,0.0,False,False,False,not_listed_no_path,False,True,True,False,False,True,False,False,False,EPCI:200073237,0.0
37240,37,243700499,687.0,25.98,2023-01-01,2020,base-cc-serie-historique-2020.CSV,True,26.44341801385681,37063,46.824902282898094,21980.0,45.87747716195313,21800.0,99.91006577766171,22450.0,21970.0,True,True,False,False,False,False,False,False,False,False,False,False,0.0,False,False,False,not_listed_no_path,False,True,True,False,False,True,False,False,True,EPCI:243700499,0.0
37245,37,200073237,2162.0,35.66,2023-01-01,2020,base-cc-serie-historique-2020.CSV,True,60.62815479528884,37261,43.32912789780792,23350.0,307.7758026066797,22800.0,99.91006577766171,22450.0,24600.0,True,True,False,False,False,False,False,False,False,False,False,False,0.0,False,False,False,not_listed_no_path,False,True,True,False,False,True,False,False,False,EPCI:200073237,0.0
37249,37,200073237,1409.0,48.34,2023-01-01,2020,base-cc-serie-historique-2020.CSV,True,29.147703764997928,37261,43.32912789780792,23350.0,307.7758026066797,22800.0,99.91006577766171,22450.0,22130.0,True,True,False,False,False,False,False,False,False,False,False,False,0.0,False,False,False,not_listed_no_path,False,True,True,False,False,True,False,False,False,EPCI:200073237,0.0
37276,37,243700499,1321.0,35.49,2023-01-01,2020,base-cc-serie-historique-2020.CSV,True,37.22175260636799,37063,46.824902282898094,21980.0,45.87747716195313,21800.0,99.91006577766171,22450.0,23200.0,True,True,False,False,False,False,False,False,False,False,False,False,0.0,False,False,False,not_listed_no_path,False,True,True,False,False,True,False,False,True,EPCI:243700499,0.0
38005,38,243800745,942.0,44.75,2023-01-01,2020,base-cc-serie-historique-2020.CSV,True,21.050279329608937,38052,19.51692944386456,22350.0,14.422489594727049,22340.0,171.90536487299318,23580.0,23920.0,True,True,False,False,False,False,False,False,False,False,True,False,942.0,True,True,True,listed_only_potential_B_or_D,False,True,True,False,False,True,True,False,False,EPCI:243800745,942.0
38020,38,243800745,181.0,11.21,2023-01-01,2020,base-cc-serie-historique-2020.CSV,True,16.146297948260482,38052,19.51692944386456,22350.0,14.422489594727049,22340.0,171.90536487299318,23580.0,20730.0,True,True,False,False,False,False,False,False,False,False,True,False,181.0,True,True,True,listed_only_potential_B_or_D,False,True,True,False,False,True,True,False,False,EPCI:243800745,181.0
38040,38,243800745,148.0,25.46,2023-01-01,2020,base-cc-serie-historique-2020.CSV,True,5.813040062843676,38052,19.51692944386456,22350.0,14.422489594727049,22340.0,171.90536487299318,23580.0,,True,True,False,False,False,False,False,False,False,False,True,False,148.0,True,True,True,listed_only_potential_B_or_D,False,True,True,False,False,True,True,False,False,EPCI:243800745,148.0
38052,38,243800745,3285.0,35.75,2023-01-01,2020,base-cc-serie-historique-2020.CSV,True,91.8881118881119,38052,19.51692944386456,22350.0,14.422489594727049,22340.0,171.90536487299318,23580.0,22580.0,True,True,False,False,False,False,False,False,False,False,True,False,3285.0,True,True,True,listed_only_potential_B_or_D,False,True,True,False,False,True,True,False,False,EPCI:243800745,3285.0
38106,38,200040657,354.0,8.92,2023-01-01,2020,base-cc-serie-historique-2020.CSV,True,39.68609865470852,38269,29.59541554456066,22390.0,23.01777552056881,21940.0,171.90536487299318,23580.0,24810.0,True,True,False,False,False,False,False,False,False,False,True,False,354.0,True,True,True,listed_only_potential_B_or_D,False,True,True,False,False,True,True,False,False,EPCI:200040657,354.0
38112,38,243800745,98.0,15.58,2023-01-01,2020,base-cc-serie-historique-2020.CSV,True,6.290115532734275,38052,19.51692944386456,22350.0,14.422489594727049,22340.0,171.90536487299318,23580.0,,True,True,False,False,False,False,False,False,False,False,True,False,98.0,True,True,True,listed_only_potential_B_or_D,False,True,True,False,False,True,True,False,False,EPCI:243800745,98.0
38116,38,200040657,39.0,1.8,2023-01-01,2020,base-cc-serie-historique-2020.CSV,True,21.666666666666668,38269,29.59541554456066,22390.0,23.01777552056881,21940.0,171.90536487299318,23580.0,,True,True,False,False,False,False,False,False,False,False,True,False,39.0,True,True,True,listed_only_potential_B_or_D,False,True,True,False,False,True,True,False,False,EPCI:200040657,39.0
38129,38,243801024,362.0,39.34,2023-01-01,2020,base-cc-serie-historique-2020.CSV,True,9.20183019827148,38548,46.76862745098039,25170.0,39.61259956553221,24450.0,171.90536487299318,23580.0,23800.0,True,True,False,False,False,False,False,False,False,False,True,False,362.0,True,False,False,not_listed_no_path,False,True,True,False,False,True,False,False,True,EPCI:243801024,0.0
38153,38,243801024,441.0,20.64,2023-01-01,2020,base-cc-serie-historique-2020.CSV,True,21.36627906976744,38185,46.76862745098039,25170.0,741.0099808740094,23850.0,171.90536487299318,23580.0,26490.0,True,True,False,False,False,False,False,False,False,False,True,False,441.0,True,False,False,not_listed_no_path,False,True,True,False,False,True,False,False,False,EPCI:243801024,0.0
38155,38,200040111,1877.0,10.55,2023-01-01,2020,base-cc-serie-historique-2020.CSV,True,177.91469194312796,38412,47.8348608425124,23060.0,48.08189525584751,22960.0,171.90536487299318,23580.0,22470.0,True,True,False,False,False,False,False,False,False,False,True,False,1877.0,True,False,False,not_listed_no_path,False,True,True,False,False,True,False,False,True,EPCI:200040111,0.0
38173,38,243800745,245.0,14.54,2023-01-01,2020,base-cc-serie-historique-2020.CSV,True,16.850068775790923,38052,19.51692944386456,22350.0,14.422489594727049,22340.0,171.90536487299318,23580.0,21530.0,True,True,False,False,False,False,False,False,False,False,True,False,245.0,True,True,True,listed_only_potential_B_or_D,False,True,True,False,False,True,True,False,False,EPCI:243800745,245.0
38177,38,243800745,101.0,9.09,2023-01-01,2020,base-cc-serie-historique-2020.CSV,True,11.11111111111111,38052,19.51692944386456,22350.0,14.422489594727049,22340.0,171.90536487299318,23580.0,,True,True,False,False,False,False,False,False,False,False,True,False,101.0,True,True,True,listed_only_potential_B_or_D,False,True,True,False,False,True,True,False,False,EPCI:243800745,101.0
38191,38,243800745,1298.0,14.16,2023-01-01,2020,base-cc-serie-historique-2020.CSV,True,91.66666666666669,38052,19.51692944386456,22350.0,14.422489594727049,22340.0,171.90536487299318,23580.0,23180.0,True,True,False,False,False,False,False,False,False,False,True,False,1298.0,True,True,True,listed_only_potential_B_or_D,False,True,True,False,False,True,True,False,False,EPCI:243800745,1298.0
38203,38,200040657,467.0,6.72,2023-01-01,2020,base-cc-serie-historique-2020.CSV,True,69.49404761904762,38562,29.59541554456066,22390.0,124.57172224760164,24350.0,171.90536487299318,23580.0,23240.0,True,True,False,False,False,False,False,False,False,False,True,False,467.0,True,True,True,listed_only_potential_B_or_D,False,True,True,False,False,True,True,False,False,EPCI:200040657,467.0
38205,38,243801024,2673.0,38.67,2023-01-01,2020,base-cc-serie-historique-2020.CSV,True,69.1233514352211,38548,46.76862745098039,25170.0,39.61259956553221,24450.0,171.90536487299318,23580.0,26310.0,True,True,False,False,False,False,False,False,False,False,True,False,2673.0,True,False,False,not_listed_no_path,False,True,True,False,False,True,False,False,True,EPCI:243801024,0.0
38212,38,243800745,1269.0,46.54,2023-01-01,2020,base-cc-serie-historique-2020.CSV,True,27.26686721100129,38562,19.51692944386456,22350.0,124.57172224760164,24350.0,171.90536487299318,23580.0,20610.0,True,True,False,False,False,False,False,False,False,False,True,False,1269.0,True,True,True,listed_only_potential_B_or_D,False,True,True,False,False,True,True,False,False,EPCI:243800745,1269.0
38217,38,200040657,71.0,11.97,2023-01-01,2020,base-cc-serie-historique-2020.CSV,True,5.931495405179615,38269,29.59541554456066,22390.0,23.01777552056881,21940.0,171.90536487299318,23580.0,,True,True,False,False,False,False,False,False,False,False,True,False,71.0,True,True,True,listed_only_potential_B_or_D,False,True,True,False,False,True,True,False,False,EPCI:200040657,71.0
38224,38,200040657,88.0,12.51,2023-01-01,2020,base-cc-serie-historique-2020.CSV,True,7.034372501998401,38269,29.59541554456066,22390.0,23.01777552056881,21940.0,171.90536487299318,23580.0,,True,True,False,False,False,False,False,False,False,False,True,False,88.0,True,True,True,listed_only_potential_B_or_D,False,True,True,False,False,True,True,False,False,EPCI:200040657,88.0
38225,38,243801024,3068.0,77.89,2023-01-01,2020,base-cc-serie-historique-2020.CSV,True,39.388881756323016,38548,46.76862745098039,25170.0,39.61259956553221,24450.0,171.90536487299318,23580.0,23380.0,True,True,False,False,False,False,False,False,False,False,True,False,3068.0,True,False,False,not_listed_no_path,False,True,True,False,False,True,False,False,True,EPCI:243801024,0.0
38236,38,200040111,1743.0,29.34,2023-01-01,2020,base-cc-serie-historique-2020.CSV,True,59.40695296523518,38412,47.8348608425124,23060.0,48.08189525584751,22960.0,171.90536487299318,23580.0,23730.0,True,True,False,False,False,False,False,False,False,False,True,False,1743.0,True,False,False,not_listed_no_path,False,True,True,False,False,True,False,False,True,EPCI:200040111,0.0
38237,38,243800745,190.0,14.6,2023-01-01,2020,base-cc-serie-historique-2020.CSV,True,13.013698630136986,38052,19.51692944386456,22350.0,14.422489594727049,22340.0,171.90536487299318,23580.0,22700.0,True,True,False,False,False,False,False,False,False,False,True,False,190.0,True,True,True,listed_only_potential_B_or_D,False,True,True,False,False,True,True,False,False,EPCI:243800745,190.0
38254,38,200040657,496.0,10.72,2023-01-01,2020,base-cc-serie-historique-2020.CSV,True,46.26865671641791,38269,29.59541554456066,22390.0,23.01777552056881,21940.0,171.90536487299318,23580.0,23560.0,True,True,False,False,False,False,False,False,False,False,True,False,496.0,True,True,True,listed_only_potential_B_or_D,False,True,True,False,False,True,True,False,False,EPCI:200040657,496.0
38265,38,200040657,1707.0,9.78,2023-01-01,2020,base-cc-serie-historique-2020.CSV,True,174.5398773006135,38269,29.59541554456066,22390.0,23.01777552056881,21940.0,171.90536487299318,23580.0,22190.0,True,True,False,False,False,False,False,False,False,False,True,False,1707.0,True,True,True,listed_only_potential_B_or_D,False,True,True,False,False,True,True,False,False,EPCI:200040657,1707.0
38266,38,200040657,451.0,14.64,2023-01-01,2020,base-cc-serie-historique-2020.CSV,True,30.806010928961747,38269,29.59541554456066,22390.0,23.01777552056881,21940.0,171.90536487299318,23580.0,22830.0,True,True,False,False,False,False,False,False,False,False,True,False,451.0,True,True,True,listed_only_potential_B_or_D,False,True,True,False,False,True,True,False,False,EPCI:200040657,451.0
38269,38,200040657,4899.0,8.33,2023-01-01,2020,base-cc-serie-historique-2020.CSV,True,588.1152460984393,38269,29.59541554456066,22390.0,23.01777552056881,21940.0,171.90536487299318,23580.0,20720.0,True,True,False,False,False,False,False,False,False,False,True,False,4899.0,True,True,True,listed_only_potential_B_or_D,False,True,True,False,False,True,True,False,False,EPCI:200040657,4899.0
38273,38,200040657,465.0,12.13,2023-01-01,2020,base-cc-serie-historique-2020.CSV,True,38.33470733718054,38269,29.59541554456066,22390.0,23.01777552056881,21940.0,171.90536487299318,23580.0,25740.0,True,True,False,False,False,False,False,False,False,False,True,False,465.0,True,True,True,listed_only_potential_B_or_D,False,True,True,False,False,True,True,False,False,EPCI:200040657,465.0
38280,38,200040657,524.0,7.88,2023-01-01,2020,base-cc-serie-historique-2020.CSV,True,66.49746192893402,38269,29.59541554456066,22390.0,23.01777552056881,21940.0,171.90536487299318,23580.0,23760.0,True,True,False,False,False,False,False,False,False,False,True,False,524.0,True,True,True,listed_only_potential_B_or_D,False,True,True,False,False,True,True,False,False,EPCI:200040657,524.0
38285,38,243800745,160.0,11.6,2023-01-01,2020,base-cc-serie-historique-2020.CSV,True,13.793103448275865,38052,19.51692944386456,22350.0,14.422489594727049,22340.0,171.90536487299318,23580.0,24760.0,True,True,False,False,False,False,False,False,False,False,True,False,160.0,True,True,True,listed_only_potential_B_or_D,False,True,True,False,False,True,True,False,False,EPCI:243800745,160.0
38286,38,243800745,9.0,11.01,2023-01-01,2020,base-cc-serie-historique-2020.CSV,True,0.8174386920980926,38052,19.51692944386456,22350.0,14.422489594727049,22340.0,171.90536487299318,23580.0,,True,True,False,False,False,False,False,False,False,False,True,False,9.0,True,True,True,listed_only_potential_B_or_D,False,True,True,False,False,True,True,False,False,EPCI:243800745,9.0
38289,38,243800745,213.0,16.81,2023-01-01,2020,base-cc-serie-historique-2020.CSV,True,12.671029149315885,38052,19.51692944386456,22350.0,14.422489594727049,22340.0,171.90536487299318,23580.0,24660.0,True,True,False,False,False,False,False,False,False,False,True,False,213.0,True,True,True,listed_only_potential_B_or_D,False,True,True,False,False,True,True,False,False,EPCI:243800745,213.0
38304,38,200040657,1506.0,11.48,2023-01-01,2020,base-cc-serie-historique-2020.CSV,True,131.18466898954702,38269,29.59541554456066,22390.0,23.01777552056881,21940.0,171.90536487299318,23580.0,22950.0,True,True,False,False,False,False,False,False,False,False,True,False,1506.0,True,True,True,listed_only_potential_B_or_D,False,True,True,False,False,True,True,False,False,EPCI:200040657,1506.0
38313,38,200040657,294.0,2.9,2023-01-01,2020,base-cc-serie-historique-2020.CSV,True,101.3793103448276,38269,29.59541554456066,22390.0,23.01777552056881,21940.0,171.90536487299318,23580.0,25730.0,True,True,False,False,False,False,False,False,False,False,True,False,294.0,True,True,True,listed_only_potential_B_or_D,False,True,True,False,False,True,True,False,False,EPCI:200040657,294.0
38326,38,200040657,373.0,8.2,2023-01-01,2020,base-cc-serie-historique-2020.CSV,True,45.487804878048784,38269,29.59541554456066,22390.0,23.01777552056881,21940.0,171.90536487299318,23580.0,24070.0,True,True,False,False,False,False,False,False,False,False,True,False,373.0,True,True,True,listed_only_potential_B_or_D,False,True,True,False,False,True,True,False,False,EPCI:200040657,373.0
38361,38,200040657,77.0,6.67,2023-01-01,2020,base-cc-serie-historique-2020.CSV,True,11.544227886056971,38269,29.59541554456066,22390.0,23.01777552056881,21940.0,171.90536487299318,23580.0,,True,True,False,False,False,False,False,False,False,False,True,False,77.0,True,True,True,listed_only_potential_B_or_D,False,True,True,False,False,True,True,False,False,EPCI:200040657,77.0
38375,38,243800745,106.0,123.47,2023-01-01,2020,base-cc-serie-historique-2020.CSV,True,0.8585081396290597,38052,19.51692944386456,22350.0,14.422489594727049,22340.0,171.90536487299318,23580.0,,True,True,False,False,False,False,False,False,False,False,True,False,106.0,True,True,True,listed_only_potential_B_or_D,False,True,True,False,False,True,True,False,False,EPCI:243800745,106.0
38376,38,200040111,813.0,23.54,2023-01-01,2020,base-cc-serie-historique-2020.CSV,True,34.53695836873407,38412,47.8348608425124,23060.0,48.08189525584751,22960.0,171.90536487299318,23580.0,23280.0,True,True,False,False,False,False,False,False,False,False,True,False,813.0,True,False,False,not_listed_no_path,False,True,True,False,False,True,False,False,True,EPCI:200040111,0.0
38396,38,200040657,812.0,14.58,2023-01-01,2020,base-cc-serie-historique-2020.CSV,True,55.69272976680384,38269,29.59541554456066,22390.0,23.01777552056881,21940.0,171.90536487299318,23580.0,23090.0,True,True,False,False,False,False,False,False,False,False,True,False,812.0,True,True,True,listed_only_potential_B_or_D,False,True,True,False,False,True,True,False,False,EPCI:200040657,812.0
38402,38,200040657,530.0,10.73,2023-01-01,2020,base-cc-serie-historique-2020.CSV,True,49.39422180801491,38562,29.59541554456066,22390.0,124.57172224760164,24350.0,171.90536487299318,23580.0,27550.0,True,True,False,False,False,False,False,False,False,False,True,False,530.0,True,True,True,listed_only_potential_B_or_D,False,True,True,False,False,True,True,False,False,EPCI:200040657,530.0
38405,38,200040111,1237.0,17.39,2023-01-01,2020,base-cc-serie-historique-2020.CSV,True,71.1328349626222,38412,47.8348608425124,23060.0,48.08189525584751,22960.0,171.90536487299318,23580.0,25570.0,True,True,False,False,False,False,False,False,False,False,True,False,1237.0,True,False,False,not_listed_no_path,False,True,True,False,False,True,False,False,True,EPCI:200040111,0.0
38412,38,200040111,4499.0,35.25,2023-01-01,2020,base-cc-serie-historique-2020.CSV,True,127.63120567375888,38412,47.8348608425124,23060.0,48.08189525584751,22960.0,171.90536487299318,23580.0,22310.0,True,True,False,False,False,False,False,False,False,False,True,False,4499.0,True,False,False,not_listed_no_path,False,True,True,False,False,True,False,False,True,EPCI:200040111,0.0
38433,38,243801024,1103.0,11.26,2023-01-01,2020,base-cc-serie-historique-2020.CSV,True,97.95737122557726,38185,46.76862745098039,25170.0,741.0099808740094,23850.0,171.90536487299318,23580.0,30500.0,True,True,False,False,False,False,False,False,False,False,True,False,1103.0,True,False,False,not_listed_no_path,False,True,True,False,False,True,False,False,False,EPCI:243801024,0.0
38442,38,200040111,950.0,80.12,2023-01-01,2020,base-cc-serie-historique-2020.CSV,True,11.8572141787319,38412,47.8348608425124,23060.0,48.08189525584751,22960.0,171.90536487299318,23580.0,24870.0,True,True,False,False,False,False,False,False,False,False,True,False,950.0,True,False,False,not_listed_no_path,False,True,True,False,False,True,False,False,True,EPCI:200040111,0.0
38462,38,200040657,563.0,5.75,2023-01-01,2020,base-cc-serie-historique-2020.CSV,True,97.91304347826087,38269,29.59541554456066,22390.0,23.01777552056881,21940.0,171.90536487299318,23580.0,25530.0,True,True,False,False,False,False,False,False,False,False,True,False,563.0,True,True,True,listed_only_potential_B_or_D,False,True,True,False,False,True,True,False,False,EPCI:200040657,563.0
38497,38,200040657,145.0,2.93,2023-01-01,2020,base-cc-serie-historique-2020.CSV,True,49.48805460750853,38269,29.59541554456066,22390.0,23.01777552056881,21940.0,171.90536487299318,23580.0,22940.0,True,True,False,False,False,False,False,False,False,False,True,False,145.0,True,True,True,listed_only_potential_B_or_D,False,True,True,False,False,True,True,False,False,EPCI:200040657,145.0
38499,38,200040657,1173.0,9.91,2023-01-01,2020,base-cc-serie-historique-2020.CSV,True,118.36528758829463,38269,29.59541554456066,22390.0,23.01777552056881,21940.0,171.90536487299318,23580.0,20710.0,True,True,False,False,False,False,False,False,False,False,True,False,1173.0,True,True,True,listed_only_potential_B_or_D,False,True,True,False,False,True,True,False,False,EPCI:200040657,1173.0
38527,38,243800745,346.0,64.54,2023-01-01,2020,base-cc-serie-historique-2020.CSV,True,5.361016423923148,38052,19.51692944386456,22350.0,14.422489594727049,22340.0,171.90536487299318,23580.0,23370.0,True,True,False,False,False,False,False,False,False,False,True,False,346.0,True,True,True,listed_only_potential_B_or_D,False,True,True,False,False,True,True,False,False,EPCI:243800745,346.0
38548,38,243801024,4279.0,67.2,2023-01-01,2020,base-cc-serie-historique-2020.CSV,True,63.675595238095234,38548,46.76862745098039,25170.0,39.61259956553221,24450.0,171.90536487299318,23580.0,24250.0,True,True,False,False,False,False,False,False,False,False,True,False,4279.0,True,False,False,not_listed_no_path,False,True,True,False,False,True,False,False,True,EPCI:243801024,0.0
38549,38,243800745,28.0,14.06,2023-01-01,2020,base-cc-serie-historique-2020.CSV,True,1.991465149359886,38052,19.51692944386456,22350.0,14.422489594727049,22340.0,171.90536487299318,23580.0,,True,True,False,False,False,False,False,False,False,False,True,False,28.0,True,True,True,listed_only_potential_B_or_D,False,True,True,False,False,True,True,False,False,EPCI:243800745,28.0
38550,38,243800745,58.0,4.99,2023-01-01,2020,base-cc-serie-historique-2020.CSV,True,11.623246492985972,38052,19.51692944386456,22350.0,14.422489594727049,22340.0,171.90536487299318,23580.0,,True,True,False,False,False,False,False,False,False,False,True,False,58.0,True,True,True,listed_only_potential_B_or_D,False,True,True,False,False,True,True,False,False,EPCI:243800745,58.0
38551,38,243800745,39.0,11.21,2023-01-01,2020,base-cc-serie-historique-2020.CSV,True,3.479036574487065,38052,19.51692944386456,22350.0,14.422489594727049,22340.0,171.90536487299318,23580.0,,True,True,False,False,False,False,False,False,False,False,True,False,39.0,True,True,True,listed_only_potential_B_or_D,False,True,True,False,False,True,True,False,False,EPCI:243800745,39.0
38552,38,200040657,401.0,14.22,2023-01-01,2020,base-cc-serie-historique-2020.CSV,True,28.19971870604782,38269,29.59541554456066,22390.0,23.01777552056881,21940.0,171.90536487299318,23580.0,24710.0,True,True,False,False,False,False,False,False,False,False,True,False,401.0,True,True,True,listed_only_potential_B_or_D,False,True,True,False,False,True,True,False,False,EPCI:200040657,401.0
39002,39,200071595,61.0,4.22,2023-01-01,2020,base-cc-serie-historique-2020.CSV,True,14.454976303317537,39013,36.1838696197242,22110.0,45.09666899604006,22300.0,51.76808996675455,22460.0,,True,True,False,False,False,False,False,False,False,False,False,False,0.0,False,False,False,not_listed_no_path,False,True,True,False,False,True,False,False,True,EPCI:200071595,0.0
39003,39,200071595,50.0,1.52,2023-01-01,2020,base-cc-serie-historique-2020.CSV,True,32.89473684210526,39013,36.1838696197242,22110.0,45.09666899604006,22300.0,51.76808996675455,22460.0,,True,True,False,False,False,False,False,False,False,False,False,False,0.0,False,False,False,not_listed_no_path,False,True,True,False,False,True,False,False,True,EPCI:200071595,0.0
39009,39,200069623,530.0,12.48,2023-01-01,2020,base-cc-serie-historique-2020.CSV,True,42.46794871794872,39500,36.64354973351313,22830.0,31.81093070518564,21820.0,51.76808996675455,22460.0,22360.0,True,True,False,False,False,False,False,False,False,False,True,False,530.0,True,False,False,not_listed_no_path,False,True,True,False,False,True,False,False,True,EPCI:200069623,0.0
39013,39,200071595,3239.0,45.42,2023-01-01,2020,base-cc-serie-historique-2020.CSV,True,71.31219726992514,39013,36.1838696197242,22110.0,45.09666899604006,22300.0,51.76808996675455,22460.0,21630.0,True,True,False,False,False,False,False,False,False,False,False,False,0.0,False,False,False,not_listed_no_path,False,True,True,False,False,True,False,False,True,EPCI:200071595,0.0
39015,39,200069623,115.0,5.04,2023-01-01,2020,base-cc-serie-historique-2020.CSV,True,22.81746031746032,39097,36.64354973351313,22830.0,40.12576478585996,22460.0,51.76808996675455,22460.0,22750.0,True,True,False,False,False,False,False,False,False,False,False,False,0.0,True,False,False,not_listed_no_path,False,True,True,False,False,True,False,False,True,EPCI:200069623,0.0
39017,39,200069615,1196.0,20.19,2023-01-01,2020,base-cc-serie-historique-2020.CSV,True,59.23724616146607,39056,43.53158410650375,22660.0,46.15556548949486,22080.0,51.76808996675455,22460.0,23790.0,True,True,False,False,False,False,False,False,False,False,False,False,0.0,False,False,False,not_listed_no_path,False,True,True,False,False,True,False,False,True,EPCI:200069615,0.0
39019,39,200071595,214.0,4.44,2023-01-01,2020,base-cc-serie-historique-2020.CSV,True,48.19819819819819,39500,36.1838696197242,22110.0,31.81093070518564,21820.0,51.76808996675455,22460.0,23460.0,True,True,False,False,False,False,False,False,False,False,False,False,0.0,False,False,False,not_listed_no_path,False,True,True,False,False,True,False,False,True,EPCI:200071595,0.0
39028,39,200071595,466.0,7.97,2023-01-01,2020,base-cc-serie-historique-2020.CSV,True,58.46925972396487,39434,36.1838696197242,22110.0,35.832741422439085,22280.0,51.76808996675455,22460.0,21670.0,True,True,False,False,False,False,False,False,False,False,False,False,0.0,False,False,False,not_listed_no_path,False,True,True,False,False,True,False,False,True,EPCI:200071595,0.0
39032,39,200026573,361.0,7.83,2023-01-01,2020,base-cc-serie-historique-2020.CSV,True,46.10472541507024,39478,54.01282576067676,21920.0,47.81179763368814,22230.0,51.76808996675455,22460.0,28450.0,True,True,False,False,False,False,False,False,False,False,True,False,361.0,True,True,True,listed_only_potential_B_or_D,False,True,True,False,False,True,True,False,False,EPCI:200026573,361.0
39039,39,243900560,243.0,3.31,2023-01-01,2020,base-cc-serie-historique-2020.CSV,True,73.41389728096676,25527,44.45412201310259,22600.0,78.27320172452916,23310.0,51.76808996675455,22460.0,24090.0,True,True,False,False,False,False,False,False,False,False,False,False,0.0,False,False,False,not_listed_no_path,False,True,True,False,False,True,False,False,False,EPCI:243900560,0.0
39040,39,200071595,176.0,9.23,2023-01-01,2020,base-cc-serie-historique-2020.CSV,True,19.068255687974,39434,36.1838696197242,22110.0,35.832741422439085,22280.0,51.76808996675455,22460.0,21920.0,True,True,False,False,False,False,False,False,False,False,False,False,0.0,False,False,False,not_listed_no_path,False,True,True,False,False,True,False,False,True,EPCI:200071595,0.0
39049,39,200071595,406.0,13.9,2023-01-01,2020,base-cc-serie-historique-2020.CSV,True,29.20863309352518,39434,36.1838696197242,22110.0,35.832741422439085,22280.0,51.76808996675455,22460.0,22110.0,True,True,False,False,False,False,False,False,False,False,False,False,0.0,False,False,False,not_listed_no_path,False,True,True,False,False,True,False,False,True,EPCI:200071595,0.0
39050,39,200071595,157.0,12.84,2023-01-01,2020,base-cc-serie-historique-2020.CSV,True,12.22741433021807,39434,36.1838696197242,22110.0,35.832741422439085,22280.0,51.76808996675455,22460.0,26730.0,True,True,False,False,False,False,False,False,False,False,False,False,0.0,False,False,False,not_listed_no_path,False,True,True,False,False,True,False,False,True,EPCI:200071595,0.0
39054,39,200071595,104.0,11.25,2023-01-01,2020,base-cc-serie-historique-2020.CSV,True,9.244444444444444,39434,36.1838696197242,22110.0,35.832741422439085,22280.0,51.76808996675455,22460.0,,True,True,False,False,False,False,False,False,False,False,False,False,0.0,False,False,False,not_listed_no_path,False,True,True,False,False,True,False,False,True,EPCI:200071595,0.0
39056,39,200069615,1527.0,7.97,2023-01-01,2020,base-cc-serie-historique-2020.CSV,True,191.5934755332497,39056,43.53158410650375,22660.0,46.15556548949486,22080.0,51.76808996675455,22460.0,21070.0,True,True,False,False,False,False,False,False,False,False,False,False,0.0,False,False,False,not_listed_no_path,False,True,True,False,False,True,False,False,True,EPCI:200069615,0.0
39057,39,200069615,99.0,5.4,2023-01-01,2020,base-cc-serie-historique-2020.CSV,True,18.33333333333333,39300,43.53158410650375,22660.0,93.44161342467862,22390.0,51.76808996675455,22460.0,22890.0,True,True,False,False,False,False,False,False,False,False,False,False,0.0,False,False,False,not_listed_no_path,False,True,True,False,False,True,False,False,False,EPCI:200069615,0.0
39070,39,200069623,93.0,4.42,2023-01-01,2020,base-cc-serie-historique-2020.CSV,True,21.04072398190045,39097,36.64354973351313,22830.0,40.12576478585996,22460.0,51.76808996675455,22460.0,24540.0,True,True,False,False,False,False,False,False,False,False,True,False,93.0,True,False,False,not_listed_no_path,False,True,True,False,False,True,False,False,True,EPCI:200069623,0.0
39073,39,200071595,172.0,7.07,2023-01-01,2020,base-cc-serie-historique-2020.CSV,True,24.328147100424328,39434,36.1838696197242,22110.0,35.832741422439085,22280.0,51.76808996675455,22460.0,22570.0,True,True,False,False,False,False,False,False,False,False,False,False,0.0,False,False,False,not_listed_no_path,False,True,True,False,False,True,False,False,True,EPCI:200071595,0.0
39076,39,243900560,223.0,1.63,2023-01-01,2020,base-cc-serie-historique-2020.CSV,True,136.80981595092027,25527,44.45412201310259,22600.0,78.27320172452916,23310.0,51.76808996675455,22460.0,23290.0,True,True,False,False,False,False,False,False,False,False,False,False,0.0,False,False,False,not_listed_no_path,False,True,True,False,False,True,False,False,False,EPCI:243900560,0.0
39081,39,200071595,391.0,6.0,2023-01-01,2020,base-cc-serie-historique-2020.CSV,True,65.16666666666667,39434,36.1838696197242,22110.0,35.832741422439085,22280.0,51.76808996675455,22460.0,23080.0,True,True,False,False,False,False,False,False,False,False,False,False,0.0,False,False,False,not_listed_no_path,False,True,True,False,False,True,False,False,True,EPCI:200071595,0.0
39094,39,200071595,161.0,5.78,2023-01-01,2020,base-cc-serie-historique-2020.CSV,True,27.85467128027681,39434,36.1838696197242,22110.0,35.832741422439085,22280.0,51.76808996675455,22460.0,24090.0,True,True,False,False,False,False,False,False,False,False,False,False,0.0,False,False,False,not_listed_no_path,False,True,True,False,False,True,False,False,True,EPCI:200071595,0.0
39097,39,200069623,8040.0,20.18,2023-01-01,2020,base-cc-serie-historique-2020.CSV,True,398.414271555996,39097,36.64354973351313,22830.0,40.12576478585996,22460.0,51.76808996675455,22460.0,20870.0,True,True,False,False,False,False,False,False,False,False,False,False,0.0,True,False,False,not_listed_no_path,False,True,True,False,False,True,False,False,True,EPCI:200069623,0.0
39102,39,200090579,226.0,2.41,2023-01-01,2020,base-cc-serie-historique-2020.CSV,True,93.7759336099585,01283,25.070158072515387,22130.0,87.5171097530412,20490.0,51.76808996675455,22460.0,28710.0,True,True,False,False,False,False,False,False,False,False,True,False,226.0,False,False,False,not_listed_no_path,False,True,True,False,False,True,False,False,False,EPCI:200090579,0.0
39104,39,200069615,601.0,30.5,2023-01-01,2020,base-cc-serie-historique-2020.CSV,True,19.704918032786885,39056,43.53158410650375,22660.0,46.15556548949486,22080.0,51.76808996675455,22460.0,21230.0,True,True,False,False,False,False,False,False,False,False,False,False,0.0,False,False,False,not_listed_no_path,False,True,True,False,False,True,False,False,True,EPCI:200069615,0.0
39105,39,200069623,216.0,10.07,2023-01-01,2020,base-cc-serie-historique-2020.CSV,True,21.44985104270109,39097,36.64354973351313,22830.0,40.12576478585996,22460.0,51.76808996675455,22460.0,20750.0,True,True,False,False,False,False,False,False,False,False,True,False,216.0,True,False,False,not_listed_no_path,False,True,True,False,False,True,False,False,True,EPCI:200069623,0.0
39106,39,200090579,288.0,6.84,2023-01-01,2020,base-cc-serie-historique-2020.CSV,True,42.10526315789474,39333,25.070158072515387,22130.0,46.1702354319804,21840.0,51.76808996675455,22460.0,25510.0,True,True,False,False,False,False,False,False,False,False,False,False,0.0,False,False,False,not_listed_no_path,False,True,True,False,False,True,False,False,True,EPCI:200090579,0.0
39114,39,200069615,140.0,10.17,2023-01-01,2020,base-cc-serie-historique-2020.CSV,True,13.76597836774828,39300,43.53158410650375,22660.0,93.44161342467862,22390.0,51.76808996675455,22460.0,22900.0,True,True,False,False,False,False,False,False,False,False,False,False,0.0,False,False,False,not_listed_no_path,False,True,True,False,False,True,False,False,False,EPCI:200069615,0.0
39116,39,200071595,152.0,13.17,2023-01-01,2020,base-cc-serie-historique-2020.CSV,True,11.541381928625665,39013,36.1838696197242,22110.0,45.09666899604006,22300.0,51.76808996675455,22460.0,24280.0,True,True,False,False,False,False,False,False,False,False,False,False,0.0,False,False,False,not_listed_no_path,False,True,True,False,False,True,False,False,True,EPCI:200071595,0.0
39118,39,200090579,52.0,14.13,2023-01-01,2020,base-cc-serie-historique-2020.CSV,True,3.6801132342533616,39154,25.070158072515387,22130.0,24.90653733454582,22030.0,51.76808996675455,22460.0,,True,True,False,False,False,False,False,False,False,False,True,False,52.0,False,False,False,not_listed_no_path,False,True,True,False,False,True,False,False,True,EPCI:200090579,0.0
39119,39,200071595,86.0,4.67,2023-01-01,2020,base-cc-serie-historique-2020.CSV,True,18.41541755888651,39434,36.1838696197242,22110.0,35.832741422439085,22280.0,51.76808996675455,22460.0,,True,True,False,False,False,False,False,False,False,False,False,False,0.0,False,False,False,not_listed_no_path,False,True,True,False,False,True,False,False,True,EPCI:200071595,0.0
39127,39,200071595,109.0,4.4,2023-01-01,2020,base-cc-serie-historique-2020.CSV,True,24.77272727272727,39434,36.1838696197242,22110.0,35.832741422439085,22280.0,51.76808996675455,22460.0,23730.0,True,True,False,False,False,False,False,False,False,False,False,False,0.0,False,False,False,not_listed_no_path,False,True,True,False,False,True,False,False,True,EPCI:200071595,0.0
39151,39,200026573,127.0,8.27,2023-01-01,2020,base-cc-serie-historique-2020.CSV,True,15.35671100362757,01283,54.01282576067676,21920.0,87.5171097530412,20490.0,51.76808996675455,22460.0,20550.0,True,True,False,False,False,False,False,False,False,False,True,False,127.0,True,True,True,listed_only_potential_B_or_D,False,True,True,False,False,True,True,False,False,EPCI:200026573,127.0
39153,39,200069623,803.0,4.19,2023-01-01,2020,base-cc-serie-historique-2020.CSV,True,191.6467780429594,39097,36.64354973351313,22830.0,40.12576478585996,22460.0,51.76808996675455,22460.0,24210.0,True,True,False,False,False,False,False,False,False,False,False,False,0.0,True,False,False,not_listed_no_path,False,True,True,False,False,True,False,False,True,EPCI:200069623,0.0
39157,39,200026573,54.0,5.91,2023-01-01,2020,base-cc-serie-historique-2020.CSV,True,9.137055837563452,39478,54.01282576067676,21920.0,47.81179763368814,22230.0,51.76808996675455,22460.0,,True,True,False,False,False,False,False,False,False,False,True,False,54.0,True,True,True,listed_only_potential_B_or_D,False,True,True,False,False,True,True,False,False,EPCI:200026573,54.0
39159,39,200071595,262.0,11.13,2023-01-01,2020,base-cc-serie-historique-2020.CSV,True,23.539982030548067,39434,36.1838696197242,22110.0,35.832741422439085,22280.0,51.76808996675455,22460.0,21660.0,True,True,False,False,False,False,False,False,False,False,False,False,0.0,False,False,False,not_listed_no_path,False,True,True,False,False,True,False,False,True,EPCI:200071595,0.0
39167,39,200069615,358.0,13.49,2023-01-01,2020,base-cc-serie-historique-2020.CSV,True,26.53817642698295,39056,43.53158410650375,22660.0,46.15556548949486,22080.0,51.76808996675455,22460.0,22190.0,True,True,False,False,False,False,False,False,False,False,False,False,0.0,False,False,False,not_listed_no_path,False,True,True,False,False,True,False,False,True,EPCI:200069615,0.0
39168,39,200090579,46.0,2.65,2023-01-01,2020,base-cc-serie-historique-2020.CSV,True,17.358490566037737,39300,25.070158072515387,22130.0,93.44161342467862,22390.0,51.76808996675455,22460.0,,True,True,False,False,False,False,False,False,False,False,False,False,0.0,False,False,False,not_listed_no_path,False,True,True,False,False,True,False,False,False,EPCI:200090579,0.0
39172,39,243900560,255.0,13.64,2023-01-01,2020,base-cc-serie-historique-2020.CSV,True,18.6950146627566,25527,44.45412201310259,22600.0,78.27320172452916,23310.0,51.76808996675455,22460.0,23700.0,True,True,False,False,False,False,False,False,False,False,False,False,0.0,False,False,False,not_listed_no_path,False,True,True,False,False,True,False,False,False,EPCI:243900560,0.0
39174,39,200026573,65.0,4.11,2023-01-01,2020,base-cc-serie-historique-2020.CSV,True,15.81508515815085,39478,54.01282576067676,21920.0,47.81179763368814,22230.0,51.76808996675455,22460.0,,True,True,False,False,False,False,False,False,False,False,True,False,65.0,True,True,True,listed_only_potential_B_or_D,False,True,True,False,False,True,True,False,False,EPCI:200026573,65.0
39175,39,200090579,71.0,5.53,2023-01-01,2020,base-cc-serie-historique-2020.CSV,True,12.839059674502712,39397,25.070158072515387,22130.0,21.570199347977123,22560.0,51.76808996675455,22460.0,,True,True,False,False,False,False,False,False,False,False,False,False,0.0,False,False,False,not_listed_no_path,False,True,True,False,False,True,False,False,True,EPCI:200090579,0.0
39179,39,200090579,235.0,8.82,2023-01-01,2020,base-cc-serie-historique-2020.CSV,True,26.64399092970521,39333,25.070158072515387,22130.0,46.1702354319804,21840.0,51.76808996675455,22460.0,25370.0,True,True,False,False,False,False,False,False,False,False,True,False,235.0,False,False,False,not_listed_no_path,False,True,True,False,False,True,False,False,True,EPCI:200090579,0.0
39183,39,200069623,634.0,11.61,2023-01-01,2020,base-cc-serie-historique-2020.CSV,True,54.60809646856159,39097,36.64354973351313,22830.0,40.12576478585996,22460.0,51.76808996675455,22460.0,23760.0,True,True,False,False,False,False,False,False,False,False,False,False,0.0,True,False,False,not_listed_no_path,False,True,True,False,False,True,False,False,True,EPCI:200069623,0.0
39184,39,200090579,191.0,7.59,2023-01-01,2020,base-cc-serie-historique-2020.CSV,True,25.164690382081687,39478,25.070158072515387,22130.0,47.81179763368814,22230.0,51.76808996675455,22460.0,24090.0,True,True,False,False,False,False,False,False,False,False,True,False,191.0,False,False,False,not_listed_no_path,False,True,True,False,False,True,False,False,True,EPCI:200090579,0.0
39191,39,200071595,82.0,4.39,2023-01-01,2020,base-cc-serie-historique-2020.CSV,True,18.678815489749432,39434,36.1838696197242,22110.0,35.832741422439085,22280.0,51.76808996675455,22460.0,,True,True,False,False,False,False,False,False,False,False,False,False,0.0,False,False,False,not_listed_no_path,False,True,True,False,False,True,False,False,True,EPCI:200071595,0.0
39194,39,200069615,481.0,9.06,2023-01-01,2020,base-cc-serie-historique-2020.CSV,True,53.09050772626932,39056,43.53158410650375,22660.0,46.15556548949486,22080.0,51.76808996675455,22460.0,21470.0,True,True,False,False,False,False,False,False,False,False,False,False,0.0,False,False,False,not_listed_no_path,False,True,True,False,False,True,False,False,True,EPCI:200069615,0.0
39210,39,200069623,583.0,4.84,2023-01-01,2020,base-cc-serie-historique-2020.CSV,True,120.45454545454544,39097,36.64354973351313,22830.0,40.12576478585996,22460.0,51.76808996675455,22460.0,24950.0,True,True,False,False,False,False,False,False,False,False,True,False,583.0,True,False,False,not_listed_no_path,False,True,True,False,False,True,False,False,True,EPCI:200069623,0.0
39216,39,200090579,307.0,13.83,2023-01-01,2020,base-cc-serie-historique-2020.CSV,True,22.19812002892263,39478,25.070158072515387,22130.0,47.81179763368814,22230.0,51.76808996675455,22460.0,20600.0,True,True,False,False,False,False,False,False,False,False,True,False,307.0,False,False,False,not_listed_no_path,False,True,True,False,False,True,False,False,True,EPCI:200090579,0.0
39218,39,243900560,432.0,15.6,2023-01-01,2020,base-cc-serie-historique-2020.CSV,True,27.692307692307693,25527,44.45412201310259,22600.0,78.27320172452916,23310.0,51.76808996675455,22460.0,23740.0,True,True,False,False,False,False,False,False,False,False,False,False,0.0,False,False,False,not_listed_no_path,False,True,True,False,False,True,False,False,False,EPCI:243900560,0.0
39219,39,243900560,657.0,9.87,2023-01-01,2020,base-cc-serie-historique-2020.CSV,True,66.56534954407296,25527,44.45412201310259,22600.0,78.27320172452916,23310.0,51.76808996675455,22460.0,25710.0,True,True,False,False,False,False,False,False,False,False,False,False,0.0,False,False,False,not_listed_no_path,False,True,True,False,False,True,False,False,False,EPCI:243900560,0.0
39223,39,200071595,197.0,11.75,2023-01-01,2020,base-cc-serie-historique-2020.CSV,True,16.76595744680851,39198,36.1838696197242,22110.0,96.33566150420084,22010.0,51.76808996675455,22460.0,21710.0,True,True,False,False,False,False,False,False,False,False,False,False,0.0,False,False,False,not_listed_no_path,False,True,True,False,False,True,False,False,False,EPCI:200071595,0.0
39229,39,200069615,205.0,6.75,2023-01-01,2020,base-cc-serie-historique-2020.CSV,True,30.37037037037037,39056,43.53158410650375,22660.0,46.15556548949486,22080.0,51.76808996675455,22460.0,22510.0,True,True,False,False,False,False,False,False,False,False,False,False,0.0,False,False,False,not_listed_no_path,False,True,True,False,False,True,False,False,True,EPCI:200069615,0.0
39235,39,243900560,1192.0,16.9,2023-01-01,2020,base-cc-serie-historique-2020.CSV,True,70.53254437869823,25527,44.45412201310259,22600.0,78.27320172452916,23310.0,51.76808996675455,22460.0,21470.0,True,True,False,False,False,False,False,False,False,False,False,False,0.0,False,False,False,not_listed_no_path,False,True,True,False,False,True,False,False,False,EPCI:243900560,0.0
39244,39,200069615,159.0,8.13,2023-01-01,2020,base-cc-serie-historique-2020.CSV,True,19.55719557195572,39434,43.53158410650375,22660.0,35.832741422439085,22280.0,51.76808996675455,22460.0,23370.0,True,True,False,False,False,False,False,False,False,False,False,False,0.0,False,False,False,not_listed_no_path,False,True,True,False,False,True,False,False,True,EPCI:200069615,0.0
39263,39,200071595,389.0,14.25,2023-01-01,2020,base-cc-serie-historique-2020.CSV,True,27.29824561403509,39434,36.1838696197242,22110.0,35.832741422439085,22280.0,51.76808996675455,22460.0,21530.0,True,True,False,False,False,False,False,False,False,False,False,False,0.0,False,False,False,not_listed_no_path,False,True,True,False,False,True,False,False,True,EPCI:200071595,0.0
39269,39,200090579,258.0,6.99,2023-01-01,2020,base-cc-serie-historique-2020.CSV,True,36.90987124463519,39478,25.070158072515387,22130.0,47.81179763368814,22230.0,51.76808996675455,22460.0,23320.0,True,True,False,False,False,False,False,False,False,False,True,False,258.0,False,False,False,not_listed_no_path,False,True,True,False,False,True,False,False,True,EPCI:200090579,0.0
39272,39,200069615,47.0,3.69,2023-01-01,2020,base-cc-serie-historique-2020.CSV,True,12.737127371273711,39434,43.53158410650375,22660.0,35.832741422439085,22280.0,51.76808996675455,22460.0,,True,True,False,False,False,False,False,False,False,False,False,False,0.0,False,False,False,not_listed_no_path,False,True,True,False,False,True,False,False,True,EPCI:200069615,0.0
39277,39,200069623,53.0,6.31,2023-01-01,2020,base-cc-serie-historique-2020.CSV,True,8.399366085578448,39097,36.64354973351313,22830.0,40.12576478585996,22460.0,51.76808996675455,22460.0,,True,True,False,False,False,False,False,False,False,False,True,False,53.0,True,False,False,not_listed_no_path,False,True,True,False,False,True,False,False,True,EPCI:200069623,0.0
39279,39,200069615,610.0,10.67,2023-01-01,2020,base-cc-serie-historique-2020.CSV,True,57.16963448922212,39056,43.53158410650375,22660.0,46.15556548949486,22080.0,51.76808996675455,22460.0,22800.0,True,True,False,False,False,False,False,False,False,False,False,False,0.0,False,False,False,not_listed_no_path,False,True,True,False,False,True,False,False,True,EPCI:200069615,0.0
39280,39,200026573,101.0,6.5,2023-01-01,2020,base-cc-serie-historique-2020.CSV,True,15.538461538461538,39478,54.01282576067676,21920.0,47.81179763368814,22230.0,51.76808996675455,22460.0,23860.0,True,True,False,False,False,False,False,False,False,False,True,False,101.0,True,True,True,listed_only_potential_B_or_D,False,True,True,False,False,True,True,False,False,EPCI:200026573,101.0
39281,39,200069623,87.0,4.02,2023-01-01,2020,base-cc-serie-historique-2020.CSV,True,21.64179104477612,39097,36.64354973351313,22830.0,40.12576478585996,22460.0,51.76808996675455,22460.0,,True,True,False,False,False,False,False,False,False,False,True,False,87.0,True,False,False,not_listed_no_path,False,True,True,False,False,True,False,False,True,EPCI:200069623,0.0
39283,39,200090579,621.0,10.56,2023-01-01,2020,base-cc-serie-historique-2020.CSV,True,58.80681818181818,01283,25.070158072515387,22130.0,87.5171097530412,20490.0,51.76808996675455,22460.0,24400.0,True,True,False,False,False,False,False,False,False,False,True,False,621.0,False,False,False,not_listed_no_path,False,True,True,False,False,True,False,False,False,EPCI:200090579,0.0
39288,39,200069615,384.0,5.38,2023-01-01,2020,base-cc-serie-historique-2020.CSV,True,71.37546468401487,39300,43.53158410650375,22660.0,93.44161342467862,22390.0,51.76808996675455,22460.0,23550.0,True,True,False,False,False,False,False,False,False,False,False,False,0.0,False,False,False,not_listed_no_path,False,True,True,False,False,True,False,False,False,EPCI:200069615,0.0
39289,39,200090579,348.0,11.94,2023-01-01,2020,base-cc-serie-historique-2020.CSV,True,29.14572864321608,39333,25.070158072515387,22130.0,46.1702354319804,21840.0,51.76808996675455,22460.0,20370.0,True,True,False,False,False,False,False,False,False,False,True,False,348.0,False,False,False,not_listed_no_path,False,True,True,False,False,True,False,False,True,EPCI:200090579,0.0
39292,39,200069623,156.0,4.11,2023-01-01,2020,base-cc-serie-historique-2020.CSV,True,37.95620437956204,39097,36.64354973351313,22830.0,40.12576478585996,22460.0,51.76808996675455,22460.0,23040.0,True,True,False,False,False,False,False,False,False,False,True,False,156.0,True,False,False,not_listed_no_path,False,True,True,False,False,True,False,False,True,EPCI:200069623,0.0
39293,39,200026573,206.0,8.28,2023-01-01,2020,base-cc-serie-historique-2020.CSV,True,24.8792270531401,39478,54.01282576067676,21920.0,47.81179763368814,22230.0,51.76808996675455,22460.0,22370.0,True,True,False,False,False,False,False,False,False,False,True,False,206.0,True,True,True,listed_only_potential_B_or_D,False,True,True,False,False,True,True,False,False,EPCI:200026573,206.0
39296,39,200069615,214.0,5.41,2023-01-01,2020,base-cc-serie-historique-2020.CSV,True,39.55637707948244,39056,43.53158410650375,22660.0,46.15556548949486,22080.0,51.76808996675455,22460.0,23020.0,True,True,False,False,False,False,False,False,False,False,False,False,0.0,False,False,False,not_listed_no_path,False,True,True,False,False,True,False,False,True,EPCI:200069615,0.0
39301,39,200069623,171.0,10.9,2023-01-01,2020,base-cc-serie-historique-2020.CSV,True,15.688073394495412,39097,36.64354973351313,22830.0,40.12576478585996,22460.0,51.76808996675455,22460.0,21960.0,True,True,False,False,False,False,False,False,False,False,True,False,171.0,True,False,False,not_listed_no_path,False,True,True,False,False,True,False,False,True,EPCI:200069623,0.0
39304,39,200069615,228.0,1.74,2023-01-01,2020,base-cc-serie-historique-2020.CSV,True,131.0344827586207,39300,43.53158410650375,22660.0,93.44161342467862,22390.0,51.76808996675455,22460.0,28790.0,True,True,False,False,False,False,False,False,False,False,False,False,0.0,False,False,False,not_listed_no_path,False,True,True,False,False,True,False,False,False,EPCI:200069615,0.0
39307,39,200090579,328.0,7.39,2023-01-01,2020,base-cc-serie-historique-2020.CSV,True,44.38430311231394,39333,25.070158072515387,22130.0,46.1702354319804,21840.0,51.76808996675455,22460.0,24370.0,True,True,False,False,False,False,False,False,False,False,False,False,0.0,False,False,False,not_listed_no_path,False,True,True,False,False,True,False,False,True,EPCI:200090579,0.0
39310,39,200069615,479.0,10.83,2023-01-01,2020,base-cc-serie-historique-2020.CSV,True,44.22899353647277,39300,43.53158410650375,22660.0,93.44161342467862,22390.0,51.76808996675455,22460.0,22530.0,True,True,False,False,False,False,False,False,False,False,False,False,0.0,False,False,False,not_listed_no_path,False,True,True,False,False,True,False,False,False,EPCI:200069615,0.0
39318,39,200090579,190.0,8.77,2023-01-01,2020,base-cc-serie-historique-2020.CSV,True,21.664766248574686,39333,25.070158072515387,22130.0,46.1702354319804,21840.0,51.76808996675455,22460.0,23580.0,True,True,False,False,False,False,False,False,False,False,True,False,190.0,False,False,False,not_listed_no_path,False,True,True,False,False,True,False,False,True,EPCI:200090579,0.0
39319,39,200071595,144.0,3.54,2023-01-01,2020,base-cc-serie-historique-2020.CSV,True,40.67796610169491,39013,36.1838696197242,22110.0,45.09666899604006,22300.0,51.76808996675455,22460.0,22070.0,True,True,False,False,False,False,False,False,False,False,False,False,0.0,False,False,False,not_listed_no_path,False,True,True,False,False,True,False,False,True,EPCI:200071595,0.0
39321,39,200069615,159.0,5.88,2023-01-01,2020,base-cc-serie-historique-2020.CSV,True,27.040816326530614,39300,43.53158410650375,22660.0,93.44161342467862,22390.0,51.76808996675455,22460.0,25110.0,True,True,False,False,False,False,False,False,False,False,False,False,0.0,False,False,False,not_listed_no_path,False,True,True,False,False,True,False,False,False,EPCI:200069615,0.0
39325,39,200071595,574.0,8.32,2023-01-01,2020,base-cc-serie-historique-2020.CSV,True,68.99038461538461,39013,36.1838696197242,22110.0,45.09666899604006,22300.0,51.76808996675455,22460.0,23260.0,True,True,False,False,False,False,False,False,False,False,False,False,0.0,False,False,False,not_listed_no_path,False,True,True,False,False,True,False,False,True,EPCI:200071595,0.0
39328,39,200090579,427.0,13.64,2023-01-01,2020,base-cc-serie-historique-2020.CSV,True,31.3049853372434,39333,25.070158072515387,22130.0,46.1702354319804,21840.0,51.76808996675455,22460.0,23110.0,True,True,False,False,False,False,False,False,False,False,False,False,0.0,False,False,False,not_listed_no_path,False,True,True,False,False,True,False,False,True,EPCI:200090579,0.0
39330,39,200071595,152.0,7.67,2023-01-01,2020,base-cc-serie-historique-2020.CSV,True,19.81747066492829,39434,36.1838696197242,22110.0,35.832741422439085,22280.0,51.76808996675455,22460.0,21240.0,True,True,False,False,False,False,False,False,False,False,False,False,0.0,False,False,False,not_listed_no_path,False,True,True,False,False,True,False,False,True,EPCI:200071595,0.0
39333,39,200090579,2133.0,26.56,2023-01-01,2020,base-cc-serie-historique-2020.CSV,True,80.30873493975903,39333,25.070158072515387,22130.0,46.1702354319804,21840.0,51.76808996675455,22460.0,20020.0,True,True,False,False,False,False,False,False,False,False,True,False,2133.0,False,False,False,not_listed_no_path,False,True,True,False,False,True,False,False,True,EPCI:200090579,0.0
39336,39,200071595,112.0,11.5,2023-01-01,2020,base-cc-serie-historique-2020.CSV,True,9.73913043478261,39434,36.1838696197242,22110.0,35.832741422439085,22280.0,51.76808996675455,22460.0,24810.0,True,True,False,False,False,False,False,False,False,False,False,False,0.0,False,False,False,not_listed_no_path,False,True,True,False,False,True,False,False,True,EPCI:200071595,0.0
39337,39,200071595,88.0,7.06,2023-01-01,2020,base-cc-serie-historique-2020.CSV,True,12.46458923512748,39013,36.1838696197242,22110.0,45.09666899604006,22300.0,51.76808996675455,22460.0,,True,True,False,False,False,False,False,False,False,False,False,False,0.0,False,False,False,not_listed_no_path,False,True,True,False,False,True,False,False,True,EPCI:200071595,0.0
39342,39,200071595,123.0,2.5,2023-01-01,2020,base-cc-serie-historique-2020.CSV,True,49.2,39434,36.1838696197242,22110.0,35.832741422439085,22280.0,51.76808996675455,22460.0,21560.0,True,True,False,False,False,False,False,False,False,False,False,False,0.0,False,False,False,not_listed_no_path,False,True,True,False,False,True,False,False,True,EPCI:200071595,0.0
39344,39,200069623,333.0,6.19,2023-01-01,2020,base-cc-serie-historique-2020.CSV,True,53.79644588045234,39097,36.64354973351313,22830.0,40.12576478585996,22460.0,51.76808996675455,22460.0,23070.0,True,True,False,False,False,False,False,False,False,False,False,False,0.0,True,False,False,not_listed_no_path,False,True,True,False,False,True,False,False,True,EPCI:200069623,0.0
39349,39,200069615,490.0,2.29,2023-01-01,2020,base-cc-serie-historique-2020.CSV,True,213.9737991266376,39300,43.53158410650375,22660.0,93.44161342467862,22390.0,51.76808996675455,22460.0,28720.0,True,True,False,False,False,False,False,False,False,False,False,False,0.0,False,False,False,not_listed_no_path,False,True,True,False,False,True,False,False,False,EPCI:200069615,0.0
39351,39,200090579,147.0,9.55,2023-01-01,2020,base-cc-serie-historique-2020.CSV,True,15.392670157068062,01283,25.070158072515387,22130.0,87.5171097530412,20490.0,51.76808996675455,22460.0,25620.0,True,True,False,False,False,False,False,False,False,False,True,False,147.0,False,False,False,not_listed_no_path,False,True,True,False,False,True,False,False,False,EPCI:200090579,0.0
39352,39,243900560,137.0,1.68,2023-01-01,2020,base-cc-serie-historique-2020.CSV,True,81.54761904761905,25527,44.45412201310259,22600.0,78.27320172452916,23310.0,51.76808996675455,22460.0,24250.0,True,True,False,False,False,False,False,False,False,False,False,False,0.0,False,False,False,not_listed_no_path,False,True,True,False,False,True,False,False,False,EPCI:243900560,0.0
39354,39,200071595,372.0,7.99,2023-01-01,2020,base-cc-serie-historique-2020.CSV,True,46.55819774718398,39434,36.1838696197242,22110.0,35.832741422439085,22280.0,51.76808996675455,22460.0,23750.0,True,True,False,False,False,False,False,False,False,False,False,False,0.0,False,False,False,not_listed_no_path,False,True,True,False,False,True,False,False,True,EPCI:200071595,0.0
39355,39,200071595,235.0,10.63,2023-01-01,2020,base-cc-serie-historique-2020.CSV,True,22.107243650047035,39013,36.1838696197242,22110.0,45.09666899604006,22300.0,51.76808996675455,22460.0,25200.0,True,True,False,False,False,False,False,False,False,False,False,False,0.0,False,False,False,not_listed_no_path,False,True,True,False,False,True,False,False,True,EPCI:200071595,0.0
39356,39,200069623,207.0,7.99,2023-01-01,2020,base-cc-serie-historique-2020.CSV,True,25.90738423028786,39097,36.64354973351313,22830.0,40.12576478585996,22460.0,51.76808996675455,22460.0,22740.0,True,True,False,False,False,False,False,False,False,False,False,False,0.0,True,False,False,not_listed_no_path,False,True,True,False,False,True,False,False,True,EPCI:200069623,0.0
39364,39,200069623,494.0,25.32,2023-01-01,2020,base-cc-serie-historique-2020.CSV,True,19.510268562401265,39097,36.64354973351313,22830.0,40.12576478585996,22460.0,51.76808996675455,22460.0,21440.0,True,True,False,False,False,False,False,False,False,False,True,False,494.0,True,False,False,not_listed_no_path,False,True,True,False,False,True,False,False,True,EPCI:200069623,0.0
39366,39,200069623,231.0,19.93,2023-01-01,2020,base-cc-serie-historique-2020.CSV,True,11.59056698444556,39097,36.64354973351313,22830.0,40.12576478585996,22460.0,51.76808996675455,22460.0,22230.0,True,True,False,False,False,False,False,False,False,False,True,False,231.0,True,False,False,not_listed_no_path,False,True,True,False,False,True,False,False,True,EPCI:200069623,0.0
39376,39,200069623,74.0,4.27,2023-01-01,2020,base-cc-serie-historique-2020.CSV,True,17.330210772833727,39097,36.64354973351313,22830.0,40.12576478585996,22460.0,51.76808996675455,22460.0,,True,True,False,False,False,False,False,False,False,False,True,False,74.0,True,False,False,not_listed_no_path,False,True,True,False,False,True,False,False,True,EPCI:200069623,0.0
39379,39,200069615,526.0,7.34,2023-01-01,2020,base-cc-serie-historique-2020.CSV,True,71.66212534059946,39056,43.53158410650375,22660.0,46.15556548949486,22080.0,51.76808996675455,22460.0,23290.0,True,True,False,False,False,False,False,False,False,False,False,False,0.0,False,False,False,not_listed_no_path,False,True,True,False,False,True,False,False,True,EPCI:200069615,0.0
39381,39,200069623,98.0,8.05,2023-01-01,2020,base-cc-serie-historique-2020.CSV,True,12.17391304347826,39097,36.64354973351313,22830.0,40.12576478585996,22460.0,51.76808996675455,22460.0,,True,True,False,False,False,False,False,False,False,False,True,False,98.0,True,False,False,not_listed_no_path,False,True,True,False,False,True,False,False,True,EPCI:200069623,0.0
39386,39,200071595,95.0,4.07,2023-01-01,2020,base-cc-serie-historique-2020.CSV,True,23.34152334152334,39434,36.1838696197242,22110.0,35.832741422439085,22280.0,51.76808996675455,22460.0,,True,True,False,False,False,False,False,False,False,False,False,False,0.0,False,False,False,not_listed_no_path,False,True,True,False,False,True,False,False,True,EPCI:200071595,0.0
39388,39,200069615,195.0,6.56,2023-01-01,2020,base-cc-serie-historique-2020.CSV,True,29.72560975609756,39300,43.53158410650375,22660.0,93.44161342467862,22390.0,51.76808996675455,22460.0,22730.0,True,True,False,False,False,False,False,False,False,False,False,False,0.0,False,False,False,not_listed_no_path,False,True,True,False,False,True,False,False,False,EPCI:200069615,0.0
39389,39,200069623,595.0,7.26,2023-01-01,2020,base-cc-serie-historique-2020.CSV,True,81.95592286501378,39097,36.64354973351313,22830.0,40.12576478585996,22460.0,51.76808996675455,22460.0,25300.0,True,True,False,False,False,False,False,False,False,False,False,False,0.0,True,False,False,not_listed_no_path,False,True,True,False,False,True,False,False,True,EPCI:200069623,0.0
39396,39,243900560,1105.0,9.92,2023-01-01,2020,base-cc-serie-historique-2020.CSV,True,111.39112903225806,25527,44.45412201310259,22600.0,78.27320172452916,23310.0,51.76808996675455,22460.0,20950.0,True,True,False,False,False,False,False,False,False,False,False,False,0.0,False,False,False,not_listed_no_path,False,True,True,False,False,True,False,False,False,EPCI:243900560,0.0
39400,39,243900560,149.0,13.86,2023-01-01,2020,base-cc-serie-historique-2020.CSV,True,10.75036075036075,25527,44.45412201310259,22600.0,78.27320172452916,23310.0,51.76808996675455,22460.0,22690.0,True,True,False,False,False,False,False,False,False,False,False,False,0.0,False,False,False,not_listed_no_path,False,True,True,False,False,True,False,False,False,EPCI:243900560,0.0
39401,39,200071595,237.0,7.54,2023-01-01,2020,base-cc-serie-historique-2020.CSV,True,31.43236074270557,39198,36.1838696197242,22110.0,96.33566150420084,22010.0,51.76808996675455,22460.0,22100.0,True,True,False,False,False,False,False,False,False,False,False,False,0.0,False,False,False,not_listed_no_path,False,True,True,False,False,True,False,False,False,EPCI:200071595,0.0
39406,39,200069623,268.0,7.75,2023-01-01,2020,base-cc-serie-historique-2020.CSV,True,34.58064516129032,39097,36.64354973351313,22830.0,40.12576478585996,22460.0,51.76808996675455,22460.0,23750.0,True,True,False,False,False,False,False,False,False,False,True,False,268.0,True,False,False,not_listed_no_path,False,True,True,False,False,True,False,False,True,EPCI:200069623,0.0
39407,39,200069615,336.0,4.94,2023-01-01,2020,base-cc-serie-historique-2020.CSV,True,68.0161943319838,39434,43.53158410650375,22660.0,35.832741422439085,22280.0,51.76808996675455,22460.0,23830.0,True,True,False,False,False,False,False,False,False,False,False,False,0.0,False,False,False,not_listed_no_path,False,True,True,False,False,True,False,False,True,EPCI:200069615,0.0
39419,39,200069623,62.0,4.69,2023-01-01,2020,base-cc-serie-historique-2020.CSV,True,13.21961620469083,39097,36.64354973351313,22830.0,40.12576478585996,22460.0,51.76808996675455,22460.0,,True,True,False,False,False,False,False,False,False,False,True,False,62.0,True,False,False,not_listed_no_path,False,True,True,False,False,True,False,False,True,EPCI:200069623,0.0
39422,39,200069615,522.0,5.38,2023-01-01,2020,base-cc-serie-historique-2020.CSV,True,97.02602230483272,39300,43.53158410650375,22660.0,93.44161342467862,22390.0,51.76808996675455,22460.0,24500.0,True,True,False,False,False,False,False,False,False,False,False,False,0.0,False,False,False,not_listed_no_path,False,True,True,False,False,True,False,False,False,EPCI:200069615,0.0
39425,39,200071595,88.0,1.39,2023-01-01,2020,base-cc-serie-historique-2020.CSV,True,63.309352517985616,39013,36.1838696197242,22110.0,45.09666899604006,22300.0,51.76808996675455,22460.0,,True,True,False,False,False,False,False,False,False,False,False,False,0.0,False,False,False,not_listed_no_path,False,True,True,False,False,True,False,False,True,EPCI:200071595,0.0
39426,39,200071595,210.0,7.76,2023-01-01,2020,base-cc-serie-historique-2020.CSV,True,27.061855670103093,39434,36.1838696197242,22110.0,35.832741422439085,22280.0,51.76808996675455,22460.0,22240.0,True,True,False,False,False,False,False,False,False,False,False,False,0.0,False,False,False,not_listed_no_path,False,True,True,False,False,True,False,False,True,EPCI:200071595,0.0
39430,39,243900560,105.0,12.1,2023-01-01,2020,base-cc-serie-historique-2020.CSV,True,8.677685950413224,25527,44.45412201310259,22600.0,78.27320172452916,23310.0,51.76808996675455,22460.0,23730.0,True,True,False,False,False,False,False,False,False,False,False,False,0.0,False,False,False,not_listed_no_path,False,True,True,False,False,True,False,False,False,EPCI:243900560,0.0
39437,39,200069623,275.0,9.46,2023-01-01,2020,base-cc-serie-historique-2020.CSV,True,29.069767441860463,39097,36.64354973351313,22830.0,40.12576478585996,22460.0,51.76808996675455,22460.0,20910.0,True,True,False,False,False,False,False,False,False,False,False,False,0.0,True,False,False,not_listed_no_path,False,True,True,False,False,True,False,False,True,EPCI:200069623,0.0
39446,39,200071595,248.0,6.61,2023-01-01,2020,base-cc-serie-historique-2020.CSV,True,37.518910741301056,39013,36.1838696197242,22110.0,45.09666899604006,22300.0,51.76808996675455,22460.0,24670.0,True,True,False,False,False,False,False,False,False,False,False,False,0.0,False,False,False,not_listed_no_path,False,True,True,False,False,True,False,False,True,EPCI:200071595,0.0
39447,39,200069615,268.0,3.65,2023-01-01,2020,base-cc-serie-historique-2020.CSV,True,73.42465753424658,39056,43.53158410650375,22660.0,46.15556548949486,22080.0,51.76808996675455,22460.0,23030.0,True,True,False,False,False,False,False,False,False,False,False,False,0.0,False,False,False,not_listed_no_path,False,True,True,False,False,True,False,False,True,EPCI:200069615,0.0
39451,39,243900560,505.0,6.91,2023-01-01,2020,base-cc-serie-historique-2020.CSV,True,73.08248914616497,25527,44.45412201310259,22600.0,78.27320172452916,23310.0,51.76808996675455,22460.0,21820.0,True,True,False,False,False,False,False,False,False,False,False,False,0.0,False,False,False,not_listed_no_path,False,True,True,False,False,True,False,False,False,EPCI:243900560,0.0
39452,39,243900560,527.0,6.14,2023-01-01,2020,base-cc-serie-historique-2020.CSV,True,85.83061889250814,25527,44.45412201310259,22600.0,78.27320172452916,23310.0,51.76808996675455,22460.0,23240.0,True,True,False,False,False,False,False,False,False,False,False,False,0.0,False,False,False,not_listed_no_path,False,True,True,False,False,True,False,False,False,EPCI:243900560,0.0
39453,39,200026573,448.0,7.79,2023-01-01,2020,base-cc-serie-historique-2020.CSV,True,57.50962772785623,39478,54.01282576067676,21920.0,47.81179763368814,22230.0,51.76808996675455,22460.0,22640.0,True,True,False,False,False,False,False,False,False,False,True,False,448.0,True,True,True,listed_only_potential_B_or_D,False,True,True,False,False,True,True,False,False,EPCI:200026573,448.0
39456,39,200069615,345.0,4.74,2023-01-01,2020,base-cc-serie-historique-2020.CSV,True,72.78481012658227,39056,43.53158410650375,22660.0,46.15556548949486,22080.0,51.76808996675455,22460.0,22800.0,True,True,False,False,False,False,False,False,False,False,False,False,0.0,False,False,False,not_listed_no_path,False,True,True,False,False,True,False,False,True,EPCI:200069615,0.0
39457,39,200069615,55.0,4.02,2023-01-01,2020,base-cc-serie-historique-2020.CSV,True,13.681592039800996,39300,43.53158410650375,22660.0,93.44161342467862,22390.0,51.76808996675455,22460.0,,True,True,False,False,False,False,False,False,False,False,False,False,0.0,False,False,False,not_listed_no_path,False,True,True,False,False,True,False,False,False,EPCI:200069615,0.0
39460,39,200026573,193.0,12.59,2023-01-01,2020,base-cc-serie-historique-2020.CSV,True,15.329626687847496,39478,54.01282576067676,21920.0,47.81179763368814,22230.0,51.76808996675455,22460.0,25360.0,True,True,False,False,False,False,False,False,False,False,True,False,193.0,True,True,True,listed_only_potential_B_or_D,False,True,True,False,False,True,True,False,False,EPCI:200026573,193.0
39463,39,200026573,231.0,10.46,2023-01-01,2020,base-cc-serie-historique-2020.CSV,True,22.08413001912045,01283,54.01282576067676,21920.0,87.5171097530412,20490.0,51.76808996675455,22460.0,25480.0,True,True,False,False,False,False,False,False,False,False,True,False,231.0,True,True,True,listed_only_potential_B_or_D,False,True,True,False,False,True,True,False,False,EPCI:200026573,231.0
39471,39,200069615,758.0,18.01,2023-01-01,2020,base-cc-serie-historique-2020.CSV,True,42.08772903942254,39056,43.53158410650375,22660.0,46.15556548949486,22080.0,51.76808996675455,22460.0,22870.0,True,True,False,False,False,False,False,False,False,False,False,False,0.0,False,False,False,not_listed_no_path,False,True,True,False,False,True,False,False,True,EPCI:200069615,0.0
39478,39,200026573,8895.0,70.19,2023-01-01,2020,base-cc-serie-historique-2020.CSV,True,126.72745405328396,39478,54.01282576067676,21920.0,47.81179763368814,22230.0,51.76808996675455,22460.0,19730.0,True,True,False,False,False,False,False,False,False,False,True,False,8895.0,True,True,True,listed_only_potential_B_or_D,False,True,True,False,False,True,True,False,False,EPCI:200026573,8895.0
39479,39,200071595,243.0,10.21,2023-01-01,2020,base-cc-serie-historique-2020.CSV,True,23.800195886385893,39013,36.1838696197242,22110.0,45.09666899604006,22300.0,51.76808996675455,22460.0,24230.0,True,True,False,False,False,False,False,False,False,False,False,False,0.0,False,False,False,not_listed_no_path,False,True,True,False,False,True,False,False,True,EPCI:200071595,0.0
39481,39,200069623,383.0,5.35,2023-01-01,2020,base-cc-serie-historique-2020.CSV,True,71.58878504672897,39097,36.64354973351313,22830.0,40.12576478585996,22460.0,51.76808996675455,22460.0,22890.0,True,True,False,False,False,False,False,False,False,False,True,False,383.0,True,False,False,not_listed_no_path,False,True,True,False,False,True,False,False,True,EPCI:200069623,0.0
39486,39,200069615,114.0,4.16,2023-01-01,2020,base-cc-serie-historique-2020.CSV,True,27.40384615384616,39434,43.53158410650375,22660.0,35.832741422439085,22280.0,51.76808996675455,22460.0,22760.0,True,True,False,False,False,False,False,False,False,False,False,False,0.0,False,False,False,not_listed_no_path,False,True,True,False,False,True,False,False,True,EPCI:200069615,0.0
39489,39,200071595,456.0,12.33,2023-01-01,2020,base-cc-serie-historique-2020.CSV,True,36.982968369829685,39434,36.1838696197242,22110.0,35.832741422439085,22280.0,51.76808996675455,22460.0,23580.0,True,True,False,False,False,False,False,False,False,False,False,False,0.0,False,False,False,not_listed_no_path,False,True,True,False,False,True,False,False,True,EPCI:200071595,0.0
39498,39,243900560,619.0,6.88,2023-01-01,2020,base-cc-serie-historique-2020.CSV,True,89.97093023255815,25527,44.45412201310259,22600.0,78.27320172452916,23310.0,51.76808996675455,22460.0,24400.0,True,True,False,False,False,False,False,False,False,False,False,False,0.0,False,False,False,not_listed_no_path,False,True,True,False,False,True,False,False,False,EPCI:243900560,0.0
39503,39,200069623,396.0,3.56,2023-01-01,2020,base-cc-serie-historique-2020.CSV,True,111.23595505617978,39097,36.64354973351313,22830.0,40.12576478585996,22460.0,51.76808996675455,22460.0,26980.0,True,True,False,False,False,False,False,False,False,False,True,False,396.0,True,False,False,not_listed_no_path,False,True,True,False,False,True,False,False,True,EPCI:200069623,0.0
39517,39,200069623,527.0,16.1,2023-01-01,2020,base-cc-serie-historique-2020.CSV,True,32.732919254658384,39097,36.64354973351313,22830.0,40.12576478585996,22460.0,51.76808996675455,22460.0,23050.0,True,True,False,False,False,False,False,False,False,False,True,False,527.0,True,False,False,not_listed_no_path,False,True,True,False,False,True,False,False,True,EPCI:200069623,0.0
39522,39,200069623,105.0,13.97,2023-01-01,2020,base-cc-serie-historique-2020.CSV,True,7.516105941302792,39500,36.64354973351313,22830.0,31.81093070518564,21820.0,51.76808996675455,22460.0,,True,True,False,False,False,False,False,False,False,False,True,False,105.0,True,False,False,not_listed_no_path,False,True,True,False,False,True,False,False,True,EPCI:200069623,0.0
39523,39,200069623,191.0,6.9,2023-01-01,2020,base-cc-serie-historique-2020.CSV,True,27.68115942028985,39097,36.64354973351313,22830.0,40.12576478585996,22460.0,51.76808996675455,22460.0,24340.0,True,True,False,False,False,False,False,False,False,False,True,False,191.0,True,False,False,not_listed_no_path,False,True,True,False,False,True,False,False,True,EPCI:200069623,0.0
39535,39,200071595,456.0,9.73,2023-01-01,2020,base-cc-serie-historique-2020.CSV,True,46.86536485097636,39434,36.1838696197242,22110.0,35.832741422439085,22280.0,51.76808996675455,22460.0,23300.0,True,True,False,False,False,False,False,False,False,False,False,False,0.0,False,False,False,not_listed_no_path,False,True,True,False,False,True,False,False,True,EPCI:200071595,0.0
39539,39,200071595,296.0,11.25,2023-01-01,2020,base-cc-serie-historique-2020.CSV,True,26.31111111111111,39013,36.1838696197242,22110.0,45.09666899604006,22300.0,51.76808996675455,22460.0,22470.0,True,True,False,False,False,False,False,False,False,False,False,False,0.0,False,False,False,not_listed_no_path,False,True,True,False,False,True,False,False,True,EPCI:200071595,0.0
39540,39,200069623,189.0,16.25,2023-01-01,2020,base-cc-serie-historique-2020.CSV,True,11.63076923076923,39097,36.64354973351313,22830.0,40.12576478585996,22460.0,51.76808996675455,22460.0,21800.0,True,True,False,False,False,False,False,False,False,False,True,False,189.0,True,False,False,not_listed_no_path,False,True,True,False,False,True,False,False,True,EPCI:200069623,0.0
39543,39,200069623,219.0,5.75,2023-01-01,2020,base-cc-serie-historique-2020.CSV,True,38.08695652173913,39097,36.64354973351313,22830.0,40.12576478585996,22460.0,51.76808996675455,22460.0,27700.0,True,True,False,False,False,False,False,False,False,False,True,False,219.0,True,False,False,not_listed_no_path,False,True,True,False,False,True,False,False,True,EPCI:200069623,0.0
39545,39,200069623,170.0,6.01,2023-01-01,2020,base-cc-serie-historique-2020.CSV,True,28.28618968386024,39097,36.64354973351313,22830.0,40.12576478585996,22460.0,51.76808996675455,22460.0,21180.0,True,True,False,False,False,False,False,False,False,False,True,False,170.0,True,False,False,not_listed_no_path,False,True,True,False,False,True,False,False,True,EPCI:200069623,0.0
39547,39,200090579,677.0,9.36,2023-01-01,2020,base-cc-serie-historique-2020.CSV,True,72.32905982905983,39478,25.070158072515387,22130.0,47.81179763368814,22230.0,51.76808996675455,22460.0,22370.0,True,True,False,False,False,False,False,False,False,False,True,False,677.0,False,False,False,not_listed_no_path,False,True,True,False,False,True,False,False,True,EPCI:200090579,0.0
39553,39,200069615,289.0,1.08,2023-01-01,2020,base-cc-serie-historique-2020.CSV,True,267.5925925925925,39300,43.53158410650375,22660.0,93.44161342467862,22390.0,51.76808996675455,22460.0,26500.0,True,True,False,False,False,False,False,False,False,False,False,False,0.0,False,False,False,not_listed_no_path,False,True,True,False,False,True,False,False,False,EPCI:200069615,0.0
39554,39,200069623,227.0,8.35,2023-01-01,2020,base-cc-serie-historique-2020.CSV,True,27.18562874251497,39097,36.64354973351313,22830.0,40.12576478585996,22460.0,51.76808996675455,22460.0,22150.0,True,True,False,False,False,False,False,False,False,False,True,False,227.0,True,False,False,not_listed_no_path,False,True,True,False,False,True,False,False,True,EPCI:200069623,0.0
39555,39,200069615,252.0,8.48,2023-01-01,2020,base-cc-serie-historique-2020.CSV,True,29.71698113207547,39434,43.53158410650375,22660.0,35.832741422439085,22280.0,51.76808996675455,22460.0,21040.0,True,True,False,False,False,False,False,False,False,False,False,False,0.0,False,False,False,not_listed_no_path,False,True,True,False,False,True,False,False,True,EPCI:200069615,0.0
39560,39,200026573,604.0,9.05,2023-01-01,2020,base-cc-serie-historique-2020.CSV,True,66.7403314917127,39478,54.01282576067676,21920.0,47.81179763368814,22230.0,51.76808996675455,22460.0,25450.0,True,True,False,False,False,False,False,False,False,False,True,False,604.0,True,True,True,listed_only_potential_B_or_D,False,True,True,False,False,True,True,False,False,EPCI:200026573,604.0
39561,39,200090579,385.0,9.91,2023-01-01,2020,base-cc-serie-historique-2020.CSV,True,38.84964682139253,39333,25.070158072515387,22130.0,46.1702354319804,21840.0,51.76808996675455,22460.0,21850.0,True,True,False,False,False,False,False,False,False,False,True,False,385.0,False,False,False,not_listed_no_path,False,True,True,False,False,True,False,False,True,EPCI:200090579,0.0
39568,39,200071595,38.0,2.85,2023-01-01,2020,base-cc-serie-historique-2020.CSV,True,13.333333333333332,39434,36.1838696197242,22110.0,35.832741422439085,22280.0,51.76808996675455,22460.0,,True,True,False,False,False,False,False,False,False,False,False,False,0.0,False,False,False,not_listed_no_path,False,True,True,False,False,True,False,False,True,EPCI:200071595,0.0
39570,39,200071595,222.0,10.5,2023-01-01,2020,base-cc-serie-historique-2020.CSV,True,21.142857142857142,39198,36.1838696197242,22110.0,96.33566150420084,22010.0,51.76808996675455,22460.0,21810.0,True,True,False,False,False,False,False,False,False,False,False,False,0.0,False,False,False,not_listed_no_path,False,True,True,False,False,True,False,False,False,EPCI:200071595,0.0
39572,39,200071595,390.0,5.45,2023-01-01,2020,base-cc-serie-historique-2020.CSV,True,71.55963302752293,39013,36.1838696197242,22110.0,45.09666899604006,22300.0,51.76808996675455,22460.0,22490.0,True,True,False,False,False,False,False,False,False,False,False,False,0.0,False,False,False,not_listed_no_path,False,True,True,False,False,True,False,False,True,EPCI:200071595,0.0
39574,39,200069615,711.0,9.87,2023-01-01,2020,base-cc-serie-historique-2020.CSV,True,72.03647416413375,39056,43.53158410650375,22660.0,46.15556548949486,22080.0,51.76808996675455,22460.0,23060.0,True,True,False,False,False,False,False,False,False,False,False,False,0.0,False,False,False,not_listed_no_path,False,True,True,False,False,True,False,False,True,EPCI:200069615,0.0
39579,39,200026573,890.0,25.4,2023-01-01,2020,base-cc-serie-historique-2020.CSV,True,35.03937007874016,01283,54.01282576067676,21920.0,87.5171097530412,20490.0,51.76808996675455,22460.0,25910.0,True,True,False,False,False,False,False,False,False,False,True,False,890.0,True,True,True,listed_only_potential_B_or_D,False,True,True,False,False,True,True,False,False,EPCI:200026573,890.0
39582,39,200069615,785.0,9.42,2023-01-01,2020,base-cc-serie-historique-2020.CSV,True,83.33333333333333,39300,43.53158410650375,22660.0,93.44161342467862,22390.0,51.76808996675455,22460.0,23650.0,True,True,False,False,False,False,False,False,False,False,False,False,0.0,False,False,False,not_listed_no_path,False,True,True,False,False,True,False,False,False,EPCI:200069615,0.0
39585,39,200026573,20.0,4.49,2023-01-01,2020,base-cc-serie-historique-2020.CSV,True,4.4543429844098,39478,54.01282576067676,21920.0,47.81179763368814,22230.0,51.76808996675455,22460.0,,True,True,False,False,False,False,False,False,False,False,True,False,20.0,True,True,True,listed_only_potential_B_or_D,False,True,True,False,False,True,True,False,False,EPCI:200026573,20.0
40182,40,244000543,831.0,89.05,2023-01-01,2020,base-cc-serie-historique-2020.CSV,True,9.331836047164517,40184,35.05228993869456,21640.0,26.56157049375372,21860.0,45.23856923376539,22100.0,21090.0,True,True,False,False,False,False,False,False,False,False,False,False,0.0,False,False,False,not_listed_no_path,False,True,True,False,False,True,False,False,True,EPCI:244000543,0.0
41003,41,200072072,590.0,4.84,2023-01-01,2020,base-cc-serie-historique-2020.CSV,True,121.900826446281,41269,50.492011427362186,21890.0,49.04504614507972,21910.0,51.92088204507334,21940.0,22830.0,True,True,False,False,False,False,False,False,False,False,False,False,0.0,False,False,False,not_listed_no_path,False,True,True,False,False,True,False,False,True,EPCI:200072072,0.0
41008,41,200055481,718.0,13.88,2023-01-01,2020,base-cc-serie-historique-2020.CSV,True,51.72910662824207,41136,38.02414971268831,22150.0,72.74731182795699,22440.0,51.92088204507334,21940.0,23800.0,True,True,False,False,False,False,False,False,False,False,False,False,0.0,False,False,False,not_listed_no_path,False,True,True,False,False,True,False,False,False,EPCI:200055481,0.0
41010,41,200072072,1005.0,31.93,2023-01-01,2020,base-cc-serie-historique-2020.CSV,True,31.475101785155022,41269,50.492011427362186,21890.0,49.04504614507972,21910.0,51.92088204507334,21940.0,22800.0,True,True,False,False,False,False,False,False,False,False,False,False,0.0,False,False,False,not_listed_no_path,False,True,True,False,False,True,False,False,True,EPCI:200072072,0.0
41013,41,244100798,273.0,24.7,2023-01-01,2020,base-cc-serie-historique-2020.CSV,True,11.052631578947368,41018,47.71131639722864,23940.0,115.55919960563776,22500.0,51.92088204507334,21940.0,21670.0,True,True,False,False,False,False,False,False,False,False,False,False,0.0,False,False,False,not_listed_no_path,False,True,True,False,False,True,False,False,False,EPCI:244100798,0.0
41025,41,244100798,1321.0,2.95,2023-01-01,2020,base-cc-serie-historique-2020.CSV,True,447.7966101694915,41018,47.71131639722864,23940.0,115.55919960563776,22500.0,51.92088204507334,21940.0,22650.0,True,True,False,False,False,False,False,False,False,False,False,False,0.0,False,False,False,not_listed_no_path,False,True,True,False,False,True,False,False,False,EPCI:244100798,0.0
41034,41,244100798,92.0,54.38,2023-01-01,2020,base-cc-serie-historique-2020.CSV,True,1.6917984553144538,41018,47.71131639722864,23940.0,115.55919960563776,22500.0,51.92088204507334,21940.0,,True,True,False,False,False,False,False,False,False,False,False,False,0.0,False,False,False,not_listed_no_path,False,True,True,False,False,True,False,False,False,EPCI:244100798,0.0
41039,41,200055481,684.0,22.83,2023-01-01,2020,base-cc-serie-historique-2020.CSV,True,29.960578186596585,41136,38.02414971268831,22150.0,72.74731182795699,22440.0,51.92088204507334,21940.0,22960.0,True,True,False,False,False,False,False,False,False,False,False,False,0.0,False,False,False,not_listed_no_path,False,True,True,False,False,True,False,False,False,EPCI:200055481,0.0
41066,41,200055481,431.0,6.41,2023-01-01,2020,base-cc-serie-historique-2020.CSV,True,67.2386895475819,41136,38.02414971268831,22150.0,72.74731182795699,22440.0,51.92088204507334,21940.0,22900.0,True,True,False,False,False,False,False,False,False,False,False,False,0.0,False,False,False,not_listed_no_path,False,True,True,False,False,True,False,False,False,EPCI:200055481,0.0
41069,41,200055481,249.0,5.4,2023-01-01,2020,base-cc-serie-historique-2020.CSV,True,46.11111111111111,41018,38.02414971268831,22150.0,115.55919960563776,22500.0,51.92088204507334,21940.0,26390.0,True,True,False,False,False,False,False,False,False,False,False,False,0.0,False,False,False,not_listed_no_path,False,True,True,False,False,True,False,False,False,EPCI:200055481,0.0
41071,41,244100798,548.0,28.37,2023-01-01,2020,base-cc-serie-historique-2020.CSV,True,19.31617906238985,45028,47.71131639722864,23940.0,65.39045708554234,22760.0,51.92088204507334,21940.0,22420.0,True,True,False,False,False,False,False,False,False,False,False,False,0.0,False,False,False,not_listed_no_path,False,True,True,False,False,True,False,False,True,EPCI:244100798,0.0
41073,41,200072072,677.0,42.26,2023-01-01,2020,base-cc-serie-historique-2020.CSV,True,16.019876952200665,41269,50.492011427362186,21890.0,49.04504614507972,21910.0,51.92088204507334,21940.0,20180.0,True,True,False,False,False,False,False,False,False,False,False,False,0.0,False,False,False,not_listed_no_path,False,True,True,False,False,True,False,False,True,EPCI:200072072,0.0
41086,41,244100798,648.0,46.25,2023-01-01,2020,base-cc-serie-historique-2020.CSV,True,14.010810810810812,41018,47.71131639722864,23940.0,115.55919960563776,22500.0,51.92088204507334,21940.0,22700.0,True,True,False,False,False,False,False,False,False,False,False,False,0.0,False,False,False,not_listed_no_path,False,True,True,False,False,True,False,False,False,EPCI:244100798,0.0
41104,41,244100798,2322.0,22.79,2023-01-01,2020,base-cc-serie-historique-2020.CSV,True,101.8867924528302,41018,47.71131639722864,23940.0,115.55919960563776,22500.0,51.92088204507334,21940.0,24910.0,True,True,False,False,False,False,False,False,False,False,False,False,0.0,False,False,False,not_listed_no_path,False,True,True,False,False,True,False,False,False,EPCI:244100798,0.0
41114,41,200055481,282.0,8.29,2023-01-01,2020,base-cc-serie-historique-2020.CSV,True,34.016887816646566,45028,38.02414971268831,22150.0,65.39045708554234,22760.0,51.92088204507334,21940.0,22870.0,True,True,False,False,False,False,False,False,False,False,False,False,0.0,False,False,False,not_listed_no_path,False,True,True,False,False,True,False,False,True,EPCI:200055481,0.0
41124,41,200072072,332.0,6.39,2023-01-01,2020,base-cc-serie-historique-2020.CSV,True,51.95618153364632,41269,50.492011427362186,21890.0,49.04504614507972,21910.0,51.92088204507334,21940.0,23710.0,True,True,False,False,False,False,False,False,False,False,False,False,0.0,False,False,False,not_listed_no_path,False,True,True,False,False,True,False,False,True,EPCI:200072072,0.0
41129,41,244100798,698.0,7.35,2023-01-01,2020,base-cc-serie-historique-2020.CSV,True,94.96598639455785,41018,47.71131639722864,23940.0,115.55919960563776,22500.0,51.92088204507334,21940.0,22980.0,True,True,False,False,False,False,False,False,False,False,False,False,0.0,False,False,False,not_listed_no_path,False,True,True,False,False,True,False,False,False,EPCI:244100798,0.0
41130,41,200055481,669.0,33.33,2023-01-01,2020,base-cc-serie-historique-2020.CSV,True,20.07200720072008,41269,38.02414971268831,22150.0,49.04504614507972,21910.0,51.92088204507334,21940.0,22320.0,True,True,False,False,False,False,False,False,False,False,False,False,0.0,False,False,False,not_listed_no_path,False,True,True,False,False,True,False,False,True,EPCI:200055481,0.0
41131,41,200072072,819.0,24.26,2023-01-01,2020,base-cc-serie-historique-2020.CSV,True,33.75927452596867,41269,50.492011427362186,21890.0,49.04504614507972,21910.0,51.92088204507334,21940.0,23800.0,True,True,False,False,False,False,False,False,False,False,False,False,0.0,False,False,False,not_listed_no_path,False,True,True,False,False,True,False,False,True,EPCI:200072072,0.0
41136,41,200055481,6211.0,26.47,2023-01-01,2020,base-cc-serie-historique-2020.CSV,True,234.6429920664904,41136,38.02414971268831,22150.0,72.74731182795699,22440.0,51.92088204507334,21940.0,21270.0,True,True,False,False,False,False,False,False,False,False,False,False,0.0,False,False,False,not_listed_no_path,False,True,True,False,False,True,False,False,False,EPCI:200055481,0.0
41138,41,200072072,313.0,7.18,2023-01-01,2020,base-cc-serie-historique-2020.CSV,True,43.5933147632312,41269,50.492011427362186,21890.0,49.04504614507972,21910.0,51.92088204507334,21940.0,24130.0,True,True,False,False,False,False,False,False,False,False,False,False,0.0,False,False,False,not_listed_no_path,False,True,True,False,False,True,False,False,True,EPCI:200072072,0.0
41148,41,244100798,1305.0,10.73,2023-01-01,2020,base-cc-serie-historique-2020.CSV,True,121.6216216216216,41018,47.71131639722864,23940.0,115.55919960563776,22500.0,51.92088204507334,21940.0,23130.0,True,True,False,False,False,False,False,False,False,False,False,False,0.0,False,False,False,not_listed_no_path,False,True,True,False,False,True,False,False,False,EPCI:244100798,0.0
41150,41,244100798,3309.0,28.51,2023-01-01,2020,base-cc-serie-historique-2020.CSV,True,116.0645387583304,41018,47.71131639722864,23940.0,115.55919960563776,22500.0,51.92088204507334,21940.0,25150.0,True,True,False,False,False,False,False,False,False,False,False,False,0.0,False,False,False,not_listed_no_path,False,True,True,False,False,True,False,False,False,EPCI:244100798,0.0
41155,41,200055481,1234.0,9.15,2023-01-01,2020,base-cc-serie-historique-2020.CSV,True,134.86338797814207,41136,38.02414971268831,22150.0,72.74731182795699,22440.0,51.92088204507334,21940.0,22900.0,True,True,False,False,False,False,False,False,False,False,False,False,0.0,False,False,False,not_listed_no_path,False,True,True,False,False,True,False,False,False,EPCI:200055481,0.0
41156,41,200055481,527.0,16.0,2023-01-01,2020,base-cc-serie-historique-2020.CSV,True,32.9375,41136,38.02414971268831,22150.0,72.74731182795699,22440.0,51.92088204507334,21940.0,24230.0,True,True,False,False,False,False,False,False,False,False,False,False,0.0,False,False,False,not_listed_no_path,False,True,True,False,False,True,False,False,False,EPCI:200055481,0.0
41158,41,200072072,2423.0,13.28,2023-01-01,2020,base-cc-serie-historique-2020.CSV,True,182.45481927710844,41269,50.492011427362186,21890.0,49.04504614507972,21910.0,51.92088204507334,21940.0,23770.0,True,True,False,False,False,False,False,False,False,False,False,False,0.0,False,False,False,not_listed_no_path,False,True,True,False,False,True,False,False,True,EPCI:200072072,0.0
41160,41,244100798,321.0,31.28,2023-01-01,2020,base-cc-serie-historique-2020.CSV,True,10.262148337595908,41018,47.71131639722864,23940.0,115.55919960563776,22500.0,51.92088204507334,21940.0,22330.0,True,True,False,False,False,False,False,False,False,False,False,False,0.0,False,False,False,not_listed_no_path,False,True,True,False,False,True,False,False,False,EPCI:244100798,0.0
41186,41,200072072,301.0,14.23,2023-01-01,2020,base-cc-serie-historique-2020.CSV,True,21.15249472944484,41269,50.492011427362186,21890.0,49.04504614507972,21910.0,51.92088204507334,21940.0,24260.0,True,True,False,False,False,False,False,False,False,False,False,False,0.0,False,False,False,not_listed_no_path,False,True,True,False,False,True,False,False,True,EPCI:200072072,0.0
41200,41,200072072,477.0,5.13,2023-01-01,2020,base-cc-serie-historique-2020.CSV,True,92.98245614035088,41269,50.492011427362186,21890.0,49.04504614507972,21910.0,51.92088204507334,21940.0,26200.0,True,True,False,False,False,False,False,False,False,False,False,False,0.0,False,False,False,not_listed_no_path,False,True,True,False,False,True,False,False,True,EPCI:200072072,0.0
41204,41,244100798,1789.0,9.17,2023-01-01,2020,base-cc-serie-historique-2020.CSV,True,195.092693565976,41018,47.71131639722864,23940.0,115.55919960563776,22500.0,51.92088204507334,21940.0,25240.0,True,True,False,False,False,False,False,False,False,False,False,False,0.0,False,False,False,not_listed_no_path,False,True,True,False,False,True,False,False,False,EPCI:244100798,0.0
41207,41,244100798,1141.0,5.51,2023-01-01,2020,base-cc-serie-historique-2020.CSV,True,207.07803992740472,41136,47.71131639722864,23940.0,72.74731182795699,22440.0,51.92088204507334,21940.0,23790.0,True,True,False,False,False,False,False,False,False,False,False,False,0.0,False,False,False,not_listed_no_path,False,True,True,False,False,True,False,False,False,EPCI:244100798,0.0
41209,41,200072072,793.0,13.89,2023-01-01,2020,base-cc-serie-historique-2020.CSV,True,57.091432685385165,41269,50.492011427362186,21890.0,49.04504614507972,21910.0,51.92088204507334,21940.0,23270.0,True,True,False,False,False,False,False,False,False,False,False,False,0.0,False,False,False,not_listed_no_path,False,True,True,False,False,True,False,False,True,EPCI:200072072,0.0
41220,41,244100798,4299.0,60.98,2023-01-01,2020,base-cc-serie-historique-2020.CSV,True,70.49852410626436,45028,47.71131639722864,23940.0,65.39045708554234,22760.0,51.92088204507334,21940.0,23420.0,True,True,False,False,False,False,False,False,False,False,False,False,0.0,False,False,False,not_listed_no_path,False,True,True,False,False,True,False,False,True,EPCI:244100798,0.0
41226,41,200072072,3056.0,11.3,2023-01-01,2020,base-cc-serie-historique-2020.CSV,True,270.4424778761062,41269,50.492011427362186,21890.0,49.04504614507972,21910.0,51.92088204507334,21940.0,22470.0,True,True,False,False,False,False,False,False,False,False,False,False,0.0,False,False,False,not_listed_no_path,False,True,True,False,False,True,False,False,True,EPCI:200072072,0.0
41252,41,200055481,1548.0,36.65,2023-01-01,2020,base-cc-serie-historique-2020.CSV,True,42.23738062755798,41136,38.02414971268831,22150.0,72.74731182795699,22440.0,51.92088204507334,21940.0,23550.0,True,True,False,False,False,False,False,False,False,False,False,False,0.0,False,False,False,not_listed_no_path,False,True,True,False,False,True,False,False,False,EPCI:200055481,0.0
41259,41,200072072,824.0,10.78,2023-01-01,2020,base-cc-serie-historique-2020.CSV,True,76.4378478664193,41269,50.492011427362186,21890.0,49.04504614507972,21910.0,51.92088204507334,21940.0,20860.0,True,True,False,False,False,False,False,False,False,False,False,False,0.0,False,False,False,not_listed_no_path,False,True,True,False,False,True,False,False,True,EPCI:200072072,0.0
41262,41,244100798,1119.0,26.34,2023-01-01,2020,base-cc-serie-historique-2020.CSV,True,42.48291571753986,41018,47.71131639722864,23940.0,115.55919960563776,22500.0,51.92088204507334,21940.0,24960.0,True,True,False,False,False,False,False,False,False,False,False,False,0.0,False,False,False,not_listed_no_path,False,True,True,False,False,True,False,False,False,EPCI:244100798,0.0
41269,41,200072072,15680.0,23.89,2023-01-01,2020,base-cc-serie-historique-2020.CSV,True,656.341565508581,41269,50.492011427362186,21890.0,49.04504614507972,21910.0,51.92088204507334,21940.0,20570.0,True,True,False,False,False,False,False,False,False,False,False,False,0.0,False,False,False,not_listed_no_path,False,True,True,False,False,True,False,False,True,EPCI:200072072,0.0
41275,41,200072072,1253.0,26.61,2023-01-01,2020,base-cc-serie-historique-2020.CSV,True,47.08756106726795,41269,50.492011427362186,21890.0,49.04504614507972,21910.0,51.92088204507334,21940.0,20620.0,True,True,False,False,False,False,False,False,False,False,False,False,0.0,False,False,False,not_listed_no_path,False,True,True,False,False,True,False,False,True,EPCI:200072072,0.0
41287,41,200072072,498.0,16.81,2023-01-01,2020,base-cc-serie-historique-2020.CSV,True,29.62522308149911,41269,50.492011427362186,21890.0,49.04504614507972,21910.0,51.92088204507334,21940.0,24810.0,True,True,False,False,False,False,False,False,False,False,False,False,0.0,False,False,False,not_listed_no_path,False,True,True,False,False,True,False,False,True,EPCI:200072072,0.0
41292,41,200055481,200.0,11.53,2023-01-01,2020,base-cc-serie-historique-2020.CSV,True,17.346053772766698,41136,38.02414971268831,22150.0,72.74731182795699,22440.0,51.92088204507334,21940.0,25180.0,True,True,False,False,False,False,False,False,False,False,False,False,0.0,False,False,False,not_listed_no_path,False,True,True,False,False,True,False,False,False,EPCI:200055481,0.0
41293,41,200072072,247.0,7.22,2023-01-01,2020,base-cc-serie-historique-2020.CSV,True,34.21052631578947,41269,50.492011427362186,21890.0,49.04504614507972,21910.0,51.92088204507334,21940.0,22020.0,True,True,False,False,False,False,False,False,False,False,False,False,0.0,False,False,False,not_listed_no_path,False,True,True,False,False,True,False,False,True,EPCI:200072072,0.0
41294,41,200072072,1117.0,9.96,2023-01-01,2020,base-cc-serie-historique-2020.CSV,True,112.14859437751004,41269,50.492011427362186,21890.0,49.04504614507972,21910.0,51.92088204507334,21940.0,24900.0,True,True,False,False,False,False,False,False,False,False,False,False,0.0,False,False,False,not_listed_no_path,False,True,True,False,False,True,False,False,True,EPCI:200072072,0.0
42017,42,244200622,479.0,10.06,2023-01-01,2020,base-cc-serie-historique-2020.CSV,True,47.61431411530815,42218,50.294990058346094,23060.0,476.0929427499934,20430.0,160.7558899633727,21380.0,23880.0,True,True,False,False,False,False,False,False,False,False,True,False,479.0,True,False,False,not_listed_no_path,False,True,True,False,False,True,False,False,False,EPCI:244200622,0.0
42023,42,244200622,2950.0,20.15,2023-01-01,2020,base-cc-serie-historique-2020.CSV,True,146.40198511166255,42023,50.294990058346094,23060.0,44.458824330767655,21190.0,160.7558899633727,21380.0,21350.0,True,True,False,False,False,False,False,False,True,True,True,False,2950.0,True,False,True,listed_only_potential_B_or_D,False,True,True,False,False,True,False,False,True,EPCI:244200622,2950.0
42028,42,244200622,384.0,30.81,2023-01-01,2020,base-cc-serie-historique-2020.CSV,True,12.4634858812074,42023,50.294990058346094,23060.0,44.458824330767655,21190.0,160.7558899633727,21380.0,20270.0,True,True,False,False,False,False,False,False,True,True,True,False,384.0,True,False,True,listed_only_potential_B_or_D,False,True,True,False,False,True,False,False,True,EPCI:244200622,384.0
42067,42,244200622,297.0,17.86,2023-01-01,2020,base-cc-serie-historique-2020.CSV,True,16.62933930571109,42023,50.294990058346094,23060.0,44.458824330767655,21190.0,160.7558899633727,21380.0,21810.0,True,True,False,False,False,False,False,False,True,True,True,False,297.0,True,False,True,listed_only_potential_B_or_D,False,True,True,False,False,True,False,False,True,EPCI:244200622,297.0
42101,42,244200622,141.0,8.58,2023-01-01,2020,base-cc-serie-historique-2020.CSV,True,16.433566433566433,42023,50.294990058346094,23060.0,44.458824330767655,21190.0,160.7558899633727,21380.0,20640.0,True,True,False,False,False,False,False,False,True,True,True,False,141.0,True,False,True,listed_only_potential_B_or_D,False,True,True,False,False,True,False,False,True,EPCI:244200622,141.0
42115,42,244200622,1226.0,10.32,2023-01-01,2020,base-cc-serie-historique-2020.CSV,True,118.7984496124031,42218,50.294990058346094,23060.0,476.0929427499934,20430.0,160.7558899633727,21380.0,23060.0,True,True,False,False,False,False,False,False,False,False,True,False,1226.0,True,False,False,not_listed_no_path,False,True,True,False,False,True,False,False,False,EPCI:244200622,0.0
42139,42,244200622,1340.0,32.6,2023-01-01,2020,base-cc-serie-historique-2020.CSV,True,41.104294478527606,42218,50.294990058346094,23060.0,476.0929427499934,20430.0,160.7558899633727,21380.0,23890.0,True,True,False,False,False,False,False,False,False,False,True,False,1340.0,True,False,False,not_listed_no_path,False,True,True,False,False,True,False,False,False,EPCI:244200622,0.0
42172,42,244200622,1062.0,12.27,2023-01-01,2020,base-cc-serie-historique-2020.CSV,True,86.55256723716381,42218,50.294990058346094,23060.0,476.0929427499934,20430.0,160.7558899633727,21380.0,26400.0,True,True,False,False,False,False,False,False,False,False,True,False,1062.0,True,False,False,not_listed_no_path,False,True,True,False,False,True,False,False,False,EPCI:244200622,0.0
42224,42,244200622,2945.0,47.08,2023-01-01,2020,base-cc-serie-historique-2020.CSV,True,62.55310110450298,42218,50.294990058346094,23060.0,476.0929427499934,20430.0,160.7558899633727,21380.0,25020.0,True,True,False,False,False,False,False,False,False,False,True,False,2945.0,True,False,False,not_listed_no_path,False,True,True,False,False,True,False,False,False,EPCI:244200622,0.0
42246,42,244200622,1146.0,9.45,2023-01-01,2020,base-cc-serie-historique-2020.CSV,True,121.26984126984128,42023,50.294990058346094,23060.0,44.458824330767655,21190.0,160.7558899633727,21380.0,20370.0,True,True,False,False,False,False,False,False,True,True,True,False,1146.0,True,False,True,listed_only_potential_B_or_D,False,True,True,False,False,True,False,False,True,EPCI:244200622,1146.0
42280,42,244200622,411.0,20.4,2023-01-01,2020,base-cc-serie-historique-2020.CSV,True,20.147058823529413,42218,50.294990058346094,23060.0,476.0929427499934,20430.0,160.7558899633727,21380.0,22650.0,True,True,False,False,False,False,False,False,False,False,True,False,411.0,True,False,False,not_listed_no_path,False,True,True,False,False,True,False,False,False,EPCI:244200622,0.0
42286,42,244200622,948.0,14.68,2023-01-01,2020,base-cc-serie-historique-2020.CSV,True,64.57765667574932,42218,50.294990058346094,23060.0,476.0929427499934,20430.0,160.7558899633727,21380.0,23910.0,True,True,False,False,False,False,False,False,False,False,True,False,948.0,True,False,False,not_listed_no_path,False,True,True,False,False,True,False,False,False,EPCI:244200622,0.0
42287,42,244200622,1086.0,30.26,2023-01-01,2020,base-cc-serie-historique-2020.CSV,True,35.88896232650363,42023,50.294990058346094,23060.0,44.458824330767655,21190.0,160.7558899633727,21380.0,21240.0,True,True,False,False,False,False,False,False,True,True,True,False,1086.0,True,False,True,listed_only_potential_B_or_D,False,True,True,False,False,True,False,False,True,EPCI:244200622,1086.0
42306,42,244200622,492.0,12.57,2023-01-01,2020,base-cc-serie-historique-2020.CSV,True,39.140811455847256,42218,50.294990058346094,23060.0,476.0929427499934,20430.0,160.7558899633727,21380.0,25400.0,True,True,False,False,False,False,False,False,False,False,True,False,492.0,True,False,False,not_listed_no_path,False,True,True,False,False,True,False,False,False,EPCI:244200622,0.0
42310,42,244200622,144.0,14.57,2023-01-01,2020,base-cc-serie-historique-2020.CSV,True,9.883321894303362,42023,50.294990058346094,23060.0,44.458824330767655,21190.0,160.7558899633727,21380.0,22820.0,True,True,False,False,False,False,False,False,True,True,True,False,144.0,True,False,True,listed_only_potential_B_or_D,False,True,True,False,False,True,False,False,True,EPCI:244200622,144.0
42329,42,244200622,379.0,15.13,2023-01-01,2020,base-cc-serie-historique-2020.CSV,True,25.049570389953733,42023,50.294990058346094,23060.0,44.458824330767655,21190.0,160.7558899633727,21380.0,21760.0,True,True,False,False,False,False,False,False,True,True,True,False,379.0,True,False,True,listed_only_potential_B_or_D,False,True,True,False,False,True,False,False,True,EPCI:244200622,379.0
45002,45,200067676,376.0,26.93,2023-01-01,2020,base-cc-serie-historique-2020.CSV,True,13.96212402525065,45085,36.32328708871525,21670.0,28.69967672163174,21480.0,100.70565870088544,22480.0,21400.0,True,True,False,False,False,False,False,False,True,True,False,False,0.0,False,False,True,listed_only_potential_B_or_D,False,True,True,False,False,True,False,False,True,EPCI:200067676,376.0
45006,45,200005932,1128.0,53.65,2023-01-01,2020,base-cc-serie-historique-2020.CSV,True,21.02516309412861,45234,37.32469034652272,24970.0,434.2903733849949,22880.0,100.70565870088544,22480.0,31640.0,True,True,False,False,False,False,False,False,False,False,False,False,0.0,False,False,False,not_listed_no_path,False,True,True,False,False,True,False,False,False,EPCI:200005932,0.0
45008,45,200035764,1969.0,20.5,2023-01-01,2020,base-cc-serie-historique-2020.CSV,True,96.04878048780488,45234,42.40030097817908,23520.0,434.2903733849949,22880.0,100.70565870088544,22480.0,20920.0,True,True,False,False,False,False,False,False,False,False,False,False,0.0,False,False,False,not_listed_no_path,False,True,True,False,False,True,False,False,False,EPCI:200035764,0.0
45017,45,200067676,339.0,20.61,2023-01-01,2020,base-cc-serie-historique-2020.CSV,True,16.448326055312954,45031,36.32328708871525,21670.0,41.70906638876969,21950.0,100.70565870088544,22480.0,22820.0,True,True,False,False,False,False,False,False,False,False,False,False,0.0,False,False,False,not_listed_no_path,False,True,True,False,False,True,False,False,True,EPCI:200067676,0.0
45026,45,200067668,980.0,15.38,2023-01-01,2020,base-cc-serie-historique-2020.CSV,True,63.71911573472041,45115,40.04407934281707,21520.0,39.7017707362535,21410.0,100.70565870088544,22480.0,21270.0,True,True,True,False,False,False,False,False,True,True,False,False,0.0,False,False,True,verified_mandatory_path_listed,False,True,True,False,False,True,True,False,False,EPCI:200067668,980.0
45027,45,200067676,390.0,18.09,2023-01-01,2020,base-cc-serie-historique-2020.CSV,True,21.55887230514096,45031,36.32328708871525,21670.0,41.70906638876969,21950.0,100.70565870088544,22480.0,23460.0,True,True,False,False,False,False,False,False,False,False,False,False,0.0,False,False,False,not_listed_no_path,False,True,True,False,False,True,False,False,True,EPCI:200067676,0.0
45031,45,200067676,1446.0,4.93,2023-01-01,2020,base-cc-serie-historique-2020.CSV,True,293.3062880324544,45031,36.32328708871525,21670.0,41.70906638876969,21950.0,100.70565870088544,22480.0,19810.0,True,True,False,False,False,False,False,False,False,False,False,False,0.0,False,False,False,not_listed_no_path,False,True,True,False,False,True,False,False,True,EPCI:200067676,0.0
45039,45,200070100,706.0,11.61,2023-01-01,2020,base-cc-serie-historique-2020.CSV,True,60.80964685615849,45315,41.07203361116758,22470.0,43.10973060151724,22440.0,100.70565870088544,22480.0,23360.0,True,True,False,False,False,False,False,False,False,False,False,False,0.0,False,False,False,not_listed_no_path,False,True,True,False,False,True,False,False,True,EPCI:200070100,0.0
45042,45,200070100,1895.0,24.02,2023-01-01,2020,base-cc-serie-historique-2020.CSV,True,78.89258950874272,45315,41.07203361116758,22470.0,43.10973060151724,22440.0,100.70565870088544,22480.0,22880.0,True,True,False,False,False,False,False,False,False,False,False,False,0.0,False,False,False,not_listed_no_path,False,True,True,False,False,True,False,False,True,EPCI:200070100,0.0
45046,45,200035764,1057.0,12.45,2023-01-01,2020,base-cc-serie-historique-2020.CSV,True,84.89959839357431,45234,42.40030097817908,23520.0,434.2903733849949,22880.0,100.70565870088544,22480.0,23430.0,True,True,False,False,False,False,False,False,False,False,False,False,0.0,False,False,False,not_listed_no_path,False,True,True,False,False,True,False,False,False,EPCI:200035764,0.0
45055,45,200035764,556.0,12.66,2023-01-01,2020,base-cc-serie-historique-2020.CSV,True,43.91785150078989,45234,42.40030097817908,23520.0,434.2903733849949,22880.0,100.70565870088544,22480.0,24210.0,True,True,False,False,False,False,False,False,False,False,False,False,0.0,False,False,False,not_listed_no_path,False,True,True,False,False,True,False,False,False,EPCI:200035764,0.0
45058,45,200035764,178.0,4.58,2023-01-01,2020,base-cc-serie-historique-2020.CSV,True,38.8646288209607,45234,42.40030097817908,23520.0,434.2903733849949,22880.0,100.70565870088544,22480.0,24280.0,True,True,False,False,False,False,False,False,False,False,False,False,0.0,False,False,False,not_listed_no_path,False,True,True,False,False,True,False,False,False,EPCI:200035764,0.0
45059,45,200035764,191.0,17.84,2023-01-01,2020,base-cc-serie-historique-2020.CSV,True,10.70627802690583,45234,42.40030097817908,23520.0,434.2903733849949,22880.0,100.70565870088544,22480.0,24570.0,True,True,False,False,False,False,False,False,False,False,False,False,0.0,False,False,False,not_listed_no_path,False,True,True,False,False,True,False,False,False,EPCI:200035764,0.0
45062,45,200035764,1501.0,24.24,2023-01-01,2020,base-cc-serie-historique-2020.CSV,True,61.92244224422443,45234,42.40030097817908,23520.0,434.2903733849949,22880.0,100.70565870088544,22480.0,24170.0,True,True,False,False,False,False,False,False,False,False,False,False,0.0,False,False,False,not_listed_no_path,False,True,True,False,False,True,False,False,False,EPCI:200035764,0.0
45063,45,200070100,924.0,67.07,2023-01-01,2020,base-cc-serie-historique-2020.CSV,True,13.776651259877742,45315,41.07203361116758,22470.0,43.10973060151724,22440.0,100.70565870088544,22480.0,21120.0,True,True,False,False,False,False,False,False,False,False,False,False,0.0,False,False,False,not_listed_no_path,False,True,True,False,False,True,False,False,True,EPCI:200070100,0.0
45073,45,200067668,494.0,15.93,2023-01-01,2020,base-cc-serie-historique-2020.CSV,True,31.010671688637792,45115,40.04407934281707,21520.0,39.7017707362535,21410.0,100.70565870088544,22480.0,20650.0,True,True,True,False,False,False,False,False,True,True,False,False,0.0,False,False,True,verified_mandatory_path_listed,False,True,True,False,False,True,True,False,False,EPCI:200067668,494.0
45074,45,200035764,111.0,7.06,2023-01-01,2020,base-cc-serie-historique-2020.CSV,True,15.722379603399434,45248,42.40030097817908,23520.0,25.18529241459178,22560.0,100.70565870088544,22480.0,26640.0,True,True,False,False,False,False,False,False,False,False,False,False,0.0,False,False,False,not_listed_no_path,False,True,True,False,False,True,False,False,True,EPCI:200035764,0.0
45076,45,200067668,228.0,6.21,2023-01-01,2020,base-cc-serie-historique-2020.CSV,True,36.71497584541063,45208,40.04407934281707,21520.0,181.5560448778442,20420.0,100.70565870088544,22480.0,22820.0,True,True,True,False,False,False,False,False,False,False,False,False,0.0,False,False,True,verified_mandatory_path_listed,False,True,True,False,False,True,True,False,False,EPCI:200067668,228.0
45077,45,200067676,622.0,19.03,2023-01-01,2020,base-cc-serie-historique-2020.CSV,True,32.6852338413032,45085,36.32328708871525,21670.0,28.69967672163174,21480.0,100.70565870088544,22480.0,20700.0,True,True,False,False,False,False,False,False,True,True,False,False,0.0,False,False,True,listed_only_potential_B_or_D,False,True,True,False,False,True,False,False,True,EPCI:200067676,622.0
45078,45,200067676,252.0,6.52,2023-01-01,2020,base-cc-serie-historique-2020.CSV,True,38.65030674846626,45031,36.32328708871525,21670.0,41.70906638876969,21950.0,100.70565870088544,22480.0,24590.0,True,True,False,False,False,False,False,False,False,False,False,False,0.0,False,False,False,not_listed_no_path,False,True,True,False,False,True,False,False,True,EPCI:200067676,0.0
45079,45,200067676,157.0,13.82,2023-01-01,2020,base-cc-serie-historique-2020.CSV,True,11.360347322720694,89086,36.32328708871525,21670.0,23.87487030910479,20940.0,100.70565870088544,22480.0,20940.0,True,True,False,False,False,False,False,False,True,True,False,False,0.0,False,False,True,listed_only_potential_B_or_D,False,True,True,False,False,True,False,False,True,EPCI:200067676,157.0
45083,45,200067668,2106.0,40.34,2023-01-01,2020,base-cc-serie-historique-2020.CSV,True,52.206246901338616,89086,40.04407934281707,21520.0,23.87487030910479,20940.0,100.70565870088544,22480.0,19460.0,True,True,True,False,False,False,False,False,True,True,False,False,0.0,False,False,True,verified_mandatory_path_listed,False,True,True,False,False,True,True,False,False,EPCI:200067668,2106.0
45085,45,200067676,1869.0,25.53,2023-01-01,2020,base-cc-serie-historique-2020.CSV,True,73.20799059929494,45085,36.32328708871525,21670.0,28.69967672163174,21480.0,100.70565870088544,22480.0,20700.0,True,True,False,False,False,False,False,False,True,True,False,False,0.0,False,False,True,listed_only_potential_B_or_D,False,True,True,False,False,True,False,False,True,EPCI:200067676,1869.0
45093,45,200035764,2634.0,41.76,2023-01-01,2020,base-cc-serie-historique-2020.CSV,True,63.07471264367816,45234,42.40030097817908,23520.0,434.2903733849949,22880.0,100.70565870088544,22480.0,23460.0,True,True,False,False,False,False,False,False,False,False,False,False,0.0,False,False,False,not_listed_no_path,False,True,True,False,False,True,False,False,False,EPCI:200035764,0.0
45097,45,200067668,1217.0,30.82,2023-01-01,2020,base-cc-serie-historique-2020.CSV,True,39.48734587929916,45115,40.04407934281707,21520.0,39.7017707362535,21410.0,100.70565870088544,22480.0,22000.0,True,True,True,False,False,False,False,False,True,True,False,False,0.0,False,False,True,verified_mandatory_path_listed,False,True,True,False,False,True,True,False,False,EPCI:200067668,1217.0
45099,45,200035764,506.0,21.63,2023-01-01,2020,base-cc-serie-historique-2020.CSV,True,23.393435043920483,45248,42.40030097817908,23520.0,25.18529241459178,22560.0,100.70565870088544,22480.0,23760.0,True,True,False,False,False,False,False,False,False,False,False,False,0.0,False,False,False,not_listed_no_path,False,True,True,False,False,True,False,False,True,EPCI:200035764,0.0
45105,45,200067676,77.0,11.03,2023-01-01,2020,base-cc-serie-historique-2020.CSV,True,6.980961015412512,45085,36.32328708871525,21670.0,28.69967672163174,21480.0,100.70565870088544,22480.0,,True,True,False,False,False,False,False,False,True,True,False,False,0.0,False,False,True,listed_only_potential_B_or_D,False,True,True,False,False,True,False,False,True,EPCI:200067676,77.0
45113,45,200067668,262.0,12.19,2023-01-01,2020,base-cc-serie-historique-2020.CSV,True,21.493027071369976,45115,40.04407934281707,21520.0,39.7017707362535,21410.0,100.70565870088544,22480.0,22740.0,True,True,True,False,False,False,False,False,True,True,False,False,0.0,False,False,True,verified_mandatory_path_listed,False,True,True,False,False,True,True,False,False,EPCI:200067668,262.0
45115,45,200067668,3848.0,50.13,2023-01-01,2020,base-cc-serie-historique-2020.CSV,True,76.7604229004588,45115,40.04407934281707,21520.0,39.7017707362535,21410.0,100.70565870088544,22480.0,20810.0,True,True,True,False,False,False,False,False,True,True,False,False,0.0,False,False,True,verified_mandatory_path_listed,False,True,True,False,False,True,True,False,False,EPCI:200067668,3848.0
45121,45,200067676,472.0,20.94,2023-01-01,2020,base-cc-serie-historique-2020.CSV,True,22.54059216809933,45085,36.32328708871525,21670.0,28.69967672163174,21480.0,100.70565870088544,22480.0,20020.0,True,True,False,False,False,False,False,False,True,True,False,False,0.0,False,False,True,listed_only_potential_B_or_D,False,True,True,False,False,True,False,False,True,EPCI:200067676,472.0
45122,45,200070100,1424.0,47.44,2023-01-01,2020,base-cc-serie-historique-2020.CSV,True,30.01686340640809,45315,41.07203361116758,22470.0,43.10973060151724,22440.0,100.70565870088544,22480.0,23240.0,True,True,False,False,False,False,False,False,False,False,False,False,0.0,False,False,False,not_listed_no_path,False,True,True,False,False,True,False,False,True,EPCI:200070100,0.0
45136,45,200067668,545.0,12.54,2023-01-01,2020,base-cc-serie-historique-2020.CSV,True,43.460925039872414,45115,40.04407934281707,21520.0,39.7017707362535,21410.0,100.70565870088544,22480.0,21820.0,True,True,True,False,False,False,False,False,True,True,False,False,0.0,False,False,True,verified_mandatory_path_listed,False,True,True,False,False,True,True,False,False,EPCI:200067668,545.0
45146,45,200005932,7371.0,86.12,2023-01-01,2020,base-cc-serie-historique-2020.CSV,True,85.58987459359034,45146,37.32469034652272,24970.0,37.79595350839431,24530.0,100.70565870088544,22480.0,23570.0,True,True,False,False,False,False,False,False,False,False,False,False,0.0,False,False,False,not_listed_no_path,False,True,True,False,False,True,False,False,True,EPCI:200005932,0.0
45149,45,200067668,270.0,9.8,2023-01-01,2020,base-cc-serie-historique-2020.CSV,True,27.551020408163264,45115,40.04407934281707,21520.0,39.7017707362535,21410.0,100.70565870088544,22480.0,20690.0,True,True,True,False,False,False,False,False,True,True,False,False,0.0,False,False,True,verified_mandatory_path_listed,False,True,True,False,False,True,True,False,False,EPCI:200067668,270.0
45150,45,200067676,183.0,9.77,2023-01-01,2020,base-cc-serie-historique-2020.CSV,True,18.730808597748208,45031,36.32328708871525,21670.0,41.70906638876969,21950.0,100.70565870088544,22480.0,22530.0,True,True,False,False,False,False,False,False,False,False,False,False,0.0,False,False,False,not_listed_no_path,False,True,True,False,False,True,False,False,True,EPCI:200067676,0.0
45152,45,200035764,213.0,14.17,2023-01-01,2020,base-cc-serie-historique-2020.CSV,True,15.031757233592096,45248,42.40030097817908,23520.0,25.18529241459178,22560.0,100.70565870088544,22480.0,24010.0,True,True,False,False,False,False,False,False,False,False,False,False,0.0,False,False,False,not_listed_no_path,False,True,True,False,False,True,False,False,True,EPCI:200035764,0.0
45153,45,200070100,727.0,9.78,2023-01-01,2020,base-cc-serie-historique-2020.CSV,True,74.33537832310839,45082,41.07203361116758,22470.0,55.43444165621079,23450.0,100.70565870088544,22480.0,24130.0,True,True,False,False,False,False,False,False,False,False,False,False,0.0,False,False,False,not_listed_no_path,False,True,True,False,False,True,False,False,True,EPCI:200070100,0.0
45154,45,200035764,2043.0,23.91,2023-01-01,2020,base-cc-serie-historique-2020.CSV,True,85.44542032622334,45234,42.40030097817908,23520.0,434.2903733849949,22880.0,100.70565870088544,22480.0,26420.0,True,True,False,False,False,False,False,False,False,False,False,False,0.0,False,False,False,not_listed_no_path,False,True,True,False,False,True,False,False,False,EPCI:200035764,0.0
45164,45,200070100,661.0,17.03,2023-01-01,2020,base-cc-serie-historique-2020.CSV,True,38.81385789782736,45082,41.07203361116758,22470.0,55.43444165621079,23450.0,100.70565870088544,22480.0,23350.0,True,True,False,False,False,False,False,False,False,False,False,False,0.0,False,False,False,not_listed_no_path,False,True,True,False,False,True,False,False,True,EPCI:200070100,0.0
45165,45,200067668,609.0,20.13,2023-01-01,2020,base-cc-serie-historique-2020.CSV,True,30.25335320417288,45208,40.04407934281707,21520.0,181.5560448778442,20420.0,100.70565870088544,22480.0,23370.0,True,True,True,False,False,False,False,False,False,False,False,False,0.0,False,False,True,verified_mandatory_path_listed,False,True,True,False,False,True,True,False,False,EPCI:200067668,609.0
45166,45,200035764,285.0,13.15,2023-01-01,2020,base-cc-serie-historique-2020.CSV,True,21.673003802281368,45234,42.40030097817908,23520.0,434.2903733849949,22880.0,100.70565870088544,22480.0,24160.0,True,True,False,False,False,False,False,False,False,False,False,False,0.0,False,False,False,not_listed_no_path,False,True,True,False,False,True,False,False,False,EPCI:200035764,0.0
45171,45,200070100,545.0,43.89,2023-01-01,2020,base-cc-serie-historique-2020.CSV,True,12.41740715424926,45315,41.07203361116758,22470.0,43.10973060151724,22440.0,100.70565870088544,22480.0,21870.0,True,True,False,False,False,False,False,False,False,False,False,False,0.0,False,False,False,not_listed_no_path,False,True,True,False,False,True,False,False,True,EPCI:200070100,0.0
45175,45,200005932,1504.0,50.4,2023-01-01,2020,base-cc-serie-historique-2020.CSV,True,29.84126984126984,45146,37.32469034652272,24970.0,37.79595350839431,24530.0,100.70565870088544,22480.0,27510.0,True,True,False,False,False,False,False,False,False,False,False,False,0.0,False,False,False,not_listed_no_path,False,True,True,False,False,True,False,False,True,EPCI:200005932,0.0
45178,45,200067676,1385.0,13.75,2023-01-01,2020,base-cc-serie-historique-2020.CSV,True,100.72727272727272,45031,36.32328708871525,21670.0,41.70906638876969,21950.0,100.70565870088544,22480.0,20880.0,True,True,False,False,False,False,False,False,False,False,False,False,0.0,False,False,False,not_listed_no_path,False,True,True,False,False,True,False,False,True,EPCI:200067676,0.0
45182,45,200005932,1238.0,59.21,2023-01-01,2020,base-cc-serie-historique-2020.CSV,True,20.90863029893599,45146,37.32469034652272,24970.0,37.79595350839431,24530.0,100.70565870088544,22480.0,25910.0,True,True,False,False,False,False,False,False,False,False,False,False,0.0,False,False,False,not_listed_no_path,False,True,True,False,False,True,False,False,True,EPCI:200005932,0.0
45183,45,200035764,133.0,7.0,2023-01-01,2020,base-cc-serie-historique-2020.CSV,True,19.0,28199,42.40030097817908,23520.0,32.57814661134163,22340.0,100.70565870088544,22480.0,23200.0,True,True,False,False,False,False,False,False,False,False,False,False,0.0,False,False,False,not_listed_no_path,False,True,True,False,False,True,False,False,True,EPCI:200035764,0.0
45184,45,200070100,394.0,24.49,2023-01-01,2020,base-cc-serie-historique-2020.CSV,True,16.088199265006125,45315,41.07203361116758,22470.0,43.10973060151724,22440.0,100.70565870088544,22480.0,22490.0,True,True,False,False,False,False,False,False,False,False,False,False,0.0,False,False,False,not_listed_no_path,False,True,True,False,False,True,False,False,True,EPCI:200070100,0.0
45189,45,200067668,248.0,11.23,2023-01-01,2020,base-cc-serie-historique-2020.CSV,True,22.08370436331256,45208,40.04407934281707,21520.0,181.5560448778442,20420.0,100.70565870088544,22480.0,23650.0,True,True,True,False,False,False,False,False,False,False,False,False,0.0,False,False,True,verified_mandatory_path_listed,False,True,True,False,False,True,True,False,False,EPCI:200067668,248.0
45193,45,200005932,2145.0,62.66,2023-01-01,2020,base-cc-serie-historique-2020.CSV,True,34.232365145228215,45146,37.32469034652272,24970.0,37.79595350839431,24530.0,100.70565870088544,22480.0,25530.0,True,True,False,False,False,False,False,False,False,False,False,False,0.0,False,False,False,not_listed_no_path,False,True,True,False,False,True,False,False,True,EPCI:200005932,0.0
45199,45,200067668,500.0,24.23,2023-01-01,2020,base-cc-serie-historique-2020.CSV,True,20.635575732562938,89086,40.04407934281707,21520.0,23.87487030910479,20940.0,100.70565870088544,22480.0,21230.0,True,True,True,False,False,False,False,False,True,True,False,False,0.0,False,False,True,verified_mandatory_path_listed,False,True,True,False,False,True,True,False,False,EPCI:200067668,500.0
45200,45,200005932,1401.0,53.62,2023-01-01,2020,base-cc-serie-historique-2020.CSV,True,26.12831033196569,45146,37.32469034652272,24970.0,37.79595350839431,24530.0,100.70565870088544,22480.0,26210.0,True,True,False,False,False,False,False,False,False,False,False,False,0.0,False,False,False,not_listed_no_path,False,True,True,False,False,True,False,False,True,EPCI:200005932,0.0
45201,45,200067668,177.0,11.84,2023-01-01,2020,base-cc-serie-historique-2020.CSV,True,14.949324324324325,45115,40.04407934281707,21520.0,39.7017707362535,21410.0,100.70565870088544,22480.0,20800.0,True,True,True,False,False,False,False,False,True,True,False,False,0.0,False,False,True,verified_mandatory_path_listed,False,True,True,False,False,True,True,False,False,EPCI:200067668,177.0
45205,45,200067676,257.0,9.86,2023-01-01,2020,base-cc-serie-historique-2020.CSV,True,26.064908722109536,45031,36.32328708871525,21670.0,41.70906638876969,21950.0,100.70565870088544,22480.0,22910.0,True,True,False,False,False,False,False,False,False,False,False,False,0.0,False,False,False,not_listed_no_path,False,True,True,False,False,True,False,False,True,EPCI:200067676,0.0
45210,45,200067676,733.0,26.73,2023-01-01,2020,base-cc-serie-historique-2020.CSV,True,27.42237186681631,45085,36.32328708871525,21670.0,28.69967672163174,21480.0,100.70565870088544,22480.0,21390.0,True,True,False,False,False,False,False,False,True,True,False,False,0.0,False,False,True,listed_only_potential_B_or_D,False,True,True,False,False,True,False,False,True,EPCI:200067676,733.0
45212,45,200067676,1261.0,21.0,2023-01-01,2020,base-cc-serie-historique-2020.CSV,True,60.04761904761905,45208,36.32328708871525,21670.0,181.5560448778442,20420.0,100.70565870088544,22480.0,23540.0,True,True,False,False,False,False,False,False,False,False,False,False,0.0,False,False,False,not_listed_no_path,False,True,True,False,False,True,False,False,False,EPCI:200067676,0.0
45219,45,200067676,192.0,9.4,2023-01-01,2020,base-cc-serie-historique-2020.CSV,True,20.42553191489361,45031,36.32328708871525,21670.0,41.70906638876969,21950.0,100.70565870088544,22480.0,24830.0,True,True,False,False,False,False,False,False,False,False,False,False,0.0,False,False,False,not_listed_no_path,False,True,True,False,False,True,False,False,True,EPCI:200067676,0.0
45223,45,200067676,360.0,12.87,2023-01-01,2020,base-cc-serie-historique-2020.CSV,True,27.972027972027973,45030,36.32328708871525,21670.0,43.45136041744316,21310.0,100.70565870088544,22480.0,20720.0,True,True,False,False,False,False,False,False,True,True,False,False,0.0,False,False,True,listed_only_potential_B_or_D,False,True,True,False,False,True,False,False,True,EPCI:200067676,360.0
45226,45,200070100,1356.0,25.28,2023-01-01,2020,base-cc-serie-historique-2020.CSV,True,53.63924050632911,45082,41.07203361116758,22470.0,55.43444165621079,23450.0,100.70565870088544,22480.0,23150.0,True,True,False,False,False,False,False,False,False,False,False,False,0.0,False,False,False,not_listed_no_path,False,True,True,False,False,True,False,False,True,EPCI:200070100,0.0
45229,45,200067676,2575.0,33.27,2023-01-01,2020,base-cc-serie-historique-2020.CSV,True,77.39705440336638,45085,36.32328708871525,21670.0,28.69967672163174,21480.0,100.70565870088544,22480.0,21180.0,True,True,False,False,False,False,False,False,True,True,False,False,0.0,False,False,True,listed_only_potential_B_or_D,False,True,True,False,False,True,False,False,True,EPCI:200067676,2575.0
45243,45,200067676,313.0,11.57,2023-01-01,2020,base-cc-serie-historique-2020.CSV,True,27.05272255834053,45031,36.32328708871525,21670.0,41.70906638876969,21950.0,100.70565870088544,22480.0,22370.0,True,True,False,False,False,False,False,False,False,False,False,False,0.0,False,False,False,not_listed_no_path,False,True,True,False,False,True,False,False,True,EPCI:200067676,0.0
45244,45,200070100,2593.0,34.27,2023-01-01,2020,base-cc-serie-historique-2020.CSV,True,75.6638459293843,45315,41.07203361116758,22470.0,43.10973060151724,22440.0,100.70565870088544,22480.0,24170.0,True,True,False,False,False,False,False,False,False,False,False,False,0.0,False,False,False,not_listed_no_path,False,True,True,False,False,True,False,False,True,EPCI:200070100,0.0
45248,45,200035764,2270.0,13.8,2023-01-01,2020,base-cc-serie-historique-2020.CSV,True,164.4927536231884,45248,42.40030097817908,23520.0,25.18529241459178,22560.0,100.70565870088544,22480.0,21780.0,True,True,False,False,False,False,False,False,False,False,False,False,0.0,False,False,False,not_listed_no_path,False,True,True,False,False,True,False,False,True,EPCI:200035764,0.0
45250,45,200067668,248.0,10.69,2023-01-01,2020,base-cc-serie-historique-2020.CSV,True,23.199251637043968,45145,40.04407934281707,21520.0,65.60657118786858,22410.0,100.70565870088544,22480.0,23870.0,True,True,True,False,False,False,False,False,False,False,False,False,0.0,False,False,True,verified_mandatory_path_listed,False,True,True,False,False,True,True,False,False,EPCI:200067668,248.0
45257,45,200067676,510.0,11.91,2023-01-01,2020,base-cc-serie-historique-2020.CSV,True,42.82115869017632,45085,36.32328708871525,21670.0,28.69967672163174,21480.0,100.70565870088544,22480.0,21790.0,True,True,False,False,False,False,False,False,True,True,False,False,0.0,False,False,True,listed_only_potential_B_or_D,False,True,True,False,False,True,False,False,True,EPCI:200067676,510.0
45259,45,200067676,1128.0,16.61,2023-01-01,2020,base-cc-serie-historique-2020.CSV,True,67.9108970499699,45031,36.32328708871525,21670.0,41.70906638876969,21950.0,100.70565870088544,22480.0,23090.0,True,True,False,False,False,False,False,False,False,False,False,False,0.0,False,False,False,not_listed_no_path,False,True,True,False,False,True,False,False,True,EPCI:200067676,0.0
45262,45,200035764,139.0,9.47,2023-01-01,2020,base-cc-serie-historique-2020.CSV,True,14.6779303062302,45248,42.40030097817908,23520.0,25.18529241459178,22560.0,100.70565870088544,22480.0,22990.0,True,True,False,False,False,False,False,False,False,False,False,False,0.0,False,False,False,not_listed_no_path,False,True,True,False,False,True,False,False,True,EPCI:200035764,0.0
45266,45,200035764,202.0,16.26,2023-01-01,2020,base-cc-serie-historique-2020.CSV,True,12.423124231242312,45234,42.40030097817908,23520.0,434.2903733849949,22880.0,100.70565870088544,22480.0,23830.0,True,True,False,False,False,False,False,False,False,False,False,False,0.0,False,False,False,not_listed_no_path,False,True,True,False,False,True,False,False,False,EPCI:200035764,0.0
45268,45,200070100,614.0,24.31,2023-01-01,2020,base-cc-serie-historique-2020.CSV,True,25.25709584533114,45315,41.07203361116758,22470.0,43.10973060151724,22440.0,100.70565870088544,22480.0,21440.0,True,True,False,False,False,False,False,False,False,False,False,False,0.0,False,False,False,not_listed_no_path,False,True,True,False,False,True,False,False,True,EPCI:200070100,0.0
45270,45,200070100,2004.0,18.27,2023-01-01,2020,base-cc-serie-historique-2020.CSV,True,109.688013136289,45315,41.07203361116758,22470.0,43.10973060151724,22440.0,100.70565870088544,22480.0,22780.0,True,True,False,False,False,False,False,False,False,False,False,False,0.0,False,False,False,not_listed_no_path,False,True,True,False,False,True,False,False,True,EPCI:200070100,0.0
45275,45,200067668,466.0,19.05,2023-01-01,2020,base-cc-serie-historique-2020.CSV,True,24.46194225721785,89086,40.04407934281707,21520.0,23.87487030910479,20940.0,100.70565870088544,22480.0,21830.0,True,True,True,False,False,False,False,False,True,True,False,False,0.0,False,False,True,verified_mandatory_path_listed,False,True,True,False,False,True,True,False,False,EPCI:200067668,466.0
45277,45,200070100,451.0,37.78,2023-01-01,2020,base-cc-serie-historique-2020.CSV,True,11.937533086289042,45155,41.07203361116758,22470.0,62.39701893584121,21240.0,100.70565870088544,22480.0,21920.0,True,True,False,False,False,False,False,False,True,True,False,False,0.0,False,False,True,listed_only_potential_B_or_D,False,True,True,False,False,True,False,False,True,EPCI:200070100,451.0
45278,45,200067676,1065.0,40.74,2023-01-01,2020,base-cc-serie-historique-2020.CSV,True,26.14138438880707,45085,36.32328708871525,21670.0,28.69967672163174,21480.0,100.70565870088544,22480.0,20090.0,True,True,False,False,False,False,False,False,True,True,False,False,0.0,False,False,True,listed_only_potential_B_or_D,False,True,True,False,False,True,False,False,True,EPCI:200067676,1065.0
45279,45,200067668,1891.0,26.18,2023-01-01,2020,base-cc-serie-historique-2020.CSV,True,72.23071046600458,45208,40.04407934281707,21520.0,181.5560448778442,20420.0,100.70565870088544,22480.0,22420.0,True,True,True,False,False,False,False,False,False,False,False,False,0.0,False,False,True,verified_mandatory_path_listed,False,True,True,False,False,True,True,False,False,EPCI:200067668,1891.0
45281,45,200067668,950.0,25.71,2023-01-01,2020,base-cc-serie-historique-2020.CSV,True,36.950602878257484,45115,40.04407934281707,21520.0,39.7017707362535,21410.0,100.70565870088544,22480.0,22170.0,True,True,True,False,False,False,False,False,True,True,False,False,0.0,False,False,True,verified_mandatory_path_listed,False,True,True,False,False,True,True,False,False,EPCI:200067668,950.0
45292,45,200067676,852.0,53.76,2023-01-01,2020,base-cc-serie-historique-2020.CSV,True,15.848214285714286,45085,36.32328708871525,21670.0,28.69967672163174,21480.0,100.70565870088544,22480.0,20330.0,True,True,False,False,False,False,False,False,True,True,False,False,0.0,False,False,True,listed_only_potential_B_or_D,False,True,True,False,False,True,False,False,True,EPCI:200067676,852.0
45296,45,200035764,749.0,18.96,2023-01-01,2020,base-cc-serie-historique-2020.CSV,True,39.5042194092827,45248,42.40030097817908,23520.0,25.18529241459178,22560.0,100.70565870088544,22480.0,24350.0,True,True,False,False,False,False,False,False,False,False,False,False,0.0,False,False,False,not_listed_no_path,False,True,True,False,False,True,False,False,True,EPCI:200035764,0.0
45297,45,200070100,1025.0,10.69,2023-01-01,2020,base-cc-serie-historique-2020.CSV,True,95.88400374181478,45315,41.07203361116758,22470.0,43.10973060151724,22440.0,100.70565870088544,22480.0,22050.0,True,True,False,False,False,False,False,False,False,False,False,False,0.0,False,False,False,not_listed_no_path,False,True,True,False,False,True,False,False,True,EPCI:200070100,0.0
45299,45,200035764,270.0,14.93,2023-01-01,2020,base-cc-serie-historique-2020.CSV,True,18.08439383791025,45248,42.40030097817908,23520.0,25.18529241459178,22560.0,100.70565870088544,22480.0,23200.0,True,True,False,False,False,False,False,False,False,False,False,False,0.0,False,False,False,not_listed_no_path,False,True,True,False,False,True,False,False,True,EPCI:200035764,0.0
45306,45,200067668,781.0,19.56,2023-01-01,2020,base-cc-serie-historique-2020.CSV,True,39.928425357873216,45208,40.04407934281707,21520.0,181.5560448778442,20420.0,100.70565870088544,22480.0,22300.0,True,True,True,False,False,False,False,False,False,False,False,False,0.0,False,False,True,verified_mandatory_path_listed,False,True,True,False,False,True,True,False,False,EPCI:200067668,781.0
45309,45,200005932,702.0,49.32,2023-01-01,2020,base-cc-serie-historique-2020.CSV,True,14.233576642335766,41106,37.32469034652272,24970.0,23.61995369700477,22040.0,100.70565870088544,22480.0,22170.0,True,True,False,False,False,False,False,False,False,False,False,False,0.0,False,False,False,not_listed_no_path,False,True,True,False,False,True,False,False,True,EPCI:200005932,0.0
45313,45,200035764,813.0,28.25,2023-01-01,2020,base-cc-serie-historique-2020.CSV,True,28.778761061946906,45234,42.40030097817908,23520.0,434.2903733849949,22880.0,100.70565870088544,22480.0,23960.0,True,True,False,False,False,False,False,False,False,False,False,False,0.0,False,False,False,not_listed_no_path,False,True,True,False,False,True,False,False,False,EPCI:200035764,0.0
45315,45,200070100,5141.0,43.6,2023-01-01,2020,base-cc-serie-historique-2020.CSV,True,117.91284403669724,45315,41.07203361116758,22470.0,43.10973060151724,22440.0,100.70565870088544,22480.0,19320.0,True,True,False,False,False,False,False,False,False,False,False,False,0.0,False,False,False,not_listed_no_path,False,True,True,False,False,True,False,False,True,EPCI:200070100,0.0
45322,45,200067668,188.0,3.45,2023-01-01,2020,base-cc-serie-historique-2020.CSV,True,54.492753623188406,45208,40.04407934281707,21520.0,181.5560448778442,20420.0,100.70565870088544,22480.0,21470.0,True,True,True,False,False,False,False,False,False,False,False,False,0.0,False,False,True,verified_mandatory_path_listed,False,True,True,False,False,True,True,False,False,EPCI:200067668,188.0
45326,45,200035764,389.0,14.94,2023-01-01,2020,base-cc-serie-historique-2020.CSV,True,26.03748326639893,45248,42.40030097817908,23520.0,25.18529241459178,22560.0,100.70565870088544,22480.0,22430.0,True,True,False,False,False,False,False,False,False,False,False,False,0.0,False,False,False,not_listed_no_path,False,True,True,False,False,True,False,False,True,EPCI:200035764,0.0
45329,45,200067668,1282.0,35.78,2023-01-01,2020,base-cc-serie-historique-2020.CSV,True,35.830072666294015,89086,40.04407934281707,21520.0,23.87487030910479,20940.0,100.70565870088544,22480.0,21730.0,True,True,True,False,False,False,False,False,True,True,False,False,0.0,False,False,True,verified_mandatory_path_listed,False,True,True,False,False,True,True,False,False,EPCI:200067668,1282.0
45330,45,200035764,215.0,17.22,2023-01-01,2020,base-cc-serie-historique-2020.CSV,True,12.48548199767712,45224,42.40030097817908,23520.0,62.2662136209189,24260.0,100.70565870088544,22480.0,24620.0,True,True,False,False,False,False,False,False,False,False,False,False,0.0,False,False,False,not_listed_no_path,False,True,True,False,False,True,False,False,True,EPCI:200035764,0.0
45331,45,200070100,614.0,35.65,2023-01-01,2020,base-cc-serie-historique-2020.CSV,True,17.223001402524545,45082,41.07203361116758,22470.0,55.43444165621079,23450.0,100.70565870088544,22480.0,23970.0,True,True,False,False,False,False,False,False,False,False,False,False,0.0,False,False,False,not_listed_no_path,False,True,True,False,False,True,False,False,True,EPCI:200070100,0.0
45336,45,200070100,867.0,39.99,2023-01-01,2020,base-cc-serie-historique-2020.CSV,True,21.68042010502625,45315,41.07203361116758,22470.0,43.10973060151724,22440.0,100.70565870088544,22480.0,22620.0,True,True,False,False,False,False,False,False,False,False,False,False,0.0,False,False,False,not_listed_no_path,False,True,True,False,False,True,False,False,True,EPCI:200070100,0.0
45337,45,200035764,284.0,25.95,2023-01-01,2020,base-cc-serie-historique-2020.CSV,True,10.94412331406551,45248,42.40030097817908,23520.0,25.18529241459178,22560.0,100.70565870088544,22480.0,24510.0,True,True,False,False,False,False,False,False,False,False,False,False,0.0,False,False,False,not_listed_no_path,False,True,True,False,False,True,False,False,True,EPCI:200035764,0.0
45339,45,200067676,483.0,16.18,2023-01-01,2020,base-cc-serie-historique-2020.CSV,True,29.85166872682324,45031,36.32328708871525,21670.0,41.70906638876969,21950.0,100.70565870088544,22480.0,21760.0,True,True,False,False,False,False,False,False,False,False,False,False,0.0,False,False,False,not_listed_no_path,False,True,True,False,False,True,False,False,True,EPCI:200067676,0.0
45340,45,200070100,563.0,48.95,2023-01-01,2020,base-cc-serie-historique-2020.CSV,True,11.501532175689478,45315,41.07203361116758,22470.0,43.10973060151724,22440.0,100.70565870088544,22480.0,20200.0,True,True,False,False,False,False,False,False,False,False,False,False,0.0,False,False,False,not_listed_no_path,False,True,True,False,False,True,False,False,True,EPCI:200070100,0.0
45341,45,200035764,197.0,17.97,2023-01-01,2020,base-cc-serie-historique-2020.CSV,True,10.962715637173067,45248,42.40030097817908,23520.0,25.18529241459178,22560.0,100.70565870088544,22480.0,25520.0,True,True,False,False,False,False,False,False,False,False,False,False,0.0,False,False,False,not_listed_no_path,False,True,True,False,False,True,False,False,True,EPCI:200035764,0.0
51002,51,200066850,1387.0,21.88,2023-01-01,2020,base-cc-serie-historique-2020.CSV,True,63.391224862888485,51230,36.036252945121845,23560.0,81.35335759938093,23470.0,69.36657261248247,22230.0,25130.0,True,True,False,False,False,False,False,False,False,False,False,False,0.0,False,False,False,not_listed_no_path,False,True,True,False,False,True,False,False,False,EPCI:200066850,0.0
51076,51,200066850,435.0,16.45,2023-01-01,2020,base-cc-serie-historique-2020.CSV,True,26.44376899696049,51230,36.036252945121845,23560.0,81.35335759938093,23470.0,69.36657261248247,22230.0,26610.0,True,True,False,False,False,False,False,False,False,False,False,False,0.0,False,False,False,not_listed_no_path,False,True,True,False,False,True,False,False,False,EPCI:200066850,0.0
51085,51,200066850,377.0,16.01,2023-01-01,2020,base-cc-serie-historique-2020.CSV,True,23.547782635852588,51217,36.036252945121845,23560.0,35.109148158322945,23160.0,69.36657261248247,22230.0,22290.0,True,True,False,False,False,False,False,False,False,False,False,False,0.0,False,False,False,not_listed_no_path,False,True,True,False,False,True,False,False,True,EPCI:200066850,0.0
51121,51,200066850,251.0,9.2,2023-01-01,2020,base-cc-serie-historique-2020.CSV,True,27.282608695652176,51217,36.036252945121845,23560.0,35.109148158322945,23160.0,69.36657261248247,22230.0,22580.0,True,True,False,False,False,False,False,False,False,False,False,False,0.0,False,False,False,not_listed_no_path,False,True,True,False,False,True,False,False,True,EPCI:200066850,0.0
51173,51,200066850,128.0,2.17,2023-01-01,2020,base-cc-serie-historique-2020.CSV,True,58.986175115207374,51230,36.036252945121845,23560.0,81.35335759938093,23470.0,69.36657261248247,22230.0,31020.0,True,True,False,False,False,False,False,False,False,False,False,False,0.0,False,False,False,not_listed_no_path,False,True,True,False,False,True,False,False,False,EPCI:200066850,0.0
51192,51,200066850,346.0,5.89,2023-01-01,2020,base-cc-serie-historique-2020.CSV,True,58.74363327674024,51217,36.036252945121845,23560.0,35.109148158322945,23160.0,69.36657261248247,22230.0,24450.0,True,True,False,False,False,False,False,False,False,False,False,False,0.0,False,False,False,not_listed_no_path,False,True,True,False,False,True,False,False,True,EPCI:200066850,0.0
51204,51,200066850,1346.0,15.44,2023-01-01,2020,base-cc-serie-historique-2020.CSV,True,87.17616580310882,51230,36.036252945121845,23560.0,81.35335759938093,23470.0,69.36657261248247,22230.0,24620.0,True,True,False,False,False,False,False,False,False,False,False,False,0.0,False,False,False,not_listed_no_path,False,True,True,False,False,True,False,False,False,EPCI:200066850,0.0
51217,51,200066850,2916.0,22.58,2023-01-01,2020,base-cc-serie-historique-2020.CSV,True,129.140832595217,51217,36.036252945121845,23560.0,35.109148158322945,23160.0,69.36657261248247,22230.0,21790.0,True,True,False,False,False,False,False,False,False,False,False,False,0.0,False,False,False,not_listed_no_path,False,True,True,False,False,True,False,False,True,EPCI:200066850,0.0
51249,51,200066850,391.0,25.63,2023-01-01,2020,base-cc-serie-historique-2020.CSV,True,15.255559890753023,51217,36.036252945121845,23560.0,35.109148158322945,23160.0,69.36657261248247,22230.0,26310.0,True,True,False,False,False,False,False,False,False,False,False,False,0.0,False,False,False,not_listed_no_path,False,True,True,False,False,True,False,False,True,EPCI:200066850,0.0
51252,51,200066850,519.0,7.98,2023-01-01,2020,base-cc-serie-historique-2020.CSV,True,65.0375939849624,51230,36.036252945121845,23560.0,81.35335759938093,23470.0,69.36657261248247,22230.0,25190.0,True,True,False,False,False,False,False,False,False,False,False,False,0.0,False,False,False,not_listed_no_path,False,True,True,False,False,True,False,False,False,EPCI:200066850,0.0
51298,51,200066850,433.0,40.74,2023-01-01,2020,base-cc-serie-historique-2020.CSV,True,10.628375061364752,51217,36.036252945121845,23560.0,35.109148158322945,23160.0,69.36657261248247,22230.0,21660.0,True,True,False,False,False,False,False,False,False,False,False,False,0.0,False,False,False,not_listed_no_path,False,True,True,False,False,True,False,False,True,EPCI:200066850,0.0
51320,51,200066850,307.0,8.0,2023-01-01,2020,base-cc-serie-historique-2020.CSV,True,38.375,51217,36.036252945121845,23560.0,35.109148158322945,23160.0,69.36657261248247,22230.0,22690.0,True,True,False,False,False,False,False,False,False,False,False,False,0.0,False,False,False,not_listed_no_path,False,True,True,False,False,True,False,False,True,EPCI:200066850,0.0
51346,51,200066850,1152.0,8.96,2023-01-01,2020,base-cc-serie-historique-2020.CSV,True,128.57142857142856,51217,36.036252945121845,23560.0,35.109148158322945,23160.0,69.36657261248247,22230.0,21610.0,True,True,False,False,False,False,False,False,False,False,False,False,0.0,False,False,False,not_listed_no_path,False,True,True,False,False,True,False,False,True,EPCI:200066850,0.0
51396,51,200066850,139.0,5.07,2023-01-01,2020,base-cc-serie-historique-2020.CSV,True,27.416173570019723,51217,36.036252945121845,23560.0,35.109148158322945,23160.0,69.36657261248247,22230.0,20980.0,True,True,False,False,False,False,False,False,False,False,False,False,0.0,False,False,False,not_listed_no_path,False,True,True,False,False,True,False,False,True,EPCI:200066850,0.0
51410,51,200066850,657.0,9.3,2023-01-01,2020,base-cc-serie-historique-2020.CSV,True,70.64516129032258,51217,36.036252945121845,23560.0,35.109148158322945,23160.0,69.36657261248247,22230.0,25810.0,True,True,False,False,False,False,False,False,False,False,False,False,0.0,False,False,False,not_listed_no_path,False,True,True,False,False,True,False,False,True,EPCI:200066850,0.0
51465,51,200066850,162.0,2.07,2023-01-01,2020,base-cc-serie-historique-2020.CSV,True,78.26086956521739,51230,36.036252945121845,23560.0,81.35335759938093,23470.0,69.36657261248247,22230.0,28240.0,True,True,False,False,False,False,False,False,False,False,False,False,0.0,False,False,False,not_listed_no_path,False,True,True,False,False,True,False,False,False,EPCI:200066850,0.0
51585,51,200066850,786.0,15.46,2023-01-01,2020,base-cc-serie-historique-2020.CSV,True,50.840879689521344,51217,36.036252945121845,23560.0,35.109148158322945,23160.0,69.36657261248247,22230.0,21730.0,True,True,False,False,False,False,False,False,False,False,False,False,0.0,False,False,False,not_listed_no_path,False,True,True,False,False,True,False,False,True,EPCI:200066850,0.0
51597,51,200066850,331.0,5.08,2023-01-01,2020,base-cc-serie-historique-2020.CSV,True,65.15748031496062,51230,36.036252945121845,23560.0,81.35335759938093,23470.0,69.36657261248247,22230.0,25760.0,True,True,False,False,False,False,False,False,False,False,False,False,0.0,False,False,False,not_listed_no_path,False,True,True,False,False,True,False,False,False,EPCI:200066850,0.0
51605,51,200066850,525.0,6.25,2023-01-01,2020,base-cc-serie-historique-2020.CSV,True,84.0,51230,36.036252945121845,23560.0,81.35335759938093,23470.0,69.36657261248247,22230.0,26580.0,True,True,False,False,False,False,False,False,False,False,False,False,0.0,False,False,False,not_listed_no_path,False,True,True,False,False,True,False,False,False,EPCI:200066850,0.0
51609,51,200066850,844.0,13.14,2023-01-01,2020,base-cc-serie-historique-2020.CSV,True,64.23135464231355,51217,36.036252945121845,23560.0,35.109148158322945,23160.0,69.36657261248247,22230.0,25790.0,True,True,False,False,False,False,False,False,False,False,False,False,0.0,False,False,False,not_listed_no_path,False,True,True,False,False,True,False,False,True,EPCI:200066850,0.0
51644,51,200066850,317.0,3.55,2023-01-01,2020,base-cc-serie-historique-2020.CSV,True,89.29577464788733,51217,36.036252945121845,23560.0,35.109148158322945,23160.0,69.36657261248247,22230.0,23750.0,True,True,False,False,False,False,False,False,False,False,False,False,0.0,False,False,False,not_listed_no_path,False,True,True,False,False,True,False,False,True,EPCI:200066850,0.0
54001,54,200070589,306.0,7.8,2023-01-01,2020,base-cc-serie-historique-2020.CSV,True,39.23076923076923,54431,54.509894822240895,24930.0,72.35390397672163,22530.0,139.64974618321702,22400.0,23440.0,True,True,False,False,False,False,False,False,False,False,False,False,0.0,False,False,False,not_listed_no_path,False,True,True,False,False,True,False,False,False,EPCI:200070589,0.0
54005,54,200035772,110.0,5.56,2023-01-01,2020,base-cc-serie-historique-2020.CSV,True,19.784172661870507,54563,40.942372297355504,23370.0,34.787078407338576,23060.0,139.64974618321702,22400.0,,True,True,False,False,False,False,False,False,False,False,False,False,0.0,False,False,False,not_listed_no_path,False,True,True,False,False,True,False,False,True,EPCI:200035772,0.0
54006,54,200070589,445.0,4.17,2023-01-01,2020,base-cc-serie-historique-2020.CSV,True,106.71462829736213,54395,54.509894822240895,24930.0,512.3068949374707,22440.0,139.64974618321702,22400.0,27090.0,True,True,False,False,False,False,False,False,False,False,False,False,0.0,False,False,False,not_listed_no_path,False,True,True,False,False,True,False,False,False,EPCI:200070589,0.0
54012,54,200070589,354.0,13.5,2023-01-01,2020,base-cc-serie-historique-2020.CSV,True,26.22222222222222,54395,54.509894822240895,24930.0,512.3068949374707,22440.0,139.64974618321702,22400.0,24760.0,True,True,False,False,False,False,False,False,False,False,False,False,0.0,False,False,False,not_listed_no_path,False,True,True,False,False,True,False,False,False,EPCI:200070589,0.0
54021,54,200070589,233.0,3.72,2023-01-01,2020,base-cc-serie-historique-2020.CSV,True,62.634408602150536,54395,54.509894822240895,24930.0,512.3068949374707,22440.0,139.64974618321702,22400.0,24480.0,True,True,False,False,False,False,False,False,False,False,False,False,0.0,False,False,False,not_listed_no_path,False,True,True,False,False,True,False,False,False,EPCI:200070589,0.0
54024,54,200070589,363.0,10.34,2023-01-01,2020,base-cc-serie-historique-2020.CSV,True,35.1063829787234,54395,54.509894822240895,24930.0,512.3068949374707,22440.0,139.64974618321702,22400.0,22890.0,True,True,False,False,False,False,False,False,False,False,False,False,0.0,False,False,False,not_listed_no_path,False,True,True,False,False,True,False,False,False,EPCI:200070589,0.0
54032,54,200035772,188.0,6.16,2023-01-01,2020,base-cc-serie-historique-2020.CSV,True,30.51948051948052,54328,40.942372297355504,23370.0,142.13553719008266,26090.0,139.64974618321702,22400.0,27400.0,True,True,False,False,False,False,False,False,False,False,False,False,0.0,False,False,False,not_listed_no_path,False,True,True,False,False,True,False,False,False,EPCI:200035772,0.0
54042,54,200035772,279.0,6.76,2023-01-01,2020,base-cc-serie-historique-2020.CSV,True,41.27218934911243,88090,40.942372297355504,23370.0,56.60515954633602,21740.0,139.64974618321702,22400.0,22140.0,True,True,False,False,False,False,False,False,False,False,False,False,0.0,False,False,False,not_listed_no_path,False,True,True,False,False,True,False,False,True,EPCI:200035772,0.0
54059,54,200070589,752.0,20.38,2023-01-01,2020,base-cc-serie-historique-2020.CSV,True,36.89892051030422,54431,54.509894822240895,24930.0,72.35390397672163,22530.0,139.64974618321702,22400.0,24630.0,True,True,False,False,False,False,False,False,False,False,False,False,0.0,False,False,False,not_listed_no_path,False,True,True,False,False,True,False,False,False,EPCI:200070589,0.0
54062,54,200035772,652.0,18.48,2023-01-01,2020,base-cc-serie-historique-2020.CSV,True,35.28138528138528,54328,40.942372297355504,23370.0,142.13553719008266,26090.0,139.64974618321702,22400.0,24380.0,True,True,False,False,False,False,False,False,False,False,False,False,0.0,False,False,False,not_listed_no_path,False,True,True,False,False,True,False,False,False,EPCI:200035772,0.0
54070,54,200070589,179.0,5.53,2023-01-01,2020,base-cc-serie-historique-2020.CSV,True,32.36889692585895,54395,54.509894822240895,24930.0,512.3068949374707,22440.0,139.64974618321702,22400.0,26150.0,True,True,False,False,False,False,False,False,False,False,False,False,0.0,False,False,False,not_listed_no_path,False,True,True,False,False,True,False,False,False,EPCI:200070589,0.0
54089,54,200070589,1406.0,19.85,2023-01-01,2020,base-cc-serie-historique-2020.CSV,True,70.83123425692695,54395,54.509894822240895,24930.0,512.3068949374707,22440.0,139.64974618321702,22400.0,25750.0,True,True,False,False,False,False,False,False,False,False,False,False,0.0,False,False,False,not_listed_no_path,False,True,True,False,False,True,False,False,False,EPCI:200070589,0.0
54095,54,200070589,46.0,3.28,2023-01-01,2020,base-cc-serie-historique-2020.CSV,True,14.02439024390244,54395,54.509894822240895,24930.0,512.3068949374707,22440.0,139.64974618321702,22400.0,,True,True,False,False,False,False,False,False,False,False,False,False,0.0,False,False,False,not_listed_no_path,False,True,True,False,False,True,False,False,False,EPCI:200070589,0.0
54100,54,200070589,776.0,11.71,2023-01-01,2020,base-cc-serie-historique-2020.CSV,True,66.26814688300597,54395,54.509894822240895,24930.0,512.3068949374707,22440.0,139.64974618321702,22400.0,24320.0,True,True,False,False,False,False,False,False,False,False,False,False,0.0,False,False,False,not_listed_no_path,False,True,True,False,False,True,False,False,False,EPCI:200070589,0.0
54104,54,200070589,257.0,6.91,2023-01-01,2020,base-cc-serie-historique-2020.CSV,True,37.19247467438495,54159,54.509894822240895,24930.0,179.05251474969333,23040.0,139.64974618321702,22400.0,24940.0,True,True,False,False,False,False,False,False,False,False,False,False,0.0,False,False,False,not_listed_no_path,False,True,True,False,False,True,False,False,False,EPCI:200070589,0.0
54109,54,200035772,931.0,11.0,2023-01-01,2020,base-cc-serie-historique-2020.CSV,True,84.63636363636364,54328,40.942372297355504,23370.0,142.13553719008266,26090.0,139.64974618321702,22400.0,25130.0,True,True,False,False,False,False,False,False,False,False,False,False,0.0,False,False,False,not_listed_no_path,False,True,True,False,False,True,False,False,False,EPCI:200035772,0.0
54110,54,200070589,560.0,8.19,2023-01-01,2020,base-cc-serie-historique-2020.CSV,True,68.37606837606837,54395,54.509894822240895,24930.0,512.3068949374707,22440.0,139.64974618321702,22400.0,26180.0,True,True,False,False,False,False,False,False,False,False,False,False,0.0,False,False,False,not_listed_no_path,False,True,True,False,False,True,False,False,False,EPCI:200070589,0.0
54113,54,200070589,1528.0,10.99,2023-01-01,2020,base-cc-serie-historique-2020.CSV,True,139.03548680618744,54395,54.509894822240895,24930.0,512.3068949374707,22440.0,139.64974618321702,22400.0,25560.0,True,True,False,False,False,False,False,False,False,False,False,False,0.0,False,False,False,not_listed_no_path,False,True,True,False,False,True,False,False,False,EPCI:200070589,0.0
54117,54,200035772,116.0,5.12,2023-01-01,2020,base-cc-serie-historique-2020.CSV,True,22.65625,54563,40.942372297355504,23370.0,34.787078407338576,23060.0,139.64974618321702,22400.0,25820.0,True,True,False,False,False,False,False,False,False,False,False,False,0.0,False,False,False,not_listed_no_path,False,True,True,False,False,True,False,False,True,EPCI:200035772,0.0
54126,54,200070589,223.0,3.75,2023-01-01,2020,base-cc-serie-historique-2020.CSV,True,59.46666666666667,54395,54.509894822240895,24930.0,512.3068949374707,22440.0,139.64974618321702,22400.0,24630.0,True,True,False,False,False,False,False,False,False,False,False,False,0.0,False,False,False,not_listed_no_path,False,True,True,False,False,True,False,False,False,EPCI:200070589,0.0
54131,54,200070589,496.0,9.45,2023-01-01,2020,base-cc-serie-historique-2020.CSV,True,52.48677248677249,54431,54.509894822240895,24930.0,72.35390397672163,22530.0,139.64974618321702,22400.0,25550.0,True,True,False,False,False,False,False,False,False,False,False,False,0.0,False,False,False,not_listed_no_path,False,True,True,False,False,True,False,False,False,EPCI:200070589,0.0
54132,54,200035772,59.0,4.42,2023-01-01,2020,base-cc-serie-historique-2020.CSV,True,13.34841628959276,54563,40.942372297355504,23370.0,34.787078407338576,23060.0,139.64974618321702,22400.0,,True,True,False,False,False,False,False,False,False,False,False,False,0.0,False,False,False,not_listed_no_path,False,True,True,False,False,True,False,False,True,EPCI:200035772,0.0
54142,54,200035772,154.0,5.28,2023-01-01,2020,base-cc-serie-historique-2020.CSV,True,29.166666666666664,88090,40.942372297355504,23370.0,56.60515954633602,21740.0,139.64974618321702,22400.0,23370.0,True,True,False,False,False,False,False,False,False,False,False,False,0.0,False,False,False,not_listed_no_path,False,True,True,False,False,True,False,False,True,EPCI:200035772,0.0
54164,54,200035772,88.0,5.52,2023-01-01,2020,base-cc-serie-historique-2020.CSV,True,15.942028985507248,54563,40.942372297355504,23370.0,34.787078407338576,23060.0,139.64974618321702,22400.0,,True,True,False,False,False,False,False,False,False,False,False,False,0.0,False,False,False,not_listed_no_path,False,True,True,False,False,True,False,False,True,EPCI:200035772,0.0
54168,54,200070589,302.0,4.03,2023-01-01,2020,base-cc-serie-historique-2020.CSV,True,74.9379652605459,54395,54.509894822240895,24930.0,512.3068949374707,22440.0,139.64974618321702,22400.0,28920.0,True,True,False,False,False,False,False,False,False,False,False,False,0.0,False,False,False,not_listed_no_path,False,True,True,False,False,True,False,False,False,EPCI:200070589,0.0
54179,54,200070589,303.0,11.17,2023-01-01,2020,base-cc-serie-historique-2020.CSV,True,27.12623097582811,54431,54.509894822240895,24930.0,72.35390397672163,22530.0,139.64974618321702,22400.0,24850.0,True,True,False,False,False,False,False,False,False,False,False,False,0.0,False,False,False,not_listed_no_path,False,True,True,False,False,True,False,False,False,EPCI:200070589,0.0
54180,54,200070589,70.0,4.45,2023-01-01,2020,base-cc-serie-historique-2020.CSV,True,15.730337078651685,54395,54.509894822240895,24930.0,512.3068949374707,22440.0,139.64974618321702,22400.0,,True,True,False,False,False,False,False,False,False,False,False,False,0.0,False,False,False,not_listed_no_path,False,True,True,False,False,True,False,False,False,EPCI:200070589,0.0
54185,54,200035772,59.0,2.37,2023-01-01,2020,base-cc-serie-historique-2020.CSV,True,24.89451476793249,54563,40.942372297355504,23370.0,34.787078407338576,23060.0,139.64974618321702,22400.0,,True,True,False,False,False,False,False,False,False,False,False,False,0.0,False,False,False,not_listed_no_path,False,True,True,False,False,True,False,False,True,EPCI:200035772,0.0
54186,54,200070589,1109.0,7.97,2023-01-01,2020,base-cc-serie-historique-2020.CSV,True,139.14680050188207,54395,54.509894822240895,24930.0,512.3068949374707,22440.0,139.64974618321702,22400.0,27650.0,True,True,False,False,False,False,False,False,False,False,False,False,0.0,False,False,False,not_listed_no_path,False,True,True,False,False,True,False,False,False,EPCI:200070589,0.0
54203,54,200035772,140.0,5.36,2023-01-01,2020,base-cc-serie-historique-2020.CSV,True,26.119402985074625,54563,40.942372297355504,23370.0,34.787078407338576,23060.0,139.64974618321702,22400.0,23560.0,True,True,False,False,False,False,False,False,False,False,False,False,0.0,False,False,False,not_listed_no_path,False,True,True,False,False,True,False,False,True,EPCI:200035772,0.0
54219,54,200070589,82.0,3.61,2023-01-01,2020,base-cc-serie-historique-2020.CSV,True,22.71468144044321,54159,54.509894822240895,24930.0,179.05251474969333,23040.0,139.64974618321702,22400.0,,True,True,False,False,False,False,False,False,False,False,False,False,0.0,False,False,False,not_listed_no_path,False,True,True,False,False,True,False,False,False,EPCI:200070589,0.0
54221,54,200035772,230.0,5.26,2023-01-01,2020,base-cc-serie-historique-2020.CSV,True,43.72623574144487,54563,40.942372297355504,23370.0,34.787078407338576,23060.0,139.64974618321702,22400.0,24590.0,True,True,False,False,False,False,False,False,False,False,False,False,0.0,False,False,False,not_listed_no_path,False,True,True,False,False,True,False,False,True,EPCI:200035772,0.0
54224,54,200035772,123.0,5.21,2023-01-01,2020,base-cc-serie-historique-2020.CSV,True,23.6084452975048,88090,40.942372297355504,23370.0,56.60515954633602,21740.0,139.64974618321702,22400.0,26350.0,True,True,False,False,False,False,False,False,False,False,False,False,0.0,False,False,False,not_listed_no_path,False,True,True,False,False,True,False,False,True,EPCI:200035772,0.0
54235,54,200035772,420.0,12.12,2023-01-01,2020,base-cc-serie-historique-2020.CSV,True,34.65346534653465,54563,40.942372297355504,23370.0,34.787078407338576,23060.0,139.64974618321702,22400.0,22930.0,True,True,False,False,False,False,False,False,False,False,False,False,0.0,False,False,False,not_listed_no_path,False,True,True,False,False,True,False,False,True,EPCI:200035772,0.0
54238,54,200035772,268.0,5.74,2023-01-01,2020,base-cc-serie-historique-2020.CSV,True,46.68989547038327,88090,40.942372297355504,23370.0,56.60515954633602,21740.0,139.64974618321702,22400.0,22710.0,True,True,False,False,False,False,False,False,False,False,False,False,0.0,False,False,False,not_listed_no_path,False,True,True,False,False,True,False,False,True,EPCI:200035772,0.0
54247,54,200035772,178.0,5.45,2023-01-01,2020,base-cc-serie-historique-2020.CSV,True,32.6605504587156,54563,40.942372297355504,23370.0,34.787078407338576,23060.0,139.64974618321702,22400.0,24020.0,True,True,False,False,False,False,False,False,False,False,False,False,0.0,False,False,False,not_listed_no_path,False,True,True,False,False,True,False,False,True,EPCI:200035772,0.0
54250,54,200070589,736.0,12.48,2023-01-01,2020,base-cc-serie-historique-2020.CSV,True,58.97435897435897,54159,54.509894822240895,24930.0,179.05251474969333,23040.0,139.64974618321702,22400.0,24910.0,True,True,False,False,False,False,False,False,False,False,False,False,0.0,False,False,False,not_listed_no_path,False,True,True,False,False,True,False,False,False,EPCI:200070589,0.0
54252,54,200035772,507.0,4.14,2023-01-01,2020,base-cc-serie-historique-2020.CSV,True,122.46376811594205,54563,40.942372297355504,23370.0,34.787078407338576,23060.0,139.64974618321702,22400.0,21780.0,True,True,False,False,False,False,False,False,False,False,False,False,0.0,False,False,False,not_listed_no_path,False,True,True,False,False,True,False,False,True,EPCI:200035772,0.0
54264,54,200035772,320.0,3.85,2023-01-01,2020,base-cc-serie-historique-2020.CSV,True,83.11688311688312,54563,40.942372297355504,23370.0,34.787078407338576,23060.0,139.64974618321702,22400.0,23700.0,True,True,False,False,False,False,False,False,False,False,False,False,0.0,False,False,False,not_listed_no_path,False,True,True,False,False,True,False,False,True,EPCI:200035772,0.0
54266,54,200035772,404.0,10.37,2023-01-01,2020,base-cc-serie-historique-2020.CSV,True,38.95853423336549,54563,40.942372297355504,23370.0,34.787078407338576,23060.0,139.64974618321702,22400.0,22320.0,True,True,False,False,False,False,False,False,False,False,False,False,0.0,False,False,False,not_listed_no_path,False,True,True,False,False,True,False,False,True,EPCI:200035772,0.0
54276,54,200070589,787.0,4.47,2023-01-01,2020,base-cc-serie-historique-2020.CSV,True,176.06263982102908,54395,54.509894822240895,24930.0,512.3068949374707,22440.0,139.64974618321702,22400.0,22310.0,True,True,False,False,False,False,False,False,False,False,False,False,0.0,False,False,False,not_listed_no_path,False,True,True,False,False,True,False,False,False,EPCI:200070589,0.0
54289,54,200070589,362.0,5.11,2023-01-01,2020,base-cc-serie-historique-2020.CSV,True,70.84148727984343,54395,54.509894822240895,24930.0,512.3068949374707,22440.0,139.64974618321702,22400.0,28020.0,True,True,False,False,False,False,False,False,False,False,False,False,0.0,False,False,False,not_listed_no_path,False,True,True,False,False,True,False,False,False,EPCI:200070589,0.0
54291,54,200035772,294.0,10.88,2023-01-01,2020,base-cc-serie-historique-2020.CSV,True,27.02205882352941,54563,40.942372297355504,23370.0,34.787078407338576,23060.0,139.64974618321702,22400.0,24120.0,True,True,False,False,False,False,False,False,False,False,False,False,0.0,False,False,False,not_listed_no_path,False,True,True,False,False,True,False,False,True,EPCI:200035772,0.0
54296,54,200070589,432.0,9.13,2023-01-01,2020,base-cc-serie-historique-2020.CSV,True,47.31653888280394,54395,54.509894822240895,24930.0,512.3068949374707,22440.0,139.64974618321702,22400.0,25820.0,True,True,False,False,False,False,False,False,False,False,False,False,0.0,False,False,False,not_listed_no_path,False,True,True,False,False,True,False,False,False,EPCI:200070589,0.0
54299,54,200035772,227.0,5.75,2023-01-01,2020,base-cc-serie-historique-2020.CSV,True,39.47826086956522,88090,40.942372297355504,23370.0,56.60515954633602,21740.0,139.64974618321702,22400.0,22100.0,True,True,False,False,False,False,False,False,False,False,False,False,0.0,False,False,False,not_listed_no_path,False,True,True,False,False,True,False,False,True,EPCI:200035772,0.0
54301,54,200070589,127.0,6.19,2023-01-01,2020,base-cc-serie-historique-2020.CSV,True,20.51696284329564,54395,54.509894822240895,24930.0,512.3068949374707,22440.0,139.64974618321702,22400.0,24700.0,True,True,False,False,False,False,False,False,False,False,False,False,0.0,False,False,False,not_listed_no_path,False,True,True,False,False,True,False,False,False,EPCI:200070589,0.0
54307,54,200035772,167.0,6.22,2023-01-01,2020,base-cc-serie-historique-2020.CSV,True,26.84887459807074,88090,40.942372297355504,23370.0,56.60515954633602,21740.0,139.64974618321702,22400.0,22260.0,True,True,False,False,False,False,False,False,False,False,False,False,0.0,False,False,False,not_listed_no_path,False,True,True,False,False,True,False,False,True,EPCI:200035772,0.0
54309,54,200035772,393.0,4.75,2023-01-01,2020,base-cc-serie-historique-2020.CSV,True,82.73684210526316,54328,40.942372297355504,23370.0,142.13553719008266,26090.0,139.64974618321702,22400.0,23780.0,True,True,False,False,False,False,False,False,False,False,False,False,0.0,False,False,False,not_listed_no_path,False,True,True,False,False,True,False,False,False,EPCI:200035772,0.0
54310,54,200035772,3.0,3.43,2023-01-01,2020,base-cc-serie-historique-2020.CSV,True,0.8746355685131195,88090,40.942372297355504,23370.0,56.60515954633602,21740.0,139.64974618321702,22400.0,,True,True,False,False,False,False,False,False,False,False,False,False,0.0,False,False,False,not_listed_no_path,False,True,True,False,False,True,False,False,True,EPCI:200035772,0.0
54311,54,200070589,593.0,11.53,2023-01-01,2020,base-cc-serie-historique-2020.CSV,True,51.43104943625325,54159,54.509894822240895,24930.0,179.05251474969333,23040.0,139.64974618321702,22400.0,25730.0,True,True,False,False,False,False,False,False,False,False,False,False,0.0,False,False,False,not_listed_no_path,False,True,True,False,False,True,False,False,False,EPCI:200070589,0.0
54313,54,200070589,231.0,7.38,2023-01-01,2020,base-cc-serie-historique-2020.CSV,True,31.30081300813008,54431,54.509894822240895,24930.0,72.35390397672163,22530.0,139.64974618321702,22400.0,24300.0,True,True,False,False,False,False,False,False,False,False,False,False,0.0,False,False,False,not_listed_no_path,False,True,True,False,False,True,False,False,False,EPCI:200070589,0.0
54315,54,200070589,905.0,10.74,2023-01-01,2020,base-cc-serie-historique-2020.CSV,True,84.26443202979516,54395,54.509894822240895,24930.0,512.3068949374707,22440.0,139.64974618321702,22400.0,23650.0,True,True,False,False,False,False,False,False,False,False,False,False,0.0,False,False,False,not_listed_no_path,False,True,True,False,False,True,False,False,False,EPCI:200070589,0.0
54333,54,200070589,250.0,6.4,2023-01-01,2020,base-cc-serie-historique-2020.CSV,True,39.0625,54431,54.509894822240895,24930.0,72.35390397672163,22530.0,139.64974618321702,22400.0,22820.0,True,True,False,False,False,False,False,False,False,False,False,False,0.0,False,False,False,not_listed_no_path,False,True,True,False,False,True,False,False,False,EPCI:200070589,0.0
54344,54,200035772,215.0,3.85,2023-01-01,2020,base-cc-serie-historique-2020.CSV,True,55.84415584415584,88090,40.942372297355504,23370.0,56.60515954633602,21740.0,139.64974618321702,22400.0,23080.0,True,True,False,False,False,False,False,False,False,False,False,False,0.0,False,False,False,not_listed_no_path,False,True,True,False,False,True,False,False,True,EPCI:200035772,0.0
54358,54,200070589,279.0,6.38,2023-01-01,2020,base-cc-serie-historique-2020.CSV,True,43.73040752351097,54395,54.509894822240895,24930.0,512.3068949374707,22440.0,139.64974618321702,22400.0,24200.0,True,True,False,False,False,False,False,False,False,False,False,False,0.0,False,False,False,not_listed_no_path,False,True,True,False,False,True,False,False,False,EPCI:200070589,0.0
54372,54,200070589,516.0,6.0,2023-01-01,2020,base-cc-serie-historique-2020.CSV,True,86.0,54395,54.509894822240895,24930.0,512.3068949374707,22440.0,139.64974618321702,22400.0,23500.0,True,True,False,False,False,False,False,False,False,False,False,False,0.0,False,False,False,not_listed_no_path,False,True,True,False,False,True,False,False,False,EPCI:200070589,0.0
54374,54,200070589,521.0,12.41,2023-01-01,2020,base-cc-serie-historique-2020.CSV,True,41.9822723609992,54395,54.509894822240895,24930.0,512.3068949374707,22440.0,139.64974618321702,22400.0,23310.0,True,True,False,False,False,False,False,False,False,False,False,False,0.0,False,False,False,not_listed_no_path,False,True,True,False,False,True,False,False,False,EPCI:200070589,0.0
54399,54,200035772,250.0,6.71,2023-01-01,2020,base-cc-serie-historique-2020.CSV,True,37.257824143070046,88090,40.942372297355504,23370.0,56.60515954633602,21740.0,139.64974618321702,22400.0,20400.0,True,True,False,False,False,False,False,False,False,False,False,False,0.0,False,False,False,not_listed_no_path,False,True,True,False,False,True,False,False,True,EPCI:200035772,0.0
54400,54,200070589,1139.0,17.79,2023-01-01,2020,base-cc-serie-historique-2020.CSV,True,64.02473299606521,54431,54.509894822240895,24930.0,72.35390397672163,22530.0,139.64974618321702,22400.0,23540.0,True,True,False,False,False,False,False,False,False,False,False,False,0.0,False,False,False,not_listed_no_path,False,True,True,False,False,True,False,False,False,EPCI:200070589,0.0
54407,54,200035772,95.0,4.12,2023-01-01,2020,base-cc-serie-historique-2020.CSV,True,23.058252427184467,54563,40.942372297355504,23370.0,34.787078407338576,23060.0,139.64974618321702,22400.0,23800.0,True,True,False,False,False,False,False,False,False,False,False,False,0.0,False,False,False,not_listed_no_path,False,True,True,False,False,True,False,False,True,EPCI:200035772,0.0
54409,54,200035772,190.0,4.69,2023-01-01,2020,base-cc-serie-historique-2020.CSV,True,40.511727078891255,54563,40.942372297355504,23370.0,34.787078407338576,23060.0,139.64974618321702,22400.0,26130.0,True,True,False,False,False,False,False,False,False,False,False,False,0.0,False,False,False,not_listed_no_path,False,True,True,False,False,True,False,False,True,EPCI:200035772,0.0
54411,54,200035772,219.0,12.49,2023-01-01,2020,base-cc-serie-historique-2020.CSV,True,17.53402722177742,54328,40.942372297355504,23370.0,142.13553719008266,26090.0,139.64974618321702,22400.0,28350.0,True,True,False,False,False,False,False,False,False,False,False,False,0.0,False,False,False,not_listed_no_path,False,True,True,False,False,True,False,False,False,EPCI:200035772,0.0
54417,54,200035772,239.0,5.67,2023-01-01,2020,base-cc-serie-historique-2020.CSV,True,42.151675485008816,54563,40.942372297355504,23370.0,34.787078407338576,23060.0,139.64974618321702,22400.0,24030.0,True,True,False,False,False,False,False,False,False,False,False,False,0.0,False,False,False,not_listed_no_path,False,True,True,False,False,True,False,False,True,EPCI:200035772,0.0
54424,54,200070589,44.0,3.7,2023-01-01,2020,base-cc-serie-historique-2020.CSV,True,11.891891891891891,54431,54.509894822240895,24930.0,72.35390397672163,22530.0,139.64974618321702,22400.0,,True,True,False,False,False,False,False,False,False,False,False,False,0.0,False,False,False,not_listed_no_path,False,True,True,False,False,True,False,False,False,EPCI:200070589,0.0
54434,54,200035772,250.0,8.72,2023-01-01,2020,base-cc-serie-historique-2020.CSV,True,28.6697247706422,54563,40.942372297355504,23370.0,34.787078407338576,23060.0,139.64974618321702,22400.0,24000.0,True,True,False,False,False,False,False,False,False,False,False,False,0.0,False,False,False,not_listed_no_path,False,True,True,False,False,True,False,False,True,EPCI:200035772,0.0
54435,54,200070738,365.0,15.09,2023-01-01,2020,base-cc-serie-historique-2020.CSV,True,24.188204108681248,57463,41.99912510936133,23930.0,329.10608005601586,22990.0,139.64974618321702,22400.0,24420.0,True,True,False,False,False,False,False,False,False,False,False,False,0.0,False,False,False,not_listed_no_path,False,True,True,False,False,True,False,False,False,EPCI:200070738,0.0
54442,54,200035772,96.0,2.92,2023-01-01,2020,base-cc-serie-historique-2020.CSV,True,32.87671232876713,54563,40.942372297355504,23370.0,34.787078407338576,23060.0,139.64974618321702,22400.0,,True,True,False,False,False,False,False,False,False,False,False,False,0.0,False,False,False,not_listed_no_path,False,True,True,False,False,True,False,False,True,EPCI:200035772,0.0
54444,54,200070589,224.0,5.06,2023-01-01,2020,base-cc-serie-historique-2020.CSV,True,44.26877470355731,54431,54.509894822240895,24930.0,72.35390397672163,22530.0,139.64974618321702,22400.0,24420.0,True,True,False,False,False,False,False,False,False,False,False,False,0.0,False,False,False,not_listed_no_path,False,True,True,False,False,True,False,False,False,EPCI:200070589,0.0
54464,54,200070589,106.0,3.69,2023-01-01,2020,base-cc-serie-historique-2020.CSV,True,28.726287262872628,54431,54.509894822240895,24930.0,72.35390397672163,22530.0,139.64974618321702,22400.0,,True,True,False,False,False,False,False,False,False,False,False,False,0.0,False,False,False,not_listed_no_path,False,True,True,False,False,True,False,False,False,EPCI:200070589,0.0
54465,54,200035772,761.0,4.43,2023-01-01,2020,base-cc-serie-historique-2020.CSV,True,171.78329571106096,88090,40.942372297355504,23370.0,56.60515954633602,21740.0,139.64974618321702,22400.0,22700.0,True,True,False,False,False,False,False,False,False,False,False,False,0.0,False,False,False,not_listed_no_path,False,True,True,False,False,True,False,False,True,EPCI:200035772,0.0
54486,54,200035772,345.0,6.79,2023-01-01,2020,base-cc-serie-historique-2020.CSV,True,50.8100147275405,54328,40.942372297355504,23370.0,142.13553719008266,26090.0,139.64974618321702,22400.0,24720.0,True,True,False,False,False,False,False,False,False,False,False,False,0.0,False,False,False,not_listed_no_path,False,True,True,False,False,True,False,False,False,EPCI:200035772,0.0
54497,54,200035772,107.0,6.25,2023-01-01,2020,base-cc-serie-historique-2020.CSV,True,17.12,54563,40.942372297355504,23370.0,34.787078407338576,23060.0,139.64974618321702,22400.0,,True,True,False,False,False,False,False,False,False,False,False,False,0.0,False,False,False,not_listed_no_path,False,True,True,False,False,True,False,False,True,EPCI:200035772,0.0
54508,54,200070589,239.0,5.91,2023-01-01,2020,base-cc-serie-historique-2020.CSV,True,40.43993231810491,54431,54.509894822240895,24930.0,72.35390397672163,22530.0,139.64974618321702,22400.0,25930.0,True,True,False,False,False,False,False,False,False,False,False,False,0.0,False,False,False,not_listed_no_path,False,True,True,False,False,True,False,False,False,EPCI:200070589,0.0
54510,54,200070589,305.0,9.22,2023-01-01,2020,base-cc-serie-historique-2020.CSV,True,33.08026030368763,54395,54.509894822240895,24930.0,512.3068949374707,22440.0,139.64974618321702,22400.0,24260.0,True,True,False,False,False,False,False,False,False,False,False,False,0.0,False,False,False,not_listed_no_path,False,True,True,False,False,True,False,False,False,EPCI:200070589,0.0
54513,54,200035772,646.0,8.09,2023-01-01,2020,base-cc-serie-historique-2020.CSV,True,79.85166872682323,54563,40.942372297355504,23370.0,34.787078407338576,23060.0,139.64974618321702,22400.0,21570.0,True,True,False,False,False,False,False,False,False,False,False,False,0.0,False,False,False,not_listed_no_path,False,True,True,False,False,True,False,False,True,EPCI:200035772,0.0
54516,54,200035772,18.0,1.7,2023-01-01,2020,base-cc-serie-historique-2020.CSV,True,10.588235294117649,88304,40.942372297355504,23370.0,39.28264973399691,21400.0,139.64974618321702,22400.0,,True,True,False,False,False,False,False,False,True,True,False,False,0.0,False,False,True,listed_only_potential_B_or_D,False,True,True,False,False,True,False,False,True,EPCI:200035772,18.0
54517,54,200070589,202.0,7.95,2023-01-01,2020,base-cc-serie-historique-2020.CSV,True,25.40880503144654,54431,54.509894822240895,24930.0,72.35390397672163,22530.0,139.64974618321702,22400.0,24490.0,True,True,False,False,False,False,False,False,False,False,False,False,0.0,False,False,False,not_listed_no_path,False,True,True,False,False,True,False,False,False,EPCI:200070589,0.0
54522,54,200035772,135.0,6.19,2023-01-01,2020,base-cc-serie-historique-2020.CSV,True,21.80936995153473,54563,40.942372297355504,23370.0,34.787078407338576,23060.0,139.64974618321702,22400.0,21980.0,True,True,False,False,False,False,False,False,False,False,False,False,0.0,False,False,False,not_listed_no_path,False,True,True,False,False,True,False,False,True,EPCI:200035772,0.0
54552,54,200035772,65.0,5.76,2023-01-01,2020,base-cc-serie-historique-2020.CSV,True,11.284722222222223,54563,40.942372297355504,23370.0,34.787078407338576,23060.0,139.64974618321702,22400.0,,True,True,False,False,False,False,False,False,False,False,False,False,0.0,False,False,False,not_listed_no_path,False,True,True,False,False,True,False,False,True,EPCI:200035772,0.0
54553,54,200035772,146.0,9.05,2023-01-01,2020,base-cc-serie-historique-2020.CSV,True,16.13259668508287,54563,40.942372297355504,23370.0,34.787078407338576,23060.0,139.64974618321702,22400.0,24520.0,True,True,False,False,False,False,False,False,False,False,False,False,0.0,False,False,False,not_listed_no_path,False,True,True,False,False,True,False,False,True,EPCI:200035772,0.0
54554,54,200035772,78.0,3.94,2023-01-01,2020,base-cc-serie-historique-2020.CSV,True,19.79695431472081,54563,40.942372297355504,23370.0,34.787078407338576,23060.0,139.64974618321702,22400.0,,True,True,False,False,False,False,False,False,False,False,False,False,0.0,False,False,False,not_listed_no_path,False,True,True,False,False,True,False,False,True,EPCI:200035772,0.0
54558,54,200070589,280.0,6.48,2023-01-01,2020,base-cc-serie-historique-2020.CSV,True,43.20987654320987,54395,54.509894822240895,24930.0,512.3068949374707,22440.0,139.64974618321702,22400.0,24100.0,True,True,False,False,False,False,False,False,False,False,False,False,0.0,False,False,False,not_listed_no_path,False,True,True,False,False,True,False,False,False,EPCI:200070589,0.0
54563,54,200035772,1361.0,5.35,2023-01-01,2020,base-cc-serie-historique-2020.CSV,True,254.392523364486,54563,40.942372297355504,23370.0,34.787078407338576,23060.0,139.64974618321702,22400.0,22130.0,True,True,False,False,False,False,False,False,False,False,False,False,0.0,False,False,False,not_listed_no_path,False,True,True,False,False,True,False,False,True,EPCI:200035772,0.0
54566,54,200070738,150.0,13.17,2023-01-01,2020,base-cc-serie-historique-2020.CSV,True,11.389521640091116,54431,41.99912510936133,23930.0,72.35390397672163,22530.0,139.64974618321702,22400.0,,True,True,False,False,False,False,False,False,False,False,False,False,0.0,False,False,False,not_listed_no_path,False,True,True,False,False,True,False,False,False,EPCI:200070738,0.0
54577,54,200070589,141.0,2.85,2023-01-01,2020,base-cc-serie-historique-2020.CSV,True,49.47368421052632,54395,54.509894822240895,24930.0,512.3068949374707,22440.0,139.64974618321702,22400.0,20800.0,True,True,False,False,False,False,False,False,False,False,False,False,0.0,False,False,False,not_listed_no_path,False,True,True,False,False,True,False,False,False,EPCI:200070589,0.0
54587,54,200035772,190.0,11.54,2023-01-01,2020,base-cc-serie-historique-2020.CSV,True,16.464471403812826,54563,40.942372297355504,23370.0,34.787078407338576,23060.0,139.64974618321702,22400.0,24880.0,True,True,False,False,False,False,False,False,False,False,False,False,0.0,False,False,False,not_listed_no_path,False,True,True,False,False,True,False,False,True,EPCI:200035772,0.0
54591,54,200035772,332.0,4.11,2023-01-01,2020,base-cc-serie-historique-2020.CSV,True,80.77858880778588,54328,40.942372297355504,23370.0,142.13553719008266,26090.0,139.64974618321702,22400.0,24320.0,True,True,False,False,False,False,False,False,False,False,False,False,0.0,False,False,False,not_listed_no_path,False,True,True,False,False,True,False,False,False,EPCI:200035772,0.0
54592,54,200035772,262.0,4.16,2023-01-01,2020,base-cc-serie-historique-2020.CSV,True,62.980769230769226,54563,40.942372297355504,23370.0,34.787078407338576,23060.0,139.64974618321702,22400.0,24060.0,True,True,False,False,False,False,False,False,False,False,False,False,0.0,False,False,False,not_listed_no_path,False,True,True,False,False,True,False,False,True,EPCI:200035772,0.0
54597,54,200035772,443.0,11.32,2023-01-01,2020,base-cc-serie-historique-2020.CSV,True,39.13427561837456,54563,40.942372297355504,23370.0,34.787078407338576,23060.0,139.64974618321702,22400.0,22710.0,True,True,False,False,False,False,False,False,False,False,False,False,0.0,False,False,False,not_listed_no_path,False,True,True,False,False,True,False,False,True,EPCI:200035772,0.0
57003,57,200068146,1409.0,41.29,2023-01-01,2020,base-cc-serie-historique-2020.CSV,True,34.12448534754178,57630,56.016361636657976,21790.0,52.54622883626484,21640.0,168.77564841938974,22350.0,22040.0,True,True,False,False,False,False,False,False,False,False,True,False,1409.0,False,False,False,not_listed_no_path,False,True,True,False,False,True,False,False,True,EPCI:200068146,0.0
57006,57,200069441,983.0,12.12,2023-01-01,2020,base-cc-serie-historique-2020.CSV,True,81.10561056105611,57589,55.633580689609374,22350.0,84.57755562721704,23370.0,168.77564841938974,22350.0,23130.0,True,True,False,False,False,False,False,False,False,False,False,False,0.0,False,False,False,not_listed_no_path,False,True,True,False,False,True,False,False,False,EPCI:200069441,0.0
57021,57,200070738,1509.0,10.25,2023-01-01,2020,base-cc-serie-historique-2020.CSV,True,147.21951219512195,57463,41.99912510936133,23930.0,329.10608005601586,22990.0,168.77564841938974,22350.0,26000.0,True,True,False,False,False,False,False,False,False,False,False,False,0.0,False,False,False,not_listed_no_path,False,True,True,False,False,True,False,False,False,EPCI:200070738,0.0
57030,57,200070738,562.0,6.88,2023-01-01,2020,base-cc-serie-historique-2020.CSV,True,81.68604651162791,57463,41.99912510936133,23930.0,329.10608005601586,22990.0,168.77564841938974,22350.0,25580.0,True,True,False,False,False,False,False,False,False,False,False,False,0.0,False,False,False,not_listed_no_path,False,True,True,False,False,True,False,False,False,EPCI:200070738,0.0
57034,57,200068146,35.0,4.13,2023-01-01,2020,base-cc-serie-historique-2020.CSV,True,8.474576271186441,57630,56.016361636657976,21790.0,52.54622883626484,21640.0,168.77564841938974,22350.0,,True,True,False,False,False,False,False,False,False,False,False,False,0.0,False,False,False,not_listed_no_path,False,True,True,False,False,True,False,False,True,EPCI:200068146,0.0
57046,57,200069441,756.0,39.19,2023-01-01,2020,base-cc-serie-historique-2020.CSV,True,19.29063536616484,67388,55.633580689609374,22350.0,105.97488376135227,23160.0,168.77564841938974,22350.0,21910.0,True,True,False,False,False,False,False,False,False,False,False,False,0.0,False,False,False,not_listed_no_path,False,True,True,False,False,True,False,False,False,EPCI:200069441,0.0
57050,57,200068146,111.0,1.7,2023-01-01,2020,base-cc-serie-historique-2020.CSV,True,65.29411764705883,57630,56.016361636657976,21790.0,52.54622883626484,21640.0,168.77564841938974,22350.0,,True,True,False,False,False,False,False,False,False,False,False,False,0.0,False,False,False,not_listed_no_path,False,True,True,False,False,True,False,False,True,EPCI:200068146,0.0
57056,57,200068146,190.0,9.57,2023-01-01,2020,base-cc-serie-historique-2020.CSV,True,19.853709508881924,57630,56.016361636657976,21790.0,52.54622883626484,21640.0,168.77564841938974,22350.0,24840.0,True,True,False,False,False,False,False,False,False,False,False,False,0.0,False,False,False,not_listed_no_path,False,True,True,False,False,True,False,False,True,EPCI:200068146,0.0
57066,57,200068146,512.0,10.67,2023-01-01,2020,base-cc-serie-historique-2020.CSV,True,47.985004686035616,57630,56.016361636657976,21790.0,52.54622883626484,21640.0,168.77564841938974,22350.0,21150.0,True,True,False,False,False,False,False,False,False,False,False,False,0.0,False,False,False,not_listed_no_path,False,True,True,False,False,True,False,False,True,EPCI:200068146,0.0
57071,57,200068146,380.0,6.57,2023-01-01,2020,base-cc-serie-historique-2020.CSV,True,57.8386605783866,57630,56.016361636657976,21790.0,52.54622883626484,21640.0,168.77564841938974,22350.0,23410.0,True,True,False,False,False,False,False,False,False,False,False,False,0.0,False,False,False,not_listed_no_path,False,True,True,False,False,True,False,False,True,EPCI:200068146,0.0
57074,57,200069441,820.0,18.41,2023-01-01,2020,base-cc-serie-historique-2020.CSV,True,44.541010320478,57589,55.633580689609374,22350.0,84.57755562721704,23370.0,168.77564841938974,22350.0,24510.0,True,True,False,False,False,False,False,False,False,False,False,False,0.0,False,False,False,not_listed_no_path,False,True,True,False,False,True,False,False,False,EPCI:200069441,0.0
57080,57,200068146,83.0,2.46,2023-01-01,2020,base-cc-serie-historique-2020.CSV,True,33.739837398373986,67095,56.016361636657976,21790.0,60.15034471301603,22230.0,168.77564841938974,22350.0,,True,True,False,False,False,False,False,False,False,False,False,False,0.0,False,False,False,not_listed_no_path,False,True,True,False,False,True,False,False,True,EPCI:200068146,0.0
57083,57,200069441,1195.0,15.91,2023-01-01,2020,base-cc-serie-historique-2020.CSV,True,75.10999371464487,57589,55.633580689609374,22350.0,84.57755562721704,23370.0,168.77564841938974,22350.0,22370.0,True,True,False,False,False,False,False,False,False,False,False,False,0.0,False,False,False,not_listed_no_path,False,True,True,False,False,True,False,False,False,EPCI:200069441,0.0
57086,57,200068146,232.0,26.57,2023-01-01,2020,base-cc-serie-historique-2020.CSV,True,8.731652239367708,57630,56.016361636657976,21790.0,52.54622883626484,21640.0,168.77564841938974,22350.0,18990.0,True,True,False,False,False,False,False,False,False,False,False,False,0.0,False,False,False,not_listed_no_path,False,True,True,False,False,True,False,False,True,EPCI:200068146,0.0
57089,57,200069441,4955.0,41.13,2023-01-01,2020,base-cc-serie-historique-2020.CSV,True,120.47167517627037,57089,55.633580689609374,22350.0,53.138632742091374,21830.0,168.77564841938974,22350.0,19050.0,True,True,False,False,False,False,False,False,False,False,False,False,0.0,False,False,False,not_listed_no_path,False,True,True,False,False,True,False,False,True,EPCI:200069441,0.0
57103,57,200069441,122.0,4.01,2023-01-01,2020,base-cc-serie-historique-2020.CSV,True,30.42394014962594,57089,55.633580689609374,22350.0,53.138632742091374,21830.0,168.77564841938974,22350.0,21060.0,True,True,False,False,False,False,False,False,False,False,True,False,122.0,False,False,False,not_listed_no_path,False,True,True,False,False,True,False,False,True,EPCI:200069441,0.0
57108,57,200069441,313.0,10.89,2023-01-01,2020,base-cc-serie-historique-2020.CSV,True,28.74196510560147,57089,55.633580689609374,22350.0,53.138632742091374,21830.0,168.77564841938974,22350.0,22540.0,True,True,False,False,False,False,False,False,False,False,False,False,0.0,False,False,False,not_listed_no_path,False,True,True,False,False,True,False,False,True,EPCI:200069441,0.0
57113,57,200068146,971.0,4.75,2023-01-01,2020,base-cc-serie-historique-2020.CSV,True,204.42105263157896,57630,56.016361636657976,21790.0,52.54622883626484,21640.0,168.77564841938974,22350.0,23670.0,True,True,False,False,False,False,False,False,False,False,False,False,0.0,False,False,False,not_listed_no_path,False,True,True,False,False,True,False,False,True,EPCI:200068146,0.0
57119,57,200068146,1199.0,11.2,2023-01-01,2020,base-cc-serie-historique-2020.CSV,True,107.05357142857144,57630,56.016361636657976,21790.0,52.54622883626484,21640.0,168.77564841938974,22350.0,23320.0,True,True,False,False,False,False,False,False,False,False,False,False,0.0,False,False,False,not_listed_no_path,False,True,True,False,False,True,False,False,True,EPCI:200068146,0.0
57153,57,200070738,2168.0,8.2,2023-01-01,2020,base-cc-serie-historique-2020.CSV,True,264.39024390243907,57463,41.99912510936133,23930.0,329.10608005601586,22990.0,168.77564841938974,22350.0,26220.0,True,True,False,False,False,False,False,False,False,False,False,False,0.0,False,False,False,not_listed_no_path,False,True,True,False,False,True,False,False,False,EPCI:200070738,0.0
57173,57,200068146,101.0,5.05,2023-01-01,2020,base-cc-serie-historique-2020.CSV,True,20.0,57177,56.016361636657976,21790.0,25.52350232812216,20800.0,168.77564841938974,22350.0,,True,True,False,False,False,False,False,False,True,True,False,False,0.0,False,False,True,listed_only_potential_B_or_D,False,True,True,False,False,True,False,False,True,EPCI:200068146,101.0
57180,57,200068146,342.0,6.66,2023-01-01,2020,base-cc-serie-historique-2020.CSV,True,51.35135135135135,57630,56.016361636657976,21790.0,52.54622883626484,21640.0,168.77564841938974,22350.0,21580.0,True,True,False,False,False,False,False,False,False,False,False,False,0.0,False,False,False,not_listed_no_path,False,True,True,False,False,True,False,False,True,EPCI:200068146,0.0
57188,57,200069441,424.0,16.8,2023-01-01,2020,base-cc-serie-historique-2020.CSV,True,25.23809523809524,57089,55.633580689609374,22350.0,53.138632742091374,21830.0,168.77564841938974,22350.0,20980.0,True,True,False,False,False,False,False,False,False,False,False,False,0.0,False,False,False,not_listed_no_path,False,True,True,False,False,True,False,False,True,EPCI:200069441,0.0
57192,57,200069441,1218.0,9.73,2023-01-01,2020,base-cc-serie-historique-2020.CSV,True,125.17985611510792,57089,55.633580689609374,22350.0,53.138632742091374,21830.0,168.77564841938974,22350.0,22850.0,True,True,False,False,False,False,False,False,False,False,False,False,0.0,False,False,False,not_listed_no_path,False,True,True,False,False,True,False,False,True,EPCI:200069441,0.0
57195,57,200069441,562.0,10.65,2023-01-01,2020,base-cc-serie-historique-2020.CSV,True,52.76995305164319,57089,55.633580689609374,22350.0,53.138632742091374,21830.0,168.77564841938974,22350.0,24690.0,True,True,False,False,False,False,False,False,False,False,False,False,0.0,False,False,False,not_listed_no_path,False,True,True,False,False,True,False,False,True,EPCI:200069441,0.0
57196,57,200069441,423.0,6.76,2023-01-01,2020,base-cc-serie-historique-2020.CSV,True,62.57396449704142,57589,55.633580689609374,22350.0,84.57755562721704,23370.0,168.77564841938974,22350.0,24330.0,True,True,False,False,False,False,False,False,False,False,False,False,0.0,False,False,False,not_listed_no_path,False,True,True,False,False,True,False,False,False,EPCI:200069441,0.0
57201,57,200069441,720.0,7.06,2023-01-01,2020,base-cc-serie-historique-2020.CSV,True,101.9830028328612,57589,55.633580689609374,22350.0,84.57755562721704,23370.0,168.77564841938974,22350.0,23760.0,True,True,False,False,False,False,False,False,False,False,False,False,0.0,False,False,False,not_listed_no_path,False,True,True,False,False,True,False,False,False,EPCI:200069441,0.0
57210,57,200068146,664.0,14.49,2023-01-01,2020,base-cc-serie-historique-2020.CSV,True,45.82470669427191,57630,56.016361636657976,21790.0,52.54622883626484,21640.0,168.77564841938974,22350.0,21470.0,True,True,False,False,False,False,False,False,False,False,False,False,0.0,False,False,False,not_listed_no_path,False,True,True,False,False,True,False,False,True,EPCI:200068146,0.0
57216,57,200068146,142.0,4.11,2023-01-01,2020,base-cc-serie-historique-2020.CSV,True,34.54987834549878,57540,56.016361636657976,21790.0,109.63473575786388,22610.0,168.77564841938974,22350.0,22730.0,True,True,False,False,False,False,False,False,False,False,False,False,0.0,False,False,False,not_listed_no_path,False,True,True,False,False,True,False,False,False,EPCI:200068146,0.0
57233,57,200068146,86.0,4.44,2023-01-01,2020,base-cc-serie-historique-2020.CSV,True,19.36936936936937,57630,56.016361636657976,21790.0,52.54622883626484,21640.0,168.77564841938974,22350.0,,True,True,False,False,False,False,False,False,False,False,False,False,0.0,False,False,False,not_listed_no_path,False,True,True,False,False,True,False,False,True,EPCI:200068146,0.0
57250,57,200069441,1465.0,8.12,2023-01-01,2020,base-cc-serie-historique-2020.CSV,True,180.4187192118227,57089,55.633580689609374,22350.0,53.138632742091374,21830.0,168.77564841938974,22350.0,22770.0,True,True,False,False,False,False,False,False,False,False,True,False,1465.0,False,False,False,not_listed_no_path,False,True,True,False,False,True,False,False,True,EPCI:200069441,0.0
57254,57,200070738,1155.0,17.94,2023-01-01,2020,base-cc-serie-historique-2020.CSV,True,64.38127090301003,57463,41.99912510936133,23930.0,329.10608005601586,22990.0,168.77564841938974,22350.0,23000.0,True,True,False,False,False,False,False,False,False,False,False,False,0.0,False,False,False,not_listed_no_path,False,True,True,False,False,True,False,False,False,EPCI:200070738,0.0
57255,57,200068146,568.0,10.15,2023-01-01,2020,base-cc-serie-historique-2020.CSV,True,55.960591133004925,57630,56.016361636657976,21790.0,52.54622883626484,21640.0,168.77564841938974,22350.0,22930.0,True,True,False,False,False,False,False,False,False,False,False,False,0.0,False,False,False,not_listed_no_path,False,True,True,False,False,True,False,False,True,EPCI:200068146,0.0
57261,57,200069441,1324.0,15.73,2023-01-01,2020,base-cc-serie-historique-2020.CSV,True,84.17037507946598,57589,55.633580689609374,22350.0,84.57755562721704,23370.0,168.77564841938974,22350.0,22250.0,True,True,False,False,False,False,False,False,False,False,False,False,0.0,False,False,False,not_listed_no_path,False,True,True,False,False,True,False,False,False,EPCI:200069441,0.0
57294,57,200069441,195.0,8.66,2023-01-01,2020,base-cc-serie-historique-2020.CSV,True,22.51732101616628,57089,55.633580689609374,22350.0,53.138632742091374,21830.0,168.77564841938974,22350.0,21500.0,True,True,False,False,False,False,False,False,False,False,True,False,195.0,False,False,False,not_listed_no_path,False,True,True,False,False,True,False,False,True,EPCI:200069441,0.0
57298,57,200068146,377.0,6.34,2023-01-01,2020,base-cc-serie-historique-2020.CSV,True,59.46372239747634,57630,56.016361636657976,21790.0,52.54622883626484,21640.0,168.77564841938974,22350.0,22520.0,True,True,False,False,False,False,False,False,False,False,True,False,377.0,False,False,False,not_listed_no_path,False,True,True,False,False,True,False,False,True,EPCI:200068146,0.0
57299,57,200068146,926.0,4.14,2023-01-01,2020,base-cc-serie-historique-2020.CSV,True,223.67149758454107,57630,56.016361636657976,21790.0,52.54622883626484,21640.0,168.77564841938974,22350.0,22950.0,True,True,False,False,False,False,False,False,False,False,False,False,0.0,False,False,False,not_listed_no_path,False,True,True,False,False,True,False,False,True,EPCI:200068146,0.0
57301,57,200069441,303.0,25.2,2023-01-01,2020,base-cc-serie-historique-2020.CSV,True,12.023809523809524,57089,55.633580689609374,22350.0,53.138632742091374,21830.0,168.77564841938974,22350.0,20820.0,True,True,False,False,False,False,False,False,False,False,False,False,0.0,False,False,False,not_listed_no_path,False,True,True,False,False,True,False,False,True,EPCI:200069441,0.0
57302,57,200068146,189.0,13.14,2023-01-01,2020,base-cc-serie-historique-2020.CSV,True,14.383561643835616,57630,56.016361636657976,21790.0,52.54622883626484,21640.0,168.77564841938974,22350.0,21240.0,True,True,False,False,False,False,False,False,False,False,False,False,0.0,False,False,False,not_listed_no_path,False,True,True,False,False,True,False,False,True,EPCI:200068146,0.0
57304,57,200068146,355.0,11.44,2023-01-01,2020,base-cc-serie-historique-2020.CSV,True,31.031468531468533,57630,56.016361636657976,21790.0,52.54622883626484,21640.0,168.77564841938974,22350.0,22980.0,True,True,False,False,False,False,False,False,False,False,False,False,0.0,False,False,False,not_listed_no_path,False,True,True,False,False,True,False,False,True,EPCI:200068146,0.0
57310,57,200068146,192.0,4.05,2023-01-01,2020,base-cc-serie-historique-2020.CSV,True,47.40740740740741,57630,56.016361636657976,21790.0,52.54622883626484,21640.0,168.77564841938974,22350.0,21870.0,True,True,False,False,False,False,False,False,False,False,False,False,0.0,False,False,False,not_listed_no_path,False,True,True,False,False,True,False,False,True,EPCI:200068146,0.0
57314,57,200068146,496.0,3.69,2023-01-01,2020,base-cc-serie-historique-2020.CSV,True,134.41734417344173,57630,56.016361636657976,21790.0,52.54622883626484,21640.0,168.77564841938974,22350.0,22660.0,True,True,False,False,False,False,False,False,False,False,False,False,0.0,False,False,False,not_listed_no_path,False,True,True,False,False,True,False,False,True,EPCI:200068146,0.0
57318,57,200068146,216.0,2.58,2023-01-01,2020,base-cc-serie-historique-2020.CSV,True,83.72093023255813,57630,56.016361636657976,21790.0,52.54622883626484,21640.0,168.77564841938974,22350.0,24870.0,True,True,False,False,False,False,False,False,False,False,False,False,0.0,False,False,False,not_listed_no_path,False,True,True,False,False,True,False,False,True,EPCI:200068146,0.0
57321,57,200068146,559.0,12.85,2023-01-01,2020,base-cc-serie-historique-2020.CSV,True,43.50194552529183,57630,56.016361636657976,21790.0,52.54622883626484,21640.0,168.77564841938974,22350.0,23200.0,True,True,False,False,False,False,False,False,False,False,False,False,0.0,False,False,False,not_listed_no_path,False,True,True,False,False,True,False,False,True,EPCI:200068146,0.0
57324,57,200068146,615.0,7.52,2023-01-01,2020,base-cc-serie-historique-2020.CSV,True,81.78191489361703,57630,56.016361636657976,21790.0,52.54622883626484,21640.0,168.77564841938974,22350.0,24140.0,True,True,False,False,False,False,False,False,False,False,False,False,0.0,False,False,False,not_listed_no_path,False,True,True,False,False,True,False,False,True,EPCI:200068146,0.0
57333,57,200068146,827.0,10.19,2023-01-01,2020,base-cc-serie-historique-2020.CSV,True,81.15799803729146,57630,56.016361636657976,21790.0,52.54622883626484,21640.0,168.77564841938974,22350.0,24100.0,True,True,False,False,False,False,False,False,False,False,False,False,0.0,False,False,False,not_listed_no_path,False,True,True,False,False,True,False,False,True,EPCI:200068146,0.0
57334,57,200068146,319.0,3.49,2023-01-01,2020,base-cc-serie-historique-2020.CSV,True,91.40401146131804,57630,56.016361636657976,21790.0,52.54622883626484,21640.0,168.77564841938974,22350.0,22730.0,True,True,False,False,False,False,False,False,False,False,True,False,319.0,False,False,False,not_listed_no_path,False,True,True,False,False,True,False,False,True,EPCI:200068146,0.0
57338,57,200069441,512.0,8.36,2023-01-01,2020,base-cc-serie-historique-2020.CSV,True,61.24401913875599,57089,55.633580689609374,22350.0,53.138632742091374,21830.0,168.77564841938974,22350.0,22530.0,True,True,False,False,False,False,False,False,False,False,False,False,0.0,False,False,False,not_listed_no_path,False,True,True,False,False,True,False,False,True,EPCI:200069441,0.0
57344,57,200068146,737.0,6.11,2023-01-01,2020,base-cc-serie-historique-2020.CSV,True,120.62193126022912,57630,56.016361636657976,21790.0,52.54622883626484,21640.0,168.77564841938974,22350.0,23030.0,True,True,False,False,False,False,False,False,False,False,False,False,0.0,False,False,False,not_listed_no_path,False,True,True,False,False,True,False,False,True,EPCI:200068146,0.0
57350,57,200070738,1424.0,6.01,2023-01-01,2020,base-cc-serie-historique-2020.CSV,True,236.93843594009985,57463,41.99912510936133,23930.0,329.10608005601586,22990.0,168.77564841938974,22350.0,26380.0,True,True,False,False,False,False,False,False,False,False,False,False,0.0,False,False,False,not_listed_no_path,False,True,True,False,False,True,False,False,False,EPCI:200070738,0.0
57374,57,200068146,198.0,10.72,2023-01-01,2020,base-cc-serie-historique-2020.CSV,True,18.470149253731343,57630,56.016361636657976,21790.0,52.54622883626484,21640.0,168.77564841938974,22350.0,21200.0,True,True,False,False,False,False,False,False,False,False,False,False,0.0,False,False,False,not_listed_no_path,False,True,True,False,False,True,False,False,True,EPCI:200068146,0.0
57376,57,200069441,492.0,5.54,2023-01-01,2020,base-cc-serie-historique-2020.CSV,True,88.8086642599278,57089,55.633580689609374,22350.0,53.138632742091374,21830.0,168.77564841938974,22350.0,21680.0,True,True,False,False,False,False,False,False,False,False,True,False,492.0,False,False,False,not_listed_no_path,False,True,True,False,False,True,False,False,True,EPCI:200069441,0.0
57377,57,200068146,247.0,4.85,2023-01-01,2020,base-cc-serie-historique-2020.CSV,True,50.9278350515464,57630,56.016361636657976,21790.0,52.54622883626484,21640.0,168.77564841938974,22350.0,22230.0,True,True,False,False,False,False,False,False,False,False,False,False,0.0,False,False,False,not_listed_no_path,False,True,True,False,False,True,False,False,True,EPCI:200068146,0.0
57380,57,200068146,106.0,2.24,2023-01-01,2020,base-cc-serie-historique-2020.CSV,True,47.32142857142857,57630,56.016361636657976,21790.0,52.54622883626484,21640.0,168.77564841938974,22350.0,24570.0,True,True,False,False,False,False,False,False,False,False,False,False,0.0,False,False,False,not_listed_no_path,False,True,True,False,False,True,False,False,True,EPCI:200068146,0.0
57390,57,200069441,1420.0,10.94,2023-01-01,2020,base-cc-serie-historique-2020.CSV,True,129.7989031078611,57089,55.633580689609374,22350.0,53.138632742091374,21830.0,168.77564841938974,22350.0,20180.0,True,True,False,False,False,False,False,False,False,False,True,False,1420.0,False,False,False,not_listed_no_path,False,True,True,False,False,True,False,False,True,EPCI:200069441,0.0
57393,57,200069441,196.0,5.3,2023-01-01,2020,base-cc-serie-historique-2020.CSV,True,36.9811320754717,57089,55.633580689609374,22350.0,53.138632742091374,21830.0,168.77564841938974,22350.0,21200.0,True,True,False,False,False,False,False,False,False,False,False,False,0.0,False,False,False,not_listed_no_path,False,True,True,False,False,True,False,False,True,EPCI:200069441,0.0
57402,57,200069441,119.0,5.99,2023-01-01,2020,base-cc-serie-historique-2020.CSV,True,19.86644407345576,57089,55.633580689609374,22350.0,53.138632742091374,21830.0,168.77564841938974,22350.0,,True,True,False,False,False,False,False,False,False,False,True,False,119.0,False,False,False,not_listed_no_path,False,True,True,False,False,True,False,False,True,EPCI:200069441,0.0
57414,57,200068146,1144.0,8.77,2023-01-01,2020,base-cc-serie-historique-2020.CSV,True,130.44469783352338,57630,56.016361636657976,21790.0,52.54622883626484,21640.0,168.77564841938974,22350.0,23170.0,True,True,False,False,False,False,False,False,False,False,False,False,0.0,False,False,False,not_listed_no_path,False,True,True,False,False,True,False,False,True,EPCI:200068146,0.0
57421,57,200069441,154.0,3.22,2023-01-01,2020,base-cc-serie-historique-2020.CSV,True,47.826086956521735,57089,55.633580689609374,22350.0,53.138632742091374,21830.0,168.77564841938974,22350.0,21410.0,True,True,False,False,False,False,False,False,False,False,False,False,0.0,False,False,False,not_listed_no_path,False,True,True,False,False,True,False,False,True,EPCI:200069441,0.0
57456,57,200069441,662.0,6.36,2023-01-01,2020,base-cc-serie-historique-2020.CSV,True,104.0880503144654,57089,55.633580689609374,22350.0,53.138632742091374,21830.0,168.77564841938974,22350.0,23260.0,True,True,False,False,False,False,False,False,False,False,False,False,0.0,False,False,False,not_listed_no_path,False,True,True,False,False,True,False,False,True,EPCI:200069441,0.0
57461,57,200068146,276.0,9.57,2023-01-01,2020,base-cc-serie-historique-2020.CSV,True,28.84012539184953,57630,56.016361636657976,21790.0,52.54622883626484,21640.0,168.77564841938974,22350.0,21760.0,True,True,False,False,False,False,False,False,False,False,False,False,0.0,False,False,False,not_listed_no_path,False,True,True,False,False,True,False,False,True,EPCI:200068146,0.0
57469,57,200068146,595.0,16.77,2023-01-01,2020,base-cc-serie-historique-2020.CSV,True,35.48002385211688,57630,56.016361636657976,21790.0,52.54622883626484,21640.0,168.77564841938974,22350.0,20150.0,True,True,False,False,False,False,False,False,False,False,False,False,0.0,False,False,False,not_listed_no_path,False,True,True,False,False,True,False,False,True,EPCI:200068146,0.0
57477,57,200069441,1597.0,14.99,2023-01-01,2020,base-cc-serie-historique-2020.CSV,True,106.53769179452968,57089,55.633580689609374,22350.0,53.138632742091374,21830.0,168.77564841938974,22350.0,22410.0,True,True,False,False,False,False,False,False,False,False,False,False,0.0,False,False,False,not_listed_no_path,False,True,True,False,False,True,False,False,True,EPCI:200069441,0.0
57489,57,200069441,288.0,42.6,2023-01-01,2020,base-cc-serie-historique-2020.CSV,True,6.76056338028169,57089,55.633580689609374,22350.0,53.138632742091374,21830.0,168.77564841938974,22350.0,22030.0,True,True,False,False,False,False,False,False,False,False,False,False,0.0,False,False,False,not_listed_no_path,False,True,True,False,False,True,False,False,True,EPCI:200069441,0.0
57500,57,200068146,43.0,1.93,2023-01-01,2020,base-cc-serie-historique-2020.CSV,True,22.27979274611399,57630,56.016361636657976,21790.0,52.54622883626484,21640.0,168.77564841938974,22350.0,,True,True,False,False,False,False,False,False,False,False,False,False,0.0,False,False,False,not_listed_no_path,False,True,True,False,False,True,False,False,True,EPCI:200068146,0.0
57504,57,200068146,278.0,5.3,2023-01-01,2020,base-cc-serie-historique-2020.CSV,True,52.45283018867925,57630,56.016361636657976,21790.0,52.54622883626484,21640.0,168.77564841938974,22350.0,22700.0,True,True,False,False,False,False,False,False,False,False,False,False,0.0,False,False,False,not_listed_no_path,False,True,True,False,False,True,False,False,True,EPCI:200068146,0.0
57505,57,200068146,1192.0,10.78,2023-01-01,2020,base-cc-serie-historique-2020.CSV,True,110.57513914656772,57630,56.016361636657976,21790.0,52.54622883626484,21640.0,168.77564841938974,22350.0,23240.0,True,True,False,False,False,False,False,False,False,False,False,False,0.0,False,False,False,not_listed_no_path,False,True,True,False,False,True,False,False,True,EPCI:200068146,0.0
57506,57,200068146,247.0,12.96,2023-01-01,2020,base-cc-serie-historique-2020.CSV,True,19.05864197530864,57630,56.016361636657976,21790.0,52.54622883626484,21640.0,168.77564841938974,22350.0,20250.0,True,True,False,False,False,False,False,False,False,False,False,False,0.0,False,False,False,not_listed_no_path,False,True,True,False,False,True,False,False,True,EPCI:200068146,0.0
57509,57,200068146,487.0,8.86,2023-01-01,2020,base-cc-serie-historique-2020.CSV,True,54.96613995485328,57630,56.016361636657976,21790.0,52.54622883626484,21640.0,168.77564841938974,22350.0,23710.0,True,True,False,False,False,False,False,False,False,False,False,False,0.0,False,False,False,not_listed_no_path,False,True,True,False,False,True,False,False,True,EPCI:200068146,0.0
57513,57,200069441,154.0,4.86,2023-01-01,2020,base-cc-serie-historique-2020.CSV,True,31.687242798353907,57089,55.633580689609374,22350.0,53.138632742091374,21830.0,168.77564841938974,22350.0,25620.0,True,True,False,False,False,False,False,False,False,False,False,False,0.0,False,False,False,not_listed_no_path,False,True,True,False,False,True,False,False,True,EPCI:200069441,0.0
57515,57,200070738,1836.0,12.89,2023-01-01,2020,base-cc-serie-historique-2020.CSV,True,142.43599689681923,57463,41.99912510936133,23930.0,329.10608005601586,22990.0,168.77564841938974,22350.0,23690.0,True,True,False,False,False,False,False,False,False,False,False,False,0.0,False,False,False,not_listed_no_path,False,True,True,False,False,True,False,False,False,EPCI:200070738,0.0
57517,57,200069441,279.0,8.99,2023-01-01,2020,base-cc-serie-historique-2020.CSV,True,31.03448275862069,57631,55.633580689609374,22350.0,258.044131358127,22400.0,168.77564841938974,22350.0,24160.0,True,True,False,False,False,False,False,False,False,False,False,False,0.0,False,False,False,not_listed_no_path,False,True,True,False,False,True,False,False,False,EPCI:200069441,0.0
57518,57,200068146,327.0,5.07,2023-01-01,2020,base-cc-serie-historique-2020.CSV,True,64.49704142011834,57630,56.016361636657976,21790.0,52.54622883626484,21640.0,168.77564841938974,22350.0,21070.0,True,True,False,False,False,False,False,False,False,False,False,False,0.0,False,False,False,not_listed_no_path,False,True,True,False,False,True,False,False,True,EPCI:200068146,0.0
57526,57,200069441,378.0,7.3,2023-01-01,2020,base-cc-serie-historique-2020.CSV,True,51.78082191780822,57089,55.633580689609374,22350.0,53.138632742091374,21830.0,168.77564841938974,22350.0,25810.0,True,True,False,False,False,False,False,False,False,False,False,False,0.0,False,False,False,not_listed_no_path,False,True,True,False,False,True,False,False,True,EPCI:200069441,0.0
57535,57,200069441,1426.0,11.0,2023-01-01,2020,base-cc-serie-historique-2020.CSV,True,129.63636363636363,57589,55.633580689609374,22350.0,84.57755562721704,23370.0,168.77564841938974,22350.0,22280.0,True,True,False,False,False,False,False,False,False,False,False,False,0.0,False,False,False,not_listed_no_path,False,True,True,False,False,True,False,False,False,EPCI:200069441,0.0
57541,57,200069441,600.0,23.71,2023-01-01,2020,base-cc-serie-historique-2020.CSV,True,25.3057781526782,67388,55.633580689609374,22350.0,105.97488376135227,23160.0,168.77564841938974,22350.0,21170.0,True,True,False,False,False,False,False,False,False,False,False,False,0.0,False,False,False,not_listed_no_path,False,True,True,False,False,True,False,False,False,EPCI:200069441,0.0
57544,57,200068146,610.0,4.98,2023-01-01,2020,base-cc-serie-historique-2020.CSV,True,122.48995983935744,57630,56.016361636657976,21790.0,52.54622883626484,21640.0,168.77564841938974,22350.0,22020.0,True,True,False,False,False,False,False,False,False,False,False,False,0.0,False,False,False,not_listed_no_path,False,True,True,False,False,True,False,False,True,EPCI:200068146,0.0
57551,57,200068146,208.0,5.0,2023-01-01,2020,base-cc-serie-historique-2020.CSV,True,41.6,57630,56.016361636657976,21790.0,52.54622883626484,21640.0,168.77564841938974,22350.0,22230.0,True,True,False,False,False,False,False,False,False,False,False,False,0.0,False,False,False,not_listed_no_path,False,True,True,False,False,True,False,False,True,EPCI:200068146,0.0
57561,57,200069441,722.0,21.3,2023-01-01,2020,base-cc-serie-historique-2020.CSV,True,33.89671361502347,67095,55.633580689609374,22350.0,60.15034471301603,22230.0,168.77564841938974,22350.0,23020.0,True,True,False,False,False,False,False,False,False,False,False,False,0.0,False,False,False,not_listed_no_path,False,True,True,False,False,True,False,False,True,EPCI:200069441,0.0
57566,57,200068146,2349.0,11.61,2023-01-01,2020,base-cc-serie-historique-2020.CSV,True,202.32558139534885,57630,56.016361636657976,21790.0,52.54622883626484,21640.0,168.77564841938974,22350.0,23430.0,True,True,False,False,False,False,False,False,False,False,False,False,0.0,False,False,False,not_listed_no_path,False,True,True,False,False,True,False,False,True,EPCI:200068146,0.0
57577,57,200069441,371.0,8.32,2023-01-01,2020,base-cc-serie-historique-2020.CSV,True,44.59134615384615,57089,55.633580689609374,22350.0,53.138632742091374,21830.0,168.77564841938974,22350.0,22250.0,True,True,False,False,False,False,False,False,False,False,True,False,371.0,False,False,False,not_listed_no_path,False,True,True,False,False,True,False,False,True,EPCI:200069441,0.0
57584,57,200069441,656.0,13.26,2023-01-01,2020,base-cc-serie-historique-2020.CSV,True,49.47209653092006,57589,55.633580689609374,22350.0,84.57755562721704,23370.0,168.77564841938974,22350.0,23740.0,True,True,False,False,False,False,False,False,False,False,False,False,0.0,False,False,False,not_listed_no_path,False,True,True,False,False,True,False,False,False,EPCI:200069441,0.0
57589,57,200069441,2305.0,13.28,2023-01-01,2020,base-cc-serie-historique-2020.CSV,True,173.56927710843374,57589,55.633580689609374,22350.0,84.57755562721704,23370.0,168.77564841938974,22350.0,24620.0,True,True,False,False,False,False,False,False,False,False,False,False,0.0,False,False,False,not_listed_no_path,False,True,True,False,False,True,False,False,False,EPCI:200069441,0.0
57590,57,200069441,259.0,5.97,2023-01-01,2020,base-cc-serie-historique-2020.CSV,True,43.38358458961474,57089,55.633580689609374,22350.0,53.138632742091374,21830.0,168.77564841938974,22350.0,23690.0,True,True,False,False,False,False,False,False,False,False,False,False,0.0,False,False,False,not_listed_no_path,False,True,True,False,False,True,False,False,True,EPCI:200069441,0.0
57592,57,200068146,344.0,10.69,2023-01-01,2020,base-cc-serie-historique-2020.CSV,True,32.179607109448085,57630,56.016361636657976,21790.0,52.54622883626484,21640.0,168.77564841938974,22350.0,22410.0,True,True,False,False,False,False,False,False,False,False,False,False,0.0,False,False,False,not_listed_no_path,False,True,True,False,False,True,False,False,True,EPCI:200068146,0.0
57594,57,200069441,98.0,13.77,2023-01-01,2020,base-cc-serie-historique-2020.CSV,True,7.116920842411039,57089,55.633580689609374,22350.0,53.138632742091374,21830.0,168.77564841938974,22350.0,,True,True,False,False,False,False,False,False,False,False,True,False,98.0,False,False,False,not_listed_no_path,False,True,True,False,False,True,False,False,True,EPCI:200069441,0.0
57613,57,200068146,344.0,10.05,2023-01-01,2020,base-cc-serie-historique-2020.CSV,True,34.22885572139303,57630,56.016361636657976,21790.0,52.54622883626484,21640.0,168.77564841938974,22350.0,22910.0,True,True,False,False,False,False,False,False,False,False,False,False,0.0,False,False,False,not_listed_no_path,False,True,True,False,False,True,False,False,True,EPCI:200068146,0.0
57619,57,200069441,467.0,4.53,2023-01-01,2020,base-cc-serie-historique-2020.CSV,True,103.09050772626932,57089,55.633580689609374,22350.0,53.138632742091374,21830.0,168.77564841938974,22350.0,23110.0,True,True,False,False,False,False,False,False,False,False,True,False,467.0,False,False,False,not_listed_no_path,False,True,True,False,False,True,False,False,True,EPCI:200069441,0.0
57623,57,200068146,705.0,53.34,2023-01-01,2020,base-cc-serie-historique-2020.CSV,True,13.217097862767153,57630,56.016361636657976,21790.0,52.54622883626484,21640.0,168.77564841938974,22350.0,21900.0,True,True,False,False,False,False,False,False,False,False,True,False,705.0,False,False,False,not_listed_no_path,False,True,True,False,False,True,False,False,True,EPCI:200068146,0.0
57629,57,200068146,780.0,11.97,2023-01-01,2020,base-cc-serie-historique-2020.CSV,True,65.16290726817043,57630,56.016361636657976,21790.0,52.54622883626484,21640.0,168.77564841938974,22350.0,21800.0,True,True,False,False,False,False,False,False,False,False,False,False,0.0,False,False,False,not_listed_no_path,False,True,True,False,False,True,False,False,True,EPCI:200068146,0.0
57630,57,200068146,12278.0,16.4,2023-01-01,2020,base-cc-serie-historique-2020.CSV,True,748.6585365853659,57630,56.016361636657976,21790.0,52.54622883626484,21640.0,168.77564841938974,22350.0,19580.0,True,True,False,False,False,False,False,False,False,False,False,False,0.0,False,False,False,not_listed_no_path,False,True,True,False,False,True,False,False,True,EPCI:200068146,0.0
57635,57,200068146,368.0,12.58,2023-01-01,2020,base-cc-serie-historique-2020.CSV,True,29.252782193958662,67095,56.016361636657976,21790.0,60.15034471301603,22230.0,168.77564841938974,22350.0,23680.0,True,True,False,False,False,False,False,False,False,False,False,False,0.0,False,False,False,not_listed_no_path,False,True,True,False,False,True,False,False,True,EPCI:200068146,0.0
57636,57,200069441,322.0,2.33,2023-01-01,2020,base-cc-serie-historique-2020.CSV,True,138.19742489270385,67095,55.633580689609374,22350.0,60.15034471301603,22230.0,168.77564841938974,22350.0,25200.0,True,True,False,False,False,False,False,False,False,False,False,False,0.0,False,False,False,not_listed_no_path,False,True,True,False,False,True,False,False,True,EPCI:200069441,0.0
57637,57,200068146,307.0,2.12,2023-01-01,2020,base-cc-serie-historique-2020.CSV,True,144.81132075471697,57630,56.016361636657976,21790.0,52.54622883626484,21640.0,168.77564841938974,22350.0,22960.0,True,True,False,False,False,False,False,False,False,False,False,False,0.0,False,False,False,not_listed_no_path,False,True,True,False,False,True,False,False,True,EPCI:200068146,0.0
57639,57,200069441,536.0,13.36,2023-01-01,2020,base-cc-serie-historique-2020.CSV,True,40.11976047904192,57089,55.633580689609374,22350.0,53.138632742091374,21830.0,168.77564841938974,22350.0,21400.0,True,True,False,False,False,False,False,False,False,False,False,False,0.0,False,False,False,not_listed_no_path,False,True,True,False,False,True,False,False,True,EPCI:200069441,0.0
57641,57,200069441,309.0,11.35,2023-01-01,2020,base-cc-serie-historique-2020.CSV,True,27.22466960352423,57089,55.633580689609374,22350.0,53.138632742091374,21830.0,168.77564841938974,22350.0,25220.0,True,True,False,False,False,False,False,False,False,False,False,False,0.0,False,False,False,not_listed_no_path,False,True,True,False,False,True,False,False,True,EPCI:200069441,0.0
57651,57,200069441,639.0,10.51,2023-01-01,2020,base-cc-serie-historique-2020.CSV,True,60.79923882017127,57589,55.633580689609374,22350.0,84.57755562721704,23370.0,168.77564841938974,22350.0,22410.0,True,True,False,False,False,False,False,False,False,False,False,False,0.0,False,False,False,not_listed_no_path,False,True,True,False,False,True,False,False,False,EPCI:200069441,0.0
57658,57,200069441,1038.0,10.75,2023-01-01,2020,base-cc-serie-historique-2020.CSV,True,96.55813953488372,57089,55.633580689609374,22350.0,53.138632742091374,21830.0,168.77564841938974,22350.0,22940.0,True,True,False,False,False,False,False,False,False,False,False,False,0.0,False,False,False,not_listed_no_path,False,True,True,False,False,True,False,False,True,EPCI:200069441,0.0
57661,57,200069441,172.0,32.51,2023-01-01,2020,base-cc-serie-historique-2020.CSV,True,5.29067979083359,57089,55.633580689609374,22350.0,53.138632742091374,21830.0,168.77564841938974,22350.0,20250.0,True,True,False,False,False,False,False,False,False,False,True,False,172.0,False,False,False,not_listed_no_path,False,True,True,False,False,True,False,False,True,EPCI:200069441,0.0
57680,57,200068146,1255.0,12.85,2023-01-01,2020,base-cc-serie-historique-2020.CSV,True,97.66536964980546,57630,56.016361636657976,21790.0,52.54622883626484,21640.0,168.77564841938974,22350.0,22650.0,True,True,False,False,False,False,False,False,False,False,False,False,0.0,False,False,False,not_listed_no_path,False,True,True,False,False,True,False,False,True,EPCI:200068146,0.0
57682,57,200068146,11.0,30.04,2023-01-01,2020,base-cc-serie-historique-2020.CSV,True,0.3661784287616511,57630,56.016361636657976,21790.0,52.54622883626484,21640.0,168.77564841938974,22350.0,,True,True,False,False,False,False,False,False,False,False,True,False,11.0,False,False,False,not_listed_no_path,False,True,True,False,False,True,False,False,True,EPCI:200068146,0.0
57697,57,200068146,314.0,1.54,2023-01-01,2020,base-cc-serie-historique-2020.CSV,True,203.89610389610388,57630,56.016361636657976,21790.0,52.54622883626484,21640.0,168.77564841938974,22350.0,22170.0,True,True,False,False,False,False,False,False,False,False,False,False,0.0,False,False,False,not_listed_no_path,False,True,True,False,False,True,False,False,True,EPCI:200068146,0.0
57703,57,200068146,234.0,4.79,2023-01-01,2020,base-cc-serie-historique-2020.CSV,True,48.8517745302714,67095,56.016361636657976,21790.0,60.15034471301603,22230.0,168.77564841938974,22350.0,22480.0,True,True,False,False,False,False,False,False,False,False,False,False,0.0,False,False,False,not_listed_no_path,False,True,True,False,False,True,False,False,True,EPCI:200068146,0.0
57713,57,200068146,248.0,6.45,2023-01-01,2020,base-cc-serie-historique-2020.CSV,True,38.44961240310077,57630,56.016361636657976,21790.0,52.54622883626484,21640.0,168.77564841938974,22350.0,22070.0,True,True,False,False,False,False,False,False,False,False,False,False,0.0,False,False,False,not_listed_no_path,False,True,True,False,False,True,False,False,True,EPCI:200068146,0.0
57732,57,200069441,768.0,14.91,2023-01-01,2020,base-cc-serie-historique-2020.CSV,True,51.50905432595573,57089,55.633580689609374,22350.0,53.138632742091374,21830.0,168.77564841938974,22350.0,21570.0,True,True,False,False,False,False,False,False,False,False,False,False,0.0,False,False,False,not_listed_no_path,False,True,True,False,False,True,False,False,True,EPCI:200069441,0.0
57734,57,200068146,458.0,4.48,2023-01-01,2020,base-cc-serie-historique-2020.CSV,True,102.23214285714285,57630,56.016361636657976,21790.0,52.54622883626484,21640.0,168.77564841938974,22350.0,21840.0,True,True,False,False,False,False,False,False,False,False,False,False,0.0,False,False,False,not_listed_no_path,False,True,True,False,False,True,False,False,True,EPCI:200068146,0.0
57738,57,200069441,387.0,6.58,2023-01-01,2020,base-cc-serie-historique-2020.CSV,True,58.81458966565349,57089,55.633580689609374,22350.0,53.138632742091374,21830.0,168.77564841938974,22350.0,22300.0,True,True,False,False,False,False,False,False,False,False,False,False,0.0,False,False,False,not_listed_no_path,False,True,True,False,False,True,False,False,True,EPCI:200069441,0.0
57741,57,200069441,408.0,10.11,2023-01-01,2020,base-cc-serie-historique-2020.CSV,True,40.35608308605342,57089,55.633580689609374,22350.0,53.138632742091374,21830.0,168.77564841938974,22350.0,23890.0,True,True,False,False,False,False,False,False,False,False,False,False,0.0,False,False,False,not_listed_no_path,False,True,True,False,False,True,False,False,True,EPCI:200069441,0.0
57742,57,200068146,1496.0,38.35,2023-01-01,2020,base-cc-serie-historique-2020.CSV,True,39.00912646675359,57630,56.016361636657976,21790.0,52.54622883626484,21640.0,168.77564841938974,22350.0,22490.0,True,True,False,False,False,False,False,False,False,False,True,False,1496.0,False,False,False,not_listed_no_path,False,True,True,False,False,True,False,False,True,EPCI:200068146,0.0
57756,57,200068146,314.0,5.16,2023-01-01,2020,base-cc-serie-historique-2020.CSV,True,60.85271317829457,57630,56.016361636657976,21790.0,52.54622883626484,21640.0,168.77564841938974,22350.0,22530.0,True,True,False,False,False,False,False,False,False,False,False,False,0.0,False,False,False,not_listed_no_path,False,True,True,False,False,True,False,False,True,EPCI:200068146,0.0
58072,58,245801063,623.0,32.94,2023-01-01,2020,base-cc-serie-historique-2020.CSV,True,18.91317547055252,58134,39.91931026859733,23500.0,38.039189005306845,21320.0,29.73135134104282,20940.0,22760.0,True,True,False,False,False,True,True,False,True,True,False,False,0.0,False,False,True,verified_mandatory_path_listed,False,True,True,False,False,True,True,False,False,EPCI:245801063,623.0
58131,58,200068088,2525.0,7.29,2023-01-01,2020,base-cc-serie-historique-2020.CSV,True,346.36488340192045,58194,33.48192342243089,21710.0,65.74949743363015,21450.0,29.73135134104282,20940.0,21000.0,True,True,False,False,False,True,True,False,True,True,False,False,0.0,False,False,True,verified_mandatory_path_listed,False,True,True,False,False,True,True,False,False,EPCI:200068088,2525.0
58152,58,245801063,1404.0,31.87,2023-01-01,2020,base-cc-serie-historique-2020.CSV,True,44.053969250078445,58194,39.91931026859733,23500.0,65.74949743363015,21450.0,29.73135134104282,20940.0,22480.0,True,True,False,False,False,True,True,False,True,True,False,False,0.0,False,False,True,verified_mandatory_path_listed,False,True,True,False,False,True,True,False,False,EPCI:245801063,1404.0
58254,58,200068088,564.0,13.36,2023-01-01,2020,base-cc-serie-historique-2020.CSV,True,42.215568862275454,58194,33.48192342243089,21710.0,65.74949743363015,21450.0,29.73135134104282,20940.0,24740.0,True,True,False,False,False,True,True,False,True,True,False,False,0.0,False,False,True,verified_mandatory_path_listed,False,True,True,False,False,True,True,False,False,EPCI:200068088,564.0
58273,58,245801063,1427.0,29.64,2023-01-01,2020,base-cc-serie-historique-2020.CSV,True,48.144399460188936,58194,39.91931026859733,23500.0,65.74949743363015,21450.0,29.73135134104282,20940.0,23840.0,True,True,False,False,False,True,True,False,True,True,False,False,0.0,False,False,True,verified_mandatory_path_listed,False,True,True,False,False,True,True,False,False,EPCI:245801063,1427.0
58300,58,200068088,1747.0,23.41,2023-01-01,2020,base-cc-serie-historique-2020.CSV,True,74.6262281076463,58194,33.48192342243089,21710.0,65.74949743363015,21450.0,29.73135134104282,20940.0,23760.0,True,True,False,False,False,True,True,False,True,True,False,False,0.0,False,False,True,verified_mandatory_path_listed,False,True,True,False,False,True,True,False,False,EPCI:200068088,1747.0
63004,63,200072098,1705.0,21.2,2023-01-01,2020,base-cc-serie-historique-2020.CSV,True,80.4245283018868,63300,45.60676314926702,22770.0,79.56774464175139,23400.0,83.04645367556458,22510.0,21320.0,True,True,False,False,False,False,False,False,False,False,True,False,1705.0,True,True,True,listed_only_potential_B_or_D,False,True,True,False,False,True,True,False,False,EPCI:200072098,1705.0
63035,63,200072098,1269.0,7.33,2023-01-01,2020,base-cc-serie-historique-2020.CSV,True,173.12414733969987,63300,45.60676314926702,22770.0,79.56774464175139,23400.0,83.04645367556458,22510.0,25170.0,True,True,False,False,False,False,False,False,False,False,False,False,0.0,True,True,True,listed_only_potential_B_or_D,False,True,True,False,False,True,True,False,False,EPCI:200072098,1269.0
63082,63,200072098,403.0,15.13,2023-01-01,2020,base-cc-serie-historique-2020.CSV,True,26.63582286847323,63300,45.60676314926702,22770.0,79.56774464175139,23400.0,83.04645367556458,22510.0,24780.0,True,True,False,False,False,False,False,False,False,False,False,False,0.0,True,True,True,listed_only_potential_B_or_D,False,True,True,False,False,True,True,False,False,EPCI:200072098,403.0
63116,63,200072098,2143.0,18.0,2023-01-01,2020,base-cc-serie-historique-2020.CSV,True,119.05555555555556,63300,45.60676314926702,22770.0,79.56774464175139,23400.0,83.04645367556458,22510.0,22640.0,True,True,False,False,False,False,False,False,False,False,True,False,2143.0,True,True,True,listed_only_potential_B_or_D,False,True,True,False,False,True,True,False,False,EPCI:200072098,2143.0
63135,63,200072098,606.0,2.33,2023-01-01,2020,base-cc-serie-historique-2020.CSV,True,260.08583690987126,63300,45.60676314926702,22770.0,79.56774464175139,23400.0,83.04645367556458,22510.0,25560.0,True,True,False,False,False,False,False,False,False,False,False,False,0.0,True,True,True,listed_only_potential_B_or_D,False,True,True,False,False,True,True,False,False,EPCI:200072098,606.0
63167,63,200072098,398.0,2.19,2023-01-01,2020,base-cc-serie-historique-2020.CSV,True,181.7351598173516,63300,45.60676314926702,22770.0,79.56774464175139,23400.0,83.04645367556458,22510.0,23550.0,True,True,False,False,False,False,False,False,False,False,False,False,0.0,True,True,True,listed_only_potential_B_or_D,False,True,True,False,False,True,True,False,False,EPCI:200072098,398.0
63181,63,200072098,549.0,10.76,2023-01-01,2020,base-cc-serie-historique-2020.CSV,True,51.02230483271376,63300,45.60676314926702,22770.0,79.56774464175139,23400.0,83.04645367556458,22510.0,23580.0,True,True,False,False,False,False,False,False,False,False,False,False,0.0,True,True,True,listed_only_potential_B_or_D,False,True,True,False,False,True,True,False,False,EPCI:200072098,549.0
63235,63,200072098,546.0,9.43,2023-01-01,2020,base-cc-serie-historique-2020.CSV,True,57.90031813361612,63300,45.60676314926702,22770.0,79.56774464175139,23400.0,83.04645367556458,22510.0,23820.0,True,True,False,False,False,False,False,False,False,False,False,False,0.0,True,True,True,listed_only_potential_B_or_D,False,True,True,False,False,True,True,False,False,EPCI:200072098,546.0
63288,63,200072098,458.0,4.23,2023-01-01,2020,base-cc-serie-historique-2020.CSV,True,108.27423167848698,63300,45.60676314926702,22770.0,79.56774464175139,23400.0,83.04645367556458,22510.0,26160.0,True,True,False,False,False,False,False,False,False,False,False,False,0.0,True,True,True,listed_only_potential_B_or_D,False,True,True,False,False,True,True,False,False,EPCI:200072098,458.0
63349,63,200072098,1914.0,34.15,2023-01-01,2020,base-cc-serie-historique-2020.CSV,True,56.04685212298683,63300,45.60676314926702,22770.0,79.56774464175139,23400.0,83.04645367556458,22510.0,21080.0,True,True,False,False,False,False,False,False,False,False,True,False,1914.0,True,True,True,listed_only_potential_B_or_D,False,True,True,False,False,True,True,False,False,EPCI:200072098,1914.0
63358,63,200072098,364.0,16.21,2023-01-01,2020,base-cc-serie-historique-2020.CSV,True,22.455274521900066,63300,45.60676314926702,22770.0,79.56774464175139,23400.0,83.04645367556458,22510.0,22940.0,True,True,False,False,False,False,False,False,False,False,False,False,0.0,True,True,True,listed_only_potential_B_or_D,False,True,True,False,False,True,True,False,False,EPCI:200072098,364.0
63379,63,200072098,528.0,5.51,2023-01-01,2020,base-cc-serie-historique-2020.CSV,True,95.8257713248639,63300,45.60676314926702,22770.0,79.56774464175139,23400.0,83.04645367556458,22510.0,23020.0,True,True,False,False,False,False,False,False,False,False,False,False,0.0,True,True,True,listed_only_potential_B_or_D,False,True,True,False,False,True,True,False,False,EPCI:200072098,528.0
63407,63,200069169,284.0,28.21,2023-01-01,2020,base-cc-serie-historique-2020.CSV,True,10.067352002835872,63113,18.20300849850154,21340.0,326.35226326419263,22970.0,83.04645367556458,22510.0,22410.0,True,True,True,False,False,False,False,False,False,False,True,False,284.0,True,True,True,verified_mandatory_path_listed,False,True,True,False,False,True,True,False,False,EPCI:200069169,284.0
63427,63,200072098,493.0,11.82,2023-01-01,2020,base-cc-serie-historique-2020.CSV,True,41.70896785109983,63300,45.60676314926702,22770.0,79.56774464175139,23400.0,83.04645367556458,22510.0,24700.0,True,True,False,False,False,False,False,False,False,False,True,False,493.0,True,True,True,listed_only_potential_B_or_D,False,True,True,False,False,True,True,False,False,EPCI:200072098,493.0
63473,63,200072098,393.0,2.14,2023-01-01,2020,base-cc-serie-historique-2020.CSV,True,183.6448598130841,63300,45.60676314926702,22770.0,79.56774464175139,23400.0,83.04645367556458,22510.0,24500.0,True,True,False,False,False,False,False,False,False,False,False,False,0.0,True,True,True,listed_only_potential_B_or_D,False,True,True,False,False,True,True,False,False,EPCI:200072098,393.0
64043,64,200067239,296.0,6.01,2023-01-01,2020,base-cc-serie-historique-2020.CSV,True,49.25124792013311,64445,55.3798740452901,23500.0,238.219658678718,23040.0,89.8968705361581,22550.0,24590.0,True,True,False,False,False,False,False,False,False,False,False,False,0.0,False,False,False,not_listed_no_path,False,True,True,False,False,True,False,False,False,EPCI:200067239,0.0
64070,64,200067239,321.0,3.16,2023-01-01,2020,base-cc-serie-historique-2020.CSV,True,101.58227848101264,64445,55.3798740452901,23500.0,238.219658678718,23040.0,89.8968705361581,22550.0,23990.0,True,True,False,False,False,False,False,False,False,False,False,False,0.0,False,False,False,not_listed_no_path,False,True,True,False,False,True,False,False,False,EPCI:200067239,0.0
64073,64,200067239,264.0,5.84,2023-01-01,2020,base-cc-serie-historique-2020.CSV,True,45.2054794520548,64445,55.3798740452901,23500.0,238.219658678718,23040.0,89.8968705361581,22550.0,22500.0,True,True,False,False,False,False,False,False,False,False,False,False,0.0,False,False,False,not_listed_no_path,False,True,True,False,False,True,False,False,False,EPCI:200067239,0.0
64077,64,200067239,176.0,4.03,2023-01-01,2020,base-cc-serie-historique-2020.CSV,True,43.67245657568238,64445,55.3798740452901,23500.0,238.219658678718,23040.0,89.8968705361581,22550.0,22870.0,True,True,False,False,False,False,False,False,False,False,False,False,0.0,False,False,False,not_listed_no_path,False,True,True,False,False,True,False,False,False,EPCI:200067239,0.0
64078,64,200067239,226.0,5.23,2023-01-01,2020,base-cc-serie-historique-2020.CSV,True,43.21223709369025,64445,55.3798740452901,23500.0,238.219658678718,23040.0,89.8968705361581,22550.0,22240.0,True,True,False,False,False,False,False,False,False,False,False,False,0.0,False,False,False,not_listed_no_path,False,True,True,False,False,True,False,False,False,EPCI:200067239,0.0
64146,64,200067239,337.0,5.74,2023-01-01,2020,base-cc-serie-historique-2020.CSV,True,58.71080139372822,64445,55.3798740452901,23500.0,238.219658678718,23040.0,89.8968705361581,22550.0,23000.0,True,True,False,False,False,False,False,False,False,False,False,False,0.0,False,False,False,not_listed_no_path,False,True,True,False,False,True,False,False,False,EPCI:200067239,0.0
64167,64,200067239,217.0,6.61,2023-01-01,2020,base-cc-serie-historique-2020.CSV,True,32.829046898638424,64233,55.3798740452901,23500.0,23.696344535817843,20830.0,89.8968705361581,22550.0,20460.0,True,True,False,False,False,False,False,False,True,True,False,False,0.0,False,False,True,listed_only_potential_B_or_D,False,True,True,False,False,True,False,False,True,EPCI:200067239,217.0
64183,64,200067239,626.0,7.2,2023-01-01,2020,base-cc-serie-historique-2020.CSV,True,86.94444444444444,64445,55.3798740452901,23500.0,238.219658678718,23040.0,89.8968705361581,22550.0,24030.0,True,True,False,False,False,False,False,False,False,False,False,False,0.0,False,False,False,not_listed_no_path,False,True,True,False,False,True,False,False,False,EPCI:200067239,0.0
64190,64,200067239,240.0,9.87,2023-01-01,2020,base-cc-serie-historique-2020.CSV,True,24.316109422492403,64233,55.3798740452901,23500.0,23.696344535817843,20830.0,89.8968705361581,22550.0,20110.0,True,True,False,False,False,False,False,False,True,True,False,False,0.0,False,False,True,listed_only_potential_B_or_D,False,True,True,False,False,True,False,False,True,EPCI:200067239,240.0
64203,64,200067239,322.0,6.39,2023-01-01,2020,base-cc-serie-historique-2020.CSV,True,50.39123630672927,64445,55.3798740452901,23500.0,238.219658678718,23040.0,89.8968705361581,22550.0,23380.0,True,True,False,False,False,False,False,False,False,False,False,False,0.0,False,False,False,not_listed_no_path,False,True,True,False,False,True,False,False,False,EPCI:200067239,0.0
64232,64,200067239,220.0,8.65,2023-01-01,2020,base-cc-serie-historique-2020.CSV,True,25.43352601156069,64445,55.3798740452901,23500.0,238.219658678718,23040.0,89.8968705361581,22550.0,21660.0,True,True,False,False,False,False,False,False,False,False,False,False,0.0,False,False,False,not_listed_no_path,False,True,True,False,False,True,False,False,False,EPCI:200067239,0.0
64308,64,200067239,262.0,5.32,2023-01-01,2020,base-cc-serie-historique-2020.CSV,True,49.24812030075188,64445,55.3798740452901,23500.0,238.219658678718,23040.0,89.8968705361581,22550.0,23520.0,True,True,False,False,False,False,False,False,False,False,False,False,0.0,False,False,False,not_listed_no_path,False,True,True,False,False,True,False,False,False,EPCI:200067239,0.0
64321,64,200067239,244.0,6.13,2023-01-01,2020,base-cc-serie-historique-2020.CSV,True,39.80424143556281,64445,55.3798740452901,23500.0,238.219658678718,23040.0,89.8968705361581,22550.0,20480.0,True,True,False,False,False,False,False,False,False,False,False,False,0.0,False,False,False,not_listed_no_path,False,True,True,False,False,True,False,False,False,EPCI:200067239,0.0
64332,64,200067239,166.0,6.72,2023-01-01,2020,base-cc-serie-historique-2020.CSV,True,24.70238095238096,64445,55.3798740452901,23500.0,238.219658678718,23040.0,89.8968705361581,22550.0,25020.0,True,True,False,False,False,False,False,False,False,False,False,False,0.0,False,False,False,not_listed_no_path,False,True,True,False,False,True,False,False,False,EPCI:200067239,0.0
64385,64,200067239,277.0,9.16,2023-01-01,2020,base-cc-serie-historique-2020.CSV,True,30.240174672489083,64445,55.3798740452901,23500.0,238.219658678718,23040.0,89.8968705361581,22550.0,24140.0,True,True,False,False,False,False,False,False,False,False,False,False,0.0,False,False,False,not_listed_no_path,False,True,True,False,False,True,False,False,False,EPCI:200067239,0.0
64387,64,200067239,627.0,14.51,2023-01-01,2020,base-cc-serie-historique-2020.CSV,True,43.21157822191592,64445,55.3798740452901,23500.0,238.219658678718,23040.0,89.8968705361581,22550.0,23290.0,True,True,False,False,False,False,False,False,False,False,False,False,0.0,False,False,False,not_listed_no_path,False,True,True,False,False,True,False,False,False,EPCI:200067239,0.0
64399,64,200067239,2340.0,8.42,2023-01-01,2020,base-cc-serie-historique-2020.CSV,True,277.9097387173397,64445,55.3798740452901,23500.0,238.219658678718,23040.0,89.8968705361581,22550.0,26250.0,True,True,False,False,False,False,False,False,False,False,False,False,0.0,False,False,False,not_listed_no_path,False,True,True,False,False,True,False,False,False,EPCI:200067239,0.0
64415,64,200067239,1523.0,14.22,2023-01-01,2020,base-cc-serie-historique-2020.CSV,True,107.1026722925457,64445,55.3798740452901,23500.0,238.219658678718,23040.0,89.8968705361581,22550.0,24080.0,True,True,False,False,False,False,False,False,False,False,False,False,0.0,False,False,False,not_listed_no_path,False,True,True,False,False,True,False,False,False,EPCI:200067239,0.0
64456,64,200067239,49.0,3.41,2023-01-01,2020,base-cc-serie-historique-2020.CSV,True,14.36950146627566,64063,55.3798740452901,23500.0,29.126080395115928,21140.0,89.8968705361581,22550.0,,True,True,False,False,False,False,False,False,True,True,False,False,0.0,False,False,True,listed_only_potential_B_or_D,False,True,True,False,False,True,False,False,True,EPCI:200067239,49.0
64511,64,200067239,3460.0,16.74,2023-01-01,2020,base-cc-serie-historique-2020.CSV,True,206.69056152927124,64445,55.3798740452901,23500.0,238.219658678718,23040.0,89.8968705361581,22550.0,25930.0,True,True,False,False,False,False,False,False,False,False,False,False,0.0,False,False,False,not_listed_no_path,False,True,True,False,False,True,False,False,False,EPCI:200067239,0.0
64519,64,200067239,4393.0,13.71,2023-01-01,2020,base-cc-serie-historique-2020.CSV,True,320.42304886943833,64445,55.3798740452901,23500.0,238.219658678718,23040.0,89.8968705361581,22550.0,25190.0,True,True,False,False,False,False,False,False,False,False,False,False,0.0,False,False,False,not_listed_no_path,False,True,True,False,False,True,False,False,False,EPCI:200067239,0.0
64523,64,200067239,778.0,17.43,2023-01-01,2020,base-cc-serie-historique-2020.CSV,True,44.63568559954102,64445,55.3798740452901,23500.0,238.219658678718,23040.0,89.8968705361581,22550.0,22170.0,True,True,False,False,False,False,False,False,False,False,False,False,0.0,False,False,False,not_listed_no_path,False,True,True,False,False,True,False,False,False,EPCI:200067239,0.0
64536,64,200067239,872.0,7.93,2023-01-01,2020,base-cc-serie-historique-2020.CSV,True,109.96216897856245,64445,55.3798740452901,23500.0,238.219658678718,23040.0,89.8968705361581,22550.0,24120.0,True,True,False,False,False,False,False,False,False,False,False,False,0.0,False,False,False,not_listed_no_path,False,True,True,False,False,True,False,False,False,EPCI:200067239,0.0
64560,64,200067239,177.0,3.63,2023-01-01,2020,base-cc-serie-historique-2020.CSV,True,48.7603305785124,64445,55.3798740452901,23500.0,238.219658678718,23040.0,89.8968705361581,22550.0,24390.0,True,True,False,False,False,False,False,False,False,False,False,False,0.0,False,False,False,not_listed_no_path,False,True,True,False,False,True,False,False,False,EPCI:200067239,0.0
65063,65,200070803,172.0,4.24,2023-01-01,2020,base-cc-serie-historique-2020.CSV,True,40.56603773584906,65440,42.28244597136386,22340.0,178.97196968550983,21380.0,51.475345202999975,20990.0,24580.0,True,True,False,False,False,False,False,False,False,False,True,False,172.0,False,False,False,not_listed_no_path,False,True,True,False,False,True,False,False,False,EPCI:200070803,0.0
65079,65,200070803,195.0,10.24,2023-01-01,2020,base-cc-serie-historique-2020.CSV,True,19.04296875,65258,42.28244597136386,22340.0,38.88236281255245,21350.0,51.475345202999975,20990.0,21000.0,True,True,False,False,False,False,False,False,True,True,True,False,195.0,False,False,True,listed_only_potential_B_or_D,False,True,True,False,False,True,False,False,True,EPCI:200070803,195.0
65086,65,200070803,149.0,7.86,2023-01-01,2020,base-cc-serie-historique-2020.CSV,True,18.956743002544528,65440,42.28244597136386,22340.0,178.97196968550983,21380.0,51.475345202999975,20990.0,17570.0,True,True,False,False,False,False,False,False,False,False,False,False,0.0,False,False,False,not_listed_no_path,False,True,True,False,False,True,False,False,False,EPCI:200070803,0.0
65101,65,200070803,762.0,11.22,2023-01-01,2020,base-cc-serie-historique-2020.CSV,True,67.91443850267379,65440,42.28244597136386,22340.0,178.97196968550983,21380.0,51.475345202999975,20990.0,22260.0,True,True,False,False,False,False,False,False,False,False,False,False,0.0,False,False,False,not_listed_no_path,False,True,True,False,False,True,False,False,False,EPCI:200070803,0.0
65104,65,200070803,299.0,2.52,2023-01-01,2020,base-cc-serie-historique-2020.CSV,True,118.65079365079364,65440,42.28244597136386,22340.0,178.97196968550983,21380.0,51.475345202999975,20990.0,25660.0,True,True,False,False,False,False,False,False,False,False,False,False,0.0,False,False,False,not_listed_no_path,False,True,True,False,False,True,False,False,False,EPCI:200070803,0.0
65113,65,200070803,284.0,12.56,2023-01-01,2020,base-cc-serie-historique-2020.CSV,True,22.611464968152863,65440,42.28244597136386,22340.0,178.97196968550983,21380.0,51.475345202999975,20990.0,22110.0,True,True,False,False,False,False,False,False,False,False,False,False,0.0,False,False,False,not_listed_no_path,False,True,True,False,False,True,False,False,False,EPCI:200070803,0.0
65118,65,200070803,36.0,1.23,2023-01-01,2020,base-cc-serie-historique-2020.CSV,True,29.26829268292683,65258,42.28244597136386,22340.0,38.88236281255245,21350.0,51.475345202999975,20990.0,,True,True,False,False,False,False,False,False,True,True,True,False,36.0,False,False,True,listed_only_potential_B_or_D,False,True,True,False,False,True,False,False,True,EPCI:200070803,36.0
65120,65,200070803,338.0,2.06,2023-01-01,2020,base-cc-serie-historique-2020.CSV,True,164.07766990291262,65440,42.28244597136386,22340.0,178.97196968550983,21380.0,51.475345202999975,20990.0,23470.0,True,True,False,False,False,False,False,False,False,False,False,False,0.0,False,False,False,not_listed_no_path,False,True,True,False,False,True,False,False,False,EPCI:200070803,0.0
65132,65,200070803,45.0,0.86,2023-01-01,2020,base-cc-serie-historique-2020.CSV,True,52.32558139534884,65440,42.28244597136386,22340.0,178.97196968550983,21380.0,51.475345202999975,20990.0,,True,True,False,False,False,False,False,False,False,False,True,False,45.0,False,False,False,not_listed_no_path,False,True,True,False,False,True,False,False,False,EPCI:200070803,0.0
65133,65,200070803,234.0,4.82,2023-01-01,2020,base-cc-serie-historique-2020.CSV,True,48.54771784232365,65440,42.28244597136386,22340.0,178.97196968550983,21380.0,51.475345202999975,20990.0,22310.0,True,True,False,False,False,False,False,False,False,False,False,False,0.0,False,False,False,not_listed_no_path,False,True,True,False,False,True,False,False,False,EPCI:200070803,0.0
65149,65,200070803,163.0,6.36,2023-01-01,2020,base-cc-serie-historique-2020.CSV,True,25.628930817610065,65440,42.28244597136386,22340.0,178.97196968550983,21380.0,51.475345202999975,20990.0,20970.0,True,True,False,False,False,False,False,False,False,False,False,False,0.0,False,False,False,not_listed_no_path,False,True,True,False,False,True,False,False,False,EPCI:200070803,0.0
65151,65,200070803,148.0,2.14,2023-01-01,2020,base-cc-serie-historique-2020.CSV,True,69.1588785046729,65440,42.28244597136386,22340.0,178.97196968550983,21380.0,51.475345202999975,20990.0,18520.0,True,True,False,False,False,False,False,False,False,False,False,False,0.0,False,False,False,not_listed_no_path,False,True,True,False,False,True,False,False,False,EPCI:200070803,0.0
65153,65,200070803,123.0,3.12,2023-01-01,2020,base-cc-serie-historique-2020.CSV,True,39.42307692307692,65440,42.28244597136386,22340.0,178.97196968550983,21380.0,51.475345202999975,20990.0,25770.0,True,True,False,False,False,False,False,False,False,False,False,False,0.0,False,False,False,not_listed_no_path,False,True,True,False,False,True,False,False,False,EPCI:200070803,0.0
65156,65,200070803,214.0,4.99,2023-01-01,2020,base-cc-serie-historique-2020.CSV,True,42.88577154308617,65440,42.28244597136386,22340.0,178.97196968550983,21380.0,51.475345202999975,20990.0,24820.0,True,True,False,False,False,False,False,False,False,False,False,False,0.0,False,False,False,not_listed_no_path,False,True,True,False,False,True,False,False,False,EPCI:200070803,0.0
65181,65,200070803,167.0,2.97,2023-01-01,2020,base-cc-serie-historique-2020.CSV,True,56.22895622895623,65440,42.28244597136386,22340.0,178.97196968550983,21380.0,51.475345202999975,20990.0,22930.0,True,True,False,False,False,False,False,False,False,False,False,False,0.0,False,False,False,not_listed_no_path,False,True,True,False,False,True,False,False,False,EPCI:200070803,0.0
65204,65,200070803,28.0,1.08,2023-01-01,2020,base-cc-serie-historique-2020.CSV,True,25.925925925925924,65440,42.28244597136386,22340.0,178.97196968550983,21380.0,51.475345202999975,20990.0,,True,True,False,False,False,False,False,False,False,False,False,False,0.0,False,False,False,not_listed_no_path,False,True,True,False,False,True,False,False,False,EPCI:200070803,0.0
65206,65,200070803,234.0,7.53,2023-01-01,2020,base-cc-serie-historique-2020.CSV,True,31.075697211155376,65440,42.28244597136386,22340.0,178.97196968550983,21380.0,51.475345202999975,20990.0,22400.0,True,True,False,False,False,False,False,False,False,False,False,False,0.0,False,False,False,not_listed_no_path,False,True,True,False,False,True,False,False,False,EPCI:200070803,0.0
65222,65,246500482,154.0,2.91,2023-01-01,2020,base-cc-serie-historique-2020.CSV,True,52.92096219931271,65059,42.50758237803937,21250.0,39.9733263369627,21340.0,51.475345202999975,20990.0,24140.0,True,True,True,False,False,False,False,False,True,True,True,False,154.0,True,True,True,verified_mandatory_path_listed,False,True,True,False,False,True,True,False,False,EPCI:246500482,154.0
65225,65,200070803,107.0,2.0,2023-01-01,2020,base-cc-serie-historique-2020.CSV,True,53.5,65440,42.28244597136386,22340.0,178.97196968550983,21380.0,51.475345202999975,20990.0,23740.0,True,True,False,False,False,False,False,False,False,False,False,False,0.0,False,False,False,not_listed_no_path,False,True,True,False,False,True,False,False,False,EPCI:200070803,0.0
65256,65,200070803,145.0,4.47,2023-01-01,2020,base-cc-serie-historique-2020.CSV,True,32.43847874720358,65440,42.28244597136386,22340.0,178.97196968550983,21380.0,51.475345202999975,20990.0,21160.0,True,True,False,False,False,False,False,False,False,False,True,False,145.0,False,False,False,not_listed_no_path,False,True,True,False,False,True,False,False,False,EPCI:200070803,0.0
65259,65,200070803,181.0,3.87,2023-01-01,2020,base-cc-serie-historique-2020.CSV,True,46.77002583979328,65440,42.28244597136386,22340.0,178.97196968550983,21380.0,51.475345202999975,20990.0,22240.0,True,True,False,False,False,False,False,False,False,False,False,False,0.0,False,False,False,not_listed_no_path,False,True,True,False,False,True,False,False,False,EPCI:200070803,0.0
65265,65,200070803,329.0,5.26,2023-01-01,2020,base-cc-serie-historique-2020.CSV,True,62.547528517110266,65440,42.28244597136386,22340.0,178.97196968550983,21380.0,51.475345202999975,20990.0,23020.0,True,True,False,False,False,False,False,False,False,False,False,False,0.0,False,False,False,not_listed_no_path,False,True,True,False,False,True,False,False,False,EPCI:200070803,0.0
65270,65,200070803,201.0,2.96,2023-01-01,2020,base-cc-serie-historique-2020.CSV,True,67.9054054054054,65440,42.28244597136386,22340.0,178.97196968550983,21380.0,51.475345202999975,20990.0,23760.0,True,True,False,False,False,False,False,False,False,False,False,False,0.0,False,False,False,not_listed_no_path,False,True,True,False,False,True,False,False,False,EPCI:200070803,0.0
65272,65,200070803,77.0,0.88,2023-01-01,2020,base-cc-serie-historique-2020.CSV,True,87.5,65440,42.28244597136386,22340.0,178.97196968550983,21380.0,51.475345202999975,20990.0,,True,True,False,False,False,False,False,False,False,False,False,False,0.0,False,False,False,not_listed_no_path,False,True,True,False,False,True,False,False,False,EPCI:200070803,0.0
65276,65,200070803,119.0,1.73,2023-01-01,2020,base-cc-serie-historique-2020.CSV,True,68.78612716763006,65440,42.28244597136386,22340.0,178.97196968550983,21380.0,51.475345202999975,20990.0,19940.0,True,True,False,False,False,False,False,False,False,False,False,False,0.0,False,False,False,not_listed_no_path,False,True,True,False,False,True,False,False,False,EPCI:200070803,0.0
65285,65,200070803,191.0,5.04,2023-01-01,2020,base-cc-serie-historique-2020.CSV,True,37.8968253968254,65440,42.28244597136386,22340.0,178.97196968550983,21380.0,51.475345202999975,20990.0,22950.0,True,True,False,False,False,False,False,False,False,False,False,False,0.0,False,False,False,not_listed_no_path,False,True,True,False,False,True,False,False,False,EPCI:200070803,0.0
65290,65,200070803,183.0,4.93,2023-01-01,2020,base-cc-serie-historique-2020.CSV,True,37.11967545638945,65059,42.28244597136386,22340.0,39.9733263369627,21340.0,51.475345202999975,20990.0,22100.0,True,True,False,False,False,False,False,False,True,True,True,False,183.0,False,False,True,listed_only_potential_B_or_D,False,True,True,False,False,True,False,False,True,EPCI:200070803,183.0
65303,65,200070803,369.0,4.76,2023-01-01,2020,base-cc-serie-historique-2020.CSV,True,77.52100840336135,65440,42.28244597136386,22340.0,178.97196968550983,21380.0,51.475345202999975,20990.0,22170.0,True,True,False,False,False,False,False,False,False,False,False,False,0.0,False,False,False,not_listed_no_path,False,True,True,False,False,True,False,False,False,EPCI:200070803,0.0
65324,65,200070803,214.0,6.98,2023-01-01,2020,base-cc-serie-historique-2020.CSV,True,30.65902578796561,65440,42.28244597136386,22340.0,178.97196968550983,21380.0,51.475345202999975,20990.0,21500.0,True,True,False,False,False,False,False,False,False,False,False,False,0.0,False,False,False,not_listed_no_path,False,True,True,False,False,True,False,False,False,EPCI:200070803,0.0
65332,65,200070803,171.0,1.94,2023-01-01,2020,base-cc-serie-historique-2020.CSV,True,88.14432989690722,65440,42.28244597136386,22340.0,178.97196968550983,21380.0,51.475345202999975,20990.0,23310.0,True,True,False,False,False,False,False,False,False,False,False,False,0.0,False,False,False,not_listed_no_path,False,True,True,False,False,True,False,False,False,EPCI:200070803,0.0
65333,65,200070803,113.0,3.72,2023-01-01,2020,base-cc-serie-historique-2020.CSV,True,30.376344086021504,65440,42.28244597136386,22340.0,178.97196968550983,21380.0,51.475345202999975,20990.0,23130.0,True,True,False,False,False,False,False,False,False,False,True,False,113.0,False,False,False,not_listed_no_path,False,True,True,False,False,True,False,False,False,EPCI:200070803,0.0
65337,65,200070803,106.0,8.19,2023-01-01,2020,base-cc-serie-historique-2020.CSV,True,12.942612942612945,65440,42.28244597136386,22340.0,178.97196968550983,21380.0,51.475345202999975,20990.0,,True,True,False,False,False,False,False,False,False,False,False,False,0.0,False,False,False,not_listed_no_path,False,True,True,False,False,True,False,False,False,EPCI:200070803,0.0
65346,65,200070803,150.0,4.4,2023-01-01,2020,base-cc-serie-historique-2020.CSV,True,34.090909090909086,65440,42.28244597136386,22340.0,178.97196968550983,21380.0,51.475345202999975,20990.0,19800.0,True,True,False,False,False,False,False,False,False,False,False,False,0.0,False,False,False,not_listed_no_path,False,True,True,False,False,True,False,False,False,EPCI:200070803,0.0
65353,65,200070803,249.0,9.08,2023-01-01,2020,base-cc-serie-historique-2020.CSV,True,27.422907488986784,65440,42.28244597136386,22340.0,178.97196968550983,21380.0,51.475345202999975,20990.0,20910.0,True,True,False,False,False,False,False,False,False,False,True,False,249.0,False,False,False,not_listed_no_path,False,True,True,False,False,True,False,False,False,EPCI:200070803,0.0
65357,65,200070803,163.0,3.46,2023-01-01,2020,base-cc-serie-historique-2020.CSV,True,47.10982658959538,65440,42.28244597136386,22340.0,178.97196968550983,21380.0,51.475345202999975,20990.0,24940.0,True,True,False,False,False,False,False,False,False,False,False,False,0.0,False,False,False,not_listed_no_path,False,True,True,False,False,True,False,False,False,EPCI:200070803,0.0
65367,65,200070803,166.0,5.68,2023-01-01,2020,base-cc-serie-historique-2020.CSV,True,29.225352112676056,65059,42.28244597136386,22340.0,39.9733263369627,21340.0,51.475345202999975,20990.0,21780.0,True,True,False,False,False,False,False,False,True,True,True,False,166.0,False,False,True,listed_only_potential_B_or_D,False,True,True,False,False,True,False,False,True,EPCI:200070803,166.0
65369,65,200070803,643.0,11.6,2023-01-01,2020,base-cc-serie-historique-2020.CSV,True,55.43103448275862,65440,42.28244597136386,22340.0,178.97196968550983,21380.0,51.475345202999975,20990.0,23820.0,True,True,False,False,False,False,False,False,False,False,False,False,0.0,False,False,False,not_listed_no_path,False,True,True,False,False,True,False,False,False,EPCI:200070803,0.0
65378,65,200070803,66.0,3.3,2023-01-01,2020,base-cc-serie-historique-2020.CSV,True,20.0,65440,42.28244597136386,22340.0,178.97196968550983,21380.0,51.475345202999975,20990.0,,True,True,False,False,False,False,False,False,False,False,True,False,66.0,False,False,False,not_listed_no_path,False,True,True,False,False,True,False,False,False,EPCI:200070803,0.0
65380,65,200070803,147.0,2.2,2023-01-01,2020,base-cc-serie-historique-2020.CSV,True,66.81818181818181,65440,42.28244597136386,22340.0,178.97196968550983,21380.0,51.475345202999975,20990.0,22660.0,True,True,False,False,False,False,False,False,False,False,False,False,0.0,False,False,False,not_listed_no_path,False,True,True,False,False,True,False,False,False,EPCI:200070803,0.0
65426,65,200070803,131.0,4.11,2023-01-01,2020,base-cc-serie-historique-2020.CSV,True,31.87347931873479,65440,42.28244597136386,22340.0,178.97196968550983,21380.0,51.475345202999975,20990.0,23290.0,True,True,False,False,False,False,False,False,False,False,False,False,0.0,False,False,False,not_listed_no_path,False,True,True,False,False,True,False,False,False,EPCI:200070803,0.0
65430,65,200070803,44.0,2.31,2023-01-01,2020,base-cc-serie-historique-2020.CSV,True,19.047619047619047,65440,42.28244597136386,22340.0,178.97196968550983,21380.0,51.475345202999975,20990.0,,True,True,False,False,False,False,False,False,False,False,False,False,0.0,False,False,False,not_listed_no_path,False,True,True,False,False,True,False,False,False,EPCI:200070803,0.0
65436,65,200070803,303.0,6.02,2023-01-01,2020,base-cc-serie-historique-2020.CSV,True,50.33222591362127,65440,42.28244597136386,22340.0,178.97196968550983,21380.0,51.475345202999975,20990.0,23770.0,True,True,False,False,False,False,False,False,False,False,False,False,0.0,False,False,False,not_listed_no_path,False,True,True,False,False,True,False,False,False,EPCI:200070803,0.0
65447,65,200070803,1164.0,14.32,2023-01-01,2020,base-cc-serie-historique-2020.CSV,True,81.28491620111731,65440,42.28244597136386,22340.0,178.97196968550983,21380.0,51.475345202999975,20990.0,21880.0,True,True,False,False,False,False,False,False,False,False,False,False,0.0,False,False,False,not_listed_no_path,False,True,True,False,False,True,False,False,False,EPCI:200070803,0.0
65456,65,200070787,285.0,8.54,2023-01-01,2020,base-cc-serie-historique-2020.CSV,True,33.37236533957846,65258,41.25136751937804,21300.0,38.88236281255245,21350.0,51.475345202999975,20990.0,23710.0,True,True,True,False,False,False,False,False,True,True,False,False,0.0,False,False,True,verified_mandatory_path_listed,False,True,True,False,False,True,True,False,False,EPCI:200070787,285.0
70036,70,247000706,155.0,4.33,2023-01-01,2020,base-cc-serie-historique-2020.CSV,True,35.79676674364896,70447,44.81648863325117,23230.0,35.19694314362054,22660.0,43.76819002701452,21260.0,23080.0,True,True,False,False,False,False,False,False,False,False,False,False,0.0,False,False,False,not_listed_no_path,False,True,True,False,False,True,False,False,True,EPCI:247000706,0.0
70045,70,200041887,420.0,22.3,2023-01-01,2020,base-cc-serie-historique-2020.CSV,True,18.83408071748879,70334,47.79526254762299,23080.0,38.04285340998171,22590.0,43.76819002701452,21260.0,22430.0,True,True,False,False,False,False,False,False,False,False,False,False,0.0,False,False,False,not_listed_no_path,False,True,True,False,False,True,False,False,True,EPCI:200041887,0.0
70057,70,200041887,152.0,4.87,2023-01-01,2020,base-cc-serie-historique-2020.CSV,True,31.21149897330596,70334,47.79526254762299,23080.0,38.04285340998171,22590.0,43.76819002701452,21260.0,20370.0,True,True,False,False,False,False,False,False,False,False,False,False,0.0,False,False,False,not_listed_no_path,False,True,True,False,False,True,False,False,True,EPCI:200041887,0.0
70060,70,200041887,288.0,8.43,2023-01-01,2020,base-cc-serie-historique-2020.CSV,True,34.16370106761566,70334,47.79526254762299,23080.0,38.04285340998171,22590.0,43.76819002701452,21260.0,23040.0,True,True,False,False,False,False,False,False,False,False,False,False,0.0,False,False,False,not_listed_no_path,False,True,True,False,False,True,False,False,True,EPCI:200041887,0.0
70075,70,200041887,198.0,4.44,2023-01-01,2020,base-cc-serie-historique-2020.CSV,True,44.59459459459459,70334,47.79526254762299,23080.0,38.04285340998171,22590.0,43.76819002701452,21260.0,21530.0,True,True,False,False,False,False,False,False,False,False,False,False,0.0,False,False,False,not_listed_no_path,False,True,True,False,False,True,False,False,True,EPCI:200041887,0.0
70084,70,247000706,649.0,7.08,2023-01-01,2020,base-cc-serie-historique-2020.CSV,True,91.66666666666669,25056,44.81648863325117,23230.0,295.4064719810576,22380.0,43.76819002701452,21260.0,24530.0,True,True,False,False,False,False,False,False,False,False,False,False,0.0,False,False,False,not_listed_no_path,False,True,True,False,False,True,False,False,False,EPCI:247000706,0.0
70085,70,247000706,692.0,14.62,2023-01-01,2020,base-cc-serie-historique-2020.CSV,True,47.33242134062928,25056,44.81648863325117,23230.0,295.4064719810576,22380.0,43.76819002701452,21260.0,21740.0,True,True,False,False,False,False,False,False,False,False,False,False,0.0,False,False,False,not_listed_no_path,False,True,True,False,False,True,False,False,False,EPCI:247000706,0.0
70102,70,200041887,278.0,7.27,2023-01-01,2020,base-cc-serie-historique-2020.CSV,True,38.23933975240716,70334,47.79526254762299,23080.0,38.04285340998171,22590.0,43.76819002701452,21260.0,21800.0,True,True,False,False,False,False,False,False,False,False,False,False,0.0,False,False,False,not_listed_no_path,False,True,True,False,False,True,False,False,True,EPCI:200041887,0.0
70107,70,247000706,443.0,6.11,2023-01-01,2020,base-cc-serie-historique-2020.CSV,True,72.50409165302781,25056,44.81648863325117,23230.0,295.4064719810576,22380.0,43.76819002701452,21260.0,23740.0,True,True,False,False,False,False,False,False,False,False,False,False,0.0,False,False,False,not_listed_no_path,False,True,True,False,False,True,False,False,False,EPCI:247000706,0.0
70109,70,247000706,307.0,5.69,2023-01-01,2020,base-cc-serie-historique-2020.CSV,True,53.9543057996485,25056,44.81648863325117,23230.0,295.4064719810576,22380.0,43.76819002701452,21260.0,23900.0,True,True,False,False,False,False,False,False,False,False,False,False,0.0,False,False,False,not_listed_no_path,False,True,True,False,False,True,False,False,False,EPCI:247000706,0.0
70118,70,247000706,196.0,5.89,2023-01-01,2020,base-cc-serie-historique-2020.CSV,True,33.276740237691,70447,44.81648863325117,23230.0,35.19694314362054,22660.0,43.76819002701452,21260.0,22900.0,True,True,False,False,False,False,False,False,False,False,False,False,0.0,False,False,False,not_listed_no_path,False,True,True,False,False,True,False,False,True,EPCI:247000706,0.0
70119,70,200041887,354.0,4.85,2023-01-01,2020,base-cc-serie-historique-2020.CSV,True,72.9896907216495,25056,47.79526254762299,23080.0,295.4064719810576,22380.0,43.76819002701452,21260.0,23330.0,True,True,False,False,False,False,False,False,False,False,False,False,0.0,False,False,False,not_listed_no_path,False,True,True,False,False,True,False,False,False,EPCI:200041887,0.0
70145,70,247000706,491.0,8.88,2023-01-01,2020,base-cc-serie-historique-2020.CSV,True,55.29279279279279,25056,44.81648863325117,23230.0,295.4064719810576,22380.0,43.76819002701452,21260.0,24480.0,True,True,False,False,False,False,False,False,False,False,False,False,0.0,False,False,False,not_listed_no_path,False,True,True,False,False,True,False,False,False,EPCI:247000706,0.0
70148,70,247000367,86.0,3.77,2023-01-01,2020,base-cc-serie-historique-2020.CSV,True,22.81167108753316,70421,26.711338388291303,21570.0,29.710332213364083,21090.0,43.76819002701452,21260.0,,True,True,True,False,False,False,False,False,True,True,False,False,0.0,False,False,True,verified_mandatory_path_listed,False,True,True,False,False,True,True,False,False,EPCI:247000367,86.0
70150,70,200041887,324.0,8.86,2023-01-01,2020,base-cc-serie-historique-2020.CSV,True,36.568848758465016,70334,47.79526254762299,23080.0,38.04285340998171,22590.0,43.76819002701452,21260.0,21380.0,True,True,False,False,False,False,False,False,False,False,False,False,0.0,False,False,False,not_listed_no_path,False,True,True,False,False,True,False,False,True,EPCI:200041887,0.0
70154,70,247000706,367.0,13.09,2023-01-01,2020,base-cc-serie-historique-2020.CSV,True,28.036669213139803,70447,44.81648863325117,23230.0,35.19694314362054,22660.0,43.76819002701452,21260.0,22880.0,True,True,False,False,False,False,False,False,False,False,False,False,0.0,False,False,False,not_listed_no_path,False,True,True,False,False,True,False,False,True,EPCI:247000706,0.0
70174,70,247000706,143.0,10.45,2023-01-01,2020,base-cc-serie-historique-2020.CSV,True,13.684210526315791,70447,44.81648863325117,23230.0,35.19694314362054,22660.0,43.76819002701452,21260.0,23200.0,True,True,False,False,False,False,False,False,False,False,False,False,0.0,False,False,False,not_listed_no_path,False,True,True,False,False,True,False,False,True,EPCI:247000706,0.0
70181,70,200041887,134.0,7.06,2023-01-01,2020,base-cc-serie-historique-2020.CSV,True,18.98016997167139,70334,47.79526254762299,23080.0,38.04285340998171,22590.0,43.76819002701452,21260.0,19880.0,True,True,False,False,False,False,False,False,False,False,False,False,0.0,False,False,False,not_listed_no_path,False,True,True,False,False,True,False,False,True,EPCI:200041887,0.0
70189,70,247000706,251.0,5.36,2023-01-01,2020,base-cc-serie-historique-2020.CSV,True,46.82835820895522,25056,44.81648863325117,23230.0,295.4064719810576,22380.0,43.76819002701452,21260.0,23870.0,True,True,False,False,False,False,False,False,False,False,False,False,0.0,False,False,False,not_listed_no_path,False,True,True,False,False,True,False,False,False,EPCI:247000706,0.0
70192,70,200041887,206.0,11.39,2023-01-01,2020,base-cc-serie-historique-2020.CSV,True,18.08604038630377,70334,47.79526254762299,23080.0,38.04285340998171,22590.0,43.76819002701452,21260.0,24720.0,True,True,False,False,False,False,False,False,False,False,False,False,0.0,False,False,False,not_listed_no_path,False,True,True,False,False,True,False,False,True,EPCI:200041887,0.0
70193,70,200041887,231.0,6.88,2023-01-01,2020,base-cc-serie-historique-2020.CSV,True,33.575581395348834,70334,47.79526254762299,23080.0,38.04285340998171,22590.0,43.76819002701452,21260.0,23060.0,True,True,False,False,False,False,False,False,False,False,False,False,0.0,False,False,False,not_listed_no_path,False,True,True,False,False,True,False,False,True,EPCI:200041887,0.0
70224,70,247000706,684.0,5.3,2023-01-01,2020,base-cc-serie-historique-2020.CSV,True,129.0566037735849,25056,44.81648863325117,23230.0,295.4064719810576,22380.0,43.76819002701452,21260.0,24360.0,True,True,False,False,False,False,False,False,False,False,False,False,0.0,False,False,False,not_listed_no_path,False,True,True,False,False,True,False,False,False,EPCI:247000706,0.0
70239,70,247000706,200.0,16.43,2023-01-01,2020,base-cc-serie-historique-2020.CSV,True,12.172854534388314,70447,44.81648863325117,23230.0,35.19694314362054,22660.0,43.76819002701452,21260.0,25400.0,True,True,False,False,False,False,False,False,False,False,False,False,0.0,False,False,False,not_listed_no_path,False,True,True,False,False,True,False,False,True,EPCI:247000706,0.0
70286,70,200041887,125.0,7.08,2023-01-01,2020,base-cc-serie-historique-2020.CSV,True,17.65536723163842,70334,47.79526254762299,23080.0,38.04285340998171,22590.0,43.76819002701452,21260.0,22070.0,True,True,False,False,False,False,False,False,False,False,False,False,0.0,False,False,False,not_listed_no_path,False,True,True,False,False,True,False,False,True,EPCI:200041887,0.0
70288,70,247000706,118.0,6.47,2023-01-01,2020,base-cc-serie-historique-2020.CSV,True,18.23802163833076,70447,44.81648863325117,23230.0,35.19694314362054,22660.0,43.76819002701452,21260.0,25390.0,True,True,False,False,False,False,False,False,False,False,False,False,0.0,False,False,False,not_listed_no_path,False,True,True,False,False,True,False,False,True,EPCI:247000706,0.0
70325,70,247000706,356.0,11.68,2023-01-01,2020,base-cc-serie-historique-2020.CSV,True,30.47945205479452,70447,44.81648863325117,23230.0,35.19694314362054,22660.0,43.76819002701452,21260.0,22820.0,True,True,False,False,False,False,False,False,False,False,False,False,0.0,False,False,False,not_listed_no_path,False,True,True,False,False,True,False,False,True,EPCI:247000706,0.0
70326,70,247000706,307.0,5.46,2023-01-01,2020,base-cc-serie-historique-2020.CSV,True,56.22710622710623,70447,44.81648863325117,23230.0,35.19694314362054,22660.0,43.76819002701452,21260.0,24250.0,True,True,False,False,False,False,False,False,False,False,False,False,0.0,False,False,False,not_listed_no_path,False,True,True,False,False,True,False,False,True,EPCI:247000706,0.0
70328,70,247000854,326.0,7.8,2023-01-01,2020,base-cc-serie-historique-2020.CSV,True,41.7948717948718,70310,24.43454227536804,20470.0,63.42336844809866,21000.0,43.76819002701452,21260.0,21420.0,True,True,True,False,False,False,False,False,True,True,False,False,0.0,False,False,True,verified_mandatory_path_listed,False,True,True,False,False,True,True,False,False,EPCI:247000854,326.0
70334,70,200041887,1522.0,10.37,2023-01-01,2020,base-cc-serie-historique-2020.CSV,True,146.76952748312442,70334,47.79526254762299,23080.0,38.04285340998171,22590.0,43.76819002701452,21260.0,22130.0,True,True,False,False,False,False,False,False,False,False,False,False,0.0,False,False,False,not_listed_no_path,False,True,True,False,False,True,False,False,True,EPCI:200041887,0.0
70355,70,247000706,311.0,9.66,2023-01-01,2020,base-cc-serie-historique-2020.CSV,True,32.19461697722567,70447,44.81648863325117,23230.0,35.19694314362054,22660.0,43.76819002701452,21260.0,23900.0,True,True,False,False,False,False,False,False,False,False,False,False,0.0,False,False,False,not_listed_no_path,False,True,True,False,False,True,False,False,True,EPCI:247000706,0.0
70383,70,247000706,425.0,6.29,2023-01-01,2020,base-cc-serie-historique-2020.CSV,True,67.56756756756756,70447,44.81648863325117,23230.0,35.19694314362054,22660.0,43.76819002701452,21260.0,23340.0,True,True,False,False,False,False,False,False,False,False,False,False,0.0,False,False,False,not_listed_no_path,False,True,True,False,False,True,False,False,True,EPCI:247000706,0.0
70384,70,247000367,224.0,13.2,2023-01-01,2020,base-cc-serie-historique-2020.CSV,True,16.96969696969697,70550,26.711338388291303,21570.0,61.17845615591199,21660.0,43.76819002701452,21260.0,21480.0,True,True,True,False,False,False,False,False,False,False,False,False,0.0,False,False,True,verified_mandatory_path_listed,False,True,True,False,False,True,True,False,False,EPCI:247000367,224.0
70405,70,247000706,196.0,9.07,2023-01-01,2020,base-cc-serie-historique-2020.CSV,True,21.609702315325247,70447,44.81648863325117,23230.0,35.19694314362054,22660.0,43.76819002701452,21260.0,21710.0,True,True,False,False,False,False,False,False,False,False,False,False,0.0,False,False,False,not_listed_no_path,False,True,True,False,False,True,False,False,True,EPCI:247000706,0.0
70407,70,247000706,275.0,4.39,2023-01-01,2020,base-cc-serie-historique-2020.CSV,True,62.64236902050114,25056,44.81648863325117,23230.0,295.4064719810576,22380.0,43.76819002701452,21260.0,24830.0,True,True,False,False,False,False,False,False,False,False,False,False,0.0,False,False,False,not_listed_no_path,False,True,True,False,False,True,False,False,False,EPCI:247000706,0.0
70410,70,200041887,710.0,14.04,2023-01-01,2020,base-cc-serie-historique-2020.CSV,True,50.56980056980057,25056,47.79526254762299,23080.0,295.4064719810576,22380.0,43.76819002701452,21260.0,22790.0,True,True,False,False,False,False,False,False,False,False,False,False,0.0,False,False,False,not_listed_no_path,False,True,True,False,False,True,False,False,False,EPCI:200041887,0.0
70431,70,247000706,252.0,9.71,2023-01-01,2020,base-cc-serie-historique-2020.CSV,True,25.95262615859938,70447,44.81648863325117,23230.0,35.19694314362054,22660.0,43.76819002701452,21260.0,24160.0,True,True,False,False,False,False,False,False,False,False,False,False,0.0,False,False,False,not_listed_no_path,False,True,True,False,False,True,False,False,True,EPCI:247000706,0.0
70441,70,247000706,251.0,10.18,2023-01-01,2020,base-cc-serie-historique-2020.CSV,True,24.656188605108056,70447,44.81648863325117,23230.0,35.19694314362054,22660.0,43.76819002701452,21260.0,21310.0,True,True,False,False,False,False,False,False,False,False,False,False,0.0,False,False,False,not_listed_no_path,False,True,True,False,False,True,False,False,True,EPCI:247000706,0.0
70447,70,247000706,2395.0,17.2,2023-01-01,2020,base-cc-serie-historique-2020.CSV,True,139.24418604651163,70447,44.81648863325117,23230.0,35.19694314362054,22660.0,43.76819002701452,21260.0,22490.0,True,True,False,False,False,False,False,False,False,False,False,False,0.0,False,False,False,not_listed_no_path,False,True,True,False,False,True,False,False,True,EPCI:247000706,0.0
70493,70,247000706,462.0,14.37,2023-01-01,2020,base-cc-serie-historique-2020.CSV,True,32.150313152400834,70447,44.81648863325117,23230.0,35.19694314362054,22660.0,43.76819002701452,21260.0,25240.0,True,True,False,False,False,False,False,False,False,False,False,False,0.0,False,False,False,not_listed_no_path,False,True,True,False,False,True,False,False,True,EPCI:247000706,0.0
70494,70,200041887,349.0,6.29,2023-01-01,2020,base-cc-serie-historique-2020.CSV,True,55.48489666136725,70334,47.79526254762299,23080.0,38.04285340998171,22590.0,43.76819002701452,21260.0,22730.0,True,True,False,False,False,False,False,False,False,False,False,False,0.0,False,False,False,not_listed_no_path,False,True,True,False,False,True,False,False,True,EPCI:200041887,0.0
70503,70,247000706,161.0,5.92,2023-01-01,2020,base-cc-serie-historique-2020.CSV,True,27.195945945945947,70447,44.81648863325117,23230.0,35.19694314362054,22660.0,43.76819002701452,21260.0,22670.0,True,True,False,False,False,False,False,False,False,False,False,False,0.0,False,False,False,not_listed_no_path,False,True,True,False,False,True,False,False,True,EPCI:247000706,0.0
70507,70,247000706,259.0,11.08,2023-01-01,2020,base-cc-serie-historique-2020.CSV,True,23.375451263537904,70447,44.81648863325117,23230.0,35.19694314362054,22660.0,43.76819002701452,21260.0,22010.0,True,True,False,False,False,False,False,False,False,False,False,False,0.0,False,False,False,not_listed_no_path,False,True,True,False,False,True,False,False,True,EPCI:247000706,0.0
70509,70,200041887,115.0,6.12,2023-01-01,2020,base-cc-serie-historique-2020.CSV,True,18.79084967320261,70334,47.79526254762299,23080.0,38.04285340998171,22590.0,43.76819002701452,21260.0,21210.0,True,True,False,False,False,False,False,False,False,False,False,False,0.0,False,False,False,not_listed_no_path,False,True,True,False,False,True,False,False,True,EPCI:200041887,0.0
70519,70,247000706,108.0,3.08,2023-01-01,2020,base-cc-serie-historique-2020.CSV,True,35.064935064935064,70447,44.81648863325117,23230.0,35.19694314362054,22660.0,43.76819002701452,21260.0,19850.0,True,True,False,False,False,False,False,False,False,False,False,False,0.0,False,False,False,not_listed_no_path,False,True,True,False,False,True,False,False,True,EPCI:247000706,0.0
70560,70,247000706,166.0,5.26,2023-01-01,2020,base-cc-serie-historique-2020.CSV,True,31.558935361216733,70447,44.81648863325117,23230.0,35.19694314362054,22660.0,43.76819002701452,21260.0,21270.0,True,True,False,False,False,False,False,False,False,False,False,False,0.0,False,False,False,not_listed_no_path,False,True,True,False,False,True,False,False,True,EPCI:247000706,0.0
70575,70,247000706,849.0,6.9,2023-01-01,2020,base-cc-serie-historique-2020.CSV,True,123.04347826086956,25056,44.81648863325117,23230.0,295.4064719810576,22380.0,43.76819002701452,21260.0,24210.0,True,True,False,False,False,False,False,False,False,False,False,False,0.0,False,False,False,not_listed_no_path,False,True,True,False,False,True,False,False,False,EPCI:247000706,0.0
70578,70,200041887,177.0,4.28,2023-01-01,2020,base-cc-serie-historique-2020.CSV,True,41.35514018691588,25056,47.79526254762299,23080.0,295.4064719810576,22380.0,43.76819002701452,21260.0,24600.0,True,True,False,False,False,False,False,False,False,False,False,False,0.0,False,False,False,not_listed_no_path,False,True,True,False,False,True,False,False,False,EPCI:200041887,0.0
71001,71,200071538,808.0,7.96,2023-01-01,2020,base-cc-serie-historique-2020.CSV,True,101.5075376884422,71543,56.75880923450789,21880.0,66.97118036403751,21910.0,64.26623003280585,21520.0,23600.0,True,True,False,False,False,False,False,False,False,False,False,False,0.0,False,False,False,not_listed_no_path,False,True,True,False,False,True,False,False,False,EPCI:200071538,0.0
71002,71,200071538,1241.0,19.53,2023-01-01,2020,base-cc-serie-historique-2020.CSV,True,63.54326676907322,71076,56.75880923450789,21880.0,144.30956921421935,21590.0,64.26623003280585,21520.0,22780.0,True,True,False,False,False,False,False,False,False,False,False,False,0.0,False,False,False,not_listed_no_path,False,True,True,False,False,True,False,False,False,EPCI:200071538,0.0
71004,71,200040038,1163.0,13.46,2023-01-01,2020,base-cc-serie-historique-2020.CSV,True,86.40416047548291,71076,38.33106977037996,22080.0,144.30956921421935,21590.0,64.26623003280585,21520.0,25200.0,True,True,False,False,False,False,False,False,False,False,False,False,0.0,False,False,False,not_listed_no_path,False,True,True,False,False,True,False,False,False,EPCI:200040038,0.0
71023,71,200071538,965.0,27.0,2023-01-01,2020,base-cc-serie-historique-2020.CSV,True,35.74074074074074,71076,56.75880923450789,21880.0,144.30956921421935,21590.0,64.26623003280585,21520.0,21580.0,True,True,False,False,False,False,False,False,False,False,False,False,0.0,False,False,False,not_listed_no_path,False,True,True,False,False,True,False,False,False,EPCI:200071538,0.0
71026,71,247103765,332.0,7.82,2023-01-01,2020,base-cc-serie-historique-2020.CSV,True,42.45524296675192,71512,42.8129112160384,22740.0,61.83806253388759,22510.0,64.26623003280585,21520.0,24250.0,True,True,False,False,False,False,False,False,False,False,False,False,0.0,False,False,False,not_listed_no_path,False,True,True,False,False,True,False,False,True,EPCI:247103765,0.0
71033,71,200040038,869.0,8.92,2023-01-01,2020,base-cc-serie-historique-2020.CSV,True,97.42152466367712,71076,38.33106977037996,22080.0,144.30956921421935,21590.0,64.26623003280585,21520.0,23060.0,True,True,False,False,False,False,False,False,False,False,False,False,0.0,False,False,False,not_listed_no_path,False,True,True,False,False,True,False,False,False,EPCI:200040038,0.0
71034,71,247104094,334.0,11.22,2023-01-01,2020,base-cc-serie-historique-2020.CSV,True,29.76827094474153,71076,36.395245922366925,23370.0,144.30956921421935,21590.0,64.26623003280585,21520.0,25430.0,True,True,False,False,False,False,False,False,False,False,False,False,0.0,False,False,False,not_listed_no_path,False,True,True,False,False,True,False,False,False,EPCI:247104094,0.0
71037,71,247104094,83.0,4.8,2023-01-01,2020,base-cc-serie-historique-2020.CSV,True,17.291666666666668,71417,36.395245922366925,23370.0,28.801594999461148,22340.0,64.26623003280585,21520.0,,True,True,False,False,False,False,False,False,False,False,False,False,0.0,False,False,False,not_listed_no_path,False,True,True,False,False,True,False,False,True,EPCI:247104094,0.0
71052,71,247103765,729.0,16.93,2023-01-01,2020,base-cc-serie-historique-2020.CSV,True,43.05965741287656,71543,42.8129112160384,22740.0,66.97118036403751,21910.0,64.26623003280585,21520.0,23290.0,True,True,False,False,False,False,False,False,False,False,False,False,0.0,False,False,False,not_listed_no_path,False,True,True,False,False,True,False,False,False,EPCI:247103765,0.0
71058,71,247103765,186.0,10.02,2023-01-01,2020,base-cc-serie-historique-2020.CSV,True,18.562874251497007,71417,42.8129112160384,22740.0,28.801594999461148,22340.0,64.26623003280585,21520.0,22740.0,True,True,False,False,False,False,False,False,False,False,False,False,0.0,False,False,False,not_listed_no_path,False,True,True,False,False,True,False,False,True,EPCI:247103765,0.0
71061,71,200071538,466.0,5.65,2023-01-01,2020,base-cc-serie-historique-2020.CSV,True,82.47787610619469,71543,56.75880923450789,21880.0,66.97118036403751,21910.0,64.26623003280585,21520.0,21910.0,True,True,False,False,False,False,False,False,False,False,False,False,0.0,False,False,False,not_listed_no_path,False,True,True,False,False,True,False,False,False,EPCI:200071538,0.0
71070,71,247104094,2147.0,11.92,2023-01-01,2020,base-cc-serie-historique-2020.CSV,True,180.11744966442953,71076,36.395245922366925,23370.0,144.30956921421935,21590.0,64.26623003280585,21520.0,23250.0,True,True,False,False,False,False,False,False,False,False,False,False,0.0,False,False,False,not_listed_no_path,False,True,True,False,False,True,False,False,False,EPCI:247104094,0.0
71072,71,247104094,145.0,6.02,2023-01-01,2020,base-cc-serie-historique-2020.CSV,True,24.08637873754153,71076,36.395245922366925,23370.0,144.30956921421935,21590.0,64.26623003280585,21520.0,23160.0,True,True,False,False,False,False,False,False,False,False,False,False,0.0,False,False,False,not_listed_no_path,False,True,True,False,False,True,False,False,False,EPCI:247104094,0.0
71080,71,247103765,92.0,5.05,2023-01-01,2020,base-cc-serie-historique-2020.CSV,True,18.21782178217822,71417,42.8129112160384,22740.0,28.801594999461148,22340.0,64.26623003280585,21520.0,,True,True,False,False,False,False,False,False,False,False,False,False,0.0,False,False,False,not_listed_no_path,False,True,True,False,False,True,False,False,True,EPCI:247103765,0.0
71089,71,247103765,235.0,15.87,2023-01-01,2020,base-cc-serie-historique-2020.CSV,True,14.807813484562068,71417,42.8129112160384,22740.0,28.801594999461148,22340.0,64.26623003280585,21520.0,23810.0,True,True,False,False,False,False,False,False,False,False,False,False,0.0,False,False,False,not_listed_no_path,False,True,True,False,False,True,False,False,True,EPCI:247103765,0.0
71115,71,247104094,87.0,6.54,2023-01-01,2020,base-cc-serie-historique-2020.CSV,True,13.30275229357798,71221,36.395245922366925,23370.0,89.90728876158889,26590.0,64.26623003280585,21520.0,,True,True,False,False,False,False,False,False,False,False,False,False,0.0,False,False,False,not_listed_no_path,False,True,True,False,False,True,False,False,False,EPCI:247104094,0.0
71124,71,247104094,202.0,10.54,2023-01-01,2020,base-cc-serie-historique-2020.CSV,True,19.16508538899431,71076,36.395245922366925,23370.0,144.30956921421935,21590.0,64.26623003280585,21520.0,25620.0,True,True,False,False,False,False,False,False,False,False,False,False,0.0,False,False,False,not_listed_no_path,False,True,True,False,False,True,False,False,False,EPCI:247104094,0.0
71158,71,200071538,1588.0,11.29,2023-01-01,2020,base-cc-serie-historique-2020.CSV,True,140.65544729849427,71543,56.75880923450789,21880.0,66.97118036403751,21910.0,64.26623003280585,21520.0,21590.0,True,True,False,False,False,False,False,False,False,False,False,False,0.0,False,False,False,not_listed_no_path,False,True,True,False,False,True,False,False,False,EPCI:200071538,0.0
71159,71,247104094,201.0,8.9,2023-01-01,2020,base-cc-serie-historique-2020.CSV,True,22.584269662921347,71417,36.395245922366925,23370.0,28.801594999461148,22340.0,64.26623003280585,21520.0,23790.0,True,True,False,False,False,False,False,False,False,False,False,False,0.0,False,False,False,not_listed_no_path,False,True,True,False,False,True,False,False,True,EPCI:247104094,0.0
71167,71,200040038,549.0,11.62,2023-01-01,2020,base-cc-serie-historique-2020.CSV,True,47.2461273666093,71076,38.33106977037996,22080.0,144.30956921421935,21590.0,64.26623003280585,21520.0,22620.0,True,True,False,False,False,False,False,False,False,False,False,False,0.0,False,False,False,not_listed_no_path,False,True,True,False,False,True,False,False,False,EPCI:200040038,0.0
71193,71,247103765,476.0,19.22,2023-01-01,2020,base-cc-serie-historique-2020.CSV,True,24.765868886576484,71512,42.8129112160384,22740.0,61.83806253388759,22510.0,64.26623003280585,21520.0,22940.0,True,True,False,False,False,False,False,False,False,False,False,False,0.0,False,False,False,not_listed_no_path,False,True,True,False,False,True,False,False,True,EPCI:247103765,0.0
71201,71,247104094,194.0,8.52,2023-01-01,2020,base-cc-serie-historique-2020.CSV,True,22.769953051643192,71417,36.395245922366925,23370.0,28.801594999461148,22340.0,64.26623003280585,21520.0,26430.0,True,True,False,False,False,False,False,False,False,False,False,False,0.0,False,False,False,not_listed_no_path,False,True,True,False,False,True,False,False,True,EPCI:247104094,0.0
71213,71,200071538,567.0,11.57,2023-01-01,2020,base-cc-serie-historique-2020.CSV,True,49.00605012964564,71543,56.75880923450789,21880.0,66.97118036403751,21910.0,64.26623003280585,21520.0,20270.0,True,True,False,False,False,False,False,False,False,False,False,False,0.0,False,False,False,not_listed_no_path,False,True,True,False,False,True,False,False,False,EPCI:200071538,0.0
71216,71,247104094,195.0,3.47,2023-01-01,2020,base-cc-serie-historique-2020.CSV,True,56.19596541786744,71417,36.395245922366925,23370.0,28.801594999461148,22340.0,64.26623003280585,21520.0,19190.0,True,True,False,False,False,False,False,False,False,False,False,False,0.0,False,False,False,not_listed_no_path,False,True,True,False,False,True,False,False,True,EPCI:247104094,0.0
71219,71,247103765,542.0,14.36,2023-01-01,2020,base-cc-serie-historique-2020.CSV,True,37.74373259052925,71076,42.8129112160384,22740.0,144.30956921421935,21590.0,64.26623003280585,21520.0,22140.0,True,True,False,False,False,False,False,False,False,False,False,False,0.0,False,False,False,not_listed_no_path,False,True,True,False,False,True,False,False,False,EPCI:247103765,0.0
71225,71,247104094,548.0,10.83,2023-01-01,2020,base-cc-serie-historique-2020.CSV,True,50.60018467220683,71076,36.395245922366925,23370.0,144.30956921421935,21590.0,64.26623003280585,21520.0,24800.0,True,True,False,False,False,False,False,False,False,False,False,False,0.0,False,False,False,not_listed_no_path,False,True,True,False,False,True,False,False,False,EPCI:247104094,0.0
71228,71,200040038,215.0,6.44,2023-01-01,2020,base-cc-serie-historique-2020.CSV,True,33.38509316770186,71076,38.33106977037996,22080.0,144.30956921421935,21590.0,64.26623003280585,21520.0,21540.0,True,True,False,False,False,False,False,False,False,False,False,False,0.0,False,False,False,not_listed_no_path,False,True,True,False,False,True,False,False,False,EPCI:200040038,0.0
71234,71,200071538,347.0,12.13,2023-01-01,2020,base-cc-serie-historique-2020.CSV,True,28.60676009892828,71543,56.75880923450789,21880.0,66.97118036403751,21910.0,64.26623003280585,21520.0,20780.0,True,True,False,False,False,False,False,False,False,False,False,False,0.0,False,False,False,not_listed_no_path,False,True,True,False,False,True,False,False,False,EPCI:200071538,0.0
71244,71,200071538,444.0,6.3,2023-01-01,2020,base-cc-serie-historique-2020.CSV,True,70.47619047619048,71543,56.75880923450789,21880.0,66.97118036403751,21910.0,64.26623003280585,21520.0,21060.0,True,True,False,False,False,False,False,False,False,False,False,False,0.0,False,False,False,not_listed_no_path,False,True,True,False,False,True,False,False,False,EPCI:200071538,0.0
71245,71,247103765,325.0,7.69,2023-01-01,2020,base-cc-serie-historique-2020.CSV,True,42.26267880364109,71512,42.8129112160384,22740.0,61.83806253388759,22510.0,64.26623003280585,21520.0,23090.0,True,True,False,False,False,False,False,False,False,False,False,False,0.0,False,False,False,not_listed_no_path,False,True,True,False,False,True,False,False,True,EPCI:247103765,0.0
71247,71,247104094,367.0,16.63,2023-01-01,2020,base-cc-serie-historique-2020.CSV,True,22.06855081178593,71076,36.395245922366925,23370.0,144.30956921421935,21590.0,64.26623003280585,21520.0,23500.0,True,True,False,False,False,False,False,False,False,False,False,False,0.0,False,False,False,not_listed_no_path,False,True,True,False,False,True,False,False,False,EPCI:247104094,0.0
71249,71,247103765,981.0,12.62,2023-01-01,2020,base-cc-serie-historique-2020.CSV,True,77.73375594294771,71512,42.8129112160384,22740.0,61.83806253388759,22510.0,64.26623003280585,21520.0,24950.0,True,True,False,False,False,False,False,False,False,False,False,False,0.0,False,False,False,not_listed_no_path,False,True,True,False,False,True,False,False,True,EPCI:247103765,0.0
71252,71,247103765,364.0,6.87,2023-01-01,2020,base-cc-serie-historique-2020.CSV,True,52.98398835516739,71512,42.8129112160384,22740.0,61.83806253388759,22510.0,64.26623003280585,21520.0,23070.0,True,True,False,False,False,False,False,False,False,False,False,False,0.0,False,False,False,not_listed_no_path,False,True,True,False,False,True,False,False,True,EPCI:247103765,0.0
71256,71,200071538,547.0,8.2,2023-01-01,2020,base-cc-serie-historique-2020.CSV,True,66.70731707317074,71419,56.75880923450789,21880.0,34.32706536254376,20640.0,64.26623003280585,21520.0,22930.0,True,True,False,False,False,False,False,False,True,True,False,False,0.0,False,False,True,listed_only_potential_B_or_D,False,True,True,False,False,True,False,False,True,EPCI:200071538,547.0
71261,71,200071538,671.0,14.64,2023-01-01,2020,base-cc-serie-historique-2020.CSV,True,45.83333333333333,71543,56.75880923450789,21880.0,66.97118036403751,21910.0,64.26623003280585,21520.0,22420.0,True,True,False,False,False,False,False,False,False,False,False,False,0.0,False,False,False,not_listed_no_path,False,True,True,False,False,True,False,False,False,EPCI:200071538,0.0
71274,71,247103765,387.0,10.02,2023-01-01,2020,base-cc-serie-historique-2020.CSV,True,38.622754491017965,71543,42.8129112160384,22740.0,66.97118036403751,21910.0,64.26623003280585,21520.0,23430.0,True,True,False,False,False,False,False,False,False,False,False,False,0.0,False,False,False,not_listed_no_path,False,True,True,False,False,True,False,False,False,EPCI:247103765,0.0
71277,71,247104094,666.0,18.98,2023-01-01,2020,base-cc-serie-historique-2020.CSV,True,35.08956796628029,71310,36.395245922366925,23370.0,81.54233157770615,21950.0,64.26623003280585,21520.0,24680.0,True,True,False,False,False,False,False,False,False,False,False,False,0.0,False,False,False,not_listed_no_path,False,True,True,False,False,True,False,False,False,EPCI:247104094,0.0
71296,71,247104094,741.0,15.21,2023-01-01,2020,base-cc-serie-historique-2020.CSV,True,48.71794871794872,71417,36.395245922366925,23370.0,28.801594999461148,22340.0,64.26623003280585,21520.0,23840.0,True,True,False,False,False,False,False,False,False,False,False,False,0.0,False,False,False,not_listed_no_path,False,True,True,False,False,True,False,False,True,EPCI:247104094,0.0
71302,71,247104094,215.0,5.27,2023-01-01,2020,base-cc-serie-historique-2020.CSV,True,40.79696394686907,71076,36.395245922366925,23370.0,144.30956921421935,21590.0,64.26623003280585,21520.0,27130.0,True,True,False,False,False,False,False,False,False,False,False,False,0.0,False,False,False,not_listed_no_path,False,True,True,False,False,True,False,False,False,EPCI:247104094,0.0
71308,71,247103765,31.0,2.53,2023-01-01,2020,base-cc-serie-historique-2020.CSV,True,12.25296442687747,71512,42.8129112160384,22740.0,61.83806253388759,22510.0,64.26623003280585,21520.0,,True,True,False,False,False,False,False,False,False,False,False,False,0.0,False,False,False,not_listed_no_path,False,True,True,False,False,True,False,False,True,EPCI:247103765,0.0
71312,71,200040038,255.0,9.06,2023-01-01,2020,base-cc-serie-historique-2020.CSV,True,28.14569536423841,71076,38.33106977037996,22080.0,144.30956921421935,21590.0,64.26623003280585,21520.0,22930.0,True,True,False,False,False,False,False,False,False,False,False,False,0.0,False,False,False,not_listed_no_path,False,True,True,False,False,True,False,False,False,EPCI:200040038,0.0
71324,71,247104094,584.0,8.72,2023-01-01,2020,base-cc-serie-historique-2020.CSV,True,66.97247706422017,71221,36.395245922366925,23370.0,89.90728876158889,26590.0,64.26623003280585,21520.0,24230.0,True,True,False,False,False,False,False,False,False,False,False,False,0.0,False,False,False,not_listed_no_path,False,True,True,False,False,True,False,False,False,EPCI:247104094,0.0
71328,71,247103765,631.0,14.03,2023-01-01,2020,base-cc-serie-historique-2020.CSV,True,44.97505345687812,71512,42.8129112160384,22740.0,61.83806253388759,22510.0,64.26623003280585,21520.0,22040.0,True,True,False,False,False,False,False,False,False,False,False,False,0.0,False,False,False,not_listed_no_path,False,True,True,False,False,True,False,False,True,EPCI:247103765,0.0
71332,71,200071538,464.0,9.8,2023-01-01,2020,base-cc-serie-historique-2020.CSV,True,47.3469387755102,71543,56.75880923450789,21880.0,66.97118036403751,21910.0,64.26623003280585,21520.0,22080.0,True,True,False,False,False,False,False,False,False,False,False,False,0.0,False,False,False,not_listed_no_path,False,True,True,False,False,True,False,False,False,EPCI:200071538,0.0
71336,71,200071538,3102.0,22.62,2023-01-01,2020,base-cc-serie-historique-2020.CSV,True,137.13527851458886,71076,56.75880923450789,21880.0,144.30956921421935,21590.0,64.26623003280585,21520.0,22910.0,True,True,False,False,False,False,False,False,False,False,False,False,0.0,False,False,False,not_listed_no_path,False,True,True,False,False,True,False,False,False,EPCI:200071538,0.0
71350,71,200071645,859.0,12.41,2023-01-01,2020,base-cc-serie-historique-2020.CSV,True,69.21837228041902,71270,31.15492083203974,21600.0,221.6676262234349,22420.0,64.26623003280585,21520.0,25290.0,True,True,False,False,False,False,False,False,False,False,True,False,859.0,False,False,False,not_listed_no_path,False,True,True,False,False,True,False,False,False,EPCI:200071645,0.0
71365,71,200071538,604.0,5.76,2023-01-01,2020,base-cc-serie-historique-2020.CSV,True,104.86111111111111,71263,56.75880923450789,21880.0,56.6507036747459,20870.0,64.26623003280585,21520.0,19620.0,True,True,False,False,False,False,False,False,True,True,False,False,0.0,False,False,True,listed_only_potential_B_or_D,False,True,True,False,False,True,False,False,True,EPCI:200071538,604.0
71366,71,200071538,377.0,8.03,2023-01-01,2020,base-cc-serie-historique-2020.CSV,True,46.94894146948942,71543,56.75880923450789,21880.0,66.97118036403751,21910.0,64.26623003280585,21520.0,22550.0,True,True,False,False,False,False,False,False,False,False,False,False,0.0,False,False,False,not_listed_no_path,False,True,True,False,False,True,False,False,False,EPCI:200071538,0.0
71373,71,200071538,1721.0,48.9,2023-01-01,2020,base-cc-serie-historique-2020.CSV,True,35.194274028629856,01305,56.75880923450789,21880.0,54.44988081796512,22200.0,64.26623003280585,21520.0,20660.0,True,True,False,False,False,False,False,False,False,False,False,False,0.0,False,False,False,not_listed_no_path,False,True,True,False,False,True,False,False,True,EPCI:200071538,0.0
71374,71,247104094,160.0,4.24,2023-01-01,2020,base-cc-serie-historique-2020.CSV,True,37.73584905660377,71076,36.395245922366925,23370.0,144.30956921421935,21590.0,64.26623003280585,21520.0,25000.0,True,True,False,False,False,False,False,False,False,False,False,False,0.0,False,False,False,not_listed_no_path,False,True,True,False,False,True,False,False,False,EPCI:247104094,0.0
71384,71,247103765,512.0,18.26,2023-01-01,2020,base-cc-serie-historique-2020.CSV,True,28.039430449069,71076,42.8129112160384,22740.0,144.30956921421935,21590.0,64.26623003280585,21520.0,24540.0,True,True,False,False,False,False,False,False,False,False,False,False,0.0,False,False,False,not_listed_no_path,False,True,True,False,False,True,False,False,False,EPCI:247103765,0.0
71392,71,247104094,490.0,11.66,2023-01-01,2020,base-cc-serie-historique-2020.CSV,True,42.02401372212693,71417,36.395245922366925,23370.0,28.801594999461148,22340.0,64.26623003280585,21520.0,22850.0,True,True,False,False,False,False,False,False,False,False,False,False,0.0,False,False,False,not_listed_no_path,False,True,True,False,False,True,False,False,True,EPCI:247104094,0.0
71398,71,200071538,1040.0,20.39,2023-01-01,2020,base-cc-serie-historique-2020.CSV,True,51.00539480137322,71076,56.75880923450789,21880.0,144.30956921421935,21590.0,64.26623003280585,21520.0,22890.0,True,True,False,False,False,False,False,False,False,False,False,False,0.0,False,False,False,not_listed_no_path,False,True,True,False,False,True,False,False,False,EPCI:200071538,0.0
71402,71,247103765,760.0,13.12,2023-01-01,2020,base-cc-serie-historique-2020.CSV,True,57.926829268292686,71512,42.8129112160384,22740.0,61.83806253388759,22510.0,64.26623003280585,21520.0,23820.0,True,True,False,False,False,False,False,False,False,False,False,False,0.0,False,False,False,not_listed_no_path,False,True,True,False,False,True,False,False,True,EPCI:247103765,0.0
71405,71,200040038,193.0,11.29,2023-01-01,2020,base-cc-serie-historique-2020.CSV,True,17.0947741364039,71076,38.33106977037996,22080.0,144.30956921421935,21590.0,64.26623003280585,21520.0,22530.0,True,True,False,False,False,False,False,False,False,False,False,False,0.0,False,False,False,not_listed_no_path,False,True,True,False,False,True,False,False,False,EPCI:200040038,0.0
71420,71,200071538,2313.0,19.31,2023-01-01,2020,base-cc-serie-historique-2020.CSV,True,119.78249611600208,71076,56.75880923450789,21880.0,144.30956921421935,21590.0,64.26623003280585,21520.0,22820.0,True,True,False,False,False,False,False,False,False,False,False,False,0.0,False,False,False,not_listed_no_path,False,True,True,False,False,True,False,False,False,EPCI:200071538,0.0
71422,71,247104094,272.0,13.42,2023-01-01,2020,base-cc-serie-historique-2020.CSV,True,20.268256333830102,71076,36.395245922366925,23370.0,144.30956921421935,21590.0,64.26623003280585,21520.0,26100.0,True,True,False,False,False,False,False,False,False,False,False,False,0.0,False,False,False,not_listed_no_path,False,True,True,False,False,True,False,False,False,EPCI:247104094,0.0
71426,71,247104094,530.0,14.27,2023-01-01,2020,base-cc-serie-historique-2020.CSV,True,37.14085494043448,71221,36.395245922366925,23370.0,89.90728876158889,26590.0,64.26623003280585,21520.0,24710.0,True,True,False,False,False,False,False,False,False,False,False,False,0.0,False,False,False,not_listed_no_path,False,True,True,False,False,True,False,False,False,EPCI:247104094,0.0
71449,71,247104094,135.0,7.32,2023-01-01,2020,base-cc-serie-historique-2020.CSV,True,18.442622950819672,71310,36.395245922366925,23370.0,81.54233157770615,21950.0,64.26623003280585,21520.0,22900.0,True,True,False,False,False,False,False,False,False,False,False,False,0.0,False,False,False,not_listed_no_path,False,True,True,False,False,True,False,False,False,EPCI:247104094,0.0
71455,71,247104094,156.0,8.03,2023-01-01,2020,base-cc-serie-historique-2020.CSV,True,19.427148194271485,71417,36.395245922366925,23370.0,28.801594999461148,22340.0,64.26623003280585,21520.0,23790.0,True,True,False,False,False,False,False,False,False,False,False,False,0.0,False,False,False,not_listed_no_path,False,True,True,False,False,True,False,False,True,EPCI:247104094,0.0
71456,71,200040038,1912.0,34.59,2023-01-01,2020,base-cc-serie-historique-2020.CSV,True,55.2760913558832,71076,38.33106977037996,22080.0,144.30956921421935,21590.0,64.26623003280585,21520.0,22580.0,True,True,False,False,False,False,False,False,False,False,False,False,0.0,False,False,False,not_listed_no_path,False,True,True,False,False,True,False,False,False,EPCI:200040038,0.0
71461,71,247104094,62.0,5.83,2023-01-01,2020,base-cc-serie-historique-2020.CSV,True,10.634648370497429,71417,36.395245922366925,23370.0,28.801594999461148,22340.0,64.26623003280585,21520.0,,True,True,False,False,False,False,False,False,False,False,False,False,0.0,False,False,False,not_listed_no_path,False,True,True,False,False,True,False,False,True,EPCI:247104094,0.0
71462,71,200040038,522.0,18.57,2023-01-01,2020,base-cc-serie-historique-2020.CSV,True,28.10985460420032,71076,38.33106977037996,22080.0,144.30956921421935,21590.0,64.26623003280585,21520.0,20980.0,True,True,False,False,False,False,False,False,False,False,False,False,0.0,False,False,False,not_listed_no_path,False,True,True,False,False,True,False,False,False,EPCI:200040038,0.0
71471,71,247104094,95.0,5.21,2023-01-01,2020,base-cc-serie-historique-2020.CSV,True,18.234165067178505,71310,36.395245922366925,23370.0,81.54233157770615,21950.0,64.26623003280585,21520.0,,True,True,False,False,False,False,False,False,False,False,False,False,0.0,False,False,False,not_listed_no_path,False,True,True,False,False,True,False,False,False,EPCI:247104094,0.0
71485,71,247104094,257.0,6.73,2023-01-01,2020,base-cc-serie-historique-2020.CSV,True,38.187221396731054,71076,36.395245922366925,23370.0,144.30956921421935,21590.0,64.26623003280585,21520.0,25240.0,True,True,False,False,False,False,False,False,False,False,False,False,0.0,False,False,False,not_listed_no_path,False,True,True,False,False,True,False,False,False,EPCI:247104094,0.0
71498,71,247104094,132.0,7.22,2023-01-01,2020,base-cc-serie-historique-2020.CSV,True,18.28254847645429,71417,36.395245922366925,23370.0,28.801594999461148,22340.0,64.26623003280585,21520.0,21680.0,True,True,False,False,False,False,False,False,False,False,False,False,0.0,False,False,False,not_listed_no_path,False,True,True,False,False,True,False,False,True,EPCI:247104094,0.0
71501,71,247104094,143.0,6.25,2023-01-01,2020,base-cc-serie-historique-2020.CSV,True,22.88,71076,36.395245922366925,23370.0,144.30956921421935,21590.0,64.26623003280585,21520.0,22630.0,True,True,False,False,False,False,False,False,False,False,False,False,0.0,False,False,False,not_listed_no_path,False,True,True,False,False,True,False,False,False,EPCI:247104094,0.0
71503,71,247104094,128.0,2.06,2023-01-01,2020,base-cc-serie-historique-2020.CSV,True,62.13592233009709,71417,36.395245922366925,23370.0,28.801594999461148,22340.0,64.26623003280585,21520.0,23430.0,True,True,False,False,False,False,False,False,False,False,False,False,0.0,False,False,False,not_listed_no_path,False,True,True,False,False,True,False,False,True,EPCI:247104094,0.0
71505,71,247104094,77.0,6.56,2023-01-01,2020,base-cc-serie-historique-2020.CSV,True,11.73780487804878,71417,36.395245922366925,23370.0,28.801594999461148,22340.0,64.26623003280585,21520.0,,True,True,False,False,False,False,False,False,False,False,False,False,0.0,False,False,False,not_listed_no_path,False,True,True,False,False,True,False,False,True,EPCI:247104094,0.0
71512,71,247103765,2943.0,26.76,2023-01-01,2020,base-cc-serie-historique-2020.CSV,True,109.97757847533632,71512,42.8129112160384,22740.0,61.83806253388759,22510.0,64.26623003280585,21520.0,21140.0,True,True,False,False,False,False,False,False,False,False,False,False,0.0,False,False,False,not_listed_no_path,False,True,True,False,False,True,False,False,True,EPCI:247103765,0.0
71515,71,247104094,102.0,5.8,2023-01-01,2020,base-cc-serie-historique-2020.CSV,True,17.586206896551726,71417,36.395245922366925,23370.0,28.801594999461148,22340.0,64.26623003280585,21520.0,26860.0,True,True,False,False,False,False,False,False,False,False,False,False,0.0,False,False,False,not_listed_no_path,False,True,True,False,False,True,False,False,True,EPCI:247104094,0.0
71522,71,200071538,1737.0,22.79,2023-01-01,2020,base-cc-serie-historique-2020.CSV,True,76.21763931548925,71543,56.75880923450789,21880.0,66.97118036403751,21910.0,64.26623003280585,21520.0,22070.0,True,True,False,False,False,False,False,False,False,False,False,False,0.0,False,False,False,not_listed_no_path,False,True,True,False,False,True,False,False,False,EPCI:200071538,0.0
71548,71,200071538,245.0,7.76,2023-01-01,2020,base-cc-serie-historique-2020.CSV,True,31.572164948453608,71076,56.75880923450789,21880.0,144.30956921421935,21590.0,64.26623003280585,21520.0,22670.0,True,True,False,False,False,False,False,False,False,False,False,False,0.0,False,False,False,not_listed_no_path,False,True,True,False,False,True,False,False,False,EPCI:200071538,0.0
71572,71,247103765,234.0,4.18,2023-01-01,2020,base-cc-serie-historique-2020.CSV,True,55.980861244019145,71543,42.8129112160384,22740.0,66.97118036403751,21910.0,64.26623003280585,21520.0,25180.0,True,True,False,False,False,False,False,False,False,False,False,False,0.0,False,False,False,not_listed_no_path,False,True,True,False,False,True,False,False,False,EPCI:247103765,0.0
71577,71,200040038,223.0,8.96,2023-01-01,2020,base-cc-serie-historique-2020.CSV,True,24.88839285714285,71076,38.33106977037996,22080.0,144.30956921421935,21590.0,64.26623003280585,21520.0,24140.0,True,True,False,False,False,False,False,False,False,False,False,False,0.0,False,False,False,not_listed_no_path,False,True,True,False,False,True,False,False,False,EPCI:200040038,0.0
71579,71,247104094,169.0,15.57,2023-01-01,2020,base-cc-serie-historique-2020.CSV,True,10.854206807964031,71310,36.395245922366925,23370.0,81.54233157770615,21950.0,64.26623003280585,21520.0,21550.0,True,True,False,False,False,False,False,False,False,False,False,False,0.0,False,False,False,not_listed_no_path,False,True,True,False,False,True,False,False,False,EPCI:247104094,0.0
73007,73,247300676,1683.0,16.29,2023-01-01,2020,base-cc-serie-historique-2020.CSV,True,103.31491712707182,73011,40.14962593516209,22470.0,139.70834053835955,22730.0,72.94820221457306,23630.0,23380.0,True,True,False,False,False,False,False,False,False,False,False,False,0.0,True,True,True,listed_only_potential_B_or_D,False,True,True,False,False,True,True,False,False,EPCI:247300676,1683.0
73012,73,200070464,146.0,12.45,2023-01-01,2020,base-cc-serie-historique-2020.CSV,True,11.726907630522089,73248,40.50391403159284,22860.0,28.518572257690074,23040.0,72.94820221457306,23630.0,19340.0,True,True,False,False,False,False,False,False,False,False,True,False,146.0,True,False,False,not_listed_no_path,False,True,True,False,False,True,False,False,True,EPCI:200070464,0.0
73013,73,200070464,364.0,48.58,2023-01-01,2020,base-cc-serie-historique-2020.CSV,True,7.492795389048991,73248,40.50391403159284,22860.0,28.518572257690074,23040.0,72.94820221457306,23630.0,22170.0,True,True,False,False,False,False,False,False,False,False,True,False,364.0,True,False,False,not_listed_no_path,False,True,True,False,False,True,False,False,True,EPCI:200070464,0.0
73015,73,200040798,1829.0,85.99,2023-01-01,2020,base-cc-serie-historique-2020.CSV,True,21.269915106407723,73181,22.706834532374103,23580.0,33.87198586037116,22800.0,72.94820221457306,23630.0,24020.0,True,True,False,False,False,False,False,False,False,False,True,False,1829.0,True,False,False,not_listed_no_path,False,True,True,False,False,True,False,False,True,EPCI:200040798,0.0
73019,73,247300676,951.0,28.03,2023-01-01,2020,base-cc-serie-historique-2020.CSV,True,33.92793435604709,73270,40.14962593516209,22470.0,60.62277843601896,23710.0,72.94820221457306,23630.0,23480.0,True,True,False,False,False,False,False,False,False,False,True,False,951.0,True,True,True,listed_only_potential_B_or_D,False,True,True,False,False,True,True,False,False,EPCI:247300676,951.0
73023,73,200070340,693.0,41.94,2023-01-01,2020,base-cc-serie-historique-2020.CSV,True,16.523605150214593,73157,10.078021111594902,22850.0,10.078021111594902,22850.0,72.94820221457306,23630.0,23440.0,True,True,False,False,False,False,False,False,False,False,True,False,693.0,True,False,False,not_listed_no_path,False,True,True,False,False,True,False,False,True,EPCI:200070340,0.0
73024,73,247300015,768.0,21.93,2023-01-01,2020,base-cc-serie-historique-2020.CSV,True,35.02051983584131,73181,39.12948857453755,23250.0,33.87198586037116,22800.0,72.94820221457306,23630.0,24360.0,True,True,False,False,False,False,False,False,False,False,True,False,768.0,True,False,False,not_listed_no_path,False,True,True,False,False,True,False,False,True,EPCI:247300015,0.0
73028,73,247300262,344.0,9.4,2023-01-01,2020,base-cc-serie-historique-2020.CSV,True,36.59574468085106,73330,58.03141526560897,23360.0,61.97908413880526,23720.0,72.94820221457306,23630.0,21220.0,True,True,False,False,False,False,False,False,False,False,False,False,0.0,True,False,False,not_listed_no_path,False,True,True,False,False,True,False,False,True,EPCI:247300262,0.0
73033,73,200040111,510.0,6.58,2023-01-01,2020,base-cc-serie-historique-2020.CSV,True,77.50759878419453,38412,47.8348608425124,23060.0,48.08189525584751,22960.0,72.94820221457306,23630.0,21520.0,True,True,False,False,False,False,False,False,False,False,True,False,510.0,True,False,False,not_listed_no_path,False,True,True,False,False,True,False,False,True,EPCI:200040111,0.0
73042,73,247300262,259.0,5.98,2023-01-01,2020,base-cc-serie-historique-2020.CSV,True,43.31103678929765,73330,58.03141526560897,23360.0,61.97908413880526,23720.0,72.94820221457306,23630.0,24450.0,True,True,False,False,False,False,False,False,False,False,True,False,259.0,True,False,False,not_listed_no_path,False,True,True,False,False,True,False,False,True,EPCI:247300262,0.0
73049,73,247300676,147.0,8.88,2023-01-01,2020,base-cc-serie-historique-2020.CSV,True,16.554054054054053,73270,40.14962593516209,22470.0,60.62277843601896,23710.0,72.94820221457306,23630.0,23420.0,True,True,False,False,False,False,False,False,False,False,True,False,147.0,True,True,True,listed_only_potential_B_or_D,False,True,True,False,False,True,True,False,False,EPCI:247300676,147.0
73054,73,247300254,7160.0,179.07,2023-01-01,2020,base-cc-serie-historique-2020.CSV,True,39.984363656670574,73054,27.20196784678908,22950.0,28.067623685153567,22910.0,72.94820221457306,23630.0,22680.0,True,True,False,False,False,False,False,False,False,False,True,False,7160.0,True,False,False,not_listed_no_path,False,True,True,False,False,True,False,False,True,EPCI:247300254,0.0
73055,73,200040798,1876.0,28.8,2023-01-01,2020,base-cc-serie-historique-2020.CSV,True,65.13888888888889,73055,22.706834532374103,23580.0,21.4890843923102,23540.0,72.94820221457306,23630.0,23830.0,True,True,False,False,False,False,False,False,False,False,True,False,1876.0,True,False,False,not_listed_no_path,False,True,True,False,False,True,False,False,True,EPCI:200040798,0.0
73057,73,200040798,491.0,2.63,2023-01-01,2020,base-cc-serie-historique-2020.CSV,True,186.6920152091255,73181,22.706834532374103,23580.0,33.87198586037116,22800.0,72.94820221457306,23630.0,21430.0,True,True,False,False,False,False,False,False,False,False,True,False,491.0,True,False,False,not_listed_no_path,False,True,True,False,False,True,False,False,True,EPCI:200040798,0.0
73067,73,247300361,1164.0,3.2,2023-01-01,2020,base-cc-serie-historique-2020.CSV,True,363.75,73248,26.869133475881565,23470.0,28.518572257690074,23040.0,72.94820221457306,23630.0,23020.0,True,True,False,False,False,False,False,False,False,False,True,False,1164.0,True,False,False,not_listed_no_path,False,True,True,False,False,True,False,False,True,EPCI:247300361,0.0
73071,73,200040798,557.0,84.96,2023-01-01,2020,base-cc-serie-historique-2020.CSV,True,6.5560263653484,73055,22.706834532374103,23580.0,21.4890843923102,23540.0,72.94820221457306,23630.0,24430.0,True,True,False,False,False,False,False,False,False,False,True,False,557.0,True,False,False,not_listed_no_path,False,True,True,False,False,True,False,False,True,EPCI:200040798,0.0
73074,73,247300361,330.0,12.28,2023-01-01,2020,base-cc-serie-historique-2020.CSV,True,26.87296416938111,73248,26.869133475881565,23470.0,28.518572257690074,23040.0,72.94820221457306,23630.0,24050.0,True,True,False,False,False,False,False,False,False,False,True,False,330.0,True,False,False,not_listed_no_path,False,True,True,False,False,True,False,False,True,EPCI:247300361,0.0
73077,73,247300254,563.0,17.31,2023-01-01,2020,base-cc-serie-historique-2020.CSV,True,32.52455228191797,73054,27.20196784678908,22950.0,28.067623685153567,22910.0,72.94820221457306,23630.0,23920.0,True,True,False,False,False,False,False,False,False,False,True,False,563.0,True,False,False,not_listed_no_path,False,True,True,False,False,True,False,False,True,EPCI:247300254,0.0
73078,73,247300262,142.0,2.57,2023-01-01,2020,base-cc-serie-historique-2020.CSV,True,55.25291828793775,73330,58.03141526560897,23360.0,61.97908413880526,23720.0,72.94820221457306,23630.0,25770.0,True,True,False,False,False,False,False,False,False,False,True,False,142.0,True,False,False,not_listed_no_path,False,True,True,False,False,True,False,False,True,EPCI:247300262,0.0
73083,73,247300361,223.0,4.69,2023-01-01,2020,base-cc-serie-historique-2020.CSV,True,47.54797441364605,73248,26.869133475881565,23470.0,28.518572257690074,23040.0,72.94820221457306,23630.0,23510.0,True,True,False,False,False,False,False,False,False,False,True,False,223.0,True,False,False,not_listed_no_path,False,True,True,False,False,True,False,False,True,EPCI:247300361,0.0
73105,73,200040111,1246.0,3.75,2023-01-01,2020,base-cc-serie-historique-2020.CSV,True,332.26666666666665,38412,47.8348608425124,23060.0,48.08189525584751,22960.0,72.94820221457306,23630.0,21110.0,True,True,False,False,False,False,False,False,False,False,True,False,1246.0,True,False,False,not_listed_no_path,False,True,True,False,False,True,False,False,True,EPCI:200040111,0.0
73109,73,247300676,770.0,19.36,2023-01-01,2020,base-cc-serie-historique-2020.CSV,True,39.77272727272727,73270,40.14962593516209,22470.0,60.62277843601896,23710.0,72.94820221457306,23630.0,21920.0,True,True,False,False,False,False,False,False,False,False,True,False,770.0,True,True,True,listed_only_potential_B_or_D,False,True,True,False,False,True,True,False,False,EPCI:247300676,770.0
73113,73,200040798,175.0,4.8,2023-01-01,2020,base-cc-serie-historique-2020.CSV,True,36.458333333333336,73181,22.706834532374103,23580.0,33.87198586037116,22800.0,72.94820221457306,23630.0,26250.0,True,True,False,False,False,False,False,False,False,False,True,False,175.0,True,False,False,not_listed_no_path,False,True,True,False,False,True,False,False,True,EPCI:200040798,0.0
73116,73,200070464,481.0,21.52,2023-01-01,2020,base-cc-serie-historique-2020.CSV,True,22.35130111524164,73248,40.50391403159284,22860.0,28.518572257690074,23040.0,72.94820221457306,23630.0,23150.0,True,True,False,False,False,False,False,False,False,False,True,False,481.0,True,False,False,not_listed_no_path,False,True,True,False,False,True,False,False,True,EPCI:200070464,0.0
73117,73,200070340,698.0,5.04,2023-01-01,2020,base-cc-serie-historique-2020.CSV,True,138.4920634920635,73157,10.078021111594902,22850.0,10.078021111594902,22850.0,72.94820221457306,23630.0,21900.0,True,True,False,False,False,False,False,False,False,False,True,False,698.0,True,False,False,not_listed_no_path,False,True,True,False,False,True,False,False,True,EPCI:200070340,0.0
73119,73,200070340,100.0,11.13,2023-01-01,2020,base-cc-serie-historique-2020.CSV,True,8.98472596585804,73157,10.078021111594902,22850.0,10.078021111594902,22850.0,72.94820221457306,23630.0,,True,True,False,False,False,False,False,False,False,False,True,False,100.0,True,False,False,not_listed_no_path,False,True,True,False,False,True,False,False,True,EPCI:200070340,0.0
73138,73,200070464,495.0,17.79,2023-01-01,2020,base-cc-serie-historique-2020.CSV,True,27.82462057335582,73248,40.50391403159284,22860.0,28.518572257690074,23040.0,72.94820221457306,23630.0,25650.0,True,True,False,False,False,False,False,False,False,False,True,False,495.0,True,False,False,not_listed_no_path,False,True,True,False,False,True,False,False,True,EPCI:200070464,0.0
73140,73,247300262,281.0,6.43,2023-01-01,2020,base-cc-serie-historique-2020.CSV,True,43.70139968895801,73330,58.03141526560897,23360.0,61.97908413880526,23720.0,72.94820221457306,23630.0,26330.0,True,True,False,False,False,False,False,False,False,False,True,False,281.0,True,False,False,not_listed_no_path,False,True,True,False,False,True,False,False,True,EPCI:247300262,0.0
73142,73,247300817,802.0,10.62,2023-01-01,2020,base-cc-serie-historique-2020.CSV,True,75.51789077212807,73054,35.65808823529412,23240.0,28.067623685153567,22910.0,72.94820221457306,23630.0,22320.0,True,True,False,False,False,False,False,False,False,False,True,False,802.0,True,False,False,not_listed_no_path,False,True,True,False,False,True,False,False,True,EPCI:247300817,0.0
73147,73,247300262,200.0,9.33,2023-01-01,2020,base-cc-serie-historique-2020.CSV,True,21.436227224008576,73330,58.03141526560897,23360.0,61.97908413880526,23720.0,72.94820221457306,23630.0,27210.0,True,True,False,False,False,False,False,False,False,False,True,False,200.0,True,False,False,not_listed_no_path,False,True,True,False,False,True,False,False,True,EPCI:247300262,0.0
73149,73,247300262,298.0,6.14,2023-01-01,2020,base-cc-serie-historique-2020.CSV,True,48.5342019543974,73330,58.03141526560897,23360.0,61.97908413880526,23720.0,72.94820221457306,23630.0,23350.0,True,True,False,False,False,False,False,False,False,False,True,False,298.0,True,False,False,not_listed_no_path,False,True,True,False,False,True,False,False,True,EPCI:247300262,0.0
73150,73,247300817,3828.0,96.07,2023-01-01,2020,base-cc-serie-historique-2020.CSV,True,39.84594566461955,73006,35.65808823529412,23240.0,43.31026528258362,23350.0,72.94820221457306,23630.0,23570.0,True,True,False,False,False,False,False,False,False,False,True,False,3828.0,True,False,False,not_listed_no_path,False,True,True,False,False,True,False,False,True,EPCI:247300817,0.0
73156,73,247300262,314.0,11.05,2023-01-01,2020,base-cc-serie-historique-2020.CSV,True,28.41628959276018,38315,58.03141526560897,23360.0,109.3661221590909,23250.0,72.94820221457306,23630.0,24520.0,True,True,False,False,False,False,False,False,False,False,True,False,314.0,True,False,False,not_listed_no_path,False,True,True,False,False,True,False,False,False,EPCI:247300262,0.0
73157,73,200070340,3010.0,71.04,2023-01-01,2020,base-cc-serie-historique-2020.CSV,True,42.37049549549549,73157,10.078021111594902,22850.0,10.078021111594902,22850.0,72.94820221457306,23630.0,21810.0,True,True,False,False,False,False,False,False,False,False,True,False,3010.0,True,False,False,not_listed_no_path,False,True,True,False,False,True,False,False,True,EPCI:200070340,0.0
73161,73,200040798,651.0,13.26,2023-01-01,2020,base-cc-serie-historique-2020.CSV,True,49.09502262443439,73055,22.706834532374103,23580.0,21.4890843923102,23540.0,72.94820221457306,23630.0,23650.0,True,True,False,False,False,False,False,False,False,False,True,False,651.0,True,False,False,not_listed_no_path,False,True,True,False,False,True,False,False,True,EPCI:200040798,0.0
73168,73,247300676,117.0,9.53,2023-01-01,2020,base-cc-serie-historique-2020.CSV,True,12.277019937040924,73270,40.14962593516209,22470.0,60.62277843601896,23710.0,72.94820221457306,23630.0,22350.0,True,True,False,False,False,False,False,False,False,False,True,False,117.0,True,True,True,listed_only_potential_B_or_D,False,True,True,False,False,True,True,False,False,EPCI:247300676,117.0
73173,73,200070464,477.0,27.99,2023-01-01,2020,base-cc-serie-historique-2020.CSV,True,17.041800643086816,73248,40.50391403159284,22860.0,28.518572257690074,23040.0,72.94820221457306,23630.0,24530.0,True,True,False,False,False,False,False,False,False,False,True,False,477.0,True,False,False,not_listed_no_path,False,True,True,False,False,True,False,False,True,EPCI:200070464,0.0
73175,73,247300676,78.0,26.36,2023-01-01,2020,base-cc-serie-historique-2020.CSV,True,2.9590288315629745,73270,40.14962593516209,22470.0,60.62277843601896,23710.0,72.94820221457306,23630.0,,True,True,False,False,False,False,False,False,False,False,True,False,78.0,True,True,True,listed_only_potential_B_or_D,False,True,True,False,False,True,True,False,False,EPCI:247300676,78.0
73176,73,247300254,718.0,25.9,2023-01-01,2020,base-cc-serie-historique-2020.CSV,True,27.722007722007724,73054,27.20196784678908,22950.0,28.067623685153567,22910.0,72.94820221457306,23630.0,22540.0,True,True,False,False,False,False,False,False,False,False,True,False,718.0,True,False,False,not_listed_no_path,False,True,True,False,False,True,False,False,True,EPCI:247300254,0.0
73177,73,200070464,236.0,6.68,2023-01-01,2020,base-cc-serie-historique-2020.CSV,True,35.32934131736527,73248,40.50391403159284,22860.0,28.518572257690074,23040.0,72.94820221457306,23630.0,25230.0,True,True,False,False,False,False,False,False,False,False,True,False,236.0,True,False,False,not_listed_no_path,False,True,True,False,False,True,False,False,True,EPCI:200070464,0.0
73189,73,247300361,223.0,1.9,2023-01-01,2020,base-cc-serie-historique-2020.CSV,True,117.3684210526316,73248,26.869133475881565,23470.0,28.518572257690074,23040.0,72.94820221457306,23630.0,25150.0,True,True,False,False,False,False,False,False,False,False,True,False,223.0,True,False,False,not_listed_no_path,False,True,True,False,False,True,False,False,True,EPCI:247300361,0.0
73194,73,247300452,317.0,69.25,2023-01-01,2020,base-cc-serie-historique-2020.CSV,True,4.577617328519856,73248,16.859524698270498,22900.0,28.518572257690074,23040.0,72.94820221457306,23630.0,24340.0,True,True,False,False,False,False,False,False,False,False,True,False,317.0,True,False,False,not_listed_no_path,False,True,True,False,False,True,False,False,True,EPCI:247300452,0.0
73197,73,247300817,636.0,70.64,2023-01-01,2020,base-cc-serie-historique-2020.CSV,True,9.003397508493771,73054,35.65808823529412,23240.0,28.067623685153567,22910.0,72.94820221457306,23630.0,22250.0,True,True,False,False,False,False,False,False,False,False,True,False,636.0,True,False,False,not_listed_no_path,False,True,True,False,False,True,False,False,True,EPCI:247300817,0.0
73201,73,200040798,441.0,22.41,2023-01-01,2020,base-cc-serie-historique-2020.CSV,True,19.67871485943775,73055,22.706834532374103,23580.0,21.4890843923102,23540.0,72.94820221457306,23630.0,21710.0,True,True,False,False,False,False,False,False,False,False,True,False,441.0,True,False,False,not_listed_no_path,False,True,True,False,False,True,False,False,True,EPCI:200040798,0.0
73206,73,200040798,712.0,88.57,2023-01-01,2020,base-cc-serie-historique-2020.CSV,True,8.038839336118325,73055,22.706834532374103,23580.0,21.4890843923102,23540.0,72.94820221457306,23630.0,22710.0,True,True,False,False,False,False,False,False,False,False,True,False,712.0,True,False,False,not_listed_no_path,False,True,True,False,False,True,False,False,True,EPCI:200040798,0.0
73220,73,247300676,369.0,19.4,2023-01-01,2020,base-cc-serie-historique-2020.CSV,True,19.02061855670103,73270,40.14962593516209,22470.0,60.62277843601896,23710.0,72.94820221457306,23630.0,23170.0,True,True,False,False,False,False,False,False,False,False,True,False,369.0,True,True,True,listed_only_potential_B_or_D,False,True,True,False,False,True,True,False,False,EPCI:247300676,369.0
73223,73,200070340,446.0,30.84,2023-01-01,2020,base-cc-serie-historique-2020.CSV,True,14.461738002594034,73157,10.078021111594902,22850.0,10.078021111594902,22850.0,72.94820221457306,23630.0,24020.0,True,True,False,False,False,False,False,False,False,False,True,False,446.0,True,False,False,not_listed_no_path,False,True,True,False,False,True,False,False,True,EPCI:200070340,0.0
73224,73,247300361,899.0,3.64,2023-01-01,2020,base-cc-serie-historique-2020.CSV,True,246.978021978022,73248,26.869133475881565,23470.0,28.518572257690074,23040.0,72.94820221457306,23630.0,23860.0,True,True,False,False,False,False,False,False,False,False,True,False,899.0,True,False,False,not_listed_no_path,False,True,True,False,False,True,False,False,True,EPCI:247300361,0.0
73229,73,200040111,529.0,11.01,2023-01-01,2020,base-cc-serie-historique-2020.CSV,True,48.047229791099,38412,47.8348608425124,23060.0,48.08189525584751,22960.0,72.94820221457306,23630.0,23140.0,True,True,False,False,False,False,False,False,False,False,True,False,529.0,True,False,False,not_listed_no_path,False,True,True,False,False,True,False,False,True,EPCI:200040111,0.0
73231,73,247300361,1208.0,20.5,2023-01-01,2020,base-cc-serie-historique-2020.CSV,True,58.926829268292686,73248,26.869133475881565,23470.0,28.518572257690074,23040.0,72.94820221457306,23630.0,23350.0,True,True,False,False,False,False,False,False,False,False,True,False,1208.0,True,False,False,not_listed_no_path,False,True,True,False,False,True,False,False,True,EPCI:247300361,0.0
73232,73,247300254,707.0,100.15,2023-01-01,2020,base-cc-serie-historique-2020.CSV,True,7.059410883674488,73054,27.20196784678908,22950.0,28.067623685153567,22910.0,72.94820221457306,23630.0,21760.0,True,True,False,False,False,False,False,False,False,False,True,False,707.0,True,False,False,not_listed_no_path,False,True,True,False,False,True,False,False,True,EPCI:247300254,0.0
73233,73,200040111,158.0,7.25,2023-01-01,2020,base-cc-serie-historique-2020.CSV,True,21.79310344827586,38412,47.8348608425124,23060.0,48.08189525584751,22960.0,72.94820221457306,23630.0,21180.0,True,True,False,False,False,False,False,False,False,False,True,False,158.0,True,False,False,not_listed_no_path,False,True,True,False,False,True,False,False,True,EPCI:200040111,0.0
73237,73,247300676,369.0,11.85,2023-01-01,2020,base-cc-serie-historique-2020.CSV,True,31.13924050632912,73270,40.14962593516209,22470.0,60.62277843601896,23710.0,72.94820221457306,23630.0,20930.0,True,True,False,False,False,False,False,False,False,False,True,False,369.0,True,True,True,listed_only_potential_B_or_D,False,True,True,False,False,True,True,False,False,EPCI:247300676,369.0
73242,73,200070464,272.0,75.6,2023-01-01,2020,base-cc-serie-historique-2020.CSV,True,3.597883597883598,73248,40.50391403159284,22860.0,28.518572257690074,23040.0,72.94820221457306,23630.0,22780.0,True,True,False,False,False,False,False,False,False,False,True,False,272.0,True,False,False,not_listed_no_path,False,True,True,False,False,True,False,False,True,EPCI:200070464,0.0
73245,73,247300262,834.0,12.72,2023-01-01,2020,base-cc-serie-historique-2020.CSV,True,65.56603773584905,73330,58.03141526560897,23360.0,61.97908413880526,23720.0,72.94820221457306,23630.0,24530.0,True,True,False,False,False,False,False,False,False,False,True,False,834.0,True,False,False,not_listed_no_path,False,True,True,False,False,True,False,False,True,EPCI:247300262,0.0
73246,73,200040111,303.0,7.71,2023-01-01,2020,base-cc-serie-historique-2020.CSV,True,39.29961089494164,38412,47.8348608425124,23060.0,48.08189525584751,22960.0,72.94820221457306,23630.0,23360.0,True,True,False,False,False,False,False,False,False,False,True,False,303.0,True,False,False,not_listed_no_path,False,True,True,False,False,True,False,False,True,EPCI:200040111,0.0
73248,73,200070464,7560.0,11.51,2023-01-01,2020,base-cc-serie-historique-2020.CSV,True,656.8201563857515,73248,40.50391403159284,22860.0,28.518572257690074,23040.0,72.94820221457306,23630.0,21450.0,True,True,False,False,False,False,False,False,False,False,True,False,7560.0,True,False,False,not_listed_no_path,False,True,True,False,False,True,False,False,True,EPCI:200070464,0.0
73250,73,200070464,1588.0,33.04,2023-01-01,2020,base-cc-serie-historique-2020.CSV,True,48.062953995157386,73248,40.50391403159284,22860.0,28.518572257690074,23040.0,72.94820221457306,23630.0,24000.0,True,True,False,False,False,False,False,False,False,False,True,False,1588.0,True,False,False,not_listed_no_path,False,True,True,False,False,True,False,False,True,EPCI:200070464,0.0
73252,73,247300676,247.0,11.06,2023-01-01,2020,base-cc-serie-historique-2020.CSV,True,22.33273056057866,73248,40.14962593516209,22470.0,28.518572257690074,23040.0,72.94820221457306,23630.0,23280.0,True,True,False,False,False,False,False,False,False,False,True,False,247.0,True,True,True,listed_only_potential_B_or_D,False,True,True,False,False,True,True,False,False,EPCI:247300676,247.0
73255,73,247300361,826.0,14.95,2023-01-01,2020,base-cc-serie-historique-2020.CSV,True,55.25083612040134,73248,26.869133475881565,23470.0,28.518572257690074,23040.0,72.94820221457306,23630.0,23110.0,True,True,False,False,False,False,False,False,False,False,True,False,826.0,True,False,False,not_listed_no_path,False,True,True,False,False,True,False,False,True,EPCI:247300361,0.0
73256,73,247300452,310.0,4.93,2023-01-01,2020,base-cc-serie-historique-2020.CSV,True,62.88032454361055,73248,16.859524698270498,22900.0,28.518572257690074,23040.0,72.94820221457306,23630.0,23500.0,True,True,False,False,False,False,False,False,False,False,True,False,310.0,True,False,False,not_listed_no_path,False,True,True,False,False,True,False,False,True,EPCI:247300452,0.0
73258,73,247300452,679.0,19.25,2023-01-01,2020,base-cc-serie-historique-2020.CSV,True,35.27272727272727,73248,16.859524698270498,22900.0,28.518572257690074,23040.0,72.94820221457306,23630.0,23750.0,True,True,False,False,False,False,False,False,False,False,True,False,679.0,True,False,False,not_listed_no_path,False,True,True,False,False,True,False,False,True,EPCI:247300452,0.0
73259,73,247300361,541.0,4.69,2023-01-01,2020,base-cc-serie-historique-2020.CSV,True,115.35181236673772,73248,26.869133475881565,23470.0,28.518572257690074,23040.0,72.94820221457306,23630.0,25750.0,True,True,False,False,False,False,False,False,False,False,True,False,541.0,True,False,False,not_listed_no_path,False,True,True,False,False,True,False,False,True,EPCI:247300361,0.0
73261,73,247300452,2474.0,36.31,2023-01-01,2020,base-cc-serie-historique-2020.CSV,True,68.13549986229688,73248,16.859524698270498,22900.0,28.518572257690074,23040.0,72.94820221457306,23630.0,22470.0,True,True,False,False,False,False,False,False,False,False,True,False,2474.0,True,False,False,not_listed_no_path,False,True,True,False,False,True,False,False,True,EPCI:247300452,0.0
73267,73,200070464,301.0,5.59,2023-01-01,2020,base-cc-serie-historique-2020.CSV,True,53.84615384615385,73248,40.50391403159284,22860.0,28.518572257690074,23040.0,72.94820221457306,23630.0,27040.0,True,True,False,False,False,False,False,False,False,False,True,False,301.0,True,False,False,not_listed_no_path,False,True,True,False,False,True,False,False,True,EPCI:200070464,0.0
73269,73,247300262,730.0,13.25,2023-01-01,2020,base-cc-serie-historique-2020.CSV,True,55.09433962264151,73330,58.03141526560897,23360.0,61.97908413880526,23720.0,72.94820221457306,23630.0,24750.0,True,True,False,False,False,False,False,False,False,False,True,False,730.0,True,False,False,not_listed_no_path,False,True,True,False,False,True,False,False,True,EPCI:247300262,0.0
73271,73,247300262,310.0,7.7,2023-01-01,2020,base-cc-serie-historique-2020.CSV,True,40.25974025974026,38315,58.03141526560897,23360.0,109.3661221590909,23250.0,72.94820221457306,23630.0,23250.0,True,True,False,False,False,False,False,False,False,False,True,False,310.0,True,False,False,not_listed_no_path,False,True,True,False,False,True,False,False,False,EPCI:247300262,0.0
73272,73,247300676,177.0,7.46,2023-01-01,2020,base-cc-serie-historique-2020.CSV,True,23.726541554959784,73270,40.14962593516209,22470.0,60.62277843601896,23710.0,72.94820221457306,23630.0,20660.0,True,True,False,False,False,False,False,False,False,False,True,False,177.0,True,True,True,listed_only_potential_B_or_D,False,True,True,False,False,True,True,False,False,EPCI:247300676,177.0
73275,73,200040111,319.0,6.14,2023-01-01,2020,base-cc-serie-historique-2020.CSV,True,51.95439739413681,38412,47.8348608425124,23060.0,48.08189525584751,22960.0,72.94820221457306,23630.0,25220.0,True,True,False,False,False,False,False,False,False,False,True,False,319.0,True,False,False,not_listed_no_path,False,True,True,False,False,True,False,False,True,EPCI:200040111,0.0
73278,73,247300361,1238.0,44.26,2023-01-01,2020,base-cc-serie-historique-2020.CSV,True,27.97107998192499,73248,26.869133475881565,23470.0,28.518572257690074,23040.0,72.94820221457306,23630.0,23580.0,True,True,False,False,False,False,False,False,False,False,True,False,1238.0,True,False,False,not_listed_no_path,False,True,True,False,False,True,False,False,True,EPCI:247300361,0.0
73280,73,200070464,349.0,39.0,2023-01-01,2020,base-cc-serie-historique-2020.CSV,True,8.948717948717949,73248,40.50391403159284,22860.0,28.518572257690074,23040.0,72.94820221457306,23630.0,23970.0,True,True,False,False,False,False,False,False,False,False,True,False,349.0,True,False,False,not_listed_no_path,False,True,True,False,False,True,False,False,True,EPCI:200070464,0.0
73282,73,200040111,1074.0,24.17,2023-01-01,2020,base-cc-serie-historique-2020.CSV,True,44.43525031030202,73065,47.8348608425124,23060.0,366.4192665011645,23790.0,72.94820221457306,23630.0,24360.0,True,True,False,False,False,False,False,False,False,False,True,False,1074.0,True,False,False,not_listed_no_path,False,True,True,False,False,True,False,False,False,EPCI:200040111,0.0
73285,73,247300254,2367.0,42.55,2023-01-01,2020,base-cc-serie-historique-2020.CSV,True,55.62867215041128,73054,27.20196784678908,22950.0,28.067623685153567,22910.0,72.94820221457306,23630.0,23880.0,True,True,False,False,False,False,False,False,False,False,True,False,2367.0,True,False,False,not_listed_no_path,False,True,True,False,False,True,False,False,True,EPCI:247300254,0.0
73296,73,247300254,2016.0,81.63,2023-01-01,2020,base-cc-serie-historique-2020.CSV,True,24.696802646086,73304,27.20196784678908,22950.0,20.480627201454386,22800.0,72.94820221457306,23630.0,21580.0,True,True,False,False,False,False,False,False,False,False,True,False,2016.0,True,False,False,not_listed_no_path,False,True,True,False,False,True,False,False,True,EPCI:247300254,0.0
73299,73,247300262,326.0,9.48,2023-01-01,2020,base-cc-serie-historique-2020.CSV,True,34.38818565400844,73330,58.03141526560897,23360.0,61.97908413880526,23720.0,72.94820221457306,23630.0,23450.0,True,True,False,False,False,False,False,False,False,False,True,False,326.0,True,False,False,not_listed_no_path,False,True,True,False,False,True,False,False,True,EPCI:247300262,0.0
73304,73,247300254,1589.0,94.39,2023-01-01,2020,base-cc-serie-historique-2020.CSV,True,16.834410424833138,73304,27.20196784678908,22950.0,20.480627201454386,22800.0,72.94820221457306,23630.0,24570.0,True,True,False,False,False,False,False,False,False,False,True,False,1589.0,True,False,False,not_listed_no_path,False,True,True,False,False,True,False,False,True,EPCI:247300254,0.0
73306,73,247300452,1071.0,137.48,2023-01-01,2020,base-cc-serie-historique-2020.CSV,True,7.790224032586559,73248,16.859524698270498,22900.0,28.518572257690074,23040.0,72.94820221457306,23630.0,23190.0,True,True,False,False,False,False,False,False,False,False,True,False,1071.0,True,False,False,not_listed_no_path,False,True,True,False,False,True,False,False,True,EPCI:247300452,0.0
73307,73,247300452,569.0,54.26,2023-01-01,2020,base-cc-serie-historique-2020.CSV,True,10.486546258754148,73248,16.859524698270498,22900.0,28.518572257690074,23040.0,72.94820221457306,23630.0,22290.0,True,True,False,False,False,False,False,False,False,False,True,False,569.0,True,False,False,not_listed_no_path,False,True,True,False,False,True,False,False,True,EPCI:247300452,0.0
73313,73,247300262,231.0,9.28,2023-01-01,2020,base-cc-serie-historique-2020.CSV,True,24.892241379310345,38315,58.03141526560897,23360.0,109.3661221590909,23250.0,72.94820221457306,23630.0,22110.0,True,True,False,False,False,False,False,False,False,False,True,False,231.0,True,False,False,not_listed_no_path,False,True,True,False,False,True,False,False,False,EPCI:247300262,0.0
73318,73,200070464,250.0,9.58,2023-01-01,2020,base-cc-serie-historique-2020.CSV,True,26.09603340292276,73248,40.50391403159284,22860.0,28.518572257690074,23040.0,72.94820221457306,23630.0,23960.0,True,True,False,False,False,False,False,False,False,False,True,False,250.0,True,False,False,not_listed_no_path,False,True,True,False,False,True,False,False,True,EPCI:200070464,0.0
73320,73,200070464,834.0,6.12,2023-01-01,2020,base-cc-serie-historique-2020.CSV,True,136.27450980392155,73248,40.50391403159284,22860.0,28.518572257690074,23040.0,72.94820221457306,23630.0,23800.0,True,True,False,False,False,False,False,False,False,False,True,False,834.0,True,False,False,not_listed_no_path,False,True,True,False,False,True,False,False,True,EPCI:200070464,0.0
73323,73,247300254,362.0,28.15,2023-01-01,2020,base-cc-serie-historique-2020.CSV,True,12.85968028419183,73054,27.20196784678908,22950.0,28.067623685153567,22910.0,72.94820221457306,23630.0,24270.0,True,True,False,False,False,False,False,False,False,False,True,False,362.0,True,False,False,not_listed_no_path,False,True,True,False,False,True,False,False,True,EPCI:247300254,0.0
73330,73,247300262,3083.0,23.36,2023-01-01,2020,base-cc-serie-historique-2020.CSV,True,131.9777397260274,73330,58.03141526560897,23360.0,61.97908413880526,23720.0,72.94820221457306,23630.0,22210.0,True,True,False,False,False,False,False,False,False,False,True,False,3083.0,True,False,False,not_listed_no_path,False,True,True,False,False,True,False,False,True,EPCI:247300262,0.0
74003,74,247400617,1106.0,17.02,2023-01-01,2020,base-cc-serie-historique-2020.CSV,True,64.98237367802585,74010,53.13867360654331,25250.0,415.9576604804371,26840.0,190.3473266785177,27030.0,28540.0,True,True,False,False,False,False,False,False,False,False,True,False,1106.0,True,False,False,not_listed_no_path,False,True,True,False,False,True,False,False,False,EPCI:247400617,0.0
74027,74,247400617,451.0,17.79,2023-01-01,2020,base-cc-serie-historique-2020.CSV,True,25.351320966835303,74280,53.13867360654331,25250.0,57.91839557399724,24670.0,190.3473266785177,27030.0,23820.0,True,True,False,False,False,False,False,False,False,False,True,False,451.0,True,False,False,not_listed_no_path,False,True,True,False,False,True,False,False,True,EPCI:247400617,0.0
74030,74,247400682,322.0,16.91,2023-01-01,2020,base-cc-serie-historique-2020.CSV,True,19.04198698994678,74191,41.53517847904811,24600.0,42.60882196291096,24350.0,190.3473266785177,27030.0,22910.0,True,True,False,False,False,False,False,False,False,False,True,False,322.0,True,False,False,not_listed_no_path,False,True,True,False,False,True,False,False,True,EPCI:247400682,0.0
74032,74,247400682,1275.0,48.97,2023-01-01,2020,base-cc-serie-historique-2020.CSV,True,26.03634878497039,74281,41.53517847904811,24600.0,198.6640564105353,27130.0,190.3473266785177,27030.0,24820.0,True,True,False,False,False,False,False,False,False,False,True,False,1275.0,True,False,False,not_listed_no_path,False,True,True,False,False,True,False,False,False,EPCI:247400682,0.0
74034,74,247400682,636.0,13.18,2023-01-01,2020,base-cc-serie-historique-2020.CSV,True,48.25493171471927,74191,41.53517847904811,24600.0,42.60882196291096,24350.0,190.3473266785177,27030.0,24010.0,True,True,False,False,False,False,False,False,False,False,True,False,636.0,True,False,False,not_listed_no_path,False,True,True,False,False,True,False,False,True,EPCI:247400682,0.0
74045,74,247400617,253.0,18.52,2023-01-01,2020,base-cc-serie-historique-2020.CSV,True,13.660907127429804,74123,53.13867360654331,25250.0,85.88914794404408,23960.0,190.3473266785177,27030.0,21330.0,True,True,False,False,False,False,False,False,False,False,True,False,253.0,True,False,False,not_listed_no_path,False,True,True,False,False,True,False,False,False,EPCI:247400617,0.0
74064,74,200034098,1190.0,9.18,2023-01-01,2020,base-cc-serie-historique-2020.CSV,True,129.62962962962965,74276,34.544056063584314,25560.0,72.77832248863535,26530.0,190.3473266785177,27030.0,27620.0,True,True,False,False,False,False,False,False,False,False,True,False,1190.0,True,False,False,not_listed_no_path,False,True,True,False,False,True,False,False,False,EPCI:200034098,0.0
74079,74,247400617,684.0,18.47,2023-01-01,2020,base-cc-serie-historique-2020.CSV,True,37.03302652950731,74280,53.13867360654331,25250.0,57.91839557399724,24670.0,190.3473266785177,27030.0,23290.0,True,True,False,False,False,False,False,False,False,False,True,False,684.0,True,False,False,not_listed_no_path,False,True,True,False,False,True,False,False,True,EPCI:247400617,0.0
74080,74,247400617,1706.0,40.62,2023-01-01,2020,base-cc-serie-historique-2020.CSV,True,41.99901526341704,74280,53.13867360654331,25250.0,57.91839557399724,24670.0,190.3473266785177,27030.0,26280.0,True,True,False,False,False,False,False,False,False,False,True,False,1706.0,True,False,False,not_listed_no_path,False,True,True,False,False,True,False,False,True,EPCI:247400617,0.0
74091,74,247400682,359.0,12.24,2023-01-01,2020,base-cc-serie-historique-2020.CSV,True,29.330065359477125,74191,41.53517847904811,24600.0,42.60882196291096,24350.0,190.3473266785177,27030.0,23920.0,True,True,False,False,False,False,False,False,False,False,True,False,359.0,True,False,False,not_listed_no_path,False,True,True,False,False,True,False,False,True,EPCI:247400682,0.0
74102,74,247400617,1445.0,34.12,2023-01-01,2020,base-cc-serie-historique-2020.CSV,True,42.35052754982415,74010,53.13867360654331,25250.0,415.9576604804371,26840.0,190.3473266785177,27030.0,30600.0,True,True,False,False,False,False,False,False,False,False,True,False,1445.0,True,False,False,not_listed_no_path,False,True,True,False,False,True,False,False,False,EPCI:247400617,0.0
74114,74,247400682,516.0,6.78,2023-01-01,2020,base-cc-serie-historique-2020.CSV,True,76.10619469026548,74191,41.53517847904811,24600.0,42.60882196291096,24350.0,190.3473266785177,27030.0,25260.0,True,True,False,False,False,False,False,False,False,False,True,False,516.0,True,False,False,not_listed_no_path,False,True,True,False,False,True,False,False,True,EPCI:247400682,0.0
74129,74,247400682,226.0,4.04,2023-01-01,2020,base-cc-serie-historique-2020.CSV,True,55.94059405940594,74281,41.53517847904811,24600.0,198.6640564105353,27130.0,190.3473266785177,27030.0,23290.0,True,True,False,False,False,False,False,False,False,False,True,False,226.0,True,False,False,not_listed_no_path,False,True,True,False,False,True,False,False,False,EPCI:247400682,0.0
74134,74,247400682,1224.0,29.98,2023-01-01,2020,base-cc-serie-historique-2020.CSV,True,40.82721814543029,74191,41.53517847904811,24600.0,42.60882196291096,24350.0,190.3473266785177,27030.0,26890.0,True,True,False,False,False,False,False,False,False,False,True,False,1224.0,True,False,False,not_listed_no_path,False,True,True,False,False,True,False,False,True,EPCI:247400682,0.0
74136,74,247400617,2082.0,61.42,2023-01-01,2020,base-cc-serie-historique-2020.CSV,True,33.897753174861606,74280,53.13867360654331,25250.0,57.91839557399724,24670.0,190.3473266785177,27030.0,24820.0,True,True,False,False,False,False,False,False,False,False,True,False,2082.0,True,False,False,not_listed_no_path,False,True,True,False,False,True,False,False,True,EPCI:247400617,0.0
74155,74,247400682,804.0,13.25,2023-01-01,2020,base-cc-serie-historique-2020.CSV,True,60.67924528301887,74281,41.53517847904811,24600.0,198.6640564105353,27130.0,190.3473266785177,27030.0,26770.0,True,True,False,False,False,False,False,False,False,False,True,False,804.0,True,False,False,not_listed_no_path,False,True,True,False,False,True,False,False,False,EPCI:247400682,0.0
74160,74,247400617,999.0,44.12,2023-01-01,2020,base-cc-serie-historique-2020.CSV,True,22.642792384406167,74280,53.13867360654331,25250.0,57.91839557399724,24670.0,190.3473266785177,27030.0,25560.0,True,True,False,False,False,False,False,False,False,False,True,False,999.0,True,False,False,not_listed_no_path,False,True,True,False,False,True,False,False,True,EPCI:247400617,0.0
74183,74,200034098,2461.0,44.45,2023-01-01,2020,base-cc-serie-historique-2020.CSV,True,55.36557930258717,74276,34.544056063584314,25560.0,72.77832248863535,26530.0,190.3473266785177,27030.0,28290.0,True,True,False,False,False,False,False,False,False,False,True,False,2461.0,True,False,False,not_listed_no_path,False,True,True,False,False,True,False,False,False,EPCI:200034098,0.0
74188,74,247400682,944.0,24.71,2023-01-01,2020,base-cc-serie-historique-2020.CSV,True,38.20315661675435,74191,41.53517847904811,24600.0,42.60882196291096,24350.0,190.3473266785177,27030.0,23090.0,True,True,False,False,False,False,False,False,False,False,True,False,944.0,True,False,False,not_listed_no_path,False,True,True,False,False,True,False,False,True,EPCI:247400682,0.0
74190,74,200034098,671.0,14.51,2023-01-01,2020,base-cc-serie-historique-2020.CSV,True,46.243969676085456,74258,34.544056063584314,25560.0,18.51596693143135,24530.0,190.3473266785177,27030.0,25100.0,True,True,False,False,False,False,False,False,False,False,True,False,671.0,True,False,False,not_listed_no_path,False,True,True,False,False,True,False,False,True,EPCI:200034098,0.0
74191,74,247400682,2690.0,44.1,2023-01-01,2020,base-cc-serie-historique-2020.CSV,True,60.997732426303855,74191,41.53517847904811,24600.0,42.60882196291096,24350.0,190.3473266785177,27030.0,24720.0,True,True,False,False,False,False,False,False,False,False,True,False,2690.0,True,False,False,not_listed_no_path,False,True,True,False,False,True,False,False,True,EPCI:247400682,0.0
74222,74,247400682,502.0,9.82,2023-01-01,2020,base-cc-serie-historique-2020.CSV,True,51.12016293279022,74281,41.53517847904811,24600.0,198.6640564105353,27130.0,190.3473266785177,27030.0,25310.0,True,True,False,False,False,False,False,False,False,False,True,False,502.0,True,False,False,not_listed_no_path,False,True,True,False,False,True,False,False,False,EPCI:247400682,0.0
74223,74,200034098,477.0,7.98,2023-01-01,2020,base-cc-serie-historique-2020.CSV,True,59.77443609022557,74276,34.544056063584314,25560.0,72.77832248863535,26530.0,190.3473266785177,27030.0,26510.0,True,True,False,False,False,False,False,False,False,False,True,False,477.0,True,False,False,not_listed_no_path,False,True,True,False,False,True,False,False,False,EPCI:200034098,0.0
74238,74,247400682,1580.0,40.19,2023-01-01,2020,base-cc-serie-historique-2020.CSV,True,39.313262005474,74191,41.53517847904811,24600.0,42.60882196291096,24350.0,190.3473266785177,27030.0,23420.0,True,True,False,False,False,False,False,False,False,False,True,False,1580.0,True,False,False,not_listed_no_path,False,True,True,False,False,True,False,False,True,EPCI:247400682,0.0
74239,74,247400617,1465.0,12.21,2023-01-01,2020,base-cc-serie-historique-2020.CSV,True,119.98361998361996,74280,53.13867360654331,25250.0,57.91839557399724,24670.0,190.3473266785177,27030.0,24860.0,True,True,False,False,False,False,False,False,False,False,True,False,1465.0,True,False,False,not_listed_no_path,False,True,True,False,False,True,False,False,True,EPCI:247400617,0.0
74258,74,200034098,2380.0,97.29,2023-01-01,2020,base-cc-serie-historique-2020.CSV,True,24.462945832048515,74258,34.544056063584314,25560.0,18.51596693143135,24530.0,190.3473266785177,27030.0,24640.0,True,True,False,False,False,False,False,False,False,False,True,False,2380.0,True,False,False,not_listed_no_path,False,True,True,False,False,True,False,False,True,EPCI:200034098,0.0
74265,74,247400617,702.0,19.73,2023-01-01,2020,base-cc-serie-historique-2020.CSV,True,35.58033451596553,74123,53.13867360654331,25250.0,85.88914794404408,23960.0,190.3473266785177,27030.0,24980.0,True,True,False,False,False,False,False,False,False,False,True,False,702.0,True,False,False,not_listed_no_path,False,True,True,False,False,True,False,False,False,EPCI:247400617,0.0
74271,74,247400682,529.0,18.44,2023-01-01,2020,base-cc-serie-historique-2020.CSV,True,28.68763557483731,74191,41.53517847904811,24600.0,42.60882196291096,24350.0,190.3473266785177,27030.0,24410.0,True,True,False,False,False,False,False,False,False,False,True,False,529.0,True,False,False,not_listed_no_path,False,True,True,False,False,True,False,False,True,EPCI:247400682,0.0
74273,74,200034098,752.0,119.07,2023-01-01,2020,base-cc-serie-historique-2020.CSV,True,6.315612664819015,74258,34.544056063584314,25560.0,18.51596693143135,24530.0,190.3473266785177,27030.0,22720.0,True,True,False,False,False,False,False,False,False,False,True,False,752.0,True,False,False,not_listed_no_path,False,True,True,False,False,True,False,False,True,EPCI:200034098,0.0
74276,74,200034098,3429.0,42.66,2023-01-01,2020,base-cc-serie-historique-2020.CSV,True,80.37974683544304,74276,34.544056063584314,25560.0,72.77832248863535,26530.0,190.3473266785177,27030.0,24600.0,True,True,False,False,False,False,False,False,False,False,True,False,3429.0,True,False,False,not_listed_no_path,False,True,True,False,False,True,False,False,False,EPCI:200034098,0.0
74280,74,247400617,6599.0,52.33,2023-01-01,2020,base-cc-serie-historique-2020.CSV,True,126.1035734760176,74280,53.13867360654331,25250.0,57.91839557399724,24670.0,190.3473266785177,27030.0,24280.0,True,True,False,False,False,False,False,False,False,False,True,False,6599.0,True,False,False,not_listed_no_path,False,True,True,False,False,True,False,False,True,EPCI:247400617,0.0
74287,74,247400682,916.0,18.89,2023-01-01,2020,base-cc-serie-historique-2020.CSV,True,48.49126521969296,74281,41.53517847904811,24600.0,198.6640564105353,27130.0,190.3473266785177,27030.0,24420.0,True,True,False,False,False,False,False,False,False,False,True,False,916.0,True,False,False,not_listed_no_path,False,True,True,False,False,True,False,False,False,EPCI:247400682,0.0
74294,74,200034098,766.0,15.89,2023-01-01,2020,base-cc-serie-historique-2020.CSV,True,48.20641913152926,74258,34.544056063584314,25560.0,18.51596693143135,24530.0,190.3473266785177,27030.0,25570.0,True,True,False,False,False,False,False,False,False,False,True,False,766.0,True,False,False,not_listed_no_path,False,True,True,False,False,True,False,False,True,EPCI:200034098,0.0
74295,74,247400682,323.0,7.78,2023-01-01,2020,base-cc-serie-historique-2020.CSV,True,41.51670951156812,74281,41.53517847904811,24600.0,198.6640564105353,27130.0,190.3473266785177,27030.0,24610.0,True,True,False,False,False,False,False,False,False,False,True,False,323.0,True,False,False,not_listed_no_path,False,True,True,False,False,True,False,False,False,EPCI:247400682,0.0
74302,74,247400617,1089.0,13.32,2023-01-01,2020,base-cc-serie-historique-2020.CSV,True,81.75675675675676,74280,53.13867360654331,25250.0,57.91839557399724,24670.0,190.3473266785177,27030.0,24580.0,True,True,False,False,False,False,False,False,False,False,True,False,1089.0,True,False,False,not_listed_no_path,False,True,True,False,False,True,False,False,True,EPCI:247400617,0.0
77011,77,200023919,491.0,17.74,2023-01-01,2020,base-cc-serie-historique-2020.CSV,True,27.677564825253665,77333,54.86332978345757,22110.0,99.44898545426057,22640.0,241.5158005778246,24000.0,24970.0,True,True,False,False,False,False,False,False,False,False,False,False,0.0,False,False,False,not_listed_no_path,False,True,True,False,False,True,False,False,False,EPCI:200023919,0.0
77015,77,200040251,100.0,4.12,2023-01-01,2020,base-cc-serie-historique-2020.CSV,True,24.271844660194173,77051,54.927574026220334,23010.0,51.65572265762904,22400.0,241.5158005778246,24000.0,,True,True,False,False,False,False,False,False,False,False,False,False,0.0,False,False,False,not_listed_no_path,False,True,True,False,False,True,False,False,True,EPCI:200040251,0.0
77019,77,200040251,335.0,13.22,2023-01-01,2020,base-cc-serie-historique-2020.CSV,True,25.34039334341906,77051,54.927574026220334,23010.0,51.65572265762904,22400.0,241.5158005778246,24000.0,23940.0,True,True,False,False,False,False,False,False,False,False,False,False,0.0,False,False,False,not_listed_no_path,False,True,True,False,False,True,False,False,True,EPCI:200040251,0.0
77020,77,200037133,649.0,19.41,2023-01-01,2020,base-cc-serie-historique-2020.CSV,True,33.43637300360639,77379,55.097527603652914,21670.0,61.13354461944368,21570.0,241.5158005778246,24000.0,25970.0,True,True,False,False,False,False,False,False,True,True,False,False,0.0,False,False,True,listed_only_potential_B_or_D,False,True,True,False,False,True,False,False,True,EPCI:200037133,649.0
77025,77,200040251,872.0,22.68,2023-01-01,2020,base-cc-serie-historique-2020.CSV,True,38.44797178130512,77051,54.927574026220334,23010.0,51.65572265762904,22400.0,241.5158005778246,24000.0,22950.0,True,True,False,False,False,False,False,False,False,False,False,False,0.0,False,False,False,not_listed_no_path,False,True,True,False,False,True,False,False,True,EPCI:200040251,0.0
77033,77,200037133,230.0,2.66,2023-01-01,2020,base-cc-serie-historique-2020.CSV,True,86.46616541353383,77379,55.097527603652914,21670.0,61.13354461944368,21570.0,241.5158005778246,24000.0,24870.0,True,True,False,False,False,False,False,False,True,True,False,False,0.0,False,False,True,listed_only_potential_B_or_D,False,True,True,False,False,True,False,False,True,EPCI:200037133,230.0
77036,77,200037133,134.0,4.3,2023-01-01,2020,base-cc-serie-historique-2020.CSV,True,31.16279069767442,77182,55.097527603652914,21670.0,54.8038501168606,22140.0,241.5158005778246,24000.0,24880.0,True,True,False,False,False,False,False,False,False,False,False,False,0.0,False,False,False,not_listed_no_path,False,True,True,False,False,True,False,False,True,EPCI:200037133,0.0
77045,77,200023919,721.0,16.31,2023-01-01,2020,base-cc-serie-historique-2020.CSV,True,44.20600858369099,77333,54.86332978345757,22110.0,99.44898545426057,22640.0,241.5158005778246,24000.0,23860.0,True,True,False,False,False,False,False,False,False,False,False,False,0.0,False,False,False,not_listed_no_path,False,True,True,False,False,True,False,False,False,EPCI:200023919,0.0
77050,77,200023919,528.0,13.85,2023-01-01,2020,base-cc-serie-historique-2020.CSV,True,38.12274368231047,77333,54.86332978345757,22110.0,99.44898545426057,22640.0,241.5158005778246,24000.0,24480.0,True,True,False,False,False,False,False,False,False,False,False,False,0.0,False,False,False,not_listed_no_path,False,True,True,False,False,True,False,False,False,EPCI:200023919,0.0
77051,77,200040251,2337.0,2.15,2023-01-01,2020,base-cc-serie-historique-2020.CSV,True,1086.9767441860463,77051,54.927574026220334,23010.0,51.65572265762904,22400.0,241.5158005778246,24000.0,20400.0,True,True,False,False,False,False,False,False,False,False,False,False,0.0,False,False,False,not_listed_no_path,False,True,True,False,False,True,False,False,True,EPCI:200040251,0.0
77068,77,200040251,215.0,5.26,2023-01-01,2020,base-cc-serie-historique-2020.CSV,True,40.8745247148289,77327,54.927574026220334,23010.0,77.80033916458407,23230.0,241.5158005778246,24000.0,25880.0,True,True,False,False,False,False,False,False,False,False,False,False,0.0,False,False,False,not_listed_no_path,False,True,True,False,False,True,False,False,False,EPCI:200040251,0.0
77071,77,200023919,842.0,23.92,2023-01-01,2020,base-cc-serie-historique-2020.CSV,True,35.20066889632107,77333,54.86332978345757,22110.0,99.44898545426057,22640.0,241.5158005778246,24000.0,24410.0,True,True,False,False,False,False,False,False,False,False,False,False,0.0,False,False,False,not_listed_no_path,False,True,True,False,False,True,False,False,False,EPCI:200023919,0.0
77073,77,200037133,553.0,9.37,2023-01-01,2020,base-cc-serie-historique-2020.CSV,True,59.018143009605126,77379,55.097527603652914,21670.0,61.13354461944368,21570.0,241.5158005778246,24000.0,25880.0,True,True,False,False,False,False,False,False,True,True,False,False,0.0,False,False,True,listed_only_potential_B_or_D,False,True,True,False,False,True,False,False,True,EPCI:200037133,553.0
77076,77,200040251,757.0,10.04,2023-01-01,2020,base-cc-serie-historique-2020.CSV,True,75.398406374502,77379,54.927574026220334,23010.0,61.13354461944368,21570.0,241.5158005778246,24000.0,22410.0,True,True,False,False,False,False,False,False,True,True,False,False,0.0,False,False,True,listed_only_potential_B_or_D,False,True,True,False,False,True,False,False,True,EPCI:200040251,757.0
77090,77,200037133,240.0,6.37,2023-01-01,2020,base-cc-serie-historique-2020.CSV,True,37.67660910518053,77379,55.097527603652914,21670.0,61.13354461944368,21570.0,241.5158005778246,24000.0,24170.0,True,True,False,False,False,False,False,False,True,True,False,False,0.0,False,False,True,listed_only_potential_B_or_D,False,True,True,False,False,True,False,False,True,EPCI:200037133,240.0
77099,77,200023919,3020.0,29.35,2023-01-01,2020,base-cc-serie-historique-2020.CSV,True,102.8960817717206,77458,54.86332978345757,22110.0,92.85407725321888,21120.0,241.5158005778246,24000.0,21410.0,True,True,False,False,False,False,False,False,False,False,False,False,0.0,False,False,False,not_listed_no_path,False,True,True,False,False,True,False,False,False,EPCI:200023919,0.0
77101,77,200040251,1060.0,13.03,2023-01-01,2020,base-cc-serie-historique-2020.CSV,True,81.35072908672295,77305,54.927574026220334,23010.0,126.14729205331534,20980.0,241.5158005778246,24000.0,22770.0,True,True,False,False,False,False,False,False,False,False,False,False,0.0,False,False,False,not_listed_no_path,False,True,True,False,False,True,False,False,False,EPCI:200040251,0.0
77110,77,200023919,305.0,13.74,2023-01-01,2020,base-cc-serie-historique-2020.CSV,True,22.197962154294032,77458,54.86332978345757,22110.0,92.85407725321888,21120.0,241.5158005778246,24000.0,24010.0,True,True,False,False,False,False,False,False,False,False,False,False,0.0,False,False,False,not_listed_no_path,False,True,True,False,False,True,False,False,False,EPCI:200023919,0.0
77140,77,200040251,271.0,6.23,2023-01-01,2020,base-cc-serie-historique-2020.CSV,True,43.499197431781695,77305,54.927574026220334,23010.0,126.14729205331534,20980.0,241.5158005778246,24000.0,25640.0,True,True,False,False,False,False,False,False,False,False,False,False,0.0,False,False,False,not_listed_no_path,False,True,True,False,False,True,False,False,False,EPCI:200040251,0.0
77159,77,200040251,2760.0,12.07,2023-01-01,2020,base-cc-serie-historique-2020.CSV,True,228.66611433305715,77327,54.927574026220334,23010.0,77.80033916458407,23230.0,241.5158005778246,24000.0,22380.0,True,True,False,False,False,False,False,False,False,False,False,False,0.0,False,False,False,not_listed_no_path,False,True,True,False,False,True,False,False,False,EPCI:200040251,0.0
77167,77,200040251,320.0,16.58,2023-01-01,2020,base-cc-serie-historique-2020.CSV,True,19.300361881785285,77305,54.927574026220334,23010.0,126.14729205331534,20980.0,241.5158005778246,24000.0,23790.0,True,True,False,False,False,False,False,False,False,False,False,False,0.0,False,False,False,not_listed_no_path,False,True,True,False,False,True,False,False,False,EPCI:200040251,0.0
77168,77,200023919,2151.0,31.84,2023-01-01,2020,base-cc-serie-historique-2020.CSV,True,67.55653266331659,77333,54.86332978345757,22110.0,99.44898545426057,22640.0,241.5158005778246,24000.0,22360.0,True,True,False,False,False,False,False,False,False,False,False,False,0.0,False,False,False,not_listed_no_path,False,True,True,False,False,True,False,False,False,EPCI:200023919,0.0
77174,77,200040251,578.0,8.76,2023-01-01,2020,base-cc-serie-historique-2020.CSV,True,65.98173515981735,77379,54.927574026220334,23010.0,61.13354461944368,21570.0,241.5158005778246,24000.0,23500.0,True,True,False,False,False,False,False,False,True,True,False,False,0.0,False,False,True,listed_only_potential_B_or_D,False,True,True,False,False,True,False,False,True,EPCI:200040251,578.0
77187,77,200040251,581.0,11.84,2023-01-01,2020,base-cc-serie-historique-2020.CSV,True,49.07094594594594,10268,54.927574026220334,23010.0,40.57480138470351,21590.0,241.5158005778246,24000.0,20980.0,True,True,False,False,False,False,False,False,True,True,False,False,0.0,False,False,True,listed_only_potential_B_or_D,False,True,True,False,False,True,False,False,True,EPCI:200040251,581.0
77197,77,200037133,166.0,6.43,2023-01-01,2020,base-cc-serie-historique-2020.CSV,True,25.81648522550545,77182,55.097527603652914,21670.0,54.8038501168606,22140.0,241.5158005778246,24000.0,24510.0,True,True,False,False,False,False,False,False,False,False,False,False,0.0,False,False,False,not_listed_no_path,False,True,True,False,False,True,False,False,True,EPCI:200037133,0.0
77208,77,200040251,1361.0,14.64,2023-01-01,2020,base-cc-serie-historique-2020.CSV,True,92.96448087431692,77379,54.927574026220334,23010.0,61.13354461944368,21570.0,241.5158005778246,24000.0,22450.0,True,True,False,False,False,False,False,False,True,True,False,False,0.0,False,False,True,listed_only_potential_B_or_D,False,True,True,False,False,True,False,False,True,EPCI:200040251,1361.0
77212,77,200040251,163.0,7.55,2023-01-01,2020,base-cc-serie-historique-2020.CSV,True,21.58940397350993,77305,54.927574026220334,23010.0,126.14729205331534,20980.0,241.5158005778246,24000.0,27380.0,True,True,False,False,False,False,False,False,False,False,False,False,0.0,False,False,False,not_listed_no_path,False,True,True,False,False,True,False,False,False,EPCI:200040251,0.0
77218,77,200040251,107.0,6.57,2023-01-01,2020,base-cc-serie-historique-2020.CSV,True,16.28614916286149,77051,54.927574026220334,23010.0,51.65572265762904,22400.0,241.5158005778246,24000.0,21710.0,True,True,False,False,False,False,False,False,False,False,False,False,0.0,False,False,False,not_listed_no_path,False,True,True,False,False,True,False,False,True,EPCI:200040251,0.0
77223,77,200040251,564.0,12.59,2023-01-01,2020,base-cc-serie-historique-2020.CSV,True,44.79745830023828,77327,54.927574026220334,23010.0,77.80033916458407,23230.0,241.5158005778246,24000.0,24940.0,True,True,False,False,False,False,False,False,False,False,False,False,0.0,False,False,False,not_listed_no_path,False,True,True,False,False,True,False,False,False,EPCI:200040251,0.0
77227,77,200040251,615.0,15.9,2023-01-01,2020,base-cc-serie-historique-2020.CSV,True,38.67924528301887,77379,54.927574026220334,23010.0,61.13354461944368,21570.0,241.5158005778246,24000.0,23130.0,True,True,False,False,False,False,False,False,True,True,False,False,0.0,False,False,True,listed_only_potential_B_or_D,False,True,True,False,False,True,False,False,True,EPCI:200040251,615.0
77236,77,200040251,345.0,15.84,2023-01-01,2020,base-cc-serie-historique-2020.CSV,True,21.78030303030303,77051,54.927574026220334,23010.0,51.65572265762904,22400.0,241.5158005778246,24000.0,24660.0,True,True,False,False,False,False,False,False,False,False,False,False,0.0,False,False,False,not_listed_no_path,False,True,True,False,False,True,False,False,True,EPCI:200040251,0.0
77242,77,200040251,532.0,4.6,2023-01-01,2020,base-cc-serie-historique-2020.CSV,True,115.65217391304348,77379,54.927574026220334,23010.0,61.13354461944368,21570.0,241.5158005778246,24000.0,21420.0,True,True,False,False,False,False,False,False,True,True,False,False,0.0,False,False,True,listed_only_potential_B_or_D,False,True,True,False,False,True,False,False,True,EPCI:200040251,532.0
77256,77,200040251,187.0,5.77,2023-01-01,2020,base-cc-serie-historique-2020.CSV,True,32.40901213171578,77379,54.927574026220334,23010.0,61.13354461944368,21570.0,241.5158005778246,24000.0,23040.0,True,True,False,False,False,False,False,False,True,True,False,False,0.0,False,False,True,listed_only_potential_B_or_D,False,True,True,False,False,True,False,False,True,EPCI:200040251,187.0
77260,77,200037133,1778.0,5.61,2023-01-01,2020,base-cc-serie-historique-2020.CSV,True,316.93404634581105,77379,55.097527603652914,21670.0,61.13354461944368,21570.0,241.5158005778246,24000.0,19600.0,True,True,False,False,False,False,False,False,True,True,False,False,0.0,False,False,True,listed_only_potential_B_or_D,False,True,True,False,False,True,False,False,True,EPCI:200037133,1778.0
77261,77,200023919,1208.0,19.9,2023-01-01,2020,base-cc-serie-historique-2020.CSV,True,60.7035175879397,77333,54.86332978345757,22110.0,99.44898545426057,22640.0,241.5158005778246,24000.0,22450.0,True,True,False,False,False,False,False,False,False,False,False,False,0.0,False,False,False,not_listed_no_path,False,True,True,False,False,True,False,False,False,EPCI:200023919,0.0
77263,77,200040251,232.0,5.04,2023-01-01,2020,base-cc-serie-historique-2020.CSV,True,46.03174603174603,77327,54.927574026220334,23010.0,77.80033916458407,23230.0,241.5158005778246,24000.0,21890.0,True,True,False,False,False,False,False,False,False,False,False,False,0.0,False,False,False,not_listed_no_path,False,True,True,False,False,True,False,False,False,EPCI:200040251,0.0
77267,77,200023919,355.0,6.16,2023-01-01,2020,base-cc-serie-historique-2020.CSV,True,57.62987012987013,77333,54.86332978345757,22110.0,99.44898545426057,22640.0,241.5158005778246,24000.0,25100.0,True,True,False,False,False,False,False,False,False,False,False,False,0.0,False,False,False,not_listed_no_path,False,True,True,False,False,True,False,False,False,EPCI:200023919,0.0
77271,77,200023919,137.0,8.58,2023-01-01,2020,base-cc-serie-historique-2020.CSV,True,15.967365967365968,77458,54.86332978345757,22110.0,92.85407725321888,21120.0,241.5158005778246,24000.0,23330.0,True,True,False,False,False,False,False,False,False,False,False,False,0.0,False,False,False,not_listed_no_path,False,True,True,False,False,True,False,False,False,EPCI:200023919,0.0
77272,77,200037133,861.0,13.91,2023-01-01,2020,base-cc-serie-historique-2020.CSV,True,61.89791516894321,77327,55.097527603652914,21670.0,77.80033916458407,23230.0,241.5158005778246,24000.0,23890.0,True,True,False,False,False,False,False,False,False,False,False,False,0.0,False,False,False,not_listed_no_path,False,True,True,False,False,True,False,False,False,EPCI:200037133,0.0
77286,77,200040251,231.0,7.76,2023-01-01,2020,base-cc-serie-historique-2020.CSV,True,29.7680412371134,77327,54.927574026220334,23010.0,77.80033916458407,23230.0,241.5158005778246,24000.0,26580.0,True,True,False,False,False,False,False,False,False,False,False,False,0.0,False,False,False,not_listed_no_path,False,True,True,False,False,True,False,False,False,EPCI:200040251,0.0
77297,77,200023919,327.0,20.27,2023-01-01,2020,base-cc-serie-historique-2020.CSV,True,16.132215096201282,77458,54.86332978345757,22110.0,92.85407725321888,21120.0,241.5158005778246,24000.0,25220.0,True,True,False,False,False,False,False,False,False,False,False,False,0.0,False,False,False,not_listed_no_path,False,True,True,False,False,True,False,False,False,EPCI:200023919,0.0
77298,77,200040251,445.0,6.23,2023-01-01,2020,base-cc-serie-historique-2020.CSV,True,71.42857142857143,77327,54.927574026220334,23010.0,77.80033916458407,23230.0,241.5158005778246,24000.0,24620.0,True,True,False,False,False,False,False,False,False,False,False,False,0.0,False,False,False,not_listed_no_path,False,True,True,False,False,True,False,False,False,EPCI:200040251,0.0
77310,77,200040251,305.0,7.89,2023-01-01,2020,base-cc-serie-historique-2020.CSV,True,38.65652724968314,77051,54.927574026220334,23010.0,51.65572265762904,22400.0,241.5158005778246,24000.0,24770.0,True,True,False,False,False,False,False,False,False,False,False,False,0.0,False,False,False,not_listed_no_path,False,True,True,False,False,True,False,False,True,EPCI:200040251,0.0
77311,77,200040251,1405.0,20.37,2023-01-01,2020,base-cc-serie-historique-2020.CSV,True,68.97398134511536,77305,54.927574026220334,23010.0,126.14729205331534,20980.0,241.5158005778246,24000.0,24960.0,True,True,False,False,False,False,False,False,False,False,False,False,0.0,False,False,False,not_listed_no_path,False,True,True,False,False,True,False,False,False,EPCI:200040251,0.0
77319,77,200037133,142.0,13.2,2023-01-01,2020,base-cc-serie-historique-2020.CSV,True,10.757575757575758,77379,55.097527603652914,21670.0,61.13354461944368,21570.0,241.5158005778246,24000.0,22410.0,True,True,False,False,False,False,False,False,True,True,False,False,0.0,False,False,True,listed_only_potential_B_or_D,False,True,True,False,False,True,False,False,True,EPCI:200037133,142.0
77321,77,200040251,667.0,8.67,2023-01-01,2020,base-cc-serie-historique-2020.CSV,True,76.93194925028835,77051,54.927574026220334,23010.0,51.65572265762904,22400.0,241.5158005778246,24000.0,22020.0,True,True,False,False,False,False,False,False,False,False,False,False,0.0,False,False,False,not_listed_no_path,False,True,True,False,False,True,False,False,True,EPCI:200040251,0.0
77325,77,200040251,360.0,8.62,2023-01-01,2020,base-cc-serie-historique-2020.CSV,True,41.76334106728539,77051,54.927574026220334,23010.0,51.65572265762904,22400.0,241.5158005778246,24000.0,22400.0,True,True,False,False,False,False,False,False,False,False,False,False,0.0,False,False,False,not_listed_no_path,False,True,True,False,False,True,False,False,True,EPCI:200040251,0.0
77341,77,200040251,382.0,12.24,2023-01-01,2020,base-cc-serie-historique-2020.CSV,True,31.209150326797385,77379,54.927574026220334,23010.0,61.13354461944368,21570.0,241.5158005778246,24000.0,23570.0,True,True,False,False,False,False,False,False,True,True,False,False,0.0,False,False,True,listed_only_potential_B_or_D,False,True,True,False,False,True,False,False,True,EPCI:200040251,382.0
77347,77,200040251,855.0,12.22,2023-01-01,2020,base-cc-serie-historique-2020.CSV,True,69.9672667757774,77051,54.927574026220334,23010.0,51.65572265762904,22400.0,241.5158005778246,24000.0,23070.0,True,True,False,False,False,False,False,False,False,False,False,False,0.0,False,False,False,not_listed_no_path,False,True,True,False,False,True,False,False,True,EPCI:200040251,0.0
77355,77,200040251,167.0,4.25,2023-01-01,2020,base-cc-serie-historique-2020.CSV,True,39.294117647058826,77327,54.927574026220334,23010.0,77.80033916458407,23230.0,241.5158005778246,24000.0,24750.0,True,True,False,False,False,False,False,False,False,False,False,False,0.0,False,False,False,not_listed_no_path,False,True,True,False,False,True,False,False,False,EPCI:200040251,0.0
77356,77,200040251,45.0,4.53,2023-01-01,2020,base-cc-serie-historique-2020.CSV,True,9.933774834437086,77051,54.927574026220334,23010.0,51.65572265762904,22400.0,241.5158005778246,24000.0,,True,True,False,False,False,False,False,False,False,False,False,False,0.0,False,False,False,not_listed_no_path,False,True,True,False,False,True,False,False,True,EPCI:200040251,0.0
77368,77,200037133,508.0,6.02,2023-01-01,2020,base-cc-serie-historique-2020.CSV,True,84.38538205980068,77379,55.097527603652914,21670.0,61.13354461944368,21570.0,241.5158005778246,24000.0,22090.0,True,True,False,False,False,False,False,False,True,True,False,False,0.0,False,False,True,listed_only_potential_B_or_D,False,True,True,False,False,True,False,False,True,EPCI:200037133,508.0
77370,77,200023919,783.0,27.34,2023-01-01,2020,base-cc-serie-historique-2020.CSV,True,28.639356254572057,77333,54.86332978345757,22110.0,99.44898545426057,22640.0,241.5158005778246,24000.0,25190.0,True,True,False,False,False,False,False,False,False,False,False,False,0.0,False,False,False,not_listed_no_path,False,True,True,False,False,True,False,False,False,EPCI:200023919,0.0
77379,77,200037133,12115.0,14.72,2023-01-01,2020,base-cc-serie-historique-2020.CSV,True,823.0298913043478,77379,55.097527603652914,21670.0,61.13354461944368,21570.0,241.5158005778246,24000.0,18760.0,True,True,False,False,False,False,False,False,True,True,False,False,0.0,False,False,True,listed_only_potential_B_or_D,False,True,True,False,False,True,False,False,True,EPCI:200037133,12115.0
77391,77,200037133,491.0,7.62,2023-01-01,2020,base-cc-serie-historique-2020.CSV,True,64.43569553805774,77379,55.097527603652914,21670.0,61.13354461944368,21570.0,241.5158005778246,24000.0,22970.0,True,True,False,False,False,False,False,False,True,True,False,False,0.0,False,False,True,listed_only_potential_B_or_D,False,True,True,False,False,True,False,False,True,EPCI:200037133,491.0
77403,77,200037133,808.0,11.46,2023-01-01,2020,base-cc-serie-historique-2020.CSV,True,70.50610820244327,77379,55.097527603652914,21670.0,61.13354461944368,21570.0,241.5158005778246,24000.0,25020.0,True,True,False,False,False,False,False,False,True,True,False,False,0.0,False,False,True,listed_only_potential_B_or_D,False,True,True,False,False,True,False,False,True,EPCI:200037133,808.0
77404,77,200037133,1808.0,8.16,2023-01-01,2020,base-cc-serie-historique-2020.CSV,True,221.5686274509804,77379,55.097527603652914,21670.0,61.13354461944368,21570.0,241.5158005778246,24000.0,22530.0,True,True,False,False,False,False,False,False,True,True,False,False,0.0,False,False,True,listed_only_potential_B_or_D,False,True,True,False,False,True,False,False,True,EPCI:200037133,1808.0
77414,77,200037133,489.0,19.13,2023-01-01,2020,base-cc-serie-historique-2020.CSV,True,25.56194458964977,77379,55.097527603652914,21670.0,61.13354461944368,21570.0,241.5158005778246,24000.0,23850.0,True,True,False,False,False,False,False,False,True,True,False,False,0.0,False,False,True,listed_only_potential_B_or_D,False,True,True,False,False,True,False,False,True,EPCI:200037133,489.0
77418,77,200037133,871.0,10.95,2023-01-01,2020,base-cc-serie-historique-2020.CSV,True,79.5433789954338,77379,55.097527603652914,21670.0,61.13354461944368,21570.0,241.5158005778246,24000.0,24120.0,True,True,False,False,False,False,False,False,True,True,False,False,0.0,False,False,True,listed_only_potential_B_or_D,False,True,True,False,False,True,False,False,True,EPCI:200037133,871.0
77434,77,200040251,366.0,6.52,2023-01-01,2020,base-cc-serie-historique-2020.CSV,True,56.13496932515338,77051,54.927574026220334,23010.0,51.65572265762904,22400.0,241.5158005778246,24000.0,24840.0,True,True,False,False,False,False,False,False,False,False,False,False,0.0,False,False,False,not_listed_no_path,False,True,True,False,False,True,False,False,True,EPCI:200040251,0.0
77446,77,200040251,598.0,6.6,2023-01-01,2020,base-cc-serie-historique-2020.CSV,True,90.6060606060606,77379,54.927574026220334,23010.0,61.13354461944368,21570.0,241.5158005778246,24000.0,23150.0,True,True,False,False,False,False,False,False,True,True,False,False,0.0,False,False,True,listed_only_potential_B_or_D,False,True,True,False,False,True,False,False,True,EPCI:200040251,598.0
77452,77,200040251,66.0,4.73,2023-01-01,2020,base-cc-serie-historique-2020.CSV,True,13.95348837209302,77327,54.927574026220334,23010.0,77.80033916458407,23230.0,241.5158005778246,24000.0,,True,True,False,False,False,False,False,False,False,False,False,False,0.0,False,False,False,not_listed_no_path,False,True,True,False,False,True,False,False,False,EPCI:200040251,0.0
77454,77,200040251,367.0,10.12,2023-01-01,2020,base-cc-serie-historique-2020.CSV,True,36.26482213438735,77327,54.927574026220334,23010.0,77.80033916458407,23230.0,241.5158005778246,24000.0,24730.0,True,True,False,False,False,False,False,False,False,False,False,False,0.0,False,False,False,not_listed_no_path,False,True,True,False,False,True,False,False,False,EPCI:200040251,0.0
77456,77,200037133,823.0,11.34,2023-01-01,2020,base-cc-serie-historique-2020.CSV,True,72.57495590828924,77379,55.097527603652914,21670.0,61.13354461944368,21570.0,241.5158005778246,24000.0,23130.0,True,True,False,False,False,False,False,False,True,True,False,False,0.0,False,False,True,listed_only_potential_B_or_D,False,True,True,False,False,True,False,False,True,EPCI:200037133,823.0
77458,77,200023919,5253.0,27.63,2023-01-01,2020,base-cc-serie-historique-2020.CSV,True,190.1194353963084,77458,54.86332978345757,22110.0,92.85407725321888,21120.0,241.5158005778246,24000.0,19770.0,True,True,False,False,False,False,False,False,False,False,False,False,0.0,False,False,False,not_listed_no_path,False,True,True,False,False,True,False,False,False,EPCI:200023919,0.0
77461,77,200040251,299.0,5.37,2023-01-01,2020,base-cc-serie-historique-2020.CSV,True,55.679702048417134,77327,54.927574026220334,23010.0,77.80033916458407,23230.0,241.5158005778246,24000.0,25000.0,True,True,False,False,False,False,False,False,False,False,False,False,0.0,False,False,False,not_listed_no_path,False,True,True,False,False,True,False,False,False,EPCI:200040251,0.0
77467,77,200040251,203.0,7.84,2023-01-01,2020,base-cc-serie-historique-2020.CSV,True,25.892857142857142,77305,54.927574026220334,23010.0,126.14729205331534,20980.0,241.5158005778246,24000.0,22500.0,True,True,False,False,False,False,False,False,False,False,False,False,0.0,False,False,False,not_listed_no_path,False,True,True,False,False,True,False,False,False,EPCI:200040251,0.0
77489,77,200023919,237.0,8.47,2023-01-01,2020,base-cc-serie-historique-2020.CSV,True,27.981109799291616,77333,54.86332978345757,22110.0,99.44898545426057,22640.0,241.5158005778246,24000.0,24530.0,True,True,False,False,False,False,False,False,False,False,False,False,0.0,False,False,False,not_listed_no_path,False,True,True,False,False,True,False,False,False,EPCI:200023919,0.0
77500,77,200023919,463.0,16.45,2023-01-01,2020,base-cc-serie-historique-2020.CSV,True,28.145896656534955,77333,54.86332978345757,22110.0,99.44898545426057,22640.0,241.5158005778246,24000.0,24340.0,True,True,False,False,False,False,False,False,False,False,False,False,0.0,False,False,False,not_listed_no_path,False,True,True,False,False,True,False,False,False,EPCI:200023919,0.0
77507,77,200040251,424.0,20.81,2023-01-01,2020,base-cc-serie-historique-2020.CSV,True,20.37481979817396,77051,54.927574026220334,23010.0,51.65572265762904,22400.0,241.5158005778246,24000.0,22940.0,True,True,False,False,False,False,False,False,False,False,False,False,0.0,False,False,False,not_listed_no_path,False,True,True,False,False,True,False,False,True,EPCI:200040251,0.0
77509,77,200040251,615.0,20.6,2023-01-01,2020,base-cc-serie-historique-2020.CSV,True,29.854368932038835,77327,54.927574026220334,23010.0,77.80033916458407,23230.0,241.5158005778246,24000.0,23700.0,True,True,False,False,False,False,False,False,False,False,False,False,0.0,False,False,False,not_listed_no_path,False,True,True,False,False,True,False,False,False,EPCI:200040251,0.0
77522,77,200040251,297.0,11.37,2023-01-01,2020,base-cc-serie-historique-2020.CSV,True,26.121372031662272,10268,54.927574026220334,23010.0,40.57480138470351,21590.0,241.5158005778246,24000.0,22490.0,True,True,False,False,False,False,False,False,True,True,False,False,0.0,False,False,True,listed_only_potential_B_or_D,False,True,True,False,False,True,False,False,True,EPCI:200040251,297.0
77523,77,200040251,258.0,9.26,2023-01-01,2020,base-cc-serie-historique-2020.CSV,True,27.86177105831533,10268,54.927574026220334,23010.0,40.57480138470351,21590.0,241.5158005778246,24000.0,23400.0,True,True,False,False,False,False,False,False,True,True,False,False,0.0,False,False,True,listed_only_potential_B_or_D,False,True,True,False,False,True,False,False,True,EPCI:200040251,258.0
77524,77,200040251,522.0,11.33,2023-01-01,2020,base-cc-serie-historique-2020.CSV,True,46.07237422771404,77327,54.927574026220334,23010.0,77.80033916458407,23230.0,241.5158005778246,24000.0,24030.0,True,True,False,False,False,False,False,False,False,False,False,False,0.0,False,False,False,not_listed_no_path,False,True,True,False,False,True,False,False,False,EPCI:200040251,0.0
77532,77,200037133,65.0,10.75,2023-01-01,2020,base-cc-serie-historique-2020.CSV,True,6.046511627906977,77379,55.097527603652914,21670.0,61.13354461944368,21570.0,241.5158005778246,24000.0,,True,True,False,False,False,False,False,False,True,True,False,False,0.0,False,False,True,listed_only_potential_B_or_D,False,True,True,False,False,True,False,False,True,EPCI:200037133,65.0
80010,80,200070969,2778.0,25.35,2023-01-01,2020,base-cc-serie-historique-2020.CSV,True,109.58579881656804,80010,56.651781077993554,22830.0,61.59754224270353,23160.0,92.17778584533202,20980.0,23130.0,True,True,False,False,False,False,False,False,False,False,False,False,0.0,False,False,False,not_listed_no_path,False,True,True,False,False,True,False,False,True,EPCI:200070969,0.0
80013,80,200071181,2331.0,24.88,2023-01-01,2020,base-cc-serie-historique-2020.CSV,True,93.68971061093248,80013,42.289755603950816,21620.0,55.06230529595016,20140.0,92.17778584533202,20980.0,18870.0,True,True,False,False,False,False,False,False,True,True,False,False,0.0,False,False,True,listed_only_potential_B_or_D,False,True,True,False,False,True,False,False,True,EPCI:200071181,2331.0
80019,80,200071181,792.0,13.07,2023-01-01,2020,base-cc-serie-historique-2020.CSV,True,60.59678653404744,80013,42.289755603950816,21620.0,55.06230529595016,20140.0,92.17778584533202,20980.0,21730.0,True,True,False,False,False,False,False,False,True,True,False,False,0.0,False,False,True,listed_only_potential_B_or_D,False,True,True,False,False,True,False,False,True,EPCI:200071181,792.0
80022,80,200071181,267.0,8.35,2023-01-01,2020,base-cc-serie-historique-2020.CSV,True,31.976047904191617,76035,42.289755603950816,21620.0,39.50073096176849,20260.0,92.17778584533202,20980.0,21830.0,True,True,False,False,False,False,False,False,True,True,False,False,0.0,False,False,True,listed_only_potential_B_or_D,False,True,True,False,False,True,False,False,True,EPCI:200071181,267.0
80026,80,200071181,30.0,2.54,2023-01-01,2020,base-cc-serie-historique-2020.CSV,True,11.811023622047244,76035,42.289755603950816,21620.0,39.50073096176849,20260.0,92.17778584533202,20980.0,,True,True,False,False,False,False,False,False,True,True,False,False,0.0,False,False,True,listed_only_potential_B_or_D,False,True,True,False,False,True,False,False,True,EPCI:200071181,30.0
80031,80,200070969,773.0,12.68,2023-01-01,2020,base-cc-serie-historique-2020.CSV,True,60.9621451104101,80680,56.651781077993554,22830.0,63.80365779927449,20460.0,92.17778584533202,20980.0,21180.0,True,True,False,False,False,False,False,False,True,True,False,False,0.0,False,False,True,listed_only_potential_B_or_D,False,True,True,False,False,True,False,False,True,EPCI:200070969,773.0
80035,80,200070969,77.0,3.8,2023-01-01,2020,base-cc-serie-historique-2020.CSV,True,20.26315789473684,80799,56.651781077993554,22830.0,100.0235765648945,23380.0,92.17778584533202,20980.0,,True,True,False,False,False,False,False,False,False,False,False,False,0.0,False,False,False,not_listed_no_path,False,True,True,False,False,True,False,False,False,EPCI:200070969,0.0
80037,80,200070969,159.0,4.88,2023-01-01,2020,base-cc-serie-historique-2020.CSV,True,32.58196721311475,80570,56.651781077993554,22830.0,67.94153203648753,22060.0,92.17778584533202,20980.0,20500.0,True,True,False,False,False,False,False,False,False,False,False,False,0.0,False,False,False,not_listed_no_path,False,True,True,False,False,True,False,False,False,EPCI:200070969,0.0
80040,80,200071181,172.0,5.57,2023-01-01,2020,base-cc-serie-historique-2020.CSV,True,30.879712746858168,80606,42.289755603950816,21620.0,42.80419131798418,20140.0,92.17778584533202,20980.0,21880.0,True,True,False,False,False,False,False,False,True,True,False,False,0.0,False,False,True,listed_only_potential_B_or_D,False,True,True,False,False,True,False,False,True,EPCI:200071181,172.0
80041,80,200071181,147.0,3.31,2023-01-01,2020,base-cc-serie-historique-2020.CSV,True,44.41087613293051,76035,42.289755603950816,21620.0,39.50073096176849,20260.0,92.17778584533202,20980.0,20970.0,True,True,False,False,False,False,False,False,True,True,False,False,0.0,False,False,True,listed_only_potential_B_or_D,False,True,True,False,False,True,False,False,True,EPCI:200071181,147.0
80044,80,200070951,406.0,4.58,2023-01-01,2020,base-cc-serie-historique-2020.CSV,True,88.64628820960698,80253,57.654826111214426,21630.0,50.46483465300419,20200.0,92.17778584533202,20980.0,22150.0,True,True,False,False,False,False,False,False,True,True,False,False,0.0,False,False,True,listed_only_potential_B_or_D,False,True,True,False,False,True,False,False,True,EPCI:200070951,406.0
80046,80,200071181,54.0,4.87,2023-01-01,2020,base-cc-serie-historique-2020.CSV,True,11.08829568788501,80013,42.289755603950816,21620.0,55.06230529595016,20140.0,92.17778584533202,20980.0,,True,True,False,False,False,False,False,False,True,True,False,False,0.0,False,False,True,listed_only_potential_B_or_D,False,True,True,False,False,True,False,False,True,EPCI:200071181,54.0
80048,80,200071181,64.0,6.12,2023-01-01,2020,base-cc-serie-historique-2020.CSV,True,10.45751633986928,76035,42.289755603950816,21620.0,39.50073096176849,20260.0,92.17778584533202,20980.0,,True,True,False,False,False,False,False,False,True,True,False,False,0.0,False,False,True,listed_only_potential_B_or_D,False,True,True,False,False,True,False,False,True,EPCI:200071181,64.0
80050,80,200071181,477.0,6.24,2023-01-01,2020,base-cc-serie-historique-2020.CSV,True,76.4423076923077,80021,42.289755603950816,21620.0,262.04793296777774,21580.0,92.17778584533202,20980.0,28420.0,True,True,False,False,False,False,False,False,False,False,False,False,0.0,False,False,False,not_listed_no_path,False,True,True,False,False,True,False,False,False,EPCI:200071181,0.0
80056,80,200070951,93.0,7.75,2023-01-01,2020,base-cc-serie-historique-2020.CSV,True,12.0,80021,57.654826111214426,21630.0,262.04793296777774,21580.0,92.17778584533202,20980.0,,True,True,False,False,False,False,False,False,False,False,False,False,0.0,False,False,False,not_listed_no_path,False,True,True,False,False,True,False,False,False,EPCI:200070951,0.0
80061,80,200071181,183.0,6.72,2023-01-01,2020,base-cc-serie-historique-2020.CSV,True,27.232142857142858,76035,42.289755603950816,21620.0,39.50073096176849,20260.0,92.17778584533202,20980.0,19110.0,True,True,False,False,False,False,False,False,True,True,False,False,0.0,False,False,True,listed_only_potential_B_or_D,False,True,True,False,False,True,False,False,True,EPCI:200071181,183.0
80062,80,200071181,1452.0,5.02,2023-01-01,2020,base-cc-serie-historique-2020.CSV,True,289.24302788844625,76035,42.289755603950816,21620.0,39.50073096176849,20260.0,92.17778584533202,20980.0,18460.0,True,True,False,False,False,False,False,False,True,True,False,False,0.0,False,False,True,listed_only_potential_B_or_D,False,True,True,False,False,True,False,False,True,EPCI:200071181,1452.0
80064,80,200070969,168.0,5.95,2023-01-01,2020,base-cc-serie-historique-2020.CSV,True,28.23529411764705,80570,56.651781077993554,22830.0,67.94153203648753,22060.0,92.17778584533202,20980.0,27050.0,True,True,False,False,False,False,False,False,False,False,False,False,0.0,False,False,False,not_listed_no_path,False,True,True,False,False,True,False,False,False,EPCI:200070969,0.0
80066,80,200070951,272.0,5.47,2023-01-01,2020,base-cc-serie-historique-2020.CSV,True,49.72577696526509,80021,57.654826111214426,21630.0,262.04793296777774,21580.0,92.17778584533202,20980.0,24130.0,True,True,False,False,False,False,False,False,False,False,False,False,0.0,False,False,False,not_listed_no_path,False,True,True,False,False,True,False,False,False,EPCI:200070951,0.0
80070,80,200070951,1337.0,20.04,2023-01-01,2020,base-cc-serie-historique-2020.CSV,True,66.71656686626747,80253,57.654826111214426,21630.0,50.46483465300419,20200.0,92.17778584533202,20980.0,20970.0,True,True,False,False,False,False,False,False,True,True,False,False,0.0,False,False,True,listed_only_potential_B_or_D,False,True,True,False,False,True,False,False,True,EPCI:200070951,1337.0
80071,80,200070951,2007.0,22.56,2023-01-01,2020,base-cc-serie-historique-2020.CSV,True,88.96276595744682,80253,57.654826111214426,21630.0,50.46483465300419,20200.0,92.17778584533202,20980.0,19870.0,True,True,False,False,False,False,False,False,True,True,False,False,0.0,False,False,True,listed_only_potential_B_or_D,False,True,True,False,False,True,False,False,True,EPCI:200070951,2007.0
80077,80,200070951,317.0,7.06,2023-01-01,2020,base-cc-serie-historique-2020.CSV,True,44.90084985835694,80021,57.654826111214426,21630.0,262.04793296777774,21580.0,92.17778584533202,20980.0,22990.0,True,True,False,False,False,False,False,False,False,False,False,False,0.0,False,False,False,not_listed_no_path,False,True,True,False,False,True,False,False,False,EPCI:200070951,0.0
80079,80,200071181,310.0,7.8,2023-01-01,2020,base-cc-serie-historique-2020.CSV,True,39.74358974358975,80211,42.289755603950816,21620.0,39.47710203851149,23170.0,92.17778584533202,20980.0,22870.0,True,True,False,False,False,False,False,False,False,False,False,False,0.0,False,False,False,not_listed_no_path,False,True,True,False,False,True,False,False,True,EPCI:200071181,0.0
80081,80,200071181,89.0,6.55,2023-01-01,2020,base-cc-serie-historique-2020.CSV,True,13.587786259541986,80013,42.289755603950816,21620.0,55.06230529595016,20140.0,92.17778584533202,20980.0,,True,True,False,False,False,False,False,False,True,True,False,False,0.0,False,False,True,listed_only_potential_B_or_D,False,True,True,False,False,True,False,False,True,EPCI:200071181,89.0
80083,80,200071181,138.0,6.85,2023-01-01,2020,base-cc-serie-historique-2020.CSV,True,20.145985401459853,80630,42.289755603950816,21620.0,37.676230521889686,21710.0,92.17778584533202,20980.0,23580.0,True,True,False,False,False,False,False,False,False,False,False,False,0.0,False,False,False,not_listed_no_path,False,True,True,False,False,True,False,False,True,EPCI:200071181,0.0
80084,80,200071181,209.0,4.1,2023-01-01,2020,base-cc-serie-historique-2020.CSV,True,50.97560975609756,76035,42.289755603950816,21620.0,39.50073096176849,20260.0,92.17778584533202,20980.0,20850.0,True,True,False,False,False,False,False,False,True,True,False,False,0.0,False,False,True,listed_only_potential_B_or_D,False,True,True,False,False,True,False,False,True,EPCI:200071181,209.0
80094,80,200070969,458.0,2.62,2023-01-01,2020,base-cc-serie-historique-2020.CSV,True,174.8091603053435,80570,56.651781077993554,22830.0,67.94153203648753,22060.0,92.17778584533202,20980.0,25410.0,True,True,False,False,False,False,False,False,False,False,False,False,0.0,False,False,False,not_listed_no_path,False,True,True,False,False,True,False,False,False,EPCI:200070969,0.0
80098,80,200071181,107.0,4.16,2023-01-01,2020,base-cc-serie-historique-2020.CSV,True,25.721153846153847,76035,42.289755603950816,21620.0,39.50073096176849,20260.0,92.17778584533202,20980.0,23250.0,True,True,False,False,False,False,False,False,True,True,False,False,0.0,False,False,True,listed_only_potential_B_or_D,False,True,True,False,False,True,False,False,True,EPCI:200071181,107.0
80106,80,200071181,173.0,8.01,2023-01-01,2020,base-cc-serie-historique-2020.CSV,True,21.5980024968789,80630,42.289755603950816,21620.0,37.676230521889686,21710.0,92.17778584533202,20980.0,24310.0,True,True,False,False,False,False,False,False,False,False,False,False,0.0,False,False,False,not_listed_no_path,False,True,True,False,False,True,False,False,True,EPCI:200071181,0.0
80114,80,200071181,341.0,9.48,2023-01-01,2020,base-cc-serie-historique-2020.CSV,True,35.970464135021096,80211,42.289755603950816,21620.0,39.47710203851149,23170.0,92.17778584533202,20980.0,25630.0,True,True,False,False,False,False,False,False,False,False,False,False,0.0,False,False,False,not_listed_no_path,False,True,True,False,False,True,False,False,True,EPCI:200071181,0.0
80119,80,200071181,409.0,10.21,2023-01-01,2020,base-cc-serie-historique-2020.CSV,True,40.05876591576885,80021,42.289755603950816,21620.0,262.04793296777774,21580.0,92.17778584533202,20980.0,22760.0,True,True,False,False,False,False,False,False,False,False,False,False,0.0,False,False,False,not_listed_no_path,False,True,True,False,False,True,False,False,False,EPCI:200071181,0.0
80122,80,200070951,490.0,7.15,2023-01-01,2020,base-cc-serie-historique-2020.CSV,True,68.53146853146853,80253,57.654826111214426,21630.0,50.46483465300419,20200.0,92.17778584533202,20980.0,20680.0,True,True,False,False,False,False,False,False,True,True,False,False,0.0,False,False,True,listed_only_potential_B_or_D,False,True,True,False,False,True,False,False,True,EPCI:200070951,490.0
80132,80,200070969,216.0,7.21,2023-01-01,2020,base-cc-serie-historique-2020.CSV,True,29.958391123439668,80570,56.651781077993554,22830.0,67.94153203648753,22060.0,92.17778584533202,20980.0,24970.0,True,True,False,False,False,False,False,False,False,False,False,False,0.0,False,False,False,not_listed_no_path,False,True,True,False,False,True,False,False,False,EPCI:200070969,0.0
80134,80,200071181,81.0,2.41,2023-01-01,2020,base-cc-serie-historique-2020.CSV,True,33.60995850622407,80211,42.289755603950816,21620.0,39.47710203851149,23170.0,92.17778584533202,20980.0,,True,True,False,False,False,False,False,False,False,False,False,False,0.0,False,False,False,not_listed_no_path,False,True,True,False,False,True,False,False,True,EPCI:200071181,0.0
80140,80,200070951,110.0,1.83,2023-01-01,2020,base-cc-serie-historique-2020.CSV,True,60.10928961748634,80253,57.654826111214426,21630.0,50.46483465300419,20200.0,92.17778584533202,20980.0,22150.0,True,True,False,False,False,False,False,False,True,True,False,False,0.0,False,False,True,listed_only_potential_B_or_D,False,True,True,False,False,True,False,False,True,EPCI:200070951,110.0
80142,80,200071181,335.0,7.35,2023-01-01,2020,base-cc-serie-historique-2020.CSV,True,45.57823129251701,80021,42.289755603950816,21620.0,262.04793296777774,21580.0,92.17778584533202,20980.0,24340.0,True,True,False,False,False,False,False,False,False,False,False,False,0.0,False,False,False,not_listed_no_path,False,True,True,False,False,True,False,False,False,EPCI:200071181,0.0
80143,80,200071181,103.0,2.41,2023-01-01,2020,base-cc-serie-historique-2020.CSV,True,42.738589211618255,76035,42.289755603950816,21620.0,39.50073096176849,20260.0,92.17778584533202,20980.0,,True,True,False,False,False,False,False,False,True,True,False,False,0.0,False,False,True,listed_only_potential_B_or_D,False,True,True,False,False,True,False,False,True,EPCI:200071181,103.0
80157,80,200071181,94.0,4.4,2023-01-01,2020,base-cc-serie-historique-2020.CSV,True,21.363636363636363,80630,42.289755603950816,21620.0,37.676230521889686,21710.0,92.17778584533202,20980.0,,True,True,False,False,False,False,False,False,False,False,False,False,0.0,False,False,False,not_listed_no_path,False,True,True,False,False,True,False,False,True,EPCI:200071181,0.0
80165,80,200071181,187.0,4.54,2023-01-01,2020,base-cc-serie-historique-2020.CSV,True,41.18942731277533,80021,42.289755603950816,21620.0,262.04793296777774,21580.0,92.17778584533202,20980.0,23620.0,True,True,False,False,False,False,False,False,False,False,False,False,0.0,False,False,False,not_listed_no_path,False,True,True,False,False,True,False,False,False,EPCI:200071181,0.0
80169,80,200071181,64.0,3.75,2023-01-01,2020,base-cc-serie-historique-2020.CSV,True,17.066666666666666,80606,42.289755603950816,21620.0,42.80419131798418,20140.0,92.17778584533202,20980.0,,True,True,False,False,False,False,False,False,True,True,False,False,0.0,False,False,True,listed_only_potential_B_or_D,False,True,True,False,False,True,False,False,True,EPCI:200071181,64.0
80179,80,200071181,222.0,5.41,2023-01-01,2020,base-cc-serie-historique-2020.CSV,True,41.03512014787431,80630,42.289755603950816,21620.0,37.676230521889686,21710.0,92.17778584533202,20980.0,21120.0,True,True,False,False,False,False,False,False,False,False,False,False,0.0,False,False,False,not_listed_no_path,False,True,True,False,False,True,False,False,True,EPCI:200071181,0.0
80181,80,200070969,122.0,5.44,2023-01-01,2020,base-cc-serie-historique-2020.CSV,True,22.426470588235293,80680,56.651781077993554,22830.0,63.80365779927449,20460.0,92.17778584533202,20980.0,22330.0,True,True,False,False,False,False,False,False,True,True,False,False,0.0,False,False,True,listed_only_potential_B_or_D,False,True,True,False,False,True,False,False,True,EPCI:200070969,122.0
80183,80,200071181,267.0,5.6,2023-01-01,2020,base-cc-serie-historique-2020.CSV,True,47.67857142857143,80606,42.289755603950816,21620.0,42.80419131798418,20140.0,92.17778584533202,20980.0,20410.0,True,True,False,False,False,False,False,False,True,True,False,False,0.0,False,False,True,listed_only_potential_B_or_D,False,True,True,False,False,True,False,False,True,EPCI:200071181,267.0
80188,80,200070969,589.0,11.59,2023-01-01,2020,base-cc-serie-historique-2020.CSV,True,50.81967213114754,80010,56.651781077993554,22830.0,61.59754224270353,23160.0,92.17778584533202,20980.0,23610.0,True,True,False,False,False,False,False,False,False,False,False,False,0.0,False,False,False,not_listed_no_path,False,True,True,False,False,True,False,False,True,EPCI:200070969,0.0
80193,80,200070969,145.0,7.85,2023-01-01,2020,base-cc-serie-historique-2020.CSV,True,18.471337579617835,80010,56.651781077993554,22830.0,61.59754224270353,23160.0,92.17778584533202,20980.0,21570.0,True,True,False,False,False,False,False,False,False,False,False,False,0.0,False,False,False,not_listed_no_path,False,True,True,False,False,True,False,False,True,EPCI:200070969,0.0
80202,80,200070951,378.0,6.08,2023-01-01,2020,base-cc-serie-historique-2020.CSV,True,62.17105263157895,80021,57.654826111214426,21630.0,262.04793296777774,21580.0,92.17778584533202,20980.0,24290.0,True,True,False,False,False,False,False,False,False,False,False,False,0.0,False,False,False,not_listed_no_path,False,True,True,False,False,True,False,False,False,EPCI:200070951,0.0
80207,80,200070951,346.0,8.41,2023-01-01,2020,base-cc-serie-historique-2020.CSV,True,41.14149821640903,80016,57.654826111214426,21630.0,62.890924584576055,21000.0,92.17778584533202,20980.0,22560.0,True,True,False,False,False,False,False,False,True,True,False,False,0.0,False,False,True,listed_only_potential_B_or_D,False,True,True,False,False,True,False,False,True,EPCI:200070951,346.0
80210,80,200071181,144.0,9.75,2023-01-01,2020,base-cc-serie-historique-2020.CSV,True,14.76923076923077,80211,42.289755603950816,21620.0,39.47710203851149,23170.0,92.17778584533202,20980.0,24610.0,True,True,False,False,False,False,False,False,False,False,False,False,0.0,False,False,False,not_listed_no_path,False,True,True,False,False,True,False,False,True,EPCI:200071181,0.0
80211,80,200071181,1815.0,23.72,2023-01-01,2020,base-cc-serie-historique-2020.CSV,True,76.5177065767285,80211,42.289755603950816,21620.0,39.47710203851149,23170.0,92.17778584533202,20980.0,21200.0,True,True,False,False,False,False,False,False,False,False,False,False,0.0,False,False,False,not_listed_no_path,False,True,True,False,False,True,False,False,True,EPCI:200071181,0.0
80213,80,200070969,573.0,10.73,2023-01-01,2020,base-cc-serie-historique-2020.CSV,True,53.40167753960857,80021,56.651781077993554,22830.0,262.04793296777774,21580.0,92.17778584533202,20980.0,26420.0,True,True,False,False,False,False,False,False,False,False,False,False,0.0,False,False,False,not_listed_no_path,False,True,True,False,False,True,False,False,False,EPCI:200070969,0.0
80214,80,200070969,314.0,9.32,2023-01-01,2020,base-cc-serie-historique-2020.CSV,True,33.69098712446352,60104,56.651781077993554,22830.0,52.014426460239264,21110.0,92.17778584533202,20980.0,19900.0,True,True,False,False,False,False,False,False,True,True,False,False,0.0,False,False,True,listed_only_potential_B_or_D,False,True,True,False,False,True,False,False,True,EPCI:200070969,314.0
80218,80,200071181,147.0,6.78,2023-01-01,2020,base-cc-serie-historique-2020.CSV,True,21.68141592920354,80021,42.289755603950816,21620.0,262.04793296777774,21580.0,92.17778584533202,20980.0,22760.0,True,True,False,False,False,False,False,False,False,False,False,False,0.0,False,False,False,not_listed_no_path,False,True,True,False,False,True,False,False,False,EPCI:200071181,0.0
80219,80,200071181,67.0,4.37,2023-01-01,2020,base-cc-serie-historique-2020.CSV,True,15.331807780320366,80211,42.289755603950816,21620.0,39.47710203851149,23170.0,92.17778584533202,20980.0,,True,True,False,False,False,False,False,False,False,False,False,False,0.0,False,False,False,not_listed_no_path,False,True,True,False,False,True,False,False,True,EPCI:200071181,0.0
80227,80,200071181,449.0,8.96,2023-01-01,2020,base-cc-serie-historique-2020.CSV,True,50.11160714285714,80630,42.289755603950816,21620.0,37.676230521889686,21710.0,92.17778584533202,20980.0,22490.0,True,True,False,False,False,False,False,False,False,False,False,False,0.0,False,False,False,not_listed_no_path,False,True,True,False,False,True,False,False,True,EPCI:200071181,0.0
80237,80,200070969,525.0,11.23,2023-01-01,2020,base-cc-serie-historique-2020.CSV,True,46.74977738201247,80799,56.651781077993554,22830.0,100.0235765648945,23380.0,92.17778584533202,20980.0,24480.0,True,True,False,False,False,False,False,False,False,False,False,False,0.0,False,False,False,not_listed_no_path,False,True,True,False,False,True,False,False,False,EPCI:200070969,0.0
80242,80,200070969,407.0,8.59,2023-01-01,2020,base-cc-serie-historique-2020.CSV,True,47.38067520372526,80570,56.651781077993554,22830.0,67.94153203648753,22060.0,92.17778584533202,20980.0,24530.0,True,True,False,False,False,False,False,False,False,False,False,False,0.0,False,False,False,not_listed_no_path,False,True,True,False,False,True,False,False,False,EPCI:200070969,0.0
80246,80,200070969,346.0,6.55,2023-01-01,2020,base-cc-serie-historique-2020.CSV,True,52.82442748091603,80021,56.651781077993554,22830.0,262.04793296777774,21580.0,92.17778584533202,20980.0,24720.0,True,True,False,False,False,False,False,False,False,False,False,False,0.0,False,False,False,not_listed_no_path,False,True,True,False,False,True,False,False,False,EPCI:200070969,0.0
80253,80,200070951,5870.0,33.4,2023-01-01,2020,base-cc-serie-historique-2020.CSV,True,175.74850299401197,80253,57.654826111214426,21630.0,50.46483465300419,20200.0,92.17778584533202,20980.0,17840.0,True,True,False,False,False,False,False,False,True,True,False,False,0.0,False,False,True,listed_only_potential_B_or_D,False,True,True,False,False,True,False,False,True,EPCI:200070951,5870.0
80259,80,200071181,86.0,5.38,2023-01-01,2020,base-cc-serie-historique-2020.CSV,True,15.985130111524164,76035,42.289755603950816,21620.0,39.50073096176849,20260.0,92.17778584533202,20980.0,,True,True,False,False,False,False,False,False,True,True,False,False,0.0,False,False,True,listed_only_potential_B_or_D,False,True,True,False,False,True,False,False,True,EPCI:200071181,86.0
80269,80,200071181,112.0,4.74,2023-01-01,2020,base-cc-serie-historique-2020.CSV,True,23.62869198312236,80606,42.289755603950816,21620.0,42.80419131798418,20140.0,92.17778584533202,20980.0,19250.0,True,True,False,False,False,False,False,False,True,True,False,False,0.0,False,False,True,listed_only_potential_B_or_D,False,True,True,False,False,True,False,False,True,EPCI:200071181,112.0
80273,80,200071181,347.0,14.09,2023-01-01,2020,base-cc-serie-historique-2020.CSV,True,24.627395315826828,80630,42.289755603950816,21620.0,37.676230521889686,21710.0,92.17778584533202,20980.0,23680.0,True,True,False,False,False,False,False,False,False,False,False,False,0.0,False,False,False,not_listed_no_path,False,True,True,False,False,True,False,False,True,EPCI:200071181,0.0
80276,80,200071181,287.0,9.08,2023-01-01,2020,base-cc-serie-historique-2020.CSV,True,31.6079295154185,80630,42.289755603950816,21620.0,37.676230521889686,21710.0,92.17778584533202,20980.0,24540.0,True,True,False,False,False,False,False,False,False,False,False,False,0.0,False,False,False,not_listed_no_path,False,True,True,False,False,True,False,False,True,EPCI:200071181,0.0
80283,80,200070969,164.0,5.58,2023-01-01,2020,base-cc-serie-historique-2020.CSV,True,29.39068100358423,80010,56.651781077993554,22830.0,61.59754224270353,23160.0,92.17778584533202,20980.0,21470.0,True,True,False,False,False,False,False,False,False,False,False,False,0.0,False,False,False,not_listed_no_path,False,True,True,False,False,True,False,False,True,EPCI:200070969,0.0
80285,80,200071181,261.0,6.6,2023-01-01,2020,base-cc-serie-historique-2020.CSV,True,39.54545454545455,80211,42.289755603950816,21620.0,39.47710203851149,23170.0,92.17778584533202,20980.0,24600.0,True,True,False,False,False,False,False,False,False,False,False,False,0.0,False,False,False,not_listed_no_path,False,True,True,False,False,True,False,False,True,EPCI:200071181,0.0
80297,80,200071181,40.0,3.78,2023-01-01,2020,base-cc-serie-historique-2020.CSV,True,10.582010582010582,80013,42.289755603950816,21620.0,55.06230529595016,20140.0,92.17778584533202,20980.0,,True,True,False,False,False,False,False,False,True,True,False,False,0.0,False,False,True,listed_only_potential_B_or_D,False,True,True,False,False,True,False,False,True,EPCI:200071181,40.0
80299,80,200070969,238.0,9.75,2023-01-01,2020,base-cc-serie-historique-2020.CSV,True,24.41025641025641,60104,56.651781077993554,22830.0,52.014426460239264,21110.0,92.17778584533202,20980.0,21330.0,True,True,False,False,False,False,False,False,True,True,False,False,0.0,False,False,True,listed_only_potential_B_or_D,False,True,True,False,False,True,False,False,True,EPCI:200070969,238.0
80301,80,200071181,278.0,4.84,2023-01-01,2020,base-cc-serie-historique-2020.CSV,True,57.43801652892562,80630,42.289755603950816,21620.0,37.676230521889686,21710.0,92.17778584533202,20980.0,21410.0,True,True,False,False,False,False,False,False,False,False,False,False,0.0,False,False,False,not_listed_no_path,False,True,True,False,False,True,False,False,True,EPCI:200071181,0.0
80315,80,200070969,507.0,4.65,2023-01-01,2020,base-cc-serie-historique-2020.CSV,True,109.03225806451611,80211,56.651781077993554,22830.0,39.47710203851149,23170.0,92.17778584533202,20980.0,26420.0,True,True,False,False,False,False,False,False,False,False,False,False,0.0,False,False,False,not_listed_no_path,False,True,True,False,False,True,False,False,True,EPCI:200070969,0.0
80316,80,200070951,1993.0,20.49,2023-01-01,2020,base-cc-serie-historique-2020.CSV,True,97.26695949243536,80021,57.654826111214426,21630.0,262.04793296777774,21580.0,92.17778584533202,20980.0,23440.0,True,True,False,False,False,False,False,False,False,False,False,False,0.0,False,False,False,not_listed_no_path,False,True,True,False,False,True,False,False,False,EPCI:200070951,0.0
80317,80,200071181,209.0,9.42,2023-01-01,2020,base-cc-serie-historique-2020.CSV,True,22.18683651804671,80211,42.289755603950816,21620.0,39.47710203851149,23170.0,92.17778584533202,20980.0,20600.0,True,True,False,False,False,False,False,False,False,False,False,False,0.0,False,False,False,not_listed_no_path,False,True,True,False,False,True,False,False,True,EPCI:200071181,0.0
80319,80,200071181,333.0,6.38,2023-01-01,2020,base-cc-serie-historique-2020.CSV,True,52.19435736677116,80021,42.289755603950816,21620.0,262.04793296777774,21580.0,92.17778584533202,20980.0,25600.0,True,True,False,False,False,False,False,False,False,False,False,False,0.0,False,False,False,not_listed_no_path,False,True,True,False,False,True,False,False,False,EPCI:200071181,0.0
80321,80,200070969,141.0,6.09,2023-01-01,2020,base-cc-serie-historique-2020.CSV,True,23.15270935960591,60104,56.651781077993554,22830.0,52.014426460239264,21110.0,92.17778584533202,20980.0,24400.0,True,True,False,False,False,False,False,False,True,True,False,False,0.0,False,False,True,listed_only_potential_B_or_D,False,True,True,False,False,True,False,False,True,EPCI:200070969,141.0
80324,80,200071181,140.0,7.44,2023-01-01,2020,base-cc-serie-historique-2020.CSV,True,18.817204301075268,80606,42.289755603950816,21620.0,42.80419131798418,20140.0,92.17778584533202,20980.0,21910.0,True,True,False,False,False,False,False,False,True,True,False,False,0.0,False,False,True,listed_only_potential_B_or_D,False,True,True,False,False,True,False,False,True,EPCI:200071181,140.0
80330,80,200071181,237.0,2.97,2023-01-01,2020,base-cc-serie-historique-2020.CSV,True,79.79797979797979,80606,42.289755603950816,21620.0,42.80419131798418,20140.0,92.17778584533202,20980.0,19770.0,True,True,False,False,False,False,False,False,True,True,False,False,0.0,False,False,True,listed_only_potential_B_or_D,False,True,True,False,False,True,False,False,True,EPCI:200071181,237.0
80334,80,200071181,98.0,2.7,2023-01-01,2020,base-cc-serie-historique-2020.CSV,True,36.29629629629629,80021,42.289755603950816,21620.0,262.04793296777774,21580.0,92.17778584533202,20980.0,23340.0,True,True,False,False,False,False,False,False,False,False,False,False,0.0,False,False,False,not_listed_no_path,False,True,True,False,False,True,False,False,False,EPCI:200071181,0.0
80336,80,200071181,80.0,2.94,2023-01-01,2020,base-cc-serie-historique-2020.CSV,True,27.2108843537415,80606,42.289755603950816,21620.0,42.80419131798418,20140.0,92.17778584533202,20980.0,,True,True,False,False,False,False,False,False,True,True,False,False,0.0,False,False,True,listed_only_potential_B_or_D,False,True,True,False,False,True,False,False,True,EPCI:200071181,80.0
80337,80,200070969,201.0,3.65,2023-01-01,2020,base-cc-serie-historique-2020.CSV,True,55.06849315068493,80021,56.651781077993554,22830.0,262.04793296777774,21580.0,92.17778584533202,20980.0,24140.0,True,True,False,False,False,False,False,False,False,False,False,False,0.0,False,False,False,not_listed_no_path,False,True,True,False,False,True,False,False,False,EPCI:200070969,0.0
80340,80,200071181,200.0,4.55,2023-01-01,2020,base-cc-serie-historique-2020.CSV,True,43.95604395604396,76035,42.289755603950816,21620.0,39.50073096176849,20260.0,92.17778584533202,20980.0,19710.0,True,True,False,False,False,False,False,False,True,True,False,False,0.0,False,False,True,listed_only_potential_B_or_D,False,True,True,False,False,True,False,False,True,EPCI:200071181,200.0
80343,80,200071181,167.0,5.02,2023-01-01,2020,base-cc-serie-historique-2020.CSV,True,33.266932270916335,76101,42.289755603950816,21620.0,47.184725769184,20000.0,92.17778584533202,20980.0,20870.0,True,True,False,False,False,False,False,False,True,True,False,False,0.0,False,False,True,listed_only_potential_B_or_D,False,True,True,False,False,True,False,False,True,EPCI:200071181,167.0
80349,80,200070969,132.0,4.26,2023-01-01,2020,base-cc-serie-historique-2020.CSV,True,30.985915492957748,60104,56.651781077993554,22830.0,52.014426460239264,21110.0,92.17778584533202,20980.0,23760.0,True,True,False,False,False,False,False,False,True,True,False,False,0.0,False,False,True,listed_only_potential_B_or_D,False,True,True,False,False,True,False,False,True,EPCI:200070969,132.0
80351,80,200070951,259.0,5.59,2023-01-01,2020,base-cc-serie-historique-2020.CSV,True,46.33273703041145,80021,57.654826111214426,21630.0,262.04793296777774,21580.0,92.17778584533202,20980.0,23980.0,True,True,False,False,False,False,False,False,False,False,False,False,0.0,False,False,False,not_listed_no_path,False,True,True,False,False,True,False,False,False,EPCI:200070951,0.0
80352,80,200071181,160.0,12.89,2023-01-01,2020,base-cc-serie-historique-2020.CSV,True,12.412723041117143,80630,42.289755603950816,21620.0,37.676230521889686,21710.0,92.17778584533202,20980.0,20150.0,True,True,False,False,False,False,False,False,False,False,False,False,0.0,False,False,False,not_listed_no_path,False,True,True,False,False,True,False,False,True,EPCI:200071181,0.0
80354,80,200071181,204.0,3.52,2023-01-01,2020,base-cc-serie-historique-2020.CSV,True,57.95454545454545,80606,42.289755603950816,21620.0,42.80419131798418,20140.0,92.17778584533202,20980.0,19250.0,True,True,False,False,False,False,False,False,True,True,False,False,0.0,False,False,True,listed_only_potential_B_or_D,False,True,True,False,False,True,False,False,True,EPCI:200071181,204.0
80355,80,200071181,101.0,3.4,2023-01-01,2020,base-cc-serie-historique-2020.CSV,True,29.705882352941178,76035,42.289755603950816,21620.0,39.50073096176849,20260.0,92.17778584533202,20980.0,,True,True,False,False,False,False,False,False,True,True,False,False,0.0,False,False,True,listed_only_potential_B_or_D,False,True,True,False,False,True,False,False,True,EPCI:200071181,101.0
80356,80,200071181,92.0,3.96,2023-01-01,2020,base-cc-serie-historique-2020.CSV,True,23.232323232323232,80606,42.289755603950816,21620.0,42.80419131798418,20140.0,92.17778584533202,20980.0,,True,True,False,False,False,False,False,False,True,True,False,False,0.0,False,False,True,listed_only_potential_B_or_D,False,True,True,False,False,True,False,False,True,EPCI:200071181,92.0
80357,80,200071181,230.0,8.07,2023-01-01,2020,base-cc-serie-historique-2020.CSV,True,28.500619578686493,80021,42.289755603950816,21620.0,262.04793296777774,21580.0,92.17778584533202,20980.0,24610.0,True,True,False,False,False,False,False,False,False,False,False,False,0.0,False,False,False,not_listed_no_path,False,True,True,False,False,True,False,False,False,EPCI:200071181,0.0
80358,80,200070969,138.0,3.8,2023-01-01,2020,base-cc-serie-historique-2020.CSV,True,36.31578947368421,80570,56.651781077993554,22830.0,67.94153203648753,22060.0,92.17778584533202,20980.0,24060.0,True,True,False,False,False,False,False,False,False,False,False,False,0.0,False,False,False,not_listed_no_path,False,True,True,False,False,True,False,False,False,EPCI:200070969,0.0
80361,80,200071181,73.0,5.27,2023-01-01,2020,base-cc-serie-historique-2020.CSV,True,13.851992409867174,80606,42.289755603950816,21620.0,42.80419131798418,20140.0,92.17778584533202,20980.0,,True,True,False,False,False,False,False,False,True,True,False,False,0.0,False,False,True,listed_only_potential_B_or_D,False,True,True,False,False,True,False,False,True,EPCI:200071181,73.0
80365,80,200071181,183.0,5.55,2023-01-01,2020,base-cc-serie-historique-2020.CSV,True,32.972972972972975,80630,42.289755603950816,21620.0,37.676230521889686,21710.0,92.17778584533202,20980.0,20430.0,True,True,False,False,False,False,False,False,False,False,False,False,0.0,False,False,False,not_listed_no_path,False,True,True,False,False,True,False,False,True,EPCI:200071181,0.0
80375,80,200071181,339.0,7.32,2023-01-01,2020,base-cc-serie-historique-2020.CSV,True,46.31147540983606,76035,42.289755603950816,21620.0,39.50073096176849,20260.0,92.17778584533202,20980.0,20170.0,True,True,False,False,False,False,False,False,True,True,False,False,0.0,False,False,True,listed_only_potential_B_or_D,False,True,True,False,False,True,False,False,True,EPCI:200071181,339.0
80377,80,200070951,399.0,6.97,2023-01-01,2020,base-cc-serie-historique-2020.CSV,True,57.24533715925395,80253,57.654826111214426,21630.0,50.46483465300419,20200.0,92.17778584533202,20980.0,21400.0,True,True,False,False,False,False,False,False,True,True,False,False,0.0,False,False,True,listed_only_potential_B_or_D,False,True,True,False,False,True,False,False,True,EPCI:200070951,399.0
80390,80,200070969,411.0,18.75,2023-01-01,2020,base-cc-serie-historique-2020.CSV,True,21.92,80570,56.651781077993554,22830.0,67.94153203648753,22060.0,92.17778584533202,20980.0,23130.0,True,True,False,False,False,False,False,False,False,False,False,False,0.0,False,False,False,not_listed_no_path,False,True,True,False,False,True,False,False,False,EPCI:200070969,0.0
80392,80,200070951,572.0,9.02,2023-01-01,2020,base-cc-serie-historique-2020.CSV,True,63.41463414634146,80253,57.654826111214426,21630.0,50.46483465300419,20200.0,92.17778584533202,20980.0,21890.0,True,True,False,False,False,False,False,False,True,True,False,False,0.0,False,False,True,listed_only_potential_B_or_D,False,True,True,False,False,True,False,False,True,EPCI:200070951,572.0
80402,80,200071181,138.0,5.94,2023-01-01,2020,base-cc-serie-historique-2020.CSV,True,23.232323232323232,80630,42.289755603950816,21620.0,37.676230521889686,21710.0,92.17778584533202,20980.0,24770.0,True,True,False,False,False,False,False,False,False,False,False,False,0.0,False,False,False,not_listed_no_path,False,True,True,False,False,True,False,False,True,EPCI:200071181,0.0
80403,80,200070969,176.0,3.81,2023-01-01,2020,base-cc-serie-historique-2020.CSV,True,46.194225721784775,80010,56.651781077993554,22830.0,61.59754224270353,23160.0,92.17778584533202,20980.0,23190.0,True,True,False,False,False,False,False,False,False,False,False,False,0.0,False,False,False,not_listed_no_path,False,True,True,False,False,True,False,False,True,EPCI:200070969,0.0
80405,80,200070969,421.0,5.07,2023-01-01,2020,base-cc-serie-historique-2020.CSV,True,83.03747534516765,80021,56.651781077993554,22830.0,262.04793296777774,21580.0,92.17778584533202,20980.0,25390.0,True,True,False,False,False,False,False,False,False,False,False,False,0.0,False,False,False,not_listed_no_path,False,True,True,False,False,True,False,False,False,EPCI:200070969,0.0
80407,80,200070969,139.0,7.12,2023-01-01,2020,base-cc-serie-historique-2020.CSV,True,19.52247191011236,60104,56.651781077993554,22830.0,52.014426460239264,21110.0,92.17778584533202,20980.0,24740.0,True,True,False,False,False,False,False,False,True,True,False,False,0.0,False,False,True,listed_only_potential_B_or_D,False,True,True,False,False,True,False,False,True,EPCI:200070969,139.0
80414,80,200070969,122.0,6.34,2023-01-01,2020,base-cc-serie-historique-2020.CSV,True,19.24290220820189,80799,56.651781077993554,22830.0,100.0235765648945,23380.0,92.17778584533202,20980.0,25620.0,True,True,False,False,False,False,False,False,False,False,False,False,0.0,False,False,False,not_listed_no_path,False,True,True,False,False,True,False,False,False,EPCI:200070969,0.0
80415,80,200070969,1010.0,15.08,2023-01-01,2020,base-cc-serie-historique-2020.CSV,True,66.9761273209549,80570,56.651781077993554,22830.0,67.94153203648753,22060.0,92.17778584533202,20980.0,22980.0,True,True,False,False,False,False,False,False,False,False,False,False,0.0,False,False,False,not_listed_no_path,False,True,True,False,False,True,False,False,False,EPCI:200070969,0.0
80427,80,200070951,379.0,10.25,2023-01-01,2020,base-cc-serie-historique-2020.CSV,True,36.97560975609756,80253,57.654826111214426,21630.0,50.46483465300419,20200.0,92.17778584533202,20980.0,20990.0,True,True,False,False,False,False,False,False,True,True,False,False,0.0,False,False,True,listed_only_potential_B_or_D,False,True,True,False,False,True,False,False,True,EPCI:200070951,379.0
80436,80,200071181,525.0,34.56,2023-01-01,2020,base-cc-serie-historique-2020.CSV,True,15.19097222222222,80630,42.289755603950816,21620.0,37.676230521889686,21710.0,92.17778584533202,20980.0,22760.0,True,True,False,False,False,False,False,False,False,False,False,False,0.0,False,False,False,not_listed_no_path,False,True,True,False,False,True,False,False,True,EPCI:200071181,0.0
80437,80,200071181,109.0,5.0,2023-01-01,2020,base-cc-serie-historique-2020.CSV,True,21.8,80013,42.289755603950816,21620.0,55.06230529595016,20140.0,92.17778584533202,20980.0,23200.0,True,True,False,False,False,False,False,False,True,True,False,False,0.0,False,False,True,listed_only_potential_B_or_D,False,True,True,False,False,True,False,False,True,EPCI:200071181,109.0
80443,80,200071181,1679.0,51.23,2023-01-01,2020,base-cc-serie-historique-2020.CSV,True,32.773765371852434,76035,42.289755603950816,21620.0,39.50073096176849,20260.0,92.17778584533202,20980.0,20930.0,True,True,False,False,False,False,False,False,True,True,False,False,0.0,False,False,True,listed_only_potential_B_or_D,False,True,True,False,False,True,False,False,True,EPCI:200071181,1679.0
80445,80,200070951,266.0,8.25,2023-01-01,2020,base-cc-serie-historique-2020.CSV,True,32.24242424242424,80253,57.654826111214426,21630.0,50.46483465300419,20200.0,92.17778584533202,20980.0,20010.0,True,True,False,False,False,False,False,False,True,True,False,False,0.0,False,False,True,listed_only_potential_B_or_D,False,True,True,False,False,True,False,False,True,EPCI:200070951,266.0
80449,80,200070969,65.0,4.19,2023-01-01,2020,base-cc-serie-historique-2020.CSV,True,15.513126491646776,80799,56.651781077993554,22830.0,100.0235765648945,23380.0,92.17778584533202,20980.0,,True,True,False,False,False,False,False,False,False,False,False,False,0.0,False,False,False,not_listed_no_path,False,True,True,False,False,True,False,False,False,EPCI:200070969,0.0
80450,80,200071181,113.0,3.32,2023-01-01,2020,base-cc-serie-historique-2020.CSV,True,34.036144578313255,76035,42.289755603950816,21620.0,39.50073096176849,20260.0,92.17778584533202,20980.0,18120.0,True,True,False,False,False,False,False,False,True,True,False,False,0.0,False,False,True,listed_only_potential_B_or_D,False,True,True,False,False,True,False,False,True,EPCI:200071181,113.0
80452,80,200070969,526.0,8.89,2023-01-01,2020,base-cc-serie-historique-2020.CSV,True,59.16760404949381,80010,56.651781077993554,22830.0,61.59754224270353,23160.0,92.17778584533202,20980.0,22580.0,True,True,False,False,False,False,False,False,False,False,False,False,0.0,False,False,False,not_listed_no_path,False,True,True,False,False,True,False,False,True,EPCI:200070969,0.0
80455,80,200071181,92.0,2.51,2023-01-01,2020,base-cc-serie-historique-2020.CSV,True,36.65338645418327,80630,42.289755603950816,21620.0,37.676230521889686,21710.0,92.17778584533202,20980.0,,True,True,False,False,False,False,False,False,False,False,False,False,0.0,False,False,False,not_listed_no_path,False,True,True,False,False,True,False,False,True,EPCI:200071181,0.0
80456,80,200071181,555.0,26.54,2023-01-01,2020,base-cc-serie-historique-2020.CSV,True,20.91183119819141,76035,42.289755603950816,21620.0,39.50073096176849,20260.0,92.17778584533202,20980.0,22700.0,True,True,False,False,False,False,False,False,True,True,False,False,0.0,False,False,True,listed_only_potential_B_or_D,False,True,True,False,False,True,False,False,True,EPCI:200071181,555.0
80459,80,200071181,104.0,1.56,2023-01-01,2020,base-cc-serie-historique-2020.CSV,True,66.66666666666667,80013,42.289755603950816,21620.0,55.06230529595016,20140.0,92.17778584533202,20980.0,,True,True,False,False,False,False,False,False,True,True,False,False,0.0,False,False,True,listed_only_potential_B_or_D,False,True,True,False,False,True,False,False,True,EPCI:200071181,104.0
80460,80,200071181,66.0,2.55,2023-01-01,2020,base-cc-serie-historique-2020.CSV,True,25.88235294117647,76035,42.289755603950816,21620.0,39.50073096176849,20260.0,92.17778584533202,20980.0,,True,True,False,False,False,False,False,False,True,True,False,False,0.0,False,False,True,listed_only_potential_B_or_D,False,True,True,False,False,True,False,False,True,EPCI:200071181,66.0
80469,80,200070969,160.0,9.32,2023-01-01,2020,base-cc-serie-historique-2020.CSV,True,17.167381974248926,60104,56.651781077993554,22830.0,52.014426460239264,21110.0,92.17778584533202,20980.0,24190.0,True,True,False,False,False,False,False,False,True,True,False,False,0.0,False,False,True,listed_only_potential_B_or_D,False,True,True,False,False,True,False,False,True,EPCI:200070969,160.0
80479,80,200071181,343.0,6.54,2023-01-01,2020,base-cc-serie-historique-2020.CSV,True,52.44648318042813,76035,42.289755603950816,21620.0,39.50073096176849,20260.0,92.17778584533202,20980.0,20430.0,True,True,False,False,False,False,False,False,True,True,False,False,0.0,False,False,True,listed_only_potential_B_or_D,False,True,True,False,False,True,False,False,True,EPCI:200071181,343.0
80480,80,200071181,113.0,3.29,2023-01-01,2020,base-cc-serie-historique-2020.CSV,True,34.346504559270514,80606,42.289755603950816,21620.0,42.80419131798418,20140.0,92.17778584533202,20980.0,21110.0,True,True,False,False,False,False,False,False,True,True,False,False,0.0,False,False,True,listed_only_potential_B_or_D,False,True,True,False,False,True,False,False,True,EPCI:200071181,113.0
80484,80,200071181,387.0,3.89,2023-01-01,2020,base-cc-serie-historique-2020.CSV,True,99.48586118251929,76035,42.289755603950816,21620.0,39.50073096176849,20260.0,92.17778584533202,20980.0,18440.0,True,True,False,False,False,False,False,False,True,True,False,False,0.0,False,False,True,listed_only_potential_B_or_D,False,True,True,False,False,True,False,False,True,EPCI:200071181,387.0
80491,80,200070951,75.0,2.06,2023-01-01,2020,base-cc-serie-historique-2020.CSV,True,36.40776699029127,80253,57.654826111214426,21630.0,50.46483465300419,20200.0,92.17778584533202,20980.0,,True,True,False,False,False,False,False,False,True,True,False,False,0.0,False,False,True,listed_only_potential_B_or_D,False,True,True,False,False,True,False,False,True,EPCI:200070951,75.0
80494,80,200070969,199.0,5.78,2023-01-01,2020,base-cc-serie-historique-2020.CSV,True,34.42906574394463,80010,56.651781077993554,22830.0,61.59754224270353,23160.0,92.17778584533202,20980.0,22620.0,True,True,False,False,False,False,False,False,False,False,False,False,0.0,False,False,False,not_listed_no_path,False,True,True,False,False,True,False,False,True,EPCI:200070969,0.0
80495,80,200070951,515.0,27.65,2023-01-01,2020,base-cc-serie-historique-2020.CSV,True,18.625678119349008,80253,57.654826111214426,21630.0,50.46483465300419,20200.0,92.17778584533202,20980.0,19600.0,True,True,False,False,False,False,False,False,True,True,False,False,0.0,False,False,True,listed_only_potential_B_or_D,False,True,True,False,False,True,False,False,True,EPCI:200070951,515.0
80499,80,200070969,302.0,14.3,2023-01-01,2020,base-cc-serie-historique-2020.CSV,True,21.11888111888112,80570,56.651781077993554,22830.0,67.94153203648753,22060.0,92.17778584533202,20980.0,20460.0,True,True,False,False,False,False,False,False,False,False,False,False,0.0,False,False,False,not_listed_no_path,False,True,True,False,False,True,False,False,False,EPCI:200070969,0.0
80515,80,200071181,146.0,3.93,2023-01-01,2020,base-cc-serie-historique-2020.CSV,True,37.15012722646311,76035,42.289755603950816,21620.0,39.50073096176849,20260.0,92.17778584533202,20980.0,21220.0,True,True,False,False,False,False,False,False,True,True,False,False,0.0,False,False,True,listed_only_potential_B_or_D,False,True,True,False,False,True,False,False,True,EPCI:200071181,146.0
80522,80,200071181,107.0,3.8,2023-01-01,2020,base-cc-serie-historique-2020.CSV,True,28.157894736842103,76035,42.289755603950816,21620.0,39.50073096176849,20260.0,92.17778584533202,20980.0,22540.0,True,True,False,False,False,False,False,False,True,True,False,False,0.0,False,False,True,listed_only_potential_B_or_D,False,True,True,False,False,True,False,False,True,EPCI:200071181,107.0
80525,80,200071181,179.0,3.97,2023-01-01,2020,base-cc-serie-historique-2020.CSV,True,45.088161209068005,76035,42.289755603950816,21620.0,39.50073096176849,20260.0,92.17778584533202,20980.0,21610.0,True,True,False,False,False,False,False,False,True,True,False,False,0.0,False,False,True,listed_only_potential_B_or_D,False,True,True,False,False,True,False,False,True,EPCI:200071181,179.0
80528,80,200071181,9.0,3.04,2023-01-01,2020,base-cc-serie-historique-2020.CSV,True,2.960526315789473,80630,42.289755603950816,21620.0,37.676230521889686,21710.0,92.17778584533202,20980.0,,True,True,False,False,False,False,False,False,False,False,False,False,0.0,False,False,False,not_listed_no_path,False,True,True,False,False,True,False,False,True,EPCI:200071181,0.0
80531,80,200071181,102.0,3.31,2023-01-01,2020,base-cc-serie-historique-2020.CSV,True,30.81570996978852,80013,42.289755603950816,21620.0,55.06230529595016,20140.0,92.17778584533202,20980.0,19260.0,True,True,False,False,False,False,False,False,True,True,False,False,0.0,False,False,True,listed_only_potential_B_or_D,False,True,True,False,False,True,False,False,True,EPCI:200071181,102.0
80543,80,200071181,117.0,6.68,2023-01-01,2020,base-cc-serie-historique-2020.CSV,True,17.51497005988024,80013,42.289755603950816,21620.0,55.06230529595016,20140.0,92.17778584533202,20980.0,23670.0,True,True,False,False,False,False,False,False,True,True,False,False,0.0,False,False,True,listed_only_potential_B_or_D,False,True,True,False,False,True,False,False,True,EPCI:200071181,117.0
80545,80,200070969,540.0,10.71,2023-01-01,2020,base-cc-serie-historique-2020.CSV,True,50.42016806722689,80570,56.651781077993554,22830.0,67.94153203648753,22060.0,92.17778584533202,20980.0,24550.0,True,True,False,False,False,False,False,False,False,False,False,False,0.0,False,False,False,not_listed_no_path,False,True,True,False,False,True,False,False,False,EPCI:200070969,0.0
80550,80,200070951,127.0,2.29,2023-01-01,2020,base-cc-serie-historique-2020.CSV,True,55.45851528384279,80021,57.654826111214426,21630.0,262.04793296777774,21580.0,92.17778584533202,20980.0,24420.0,True,True,False,False,False,False,False,False,False,False,False,False,0.0,False,False,False,not_listed_no_path,False,True,True,False,False,True,False,False,False,EPCI:200070951,0.0
80553,80,200070951,333.0,7.28,2023-01-01,2020,base-cc-serie-historique-2020.CSV,True,45.74175824175824,80021,57.654826111214426,21630.0,262.04793296777774,21580.0,92.17778584533202,20980.0,26460.0,True,True,False,False,False,False,False,False,False,False,False,False,0.0,False,False,False,not_listed_no_path,False,True,True,False,False,True,False,False,False,EPCI:200070951,0.0
80554,80,200071181,961.0,22.8,2023-01-01,2020,base-cc-serie-historique-2020.CSV,True,42.14912280701754,80021,42.289755603950816,21620.0,262.04793296777774,21580.0,92.17778584533202,20980.0,21150.0,True,True,False,False,False,False,False,False,False,False,False,False,0.0,False,False,False,not_listed_no_path,False,True,True,False,False,True,False,False,False,EPCI:200071181,0.0
80558,80,200071181,219.0,8.98,2023-01-01,2020,base-cc-serie-historique-2020.CSV,True,24.387527839643653,80211,42.289755603950816,21620.0,39.47710203851149,23170.0,92.17778584533202,20980.0,21620.0,True,True,False,False,False,False,False,False,False,False,False,False,0.0,False,False,False,not_listed_no_path,False,True,True,False,False,True,False,False,True,EPCI:200071181,0.0
80559,80,200071181,142.0,6.93,2023-01-01,2020,base-cc-serie-historique-2020.CSV,True,20.49062049062049,80013,42.289755603950816,21620.0,55.06230529595016,20140.0,92.17778584533202,20980.0,24040.0,True,True,False,False,False,False,False,False,True,True,False,False,0.0,False,False,True,listed_only_potential_B_or_D,False,True,True,False,False,True,False,False,True,EPCI:200071181,142.0
80562,80,200070951,206.0,4.91,2023-01-01,2020,base-cc-serie-historique-2020.CSV,True,41.95519348268839,80021,57.654826111214426,21630.0,262.04793296777774,21580.0,92.17778584533202,20980.0,28100.0,True,True,False,False,False,False,False,False,False,False,False,False,0.0,False,False,False,not_listed_no_path,False,True,True,False,False,True,False,False,False,EPCI:200070951,0.0
80565,80,200070951,83.0,1.48,2023-01-01,2020,base-cc-serie-historique-2020.CSV,True,56.08108108108108,80021,57.654826111214426,21630.0,262.04793296777774,21580.0,92.17778584533202,20980.0,,True,True,False,False,False,False,False,False,False,False,False,False,0.0,False,False,False,not_listed_no_path,False,True,True,False,False,True,False,False,False,EPCI:200070951,0.0
80570,80,200070969,3996.0,23.43,2023-01-01,2020,base-cc-serie-historique-2020.CSV,True,170.550576184379,80570,56.651781077993554,22830.0,67.94153203648753,22060.0,92.17778584533202,20980.0,20610.0,True,True,False,False,False,False,False,False,False,False,False,False,0.0,False,False,False,not_listed_no_path,False,True,True,False,False,True,False,False,False,EPCI:200070969,0.0
80571,80,200070969,486.0,6.43,2023-01-01,2020,base-cc-serie-historique-2020.CSV,True,75.58320373250389,80570,56.651781077993554,22830.0,67.94153203648753,22060.0,92.17778584533202,20980.0,21510.0,True,True,False,False,False,False,False,False,False,False,False,False,0.0,False,False,False,not_listed_no_path,False,True,True,False,False,True,False,False,False,EPCI:200070969,0.0
80573,80,200071181,389.0,12.78,2023-01-01,2020,base-cc-serie-historique-2020.CSV,True,30.438184663536777,76035,42.289755603950816,21620.0,39.50073096176849,20260.0,92.17778584533202,20980.0,21480.0,True,True,False,False,False,False,False,False,True,True,False,False,0.0,False,False,True,listed_only_potential_B_or_D,False,True,True,False,False,True,False,False,True,EPCI:200071181,389.0
80575,80,200071181,78.0,2.76,2023-01-01,2020,base-cc-serie-historique-2020.CSV,True,28.260869565217394,80606,42.289755603950816,21620.0,42.80419131798418,20140.0,92.17778584533202,20980.0,,True,True,False,False,False,False,False,False,True,True,False,False,0.0,False,False,True,listed_only_potential_B_or_D,False,True,True,False,False,True,False,False,True,EPCI:200071181,78.0
80577,80,200071181,177.0,10.45,2023-01-01,2020,base-cc-serie-historique-2020.CSV,True,16.937799043062203,80021,42.289755603950816,21620.0,262.04793296777774,21580.0,92.17778584533202,20980.0,24610.0,True,True,False,False,False,False,False,False,False,False,False,False,0.0,False,False,False,not_listed_no_path,False,True,True,False,False,True,False,False,False,EPCI:200071181,0.0
80582,80,200071181,1010.0,21.96,2023-01-01,2020,base-cc-serie-historique-2020.CSV,True,45.99271402550091,80211,42.289755603950816,21620.0,39.47710203851149,23170.0,92.17778584533202,20980.0,23560.0,True,True,False,False,False,False,False,False,False,False,False,False,0.0,False,False,False,not_listed_no_path,False,True,True,False,False,True,False,False,True,EPCI:200071181,0.0
80583,80,200071181,289.0,5.21,2023-01-01,2020,base-cc-serie-historique-2020.CSV,True,55.47024952015355,80021,42.289755603950816,21620.0,262.04793296777774,21580.0,92.17778584533202,20980.0,25150.0,True,True,False,False,False,False,False,False,False,False,False,False,0.0,False,False,False,not_listed_no_path,False,True,True,False,False,True,False,False,False,EPCI:200071181,0.0
80584,80,200070951,1072.0,16.55,2023-01-01,2020,base-cc-serie-historique-2020.CSV,True,64.77341389728096,80021,57.654826111214426,21630.0,262.04793296777774,21580.0,92.17778584533202,20980.0,24930.0,True,True,False,False,False,False,False,False,False,False,False,False,0.0,False,False,False,not_listed_no_path,False,True,True,False,False,True,False,False,False,EPCI:200070951,0.0
80586,80,200071181,162.0,4.8,2023-01-01,2020,base-cc-serie-historique-2020.CSV,True,33.75,76101,42.289755603950816,21620.0,47.184725769184,20000.0,92.17778584533202,20980.0,19630.0,True,True,False,False,False,False,False,False,True,True,False,False,0.0,False,False,True,listed_only_potential_B_or_D,False,True,True,False,False,True,False,False,True,EPCI:200071181,162.0
80587,80,200071181,83.0,2.07,2023-01-01,2020,base-cc-serie-historique-2020.CSV,True,40.09661835748793,76101,42.289755603950816,21620.0,47.184725769184,20000.0,92.17778584533202,20980.0,,True,True,False,False,False,False,False,False,True,True,False,False,0.0,False,False,True,listed_only_potential_B_or_D,False,True,True,False,False,True,False,False,True,EPCI:200071181,83.0
80591,80,200071181,149.0,2.93,2023-01-01,2020,base-cc-serie-historique-2020.CSV,True,50.85324232081911,80606,42.289755603950816,21620.0,42.80419131798418,20140.0,92.17778584533202,20980.0,19320.0,True,True,False,False,False,False,False,False,True,True,False,False,0.0,False,False,True,listed_only_potential_B_or_D,False,True,True,False,False,True,False,False,True,EPCI:200071181,149.0
80592,80,200071181,509.0,8.66,2023-01-01,2020,base-cc-serie-historique-2020.CSV,True,58.775981524249424,76035,42.289755603950816,21620.0,39.50073096176849,20260.0,92.17778584533202,20980.0,18940.0,True,True,False,False,False,False,False,False,True,True,False,False,0.0,False,False,True,listed_only_potential_B_or_D,False,True,True,False,False,True,False,False,True,EPCI:200071181,509.0
80595,80,200070969,311.0,4.18,2023-01-01,2020,base-cc-serie-historique-2020.CSV,True,74.4019138755981,80570,56.651781077993554,22830.0,67.94153203648753,22060.0,92.17778584533202,20980.0,23380.0,True,True,False,False,False,False,False,False,False,False,False,False,0.0,False,False,False,not_listed_no_path,False,True,True,False,False,True,False,False,False,EPCI:200070969,0.0
80596,80,200070951,218.0,3.13,2023-01-01,2020,base-cc-serie-historique-2020.CSV,True,69.6485623003195,80253,57.654826111214426,21630.0,50.46483465300419,20200.0,92.17778584533202,20980.0,20810.0,True,True,False,False,False,False,False,False,True,True,False,False,0.0,False,False,True,listed_only_potential_B_or_D,False,True,True,False,False,True,False,False,True,EPCI:200070951,218.0
80604,80,200071181,83.0,4.47,2023-01-01,2020,base-cc-serie-historique-2020.CSV,True,18.5682326621924,76035,42.289755603950816,21620.0,39.50073096176849,20260.0,92.17778584533202,20980.0,,True,True,False,False,False,False,False,False,True,True,False,False,0.0,False,False,True,listed_only_potential_B_or_D,False,True,True,False,False,True,False,False,True,EPCI:200071181,83.0
80606,80,200071181,1137.0,8.04,2023-01-01,2020,base-cc-serie-historique-2020.CSV,True,141.41791044776122,80606,42.289755603950816,21620.0,42.80419131798418,20140.0,92.17778584533202,20980.0,19860.0,True,True,False,False,False,False,False,False,True,True,False,False,0.0,False,False,True,listed_only_potential_B_or_D,False,True,True,False,False,True,False,False,True,EPCI:200071181,1137.0
80607,80,200071181,209.0,5.52,2023-01-01,2020,base-cc-serie-historique-2020.CSV,True,37.86231884057971,80021,42.289755603950816,21620.0,262.04793296777774,21580.0,92.17778584533202,20980.0,23850.0,True,True,False,False,False,False,False,False,False,False,False,False,0.0,False,False,False,not_listed_no_path,False,True,True,False,False,True,False,False,False,EPCI:200071181,0.0
80611,80,200071181,942.0,11.03,2023-01-01,2020,base-cc-serie-historique-2020.CSV,True,85.40344514959203,80021,42.289755603950816,21620.0,262.04793296777774,21580.0,92.17778584533202,20980.0,22900.0,True,True,False,False,False,False,False,False,False,False,False,False,0.0,False,False,False,not_listed_no_path,False,True,True,False,False,True,False,False,False,EPCI:200071181,0.0
80624,80,200070951,285.0,2.46,2023-01-01,2020,base-cc-serie-historique-2020.CSV,True,115.85365853658536,80021,57.654826111214426,21630.0,262.04793296777774,21580.0,92.17778584533202,20980.0,27990.0,True,True,False,False,False,False,False,False,False,False,False,False,0.0,False,False,False,not_listed_no_path,False,True,True,False,False,True,False,False,False,EPCI:200070951,0.0
80627,80,200071181,816.0,10.13,2023-01-01,2020,base-cc-serie-historique-2020.CSV,True,80.5528134254689,80021,42.289755603950816,21620.0,262.04793296777774,21580.0,92.17778584533202,20980.0,27430.0,True,True,False,False,False,False,False,False,False,False,False,False,0.0,False,False,False,not_listed_no_path,False,True,True,False,False,True,False,False,False,EPCI:200071181,0.0
80628,80,200070969,788.0,10.17,2023-01-01,2020,base-cc-serie-historique-2020.CSV,True,77.48279252704032,80570,56.651781077993554,22830.0,67.94153203648753,22060.0,92.17778584533202,20980.0,21750.0,True,True,False,False,False,False,False,False,False,False,False,False,0.0,False,False,False,not_listed_no_path,False,True,True,False,False,True,False,False,False,EPCI:200070969,0.0
80630,80,200071181,2332.0,11.66,2023-01-01,2020,base-cc-serie-historique-2020.CSV,True,200.0,80630,42.289755603950816,21620.0,37.676230521889686,21710.0,92.17778584533202,20980.0,20200.0,True,True,False,False,False,False,False,False,False,False,False,False,0.0,False,False,False,not_listed_no_path,False,True,True,False,False,True,False,False,True,EPCI:200071181,0.0
80643,80,200071181,562.0,5.19,2023-01-01,2020,base-cc-serie-historique-2020.CSV,True,108.28516377649323,80021,42.289755603950816,21620.0,262.04793296777774,21580.0,92.17778584533202,20980.0,27310.0,True,True,False,False,False,False,False,False,False,False,False,False,0.0,False,False,False,not_listed_no_path,False,True,True,False,False,True,False,False,False,EPCI:200071181,0.0
80651,80,200071181,263.0,1.43,2023-01-01,2020,base-cc-serie-historique-2020.CSV,True,183.91608391608392,76035,42.289755603950816,21620.0,39.50073096176849,20260.0,92.17778584533202,20980.0,20030.0,True,True,False,False,False,False,False,False,True,True,False,False,0.0,False,False,True,listed_only_potential_B_or_D,False,True,True,False,False,True,False,False,True,EPCI:200071181,263.0
80652,80,200070969,778.0,11.38,2023-01-01,2020,base-cc-serie-historique-2020.CSV,True,68.36555360281194,80680,56.651781077993554,22830.0,63.80365779927449,20460.0,92.17778584533202,20980.0,22000.0,True,True,False,False,False,False,False,False,True,True,False,False,0.0,False,False,True,listed_only_potential_B_or_D,False,True,True,False,False,True,False,False,True,EPCI:200070969,778.0
80655,80,200071181,421.0,16.14,2023-01-01,2020,base-cc-serie-historique-2020.CSV,True,26.08426270136308,80013,42.289755603950816,21620.0,55.06230529595016,20140.0,92.17778584533202,20980.0,21910.0,True,True,False,False,False,False,False,False,True,True,False,False,0.0,False,False,True,listed_only_potential_B_or_D,False,True,True,False,False,True,False,False,True,EPCI:200071181,421.0
80656,80,200071181,1103.0,8.82,2023-01-01,2020,base-cc-serie-historique-2020.CSV,True,125.05668934240364,80021,42.289755603950816,21620.0,262.04793296777774,21580.0,92.17778584533202,20980.0,23000.0,True,True,False,False,False,False,False,False,False,False,False,False,0.0,False,False,False,not_listed_no_path,False,True,True,False,False,True,False,False,False,EPCI:200071181,0.0
80657,80,200070969,317.0,6.88,2023-01-01,2020,base-cc-serie-historique-2020.CSV,True,46.07558139534884,60104,56.651781077993554,22830.0,52.014426460239264,21110.0,92.17778584533202,20980.0,22170.0,True,True,False,False,False,False,False,False,True,True,False,False,0.0,False,False,True,listed_only_potential_B_or_D,False,True,True,False,False,True,False,False,True,EPCI:200070969,317.0
80661,80,200070951,1035.0,7.11,2023-01-01,2020,base-cc-serie-historique-2020.CSV,True,145.56962025316454,80021,57.654826111214426,21630.0,262.04793296777774,21580.0,92.17778584533202,20980.0,24500.0,True,True,False,False,False,False,False,False,False,False,False,False,0.0,False,False,False,not_listed_no_path,False,True,True,False,False,True,False,False,False,EPCI:200070951,0.0
80663,80,200071181,352.0,9.9,2023-01-01,2020,base-cc-serie-historique-2020.CSV,True,35.55555555555556,80606,42.289755603950816,21620.0,42.80419131798418,20140.0,92.17778584533202,20980.0,19580.0,True,True,False,False,False,False,False,False,True,True,False,False,0.0,False,False,True,listed_only_potential_B_or_D,False,True,True,False,False,True,False,False,True,EPCI:200071181,352.0
80673,80,200071181,178.0,10.16,2023-01-01,2020,base-cc-serie-historique-2020.CSV,True,17.519685039370078,80021,42.289755603950816,21620.0,262.04793296777774,21580.0,92.17778584533202,20980.0,21800.0,True,True,False,False,False,False,False,False,False,False,False,False,0.0,False,False,False,not_listed_no_path,False,True,True,False,False,True,False,False,False,EPCI:200071181,0.0
80675,80,200070969,132.0,6.77,2023-01-01,2020,base-cc-serie-historique-2020.CSV,True,19.49778434268833,80211,56.651781077993554,22830.0,39.47710203851149,23170.0,92.17778584533202,20980.0,22140.0,True,True,False,False,False,False,False,False,False,False,False,False,0.0,False,False,False,not_listed_no_path,False,True,True,False,False,True,False,False,True,EPCI:200070969,0.0
80681,80,200070969,310.0,7.16,2023-01-01,2020,base-cc-serie-historique-2020.CSV,True,43.29608938547486,80010,56.651781077993554,22830.0,61.59754224270353,23160.0,92.17778584533202,20980.0,23470.0,True,True,False,False,False,False,False,False,False,False,False,False,0.0,False,False,False,not_listed_no_path,False,True,True,False,False,True,False,False,True,EPCI:200070969,0.0
80686,80,200070951,729.0,10.08,2023-01-01,2020,base-cc-serie-historique-2020.CSV,True,72.32142857142857,80021,57.654826111214426,21630.0,262.04793296777774,21580.0,92.17778584533202,20980.0,25040.0,True,True,False,False,False,False,False,False,False,False,False,False,0.0,False,False,False,not_listed_no_path,False,True,True,False,False,True,False,False,False,EPCI:200070951,0.0
80698,80,200071181,218.0,10.41,2023-01-01,2020,base-cc-serie-historique-2020.CSV,True,20.941402497598464,80021,42.289755603950816,21620.0,262.04793296777774,21580.0,92.17778584533202,20980.0,21840.0,True,True,False,False,False,False,False,False,False,False,False,False,0.0,False,False,False,not_listed_no_path,False,True,True,False,False,True,False,False,False,EPCI:200071181,0.0
80699,80,200071181,113.0,3.08,2023-01-01,2020,base-cc-serie-historique-2020.CSV,True,36.688311688311686,76035,42.289755603950816,21620.0,39.50073096176849,20260.0,92.17778584533202,20980.0,21780.0,True,True,False,False,False,False,False,False,True,True,False,False,0.0,False,False,True,listed_only_potential_B_or_D,False,True,True,False,False,True,False,False,True,EPCI:200071181,113.0
80703,80,200071181,210.0,8.69,2023-01-01,2020,base-cc-serie-historique-2020.CSV,True,24.16570771001151,76035,42.289755603950816,21620.0,39.50073096176849,20260.0,92.17778584533202,20980.0,22310.0,True,True,False,False,False,False,False,False,True,True,False,False,0.0,False,False,True,listed_only_potential_B_or_D,False,True,True,False,False,True,False,False,True,EPCI:200071181,210.0
80704,80,200070951,383.0,6.95,2023-01-01,2020,base-cc-serie-historique-2020.CSV,True,55.10791366906475,80021,57.654826111214426,21630.0,262.04793296777774,21580.0,92.17778584533202,20980.0,25750.0,True,True,False,False,False,False,False,False,False,False,False,False,0.0,False,False,False,not_listed_no_path,False,True,True,False,False,True,False,False,False,EPCI:200070951,0.0
80707,80,200071181,77.0,1.09,2023-01-01,2020,base-cc-serie-historique-2020.CSV,True,70.64220183486238,76035,42.289755603950816,21620.0,39.50073096176849,20260.0,92.17778584533202,20980.0,,True,True,False,False,False,False,False,False,True,True,False,False,0.0,False,False,True,listed_only_potential_B_or_D,False,True,True,False,False,True,False,False,True,EPCI:200071181,77.0
80709,80,200071181,272.0,6.21,2023-01-01,2020,base-cc-serie-historique-2020.CSV,True,43.80032206119163,76035,42.289755603950816,21620.0,39.50073096176849,20260.0,92.17778584533202,20980.0,19060.0,True,True,False,False,False,False,False,False,True,True,False,False,0.0,False,False,True,listed_only_potential_B_or_D,False,True,True,False,False,True,False,False,True,EPCI:200071181,272.0
80710,80,200069722,395.0,6.38,2023-01-01,2020,base-cc-serie-historique-2020.CSV,True,61.91222570532916,80606,45.931159264205405,20200.0,42.80419131798418,20140.0,92.17778584533202,20980.0,20760.0,True,True,True,False,False,False,False,False,True,True,False,False,0.0,False,False,True,verified_mandatory_path_listed,False,True,True,False,False,True,True,False,False,EPCI:200069722,395.0
80719,80,200071181,51.0,2.27,2023-01-01,2020,base-cc-serie-historique-2020.CSV,True,22.46696035242291,80630,42.289755603950816,21620.0,37.676230521889686,21710.0,92.17778584533202,20980.0,,True,True,False,False,False,False,False,False,False,False,False,False,0.0,False,False,False,not_listed_no_path,False,True,True,False,False,True,False,False,True,EPCI:200071181,0.0
80728,80,200071181,76.0,3.72,2023-01-01,2020,base-cc-serie-historique-2020.CSV,True,20.43010752688172,80630,42.289755603950816,21620.0,37.676230521889686,21710.0,92.17778584533202,20980.0,,True,True,False,False,False,False,False,False,False,False,False,False,0.0,False,False,False,not_listed_no_path,False,True,True,False,False,True,False,False,True,EPCI:200071181,0.0
80729,80,200070969,182.0,5.18,2023-01-01,2020,base-cc-serie-historique-2020.CSV,True,35.13513513513514,80570,56.651781077993554,22830.0,67.94153203648753,22060.0,92.17778584533202,20980.0,21050.0,True,True,False,False,False,False,False,False,False,False,False,False,0.0,False,False,False,not_listed_no_path,False,True,True,False,False,True,False,False,False,EPCI:200070969,0.0
80732,80,200071181,627.0,7.0,2023-01-01,2020,base-cc-serie-historique-2020.CSV,True,89.57142857142857,76035,42.289755603950816,21620.0,39.50073096176849,20260.0,92.17778584533202,20980.0,20020.0,True,True,False,False,False,False,False,False,True,True,False,False,0.0,False,False,True,listed_only_potential_B_or_D,False,True,True,False,False,True,False,False,True,EPCI:200071181,627.0
80734,80,200071181,208.0,5.53,2023-01-01,2020,base-cc-serie-historique-2020.CSV,True,37.613019891500905,60286,42.289755603950816,21620.0,51.60195264280103,21220.0,92.17778584533202,20980.0,21840.0,True,True,False,False,False,False,False,False,True,True,False,False,0.0,False,False,True,listed_only_potential_B_or_D,False,True,True,False,False,True,False,False,True,EPCI:200071181,208.0
80740,80,200070969,349.0,5.12,2023-01-01,2020,base-cc-serie-historique-2020.CSV,True,68.1640625,80010,56.651781077993554,22830.0,61.59754224270353,23160.0,92.17778584533202,20980.0,24470.0,True,True,False,False,False,False,False,False,False,False,False,False,0.0,False,False,False,not_listed_no_path,False,True,True,False,False,True,False,False,True,EPCI:200070969,0.0
80744,80,200071181,56.0,4.05,2023-01-01,2020,base-cc-serie-historique-2020.CSV,True,13.827160493827162,80013,42.289755603950816,21620.0,55.06230529595016,20140.0,92.17778584533202,20980.0,,True,True,False,False,False,False,False,False,True,True,False,False,0.0,False,False,True,listed_only_potential_B_or_D,False,True,True,False,False,True,False,False,True,EPCI:200071181,56.0
80746,80,200070951,1074.0,19.2,2023-01-01,2020,base-cc-serie-historique-2020.CSV,True,55.9375,80021,57.654826111214426,21630.0,262.04793296777774,21580.0,92.17778584533202,20980.0,25960.0,True,True,False,False,False,False,False,False,False,False,False,False,0.0,False,False,False,not_listed_no_path,False,True,True,False,False,True,False,False,False,EPCI:200070951,0.0
80749,80,200070951,321.0,2.66,2023-01-01,2020,base-cc-serie-historique-2020.CSV,True,120.6766917293233,80253,57.654826111214426,21630.0,50.46483465300419,20200.0,92.17778584533202,20980.0,21130.0,True,True,False,False,False,False,False,False,True,True,False,False,0.0,False,False,True,listed_only_potential_B_or_D,False,True,True,False,False,True,False,False,True,EPCI:200070951,321.0
80751,80,200070969,582.0,8.0,2023-01-01,2020,base-cc-serie-historique-2020.CSV,True,72.75,80570,56.651781077993554,22830.0,67.94153203648753,22060.0,92.17778584533202,20980.0,24740.0,True,True,False,False,False,False,False,False,False,False,False,False,0.0,False,False,False,not_listed_no_path,False,True,True,False,False,True,False,False,False,EPCI:200070969,0.0
80754,80,200071181,394.0,14.66,2023-01-01,2020,base-cc-serie-historique-2020.CSV,True,26.875852660300136,80630,42.289755603950816,21620.0,37.676230521889686,21710.0,92.17778584533202,20980.0,22120.0,True,True,False,False,False,False,False,False,False,False,False,False,0.0,False,False,False,not_listed_no_path,False,True,True,False,False,True,False,False,True,EPCI:200071181,0.0
80755,80,200071181,145.0,3.28,2023-01-01,2020,base-cc-serie-historique-2020.CSV,True,44.207317073170735,80630,42.289755603950816,21620.0,37.676230521889686,21710.0,92.17778584533202,20980.0,20290.0,True,True,False,False,False,False,False,False,False,False,False,False,0.0,False,False,False,not_listed_no_path,False,True,True,False,False,True,False,False,True,EPCI:200071181,0.0
80757,80,200071181,144.0,11.12,2023-01-01,2020,base-cc-serie-historique-2020.CSV,True,12.949640287769784,80211,42.289755603950816,21620.0,39.47710203851149,23170.0,92.17778584533202,20980.0,23270.0,True,True,False,False,False,False,False,False,False,False,False,False,0.0,False,False,False,not_listed_no_path,False,True,True,False,False,True,False,False,True,EPCI:200071181,0.0
80758,80,200070969,208.0,5.19,2023-01-01,2020,base-cc-serie-historique-2020.CSV,True,40.07707129094412,80010,56.651781077993554,22830.0,61.59754224270353,23160.0,92.17778584533202,20980.0,24030.0,True,True,False,False,False,False,False,False,False,False,False,False,0.0,False,False,False,not_listed_no_path,False,True,True,False,False,True,False,False,True,EPCI:200070969,0.0
80767,80,200071181,248.0,5.61,2023-01-01,2020,base-cc-serie-historique-2020.CSV,True,44.20677361853832,76101,42.289755603950816,21620.0,47.184725769184,20000.0,92.17778584533202,20980.0,20240.0,True,True,False,False,False,False,False,False,True,True,False,False,0.0,False,False,True,listed_only_potential_B_or_D,False,True,True,False,False,True,False,False,True,EPCI:200071181,248.0
80773,80,200070951,106.0,4.92,2023-01-01,2020,base-cc-serie-historique-2020.CSV,True,21.54471544715448,80016,57.654826111214426,21630.0,62.890924584576055,21000.0,92.17778584533202,20980.0,,True,True,False,False,False,False,False,False,True,True,False,False,0.0,False,False,True,listed_only_potential_B_or_D,False,True,True,False,False,True,False,False,True,EPCI:200070951,106.0
80786,80,200071181,146.0,3.96,2023-01-01,2020,base-cc-serie-historique-2020.CSV,True,36.86868686868687,80211,42.289755603950816,21620.0,39.47710203851149,23170.0,92.17778584533202,20980.0,22800.0,True,True,False,False,False,False,False,False,False,False,False,False,0.0,False,False,False,not_listed_no_path,False,True,True,False,False,True,False,False,True,EPCI:200071181,0.0
80788,80,200071181,175.0,8.0,2023-01-01,2020,base-cc-serie-historique-2020.CSV,True,21.875,80606,42.289755603950816,21620.0,42.80419131798418,20140.0,92.17778584533202,20980.0,21170.0,True,True,False,False,False,False,False,False,True,True,False,False,0.0,False,False,True,listed_only_potential_B_or_D,False,True,True,False,False,True,False,False,True,EPCI:200071181,175.0
80792,80,200070951,246.0,4.84,2023-01-01,2020,base-cc-serie-historique-2020.CSV,True,50.82644628099174,80021,57.654826111214426,21630.0,262.04793296777774,21580.0,92.17778584533202,20980.0,23630.0,True,True,False,False,False,False,False,False,False,False,False,False,0.0,False,False,False,not_listed_no_path,False,True,True,False,False,True,False,False,False,EPCI:200070951,0.0
80796,80,200071181,178.0,6.02,2023-01-01,2020,base-cc-serie-historique-2020.CSV,True,29.56810631229236,80606,42.289755603950816,21620.0,42.80419131798418,20140.0,92.17778584533202,20980.0,20820.0,True,True,False,False,False,False,False,False,True,True,False,False,0.0,False,False,True,listed_only_potential_B_or_D,False,True,True,False,False,True,False,False,True,EPCI:200071181,178.0
80797,80,200070969,139.0,4.34,2023-01-01,2020,base-cc-serie-historique-2020.CSV,True,32.02764976958525,80570,56.651781077993554,22830.0,67.94153203648753,22060.0,92.17778584533202,20980.0,21490.0,True,True,False,False,False,False,False,False,False,False,False,False,0.0,False,False,False,not_listed_no_path,False,True,True,False,False,True,False,False,False,EPCI:200070969,0.0
80798,80,200070951,1435.0,14.17,2023-01-01,2020,base-cc-serie-historique-2020.CSV,True,101.27028934368384,80021,57.654826111214426,21630.0,262.04793296777774,21580.0,92.17778584533202,20980.0,26280.0,True,True,False,False,False,False,False,False,False,False,False,False,0.0,False,False,False,not_listed_no_path,False,True,True,False,False,True,False,False,False,EPCI:200070951,0.0
80800,80,200071181,139.0,4.45,2023-01-01,2020,base-cc-serie-historique-2020.CSV,True,31.235955056179773,76035,42.289755603950816,21620.0,39.50073096176849,20260.0,92.17778584533202,20980.0,21700.0,True,True,False,False,False,False,False,False,True,True,False,False,0.0,False,False,True,listed_only_potential_B_or_D,False,True,True,False,False,True,False,False,True,EPCI:200071181,139.0
80813,80,200071181,96.0,5.65,2023-01-01,2020,base-cc-serie-historique-2020.CSV,True,16.991150442477874,76035,42.289755603950816,21620.0,39.50073096176849,20260.0,92.17778584533202,20980.0,,True,True,False,False,False,False,False,False,True,True,False,False,0.0,False,False,True,listed_only_potential_B_or_D,False,True,True,False,False,True,False,False,True,EPCI:200071181,96.0
80819,80,200070951,83.0,2.82,2023-01-01,2020,base-cc-serie-historique-2020.CSV,True,29.43262411347518,80021,57.654826111214426,21630.0,262.04793296777774,21580.0,92.17778584533202,20980.0,,True,True,False,False,False,False,False,False,False,False,False,False,0.0,False,False,False,not_listed_no_path,False,True,True,False,False,True,False,False,False,EPCI:200070951,0.0
80821,80,200071181,221.0,8.12,2023-01-01,2020,base-cc-serie-historique-2020.CSV,True,27.216748768472907,80013,42.289755603950816,21620.0,55.06230529595016,20140.0,92.17778584533202,20980.0,19790.0,True,True,False,False,False,False,False,False,True,True,False,False,0.0,False,False,True,listed_only_potential_B_or_D,False,True,True,False,False,True,False,False,True,EPCI:200071181,221.0
80828,80,200071181,60.0,1.85,2023-01-01,2020,base-cc-serie-historique-2020.CSV,True,32.43243243243243,80606,42.289755603950816,21620.0,42.80419131798418,20140.0,92.17778584533202,20980.0,,True,True,False,False,False,False,False,False,True,True,False,False,0.0,False,False,True,listed_only_potential_B_or_D,False,True,True,False,False,True,False,False,True,EPCI:200071181,60.0
87002,87,200066512,5556.0,57.83,2023-01-01,2020,base-cc-serie-historique-2020.CSV,True,96.07470171191424,87002,45.24818055441983,21900.0,34.79378131825774,21790.0,67.41199935508764,21610.0,22490.0,True,True,False,False,False,False,False,False,False,False,False,False,0.0,False,False,False,not_listed_no_path,False,True,True,False,False,True,False,False,True,EPCI:200066512,0.0
87016,87,200066512,287.0,22.61,2023-01-01,2020,base-cc-serie-historique-2020.CSV,True,12.693498452012385,87002,45.24818055441983,21900.0,34.79378131825774,21790.0,67.41199935508764,21610.0,18380.0,True,True,False,False,False,False,False,False,False,False,False,False,0.0,False,False,False,not_listed_no_path,False,True,True,False,False,True,False,False,True,EPCI:200066512,0.0
87107,87,200066512,1629.0,16.97,2023-01-01,2020,base-cc-serie-historique-2020.CSV,True,95.99292869770184,87085,45.24818055441983,21900.0,190.4273710449081,22080.0,67.41199935508764,21610.0,24100.0,True,True,False,False,False,False,False,False,False,False,False,False,0.0,False,False,False,not_listed_no_path,False,True,True,False,False,True,False,False,False,EPCI:200066512,0.0
87152,87,200066512,1658.0,24.96,2023-01-01,2020,base-cc-serie-historique-2020.CSV,True,66.42628205128204,87085,45.24818055441983,21900.0,190.4273710449081,22080.0,67.41199935508764,21610.0,23430.0,True,True,False,False,False,False,False,False,False,False,False,False,0.0,False,False,False,not_listed_no_path,False,True,True,False,False,True,False,False,False,EPCI:200066512,0.0
87157,87,200066512,829.0,27.37,2023-01-01,2020,base-cc-serie-historique-2020.CSV,True,30.28863719400804,87002,45.24818055441983,21900.0,34.79378131825774,21790.0,67.41199935508764,21610.0,22540.0,True,True,False,False,False,False,False,False,False,False,False,False,0.0,False,False,False,not_listed_no_path,False,True,True,False,False,True,False,False,True,EPCI:200066512,0.0
87178,87,200066512,2895.0,27.0,2023-01-01,2020,base-cc-serie-historique-2020.CSV,True,107.22222222222224,87085,45.24818055441983,21900.0,190.4273710449081,22080.0,67.41199935508764,21610.0,22740.0,True,True,False,False,False,False,False,False,False,False,False,False,0.0,False,False,False,not_listed_no_path,False,True,True,False,False,True,False,False,False,EPCI:200066512,0.0
87183,87,200066512,920.0,30.91,2023-01-01,2020,base-cc-serie-historique-2020.CSV,True,29.76383047557425,87002,45.24818055441983,21900.0,34.79378131825774,21790.0,67.41199935508764,21610.0,22690.0,True,True,False,False,False,False,False,False,False,False,False,False,0.0,False,False,False,not_listed_no_path,False,True,True,False,False,True,False,False,True,EPCI:200066512,0.0
89036,89,248900748,237.0,8.49,2023-01-01,2020,base-cc-serie-historique-2020.CSV,True,27.915194346289752,89387,43.47772215889379,22520.0,86.59991960203006,21230.0,44.9899358452207,21390.0,22660.0,True,True,False,False,False,False,False,False,False,False,False,False,0.0,False,False,False,not_listed_no_path,False,True,True,False,False,True,False,False,False,EPCI:248900748,0.0
89054,89,248900748,787.0,10.81,2023-01-01,2020,base-cc-serie-historique-2020.CSV,True,72.80296022201665,89387,43.47772215889379,22520.0,86.59991960203006,21230.0,44.9899358452207,21390.0,21980.0,True,True,False,False,False,False,False,False,False,False,False,False,0.0,False,False,False,not_listed_no_path,False,True,True,False,False,True,False,False,False,EPCI:248900748,0.0
89060,89,248900748,456.0,23.79,2023-01-01,2020,base-cc-serie-historique-2020.CSV,True,19.167717528373267,89464,43.47772215889379,22520.0,63.42323976791595,21940.0,44.9899358452207,21390.0,22940.0,True,True,False,False,False,False,False,False,False,False,False,False,0.0,False,False,False,not_listed_no_path,False,True,True,False,False,True,False,False,True,EPCI:248900748,0.0
89088,89,248900524,467.0,16.45,2023-01-01,2020,base-cc-serie-historique-2020.CSV,True,28.38905775075988,89003,38.68508454106281,22340.0,38.006822401658106,22170.0,44.9899358452207,21390.0,24120.0,True,True,False,False,False,False,False,False,False,False,False,False,0.0,False,False,False,not_listed_no_path,False,True,True,False,False,True,False,False,True,EPCI:248900524,0.0
89094,89,248900748,703.0,14.86,2023-01-01,2020,base-cc-serie-historique-2020.CSV,True,47.30820995962315,89464,43.47772215889379,22520.0,63.42323976791595,21940.0,44.9899358452207,21390.0,21970.0,True,True,False,False,False,False,False,False,False,False,False,False,0.0,False,False,False,not_listed_no_path,False,True,True,False,False,True,False,False,True,EPCI:248900748,0.0
89100,89,248900748,1705.0,10.52,2023-01-01,2020,base-cc-serie-historique-2020.CSV,True,162.0722433460076,89387,43.47772215889379,22520.0,86.59991960203006,21230.0,44.9899358452207,21390.0,21350.0,True,True,False,False,False,False,False,False,False,False,False,False,0.0,False,False,False,not_listed_no_path,False,True,True,False,False,True,False,False,False,EPCI:248900748,0.0
89116,89,248900748,360.0,5.06,2023-01-01,2020,base-cc-serie-historique-2020.CSV,True,71.14624505928855,89387,43.47772215889379,22520.0,86.59991960203006,21230.0,44.9899358452207,21390.0,23250.0,True,True,False,False,False,False,False,False,False,False,False,False,0.0,False,False,False,not_listed_no_path,False,True,True,False,False,True,False,False,False,EPCI:248900748,0.0
89126,89,248900748,31.0,6.15,2023-01-01,2020,base-cc-serie-historique-2020.CSV,True,5.0406504065040645,89387,43.47772215889379,22520.0,86.59991960203006,21230.0,44.9899358452207,21390.0,,True,True,False,False,False,False,False,False,False,False,False,False,0.0,False,False,False,not_listed_no_path,False,True,True,False,False,True,False,False,False,EPCI:248900748,0.0
89143,89,248900748,315.0,15.28,2023-01-01,2020,base-cc-serie-historique-2020.CSV,True,20.6151832460733,89387,43.47772215889379,22520.0,86.59991960203006,21230.0,44.9899358452207,21390.0,23940.0,True,True,False,False,False,False,False,False,False,False,False,False,0.0,False,False,False,not_listed_no_path,False,True,True,False,False,True,False,False,False,EPCI:248900748,0.0
89144,89,248900748,806.0,24.15,2023-01-01,2020,base-cc-serie-historique-2020.CSV,True,33.37474120082816,45115,43.47772215889379,22520.0,39.7017707362535,21410.0,44.9899358452207,21390.0,21550.0,True,True,False,False,False,False,False,False,True,True,False,False,0.0,False,False,True,listed_only_potential_B_or_D,False,True,True,False,False,True,False,False,True,EPCI:248900748,806.0
89151,89,248900748,1372.0,23.69,2023-01-01,2020,base-cc-serie-historique-2020.CSV,True,57.91473195441114,89387,43.47772215889379,22520.0,86.59991960203006,21230.0,44.9899358452207,21390.0,22120.0,True,True,False,False,False,False,False,False,False,False,False,False,0.0,False,False,False,not_listed_no_path,False,True,True,False,False,True,False,False,False,EPCI:248900748,0.0
89167,89,248900524,1081.0,15.06,2023-01-01,2020,base-cc-serie-historique-2020.CSV,True,71.77954847277556,89024,38.68508454106281,22340.0,102.0375423172149,22130.0,44.9899358452207,21390.0,23240.0,True,True,False,False,False,False,False,False,False,False,False,False,0.0,False,False,False,not_listed_no_path,False,True,True,False,False,True,False,False,False,EPCI:248900524,0.0
89180,89,248900748,496.0,14.72,2023-01-01,2020,base-cc-serie-historique-2020.CSV,True,33.69565217391304,89387,43.47772215889379,22520.0,86.59991960203006,21230.0,44.9899358452207,21390.0,23380.0,True,True,False,False,False,False,False,False,False,False,False,False,0.0,False,False,False,not_listed_no_path,False,True,True,False,False,True,False,False,False,EPCI:248900748,0.0
89196,89,248900524,1752.0,37.05,2023-01-01,2020,base-cc-serie-historique-2020.CSV,True,47.28744939271255,89003,38.68508454106281,22340.0,38.006822401658106,22170.0,44.9899358452207,21390.0,22610.0,True,True,False,False,False,False,False,False,False,False,False,False,0.0,False,False,False,not_listed_no_path,False,True,True,False,False,True,False,False,True,EPCI:248900524,0.0
89209,89,248900748,512.0,17.6,2023-01-01,2020,base-cc-serie-historique-2020.CSV,True,29.09090909090909,89387,43.47772215889379,22520.0,86.59991960203006,21230.0,44.9899358452207,21390.0,23530.0,True,True,False,False,False,False,False,False,False,False,False,False,0.0,False,False,False,not_listed_no_path,False,True,True,False,False,True,False,False,False,EPCI:248900748,0.0
89229,89,248900748,476.0,12.02,2023-01-01,2020,base-cc-serie-historique-2020.CSV,True,39.60066555740433,89309,43.47772215889379,22520.0,76.4452912357104,22120.0,44.9899358452207,21390.0,22940.0,True,True,False,False,False,False,False,False,False,False,False,False,0.0,False,False,False,not_listed_no_path,False,True,True,False,False,True,False,False,False,EPCI:248900748,0.0
89251,89,248900524,367.0,18.31,2023-01-01,2020,base-cc-serie-historique-2020.CSV,True,20.04369197160022,89419,38.68508454106281,22340.0,21.110638939533096,21220.0,44.9899358452207,21390.0,22490.0,True,True,False,False,False,False,False,False,True,True,False,False,0.0,False,False,True,listed_only_potential_B_or_D,False,True,True,False,False,True,False,False,True,EPCI:248900524,367.0
89264,89,248900748,715.0,29.2,2023-01-01,2020,base-cc-serie-historique-2020.CSV,True,24.48630136986301,89387,43.47772215889379,22520.0,86.59991960203006,21230.0,44.9899358452207,21390.0,23140.0,True,True,False,False,False,False,False,False,False,False,False,False,0.0,False,False,False,not_listed_no_path,False,True,True,False,False,True,False,False,False,EPCI:248900748,0.0
89274,89,248900748,1333.0,21.61,2023-01-01,2020,base-cc-serie-historique-2020.CSV,True,61.68440536788524,89387,43.47772215889379,22520.0,86.59991960203006,21230.0,44.9899358452207,21390.0,23190.0,True,True,False,False,False,False,False,False,False,False,False,False,0.0,False,False,False,not_listed_no_path,False,True,True,False,False,True,False,False,False,EPCI:248900748,0.0
89281,89,248900524,336.0,8.55,2023-01-01,2020,base-cc-serie-historique-2020.CSV,True,39.29824561403508,89003,38.68508454106281,22340.0,38.006822401658106,22170.0,44.9899358452207,21390.0,21090.0,True,True,False,False,False,False,False,False,False,False,False,False,0.0,False,False,False,not_listed_no_path,False,True,True,False,False,True,False,False,True,EPCI:248900524,0.0
89298,89,248900748,598.0,24.55,2023-01-01,2020,base-cc-serie-historique-2020.CSV,True,24.358452138492872,45115,43.47772215889379,22520.0,39.7017707362535,21410.0,44.9899358452207,21390.0,22330.0,True,True,False,False,False,False,False,False,True,True,False,False,0.0,False,False,True,listed_only_potential_B_or_D,False,True,True,False,False,True,False,False,True,EPCI:248900748,598.0
89304,89,248900524,675.0,19.56,2023-01-01,2020,base-cc-serie-historique-2020.CSV,True,34.50920245398773,89003,38.68508454106281,22340.0,38.006822401658106,22170.0,44.9899358452207,21390.0,23590.0,True,True,False,False,False,False,False,False,False,False,False,False,0.0,False,False,False,not_listed_no_path,False,True,True,False,False,True,False,False,True,EPCI:248900524,0.0
89332,89,248900748,957.0,13.22,2023-01-01,2020,base-cc-serie-historique-2020.CSV,True,72.39031770045385,77305,43.47772215889379,22520.0,126.14729205331534,20980.0,44.9899358452207,21390.0,22840.0,True,True,False,False,False,False,False,False,False,False,False,False,0.0,False,False,False,not_listed_no_path,False,True,True,False,False,True,False,False,False,EPCI:248900748,0.0
89334,89,248900524,555.0,29.47,2023-01-01,2020,base-cc-serie-historique-2020.CSV,True,18.83271123176112,89003,38.68508454106281,22340.0,38.006822401658106,22170.0,44.9899358452207,21390.0,20580.0,True,True,False,False,False,False,False,False,False,False,False,False,0.0,False,False,False,not_listed_no_path,False,True,True,False,False,True,False,False,True,EPCI:248900524,0.0
89350,89,200067668,260.0,17.67,2023-01-01,2020,base-cc-serie-historique-2020.CSV,True,14.714204867006224,45115,40.04407934281707,21520.0,39.7017707362535,21410.0,44.9899358452207,21390.0,21160.0,True,True,True,False,False,False,False,False,True,True,False,False,0.0,False,False,True,verified_mandatory_path_listed,False,True,True,False,False,True,True,False,False,EPCI:200067668,260.0
89360,89,248900524,372.0,4.93,2023-01-01,2020,base-cc-serie-historique-2020.CSV,True,75.45638945233266,89003,38.68508454106281,22340.0,38.006822401658106,22170.0,44.9899358452207,21390.0,23440.0,True,True,False,False,False,False,False,False,False,False,False,False,0.0,False,False,False,not_listed_no_path,False,True,True,False,False,True,False,False,True,EPCI:248900524,0.0
89361,89,248900524,253.0,1.95,2023-01-01,2020,base-cc-serie-historique-2020.CSV,True,129.74358974358975,89003,38.68508454106281,22340.0,38.006822401658106,22170.0,44.9899358452207,21390.0,20980.0,True,True,False,False,False,False,False,False,False,False,False,False,0.0,False,False,False,not_listed_no_path,False,True,True,False,False,True,False,False,True,EPCI:248900524,0.0
89370,89,248900748,1750.0,22.31,2023-01-01,2020,base-cc-serie-historique-2020.CSV,True,78.44016136261766,89387,43.47772215889379,22520.0,86.59991960203006,21230.0,44.9899358452207,21390.0,20560.0,True,True,False,False,False,False,False,False,False,False,False,False,0.0,False,False,False,not_listed_no_path,False,True,True,False,False,True,False,False,False,EPCI:248900748,0.0
89380,89,248900748,451.0,16.44,2023-01-01,2020,base-cc-serie-historique-2020.CSV,True,27.43309002433089,45115,43.47772215889379,22520.0,39.7017707362535,21410.0,44.9899358452207,21390.0,23080.0,True,True,False,False,False,False,False,False,True,True,False,False,0.0,False,False,True,listed_only_potential_B_or_D,False,True,True,False,False,True,False,False,True,EPCI:248900748,451.0
89384,89,248900524,682.0,17.54,2023-01-01,2020,base-cc-serie-historique-2020.CSV,True,38.88255416191562,89003,38.68508454106281,22340.0,38.006822401658106,22170.0,44.9899358452207,21390.0,21870.0,True,True,False,False,False,False,False,False,False,False,False,False,0.0,False,False,False,not_listed_no_path,False,True,True,False,False,True,False,False,True,EPCI:248900524,0.0
89397,89,248900524,372.0,15.53,2023-01-01,2020,base-cc-serie-historique-2020.CSV,True,23.9536381197682,89003,38.68508454106281,22340.0,38.006822401658106,22170.0,44.9899358452207,21390.0,19990.0,True,True,False,False,False,False,False,False,False,False,False,False,0.0,False,False,False,not_listed_no_path,False,True,True,False,False,True,False,False,True,EPCI:248900524,0.0
89404,89,248900748,525.0,7.88,2023-01-01,2020,base-cc-serie-historique-2020.CSV,True,66.6243654822335,89387,43.47772215889379,22520.0,86.59991960203006,21230.0,44.9899358452207,21390.0,22920.0,True,True,False,False,False,False,False,False,False,False,False,False,0.0,False,False,False,not_listed_no_path,False,True,True,False,False,True,False,False,False,EPCI:248900748,0.0
89428,89,248900748,568.0,12.43,2023-01-01,2020,base-cc-serie-historique-2020.CSV,True,45.69589702333065,89387,43.47772215889379,22520.0,86.59991960203006,21230.0,44.9899358452207,21390.0,22880.0,True,True,False,False,False,False,False,False,False,False,False,False,0.0,False,False,False,not_listed_no_path,False,True,True,False,False,True,False,False,False,EPCI:248900748,0.0
89442,89,248900748,239.0,14.42,2023-01-01,2020,base-cc-serie-historique-2020.CSV,True,16.574202496532592,45115,43.47772215889379,22520.0,39.7017707362535,21410.0,44.9899358452207,21390.0,20470.0,True,True,False,False,False,False,False,False,True,True,False,False,0.0,False,False,True,listed_only_potential_B_or_D,False,True,True,False,False,True,False,False,True,EPCI:248900748,239.0
89450,89,248900748,629.0,11.81,2023-01-01,2020,base-cc-serie-historique-2020.CSV,True,53.25994919559695,89387,43.47772215889379,22520.0,86.59991960203006,21230.0,44.9899358452207,21390.0,23750.0,True,True,False,False,False,False,False,False,False,False,False,False,0.0,False,False,False,not_listed_no_path,False,True,True,False,False,True,False,False,False,EPCI:248900748,0.0
89459,89,248900748,329.0,14.55,2023-01-01,2020,base-cc-serie-historique-2020.CSV,True,22.61168384879725,89387,43.47772215889379,22520.0,86.59991960203006,21230.0,44.9899358452207,21390.0,23160.0,True,True,False,False,False,False,False,False,False,False,False,False,0.0,False,False,False,not_listed_no_path,False,True,True,False,False,True,False,False,False,EPCI:248900748,0.0
89466,89,248900748,386.0,7.1,2023-01-01,2020,base-cc-serie-historique-2020.CSV,True,54.36619718309859,89387,43.47772215889379,22520.0,86.59991960203006,21230.0,44.9899358452207,21390.0,25430.0,True,True,False,False,False,False,False,False,False,False,False,False,0.0,False,False,False,not_listed_no_path,False,True,True,False,False,True,False,False,False,EPCI:248900748,0.0
89467,89,248900748,809.0,20.88,2023-01-01,2020,base-cc-serie-historique-2020.CSV,True,38.74521072796935,77305,43.47772215889379,22520.0,126.14729205331534,20980.0,44.9899358452207,21390.0,23070.0,True,True,False,False,False,False,False,False,False,False,False,False,0.0,False,False,False,not_listed_no_path,False,True,True,False,False,True,False,False,False,EPCI:248900748,0.0
