bassin_2022_cog2023,income2020,running_x,criterion_eligible,full_bv_population2020,full_bv_density2020,full_bv_n_communes,mapped_full_population2020,mapped_full_n_communes,selected_population2020,selected_n_communes,selected_population_share,selected_commune_share,mapped_full_population_share,fixed_prepolicy_population2020,fixed_prepolicy_population_share,initial_frr_selected_population_share,log_full_bv_population2020,old_zrr_full_population_share,unknown_zrr_full_population_share,not_analysis_stable_population_share,missing_metadata_population_share,selected_n_epci,selected_n_departments,full_n_epci_primitives,full_n_departments,eligible_A_epci_full_population_share,eligible_A_epci_unknown_full_population_share,eligible_A_epci_prepolicy_population_share,eligible_A_isolated_commune_full_population_share,eligible_A_isolated_commune_unknown_full_population_share,eligible_A_isolated_commune_prepolicy_population_share,eligible_C_department_full_population_share,eligible_C_department_unknown_full_population_share,eligible_C_department_prepolicy_population_share,eligible_D_potential_full_population_share,eligible_D_potential_unknown_full_population_share,eligible_D_potential_prepolicy_population_share,alternative_screen_any_full_population_share,alternative_screen_any_unknown_full_population_share,alternative_screen_any_prepolicy_population_share,alternative_screen_unknown_full_population_share,alternative_screen_unknown_unknown_full_population_share,alternative_screen_unknown_prepolicy_population_share,administrative_change_since2017_full_population_share,administrative_change_since2017_unknown_full_population_share,administrative_change_since2017_prepolicy_population_share,epci_change_2023_2024_full_population_share,epci_change_2023_2024_unknown_full_population_share,epci_change_2023_2024_prepolicy_population_share,full_epci_income_missing_population_share,full_weighted_epci_income_mean_diagnostic,full_epci_income_min,full_epci_income_max,full_epci_income_le21570_population_share,full_epci_income_le22822p5_population_share,full_epci_income_equals_bv_population_share,full_weighted_abs_epci_bv_income_difference,full_nearest_epci_income_to21570,selected_epci_income_missing_population_share,selected_weighted_epci_income_mean_diagnostic,selected_epci_income_min,selected_epci_income_max,selected_epci_income_le21570_population_share,selected_epci_income_le22822p5_population_share,selected_epci_income_equals_bv_population_share,selected_weighted_abs_epci_bv_income_difference,selected_nearest_epci_income_to21570,component_epci_h500,component_department_h500,component_joint_h500,component_epci_full_h500,component_department_full_h500,component_joint_full_h500,component_epci_h750,component_department_h750,component_joint_h750,component_epci_full_h750,component_department_full_h750,component_joint_full_h750,component_epci_h1000,component_department_h1000,component_joint_h1000,component_epci_full_h1000,component_department_full_h1000,component_joint_full_h1000,component_epci_h1500,component_department_h1500,component_joint_h1500,component_epci_full_h1500,component_department_full_h1500,component_joint_full_h1500
01034,22020.0,-420.0,0,25684.0,60.83084647813936,35,25684.0,35,21821.0,31,0.8495950786481856,0.8857142857142857,1.0,21821.0,0.8495950786481856,0.0,10.153623508913938,0.0,0.0,0.15040492135181435,0.0,2,1,2,1,0.0,0.0,0.0,0.0,0.0,0.0,0.0,0.0,0.0,0.0,0.0,0.0,0.0,0.0,0.0,0.0,0.0,0.0,0.15040492135181435,0.0,0.0,0.0,0.0,0.0,0.0,22277.81653947983,22260.0,23560.0,0.0,0.9862949696308986,0.0,257.8165394798318,690.0,0.0,22280.97062462765,22260.0,23560.0,0.0,0.9838687502864213,0.0,260.9706246276523,690.0,01034,01034,01034,01034,01034,01034,01034,01034,01034,01034,01034,01034,01034,01034,01034,01034,01034,01034,01034,01034,01034,01034,01034,01034
01093,23350.0,-1750.0,0,16865.0,60.34421067697152,17,16865.0,17,16865.0,17,1.0,1.0,1.0,16865.0,1.0,0.0,9.732995747495751,0.0,0.0,0.0,0.0,3,1,3,1,0.0,0.0,0.0,0.0,0.0,0.0,0.0,0.0,0.0,0.0,0.0,0.0,0.0,0.0,0.0,0.0,0.0,0.0,0.0,0.0,0.0,0.0,0.0,0.0,0.0,24143.44500444708,23200.0,24210.0,0.0,0.0,0.0,809.8280462496294,1630.0,0.0,24143.44500444708,23200.0,24210.0,0.0,0.0,0.0,809.8280462496294,1630.0,,,,,,,,,,,,,,,,,,,,,,,,
01185,22440.0,-840.0,0,9101.0,24.62391774891775,13,9101.0,13,2208.0,7,0.2426107021206461,0.5384615384615384,1.0,2208.0,0.2426107021206461,0.0,9.116139576577355,0.20755960883419405,0.019778046368530932,0.5976266344357762,0.019778046368530932,2,1,3,1,0.0,0.0,0.0,0.0,0.0,0.0,0.0,0.0,0.0,0.0,0.0,0.0,0.0,0.0,0.0,0.0,0.0,0.0,0.5976266344357762,0.019778046368530932,0.0,0.0,0.019778046368530932,0.0,0.0,21465.520272497528,20880.0,23560.0,0.7391495440061532,0.8265025821338314,0.0,1363.1139435226899,690.0,0.0,22796.539855072464,20880.0,23560.0,0.2848731884057971,0.2848731884057971,0.0,1245.3442028985507,690.0,,,,,,,,,,,,,01034,01034,01034,01034,01034,01034,01034,01034,01034,01034,01034,01034
01305,22200.0,-600.0,0,21701.0,54.44988081796512,32,21701.0,32,18528.0,25,0.8537855398368739,0.78125,1.0,18528.0,0.8537855398368739,0.0,9.985113621416073,0.14621446016312611,0.0,0.0,0.0,4,2,5,2,0.0,0.0,0.0,0.0,0.0,0.0,0.0,0.0,0.0,0.0,0.0,0.0,0.0,0.0,0.0,0.0,0.0,0.0,0.0,0.0,0.0,0.0,0.0,0.0,0.0,22689.597714391042,21880.0,23090.0,0.0,0.5528316667434681,0.0,546.5020045159209,310.0,0.0,22682.67864853195,21880.0,23090.0,0.0,0.47625215889464595,0.0,549.3280440414508,310.0,,,,,,,01305,01034,01034,01305,01034,01034,01305,01034,01034,01305,01034,01034,01305,01034,01034,01305,01034,01034
01443,24320.0,-2720.0,0,8954.0,47.13872071597789,10,8954.0,10,8954.0,10,1.0,1.0,1.0,8954.0,1.0,0.0,9.09985563880091,0.0,0.0,0.0,0.0,2,1,2,1,0.0,0.0,0.0,0.0,0.0,0.0,0.0,0.0,0.0,0.0,0.0,0.0,0.0,0.0,0.0,0.0,0.0,0.0,0.0,0.0,0.0,0.0,0.0,0.0,0.0,24168.621844985482,23560.0,24210.0,0.0,0.0,0.0,151.37815501451865,1990.0,0.0,24168.621844985482,23560.0,24210.0,0.0,0.0,0.0,151.37815501451865,1990.0,,,,,,,,,,,,,,,,,,,,,,,,
02408,20380.0,1220.0,1,75342.0,61.22727605178257,125,75342.0,125,41049.0,34,0.5448355498924903,0.272,1.0,42677.0,0.5664436834700433,1.0,11.229793027217019,0.42851264898728464,0.0015661915000929098,0.04810066098590428,0.0015661915000929098,2,1,9,1,0.4320963075044464,0.0,0.038147011270707874,0.0,0.0,0.0,0.0,0.0,0.0,0.0,0.0,0.0,0.4320963075044464,0.0,0.038147011270707874,0.0,0.0,0.0,0.04810066098590428,0.0015661915000929098,0.0,0.0,0.0015661915000929098,0.0,0.0,20399.473865838445,19700.0,21540.0,1.0,1.0,0.0,488.5787475777123,30.0,0.0,20004.31167628931,19760.0,20010.0,1.0,1.0,0.0,375.6883237106872,1560.0,,,,,,,,,,,,,,,,,,,02408,02408,02408,02408,01034,01034
02558,19610.0,1990.0,1,15639.0,53.11979891987364,24,15639.0,24,505.0,2,0.032291067203785405,0.08333333333333333,1.0,505.0,0.032291067203785405,1.0,9.657523073436215,0.9677089327962146,0.0,0.0,0.0,2,1,4,2,0.9677089327962146,0.0,0.0,0.0,0.0,0.0,0.0,0.0,0.0,0.0,0.0,0.0,0.9677089327962146,0.0,0.0,0.0,0.0,0.0,0.0,0.0,0.0,0.0,0.0,0.0,0.0,19530.36575228595,18880.0,20030.0,1.0,1.0,0.0,232.4330200140674,1540.0,0.0,19494.9900990099,18890.0,20030.0,1.0,1.0,0.0,560.7920792079208,1540.0,,,,,,,,,,,,,,,,,,,,,,,,
02810,22010.0,-410.0,0,30085.0,54.13600129559318,58,30085.0,58,25612.0,43,0.8513212564400864,0.7413793103448276,1.0,25612.0,0.8513212564400864,0.0,10.311781987654452,0.1486787435599136,0.0,0.0,0.0,2,2,4,2,0.13348844939338542,0.0,0.0,0.0,0.0,0.0,0.0,0.0,0.0,0.0,0.0,0.0,0.13348844939338542,0.0,0.0,0.0,0.0,0.0,0.0,0.0,0.0,0.0,0.0,0.0,0.0,22376.72760511883,21280.0,24560.0,0.13348844939338542,0.7884660129632707,0.0,712.0957287684893,120.0,0.0,22560.949554896142,21900.0,24560.0,0.0,0.7515227237232547,0.0,716.2845541152585,330.0,02810,02810,02810,02810,02810,02810,02810,02810,02810,02810,02810,02810,02810,02810,02810,02810,01034,01034,02810,02408,02408,02408,01034,01034
03118,21510.0,90.0,1,25160.0,47.11875198981216,41,25160.0,41,7381.0,9,0.293362480127186,0.21951219512195122,1.0,7381.0,0.293362480127186,1.0,10.133010710814377,0.706637519872814,0.0,0.0,0.0,2,2,4,2,0.6912957074721781,0.0,0.0,0.0,0.0,0.0,0.0,0.0,0.0,0.01534181240063593,0.0,0.0,0.706637519872814,0.0,0.0,0.0,0.0,0.0,0.0,0.0,0.0,0.0,0.0,0.0,0.0,21430.554054054053,21070.0,22770.0,0.7191971383147854,1.0,0.0,542.8449920508745,310.0,0.0,22210.135482996884,21260.0,22310.0,0.09510906381249153,1.0,0.0,747.6900149031296,310.0,03118,03118,03118,03118,03118,03118,03118,03118,03118,03118,01034,01034,03118,03118,03118,03118,01034,01034,03118,03118,03118,01305,01034,01034
03185,20810.0,790.0,1,77324.0,62.06276587206035,48,77324.0,48,21963.0,9,0.2840385908644147,0.1875,1.0,21963.0,0.2840385908644147,1.0,11.255759665041582,0.2785551704516062,0.0,0.0,0.0,1,1,8,3,0.2540220371424137,0.0,0.0,0.0,0.0,0.0,0.007203455589467694,0.0,0.0,0.0,0.0,0.0,0.2540220371424137,0.0,0.0,0.0,0.0,0.0,0.0,0.0,0.0,0.0,0.0,0.0,0.0,20788.321866432154,19680.0,21460.0,1.0,1.0,0.0,129.54296208163055,110.0,0.0,20790.0,20790.0,20790.0,1.0,1.0,0.0,20.0,780.0,,,,,,,,,,,,,03185,03118,03118,03185,01034,01034,03185,03118,03118,03185,01034,01034
04094,22150.0,-550.0,0,14943.0,38.505939650063134,8,14943.0,8,5171.0,2,0.34604831693769655,0.25,1.0,5171.0,0.34604831693769655,0.0,9.611998241741393,0.6539516830623034,0.0,0.0,0.0,2,2,3,3,0.0,0.0,0.0,0.0,0.0,0.0,0.25516964464966874,0.0,0.0,0.0,0.0,0.0,0.25516964464966874,0.0,0.0,0.0,0.0,0.0,0.0,0.0,0.0,0.0,0.0,0.0,0.0,21722.506190189386,21620.0,22340.0,0.0,1.0,0.0,450.151910593589,50.0,0.0,21835.107329336686,21730.0,22340.0,0.0,1.0,0.0,380.3693676271514,160.0,,,,,,,04094,04094,04094,04094,04094,04094,04094,04094,04094,04094,04094,04094,04094,04094,04094,04094,04094,04094
06033,22760.0,-1160.0,0,43544.0,31.66076505275098,44,43544.0,44,34191.0,26,0.7852057688774573,0.5909090909090909,1.0,34191.0,0.7852057688774573,0.0,10.681527200114036,0.21479423112254273,0.0,0.0,0.0,2,1,3,1,0.05750505236083042,0.0,0.0,0.0,0.0,0.0,0.0,0.0,0.0,0.05750505236083042,0.0,0.0,0.05750505236083042,0.0,0.0,0.0,0.0,0.0,0.0,0.0,0.0,0.0,0.0,0.0,0.0,21950.458386918977,20460.0,24750.0,0.05750505236083042,0.9757945985669667,0.0,905.8791107844938,400.0,0.0,22055.698575648563,21970.0,24750.0,0.0,0.9691731742271358,0.0,826.992190927437,400.0,,,,,,,,,,,,,,,,,,,06033,06033,06033,06033,04094,04094
06099,20260.0,1340.0,1,8936.0,8.811146060325193,35,8936.0,35,119.0,1,0.013316920322291852,0.02857142857142857,1.0,119.0,0.013316920322291852,1.0,9.097843340749037,0.9866830796777082,0.0,0.0,0.0,1,1,4,2,0.9600492390331244,0.0,0.0,0.0,0.0,0.0,0.14928379588182633,0.0,0.0,0.9600492390331244,0.0,0.0,0.9600492390331244,0.0,0.0,0.0,0.0,0.0,0.0,0.0,0.0,0.0,0.0,0.0,0.0,20507.431736794988,20040.0,23840.0,0.9600492390331244,0.9733661593554163,0.0,313.11660698299016,400.0,0.0,21970.0,21970.0,21970.0,0.0,1.0,0.0,1710.0,400.0,,,,,,,,,,,,,,,,,,,06033,06033,06033,06033,04094,04094
07042,21220.0,380.0,1,12616.0,59.46735800141409,6,12616.0,6,12616.0,6,1.0,1.0,1.0,12616.0,1.0,1.0,9.442721128642875,0.0,0.0,0.0,0.0,1,1,1,1,0.0,0.0,0.0,0.0,0.0,0.0,0.0,0.0,0.0,0.0,0.0,0.0,0.0,0.0,0.0,0.0,0.0,0.0,0.0,0.0,0.0,0.0,0.0,0.0,0.0,21320.0,21320.0,21320.0,1.0,1.0,0.0,100.0,250.0,0.0,21320.0,21320.0,21320.0,1.0,1.0,0.0,100.0,250.0,07042,07042,07042,07042,07042,07042,07042,07042,07042,07042,07042,07042,07042,07042,07042,07042,07042,07042,07042,07042,07042,07042,07042,07042
07064,20640.0,960.0,1,9202.0,21.54480110510173,26,9202.0,26,97.0,1,0.010541186698543795,0.038461538461538464,1.0,97.0,0.010541186698543795,1.0,9.127176130715414,0.9894588133014562,0.0,0.09378396000869377,0.0,1,1,5,1,0.9670723755705282,0.0,0.0,0.0,0.0,0.0,0.0,0.0,0.0,0.9670723755705282,0.0,0.0,0.9670723755705282,0.0,0.0,0.0,0.0,0.0,0.09378396000869377,0.0,0.0,0.0,0.0,0.0,0.0,20336.83547054988,18600.0,21380.0,1.0,1.0,0.0,337.35057596174744,190.0,0.0,20690.0,20690.0,20690.0,1.0,1.0,0.0,50.0,880.0,,,,,,,,,,,,,07064,07042,07042,07064,07042,07042,07064,07042,07042,07064,07042,07042
07129,19610.0,1990.0,1,7534.0,32.59214396954491,12,7534.0,12,825.0,2,0.10950358375365012,0.16666666666666666,1.0,825.0,0.10950358375365012,1.0,8.927181388251986,0.8904964162463499,0.0,0.0,0.0,1,1,2,1,0.8474913724449163,0.0,0.0,0.0,0.0,0.0,0.0,0.0,0.0,0.8474913724449163,0.0,0.0,0.8474913724449163,0.0,0.0,0.0,0.0,0.0,0.0,0.0,0.0,0.0,0.0,0.0,0.0,19930.576055216352,19470.0,22490.0,0.8474913724449163,1.0,0.0,557.8736395009291,920.0,0.0,22490.0,22490.0,22490.0,0.0,1.0,0.0,2880.0,920.0,,,,,,,,,,,,,,,,,,,,,,,,
07186,21980.0,-380.0,0,30579.0,65.02987899538523,35,30579.0,35,24535.0,18,0.802348016612708,0.5142857142857142,1.0,24535.0,0.802348016612708,0.0,10.328068777836522,0.19765198338729192,0.0,0.0,0.0,2,1,4,1,0.03038032636776873,0.0,0.0,0.0,0.0,0.0,0.0,0.0,0.0,0.025115275188855098,0.0,0.0,0.03038032636776873,0.0,0.0,0.0,0.0,0.0,0.0,0.0,0.0,0.0,0.0,0.0,0.0,21374.019752117467,20450.0,21560.0,1.0,1.0,0.0,605.9802478825337,10.0,0.0,21401.723252496435,21380.0,21560.0,1.0,1.0,0.0,578.2767475035663,10.0,07186,07042,07042,07186,07042,07042,07186,07042,07042,07186,07042,07042,07186,07042,07042,07064,07042,07042,07186,07042,07042,07064,07042,07042
08185,19460.0,2140.0,1,5757.0,50.659978880675816,4,5757.0,4,5757.0,4,1.0,1.0,1.0,5757.0,1.0,1.0,8.65817178467581,0.0,0.0,0.0,0.0,1,1,1,1,0.0,0.0,0.0,0.0,0.0,0.0,0.0,0.0,0.0,0.0,0.0,0.0,0.0,0.0,0.0,0.0,0.0,0.0,0.0,0.0,0.0,0.0,0.0,0.0,0.0,19510.0,19510.0,19510.0,1.0,1.0,0.0,50.0,2060.0,0.0,19510.0,19510.0,19510.0,1.0,1.0,0.0,50.0,2060.0,,,,,,,,,,,,,,,,,,,,,,,,
08363,19240.0,2360.0,1,15050.0,44.85039933245917,20,15050.0,20,6037.0,2,0.4011295681063123,0.1,1.0,6037.0,0.4011295681063123,1.0,9.619133270177022,0.5988704318936877,0.0,0.0,0.0,1,1,3,1,0.5988704318936877,0.0,0.0,0.0,0.0,0.0,0.0,0.0,0.0,0.0,0.0,0.0,0.5988704318936877,0.0,0.0,0.0,0.0,0.0,0.0,0.0,0.0,0.0,0.0,0.0,0.0,19874.96079734219,19510.0,20370.0,1.0,1.0,0.0,634.9607973421927,1200.0,0.0,19510.0,19510.0,19510.0,1.0,1.0,0.0,270.0,2060.0,,,,,,,,,,,,,,,,,,,,,,,,
09167,21280.0,320.0,1,9847.0,38.97023903751781,17,9847.0,17,3567.0,5,0.36224230730171625,0.29411764705882354,1.0,3567.0,0.36224230730171625,1.0,9.194922119247803,0.6377576926982838,0.0,0.0,0.0,2,1,3,2,0.5651467452015843,0.0,0.0,0.0,0.0,0.0,0.5651467452015843,0.0,0.0,0.0,0.0,0.0,0.5651467452015843,0.0,0.0,0.0,0.0,0.0,0.0,0.0,0.0,0.0,0.0,0.0,0.0,20861.44003249721,19640.0,23180.0,0.5651467452015843,0.9528790494566873,0.0,1435.1213567584036,790.0,0.0,22405.51724137931,22360.0,23180.0,0.0,0.9444911690496215,0.0,1125.5172413793102,790.0,09167,09167,09167,09167,09167,09167,09167,09167,09167,09167,09167,09167,09167,09167,09167,09167,09167,09167,09167,09167,09167,09167,09167,09167
10003,21110.0,490.0,1,15172.0,25.23031895433532,32,15172.0,32,3460.0,4,0.22805167413656735,0.125,1.0,3460.0,0.22805167413656735,1.0,9.627206902808789,0.7719483258634326,0.0,0.0,0.0,1,1,4,2,0.6627998945425785,0.0,0.0,0.0,0.0,0.0,0.0,0.0,0.0,0.0,0.0,0.0,0.6627998945425785,0.0,0.0,0.0,0.0,0.0,0.0,0.0,0.0,0.0,0.0,0.0,0.0,21134.271025573424,20860.0,22200.0,0.9114157658845241,1.0,0.0,215.9860268916425,330.0,0.0,20860.0,20860.0,20860.0,1.0,1.0,0.0,250.0,710.0,10003,10003,10003,10003,02810,02810,10003,10003,10003,02810,02810,02810,10003,10003,10003,02810,01034,01034,10003,10003,10003,02408,01034,01034
10268,21590.0,10.0,1,16292.0,40.57480138470351,27,16292.0,27,1136.0,3,0.06972747360667812,0.1111111111111111,1.0,14357.0,0.8812300515590474,1.0,9.698429468768303,0.11876994844095261,0.0,0.0,0.0,1,1,5,3,0.836852442916769,0.0,0.9208748345754684,0.0,0.0,0.0,0.0,0.0,0.0,0.0,0.0,0.0,0.836852442916769,0.0,0.9208748345754684,0.0,0.0,0.0,0.0,0.0,0.0,0.0,0.0,0.0,0.0,21495.964890743922,21240.0,23010.0,0.836852442916769,0.9302725263933219,0.0,361.9211883132826,100.0,0.0,23010.0,23010.0,23010.0,0.0,0.0,0.0,1420.0,1440.0,10268,02810,02810,10003,02810,02810,10268,02810,02810,02810,02810,02810,10268,02810,02810,02810,01034,01034,10268,02408,02408,02408,01034,01034
10323,20330.0,1270.0,1,37939.0,45.0796102661597,59,37939.0,59,18739.0,6,0.4939244576820686,0.1016949152542373,1.0,19036.0,0.5017528137272991,1.0,10.543734885735212,0.4982471862727009,0.0,0.0,0.0,1,1,5,2,0.1583858298848151,0.0,0.015602017230510612,0.0,0.0,0.0,0.0,0.0,0.0,0.0,0.0,0.0,0.1583858298848151,0.0,0.015602017230510612,0.0,0.0,0.0,0.0,0.0,0.0,0.0,0.0,0.0,0.0,20274.57998365798,18530.0,22200.0,0.6523102875668837,1.0,0.0,1722.7080313134243,0.0,0.0,18530.0,18530.0,18530.0,1.0,1.0,0.0,1800.0,3040.0,,,,,,,,,,,,,,,,,,,10323,10003,10003,02408,01034,01034
11049,20330.0,1270.0,1,15598.0,53.32284971967729,22,15598.0,22,2784.0,4,0.1784844210796256,0.18181818181818182,1.0,2784.0,0.1784844210796256,1.0,9.654897979890443,0.8215155789203744,0.0,0.0,0.0,1,1,2,1,0.8215155789203744,0.0,0.0,0.0,0.0,0.0,0.0,0.0,0.0,0.0,0.0,0.0,0.8215155789203744,0.0,0.0,0.0,0.0,0.0,0.0,0.0,0.0,0.0,0.0,0.0,0.0,20245.378894730093,20040.0,20290.0,1.0,1.0,0.0,84.6211052699064,1280.0,0.0,20040.0,20040.0,20040.0,1.0,1.0,0.0,290.0,1530.0,,,,,,,,,,,,,,,,,,,11049,11049,11049,11049,11049,11049
11203,19370.0,2230.0,1,37872.0,45.41442824251727,59,37872.0,59,5648.0,9,0.14913392479932405,0.15254237288135594,1.0,5648.0,0.14913392479932405,1.0,10.541967331753765,0.8508660752006759,0.0,0.0194602872834812,0.0,2,1,3,1,0.8124735952682721,0.0,0.0,0.0,0.0,0.0,0.0,0.0,0.0,0.0,0.0,0.0,0.8124735952682721,0.0,0.0,0.0,0.0,0.0,0.0194602872834812,0.0,0.0,0.0,0.0,0.0,0.0,19564.07108153781,19450.0,20200.0,1.0,1.0,0.0,194.07108153781158,1370.0,0.0,20063.00283286119,20040.0,20200.0,1.0,1.0,0.0,693.0028328611897,1370.0,,,,,,,,,,,,,,,,,,,,,,,,
11206,20050.0,1550.0,1,25538.0,43.58764294248165,62,25538.0,62,628.0,2,0.02459080585793719,0.03225806451612903,1.0,628.0,0.02459080585793719,1.0,10.147922817984627,0.9754091941420628,0.0,0.010689952228052314,0.0,1,1,4,1,0.9393844467068682,0.0,0.0,0.0,0.0,0.0,0.0,0.0,0.0,0.007204949487038923,0.0,0.0,0.9393844467068682,0.0,0.0,0.0,0.0,0.0,0.010689952228052314,0.0,0.0,0.0,0.0,0.0,0.0,19817.457122719086,18250.0,20290.0,1.0,1.0,0.0,237.2981439423604,1280.0,0.0,20040.0,20040.0,20040.0,1.0,1.0,0.0,10.0,1530.0,,,,,,,,,,,,,,,,,,,,,,,,
11379,20070.0,1530.0,1,11960.0,32.67670282232726,14,11960.0,14,9581.0,4,0.8010869565217391,0.2857142857142857,1.0,9581.0,0.8010869565217391,1.0,9.389323027504624,0.19891304347826086,0.0,0.0,0.0,1,1,3,1,0.19891304347826086,0.0,0.0,0.0,0.0,0.0,0.0,0.0,0.0,0.0,0.0,0.0,0.19891304347826086,0.0,0.0,0.0,0.0,0.0,0.0,0.0,0.0,0.0,0.0,0.0,0.0,20074.577759197324,19450.0,20200.0,1.0,1.0,0.0,203.70484949832775,1370.0,0.0,20200.0,20200.0,20200.0,1.0,1.0,0.0,130.0,1370.0,,,,,,,,,,,,,,,,,,,,,,,,
14174,20660.0,940.0,1,14964.0,63.08334387251802,21,14964.0,21,5926.0,12,0.39601710772520715,0.5714285714285714,1.0,5926.0,0.39601710772520715,1.0,9.613402595468036,0.6039828922747928,0.0,0.0,0.0,2,2,4,2,0.5961641272387063,0.0,0.0,0.0,0.0,0.0,0.0,0.0,0.0,0.0,0.0,0.0,0.5961641272387063,0.0,0.0,0.0,0.0,0.0,0.0,0.0,0.0,0.0,0.0,0.0,0.0,20890.52726543705,20630.0,22220.0,0.8727612937717187,1.0,0.2765971665330126,260.3067361668003,440.0,0.0,21161.221734728315,20660.0,22220.0,0.6787040161997975,1.0,0.6787040161997975,501.2217347283159,650.0,,,,,,,,,,,,,14174,14174,14174,14174,01034,01034,14174,14174,14174,14174,01034,01034
14258,21250.0,350.0,1,32559.0,55.57565929845524,63,32559.0,63,4488.0,8,0.13784207131668663,0.12698412698412698,1.0,4488.0,0.13784207131668663,1.0,10.390809107114125,0.8621579286833134,0.0,0.0,0.0,1,1,4,2,0.8621579286833134,0.0,0.0,0.0,0.0,0.0,0.0,0.0,0.0,0.0,0.0,0.0,0.8621579286833134,0.0,0.0,0.0,0.0,0.0,0.0,0.0,0.0,0.0,0.0,0.0,0.0,21225.52781105071,20760.0,22220.0,0.8621579286833134,1.0,0.0,291.88580730366414,440.0,0.0,22220.0,22220.0,22220.0,0.0,1.0,0.0,970.0,650.0,14258,14258,14258,14258,02810,02810,14258,14258,14258,14258,02810,02810,14174,14174,14174,14174,01034,01034,14174,14174,14174,14174,01034,01034
14371,19890.0,1710.0,1,6343.0,33.72859725619483,2,6343.0,2,6343.0,2,1.0,1.0,1.0,6343.0,1.0,1.0,8.755107121633896,0.0,0.0,0.0,0.0,1,1,1,1,0.0,0.0,0.0,0.0,0.0,0.0,0.0,0.0,0.0,0.0,0.0,0.0,0.0,0.0,0.0,0.0,0.0,0.0,0.0,0.0,0.0,0.0,0.0,0.0,0.0,20720.0,20720.0,20720.0,1.0,1.0,0.0,830.0,850.0,0.0,20720.0,20720.0,20720.0,1.0,1.0,0.0,830.0,850.0,,,,,,,,,,,,,,,,,,,,,,,,
14478,19970.0,1630.0,1,5930.0,46.208992441362106,10,5930.0,10,2689.0,4,0.4534569983136594,0.4,1.0,2689.0,0.4534569983136594,1.0,8.68777949199177,0.3473861720067454,0.0,0.19915682967959528,0.0,1,1,4,3,0.3473861720067454,0.0,0.0,0.0,0.0,0.0,0.0,0.0,0.0,0.0,0.0,0.0,0.3473861720067454,0.0,0.0,0.0,0.0,0.0,0.19915682967959528,0.0,0.0,0.0,0.0,0.0,0.0,20939.797639123102,19730.0,21540.0,1.0,1.0,0.0,980.4822934232715,30.0,0.0,20720.0,20720.0,20720.0,1.0,1.0,0.0,750.0,850.0,,,,,,,,,,,,,,,,,,,,,,,,
14689,22110.0,-510.0,0,13813.0,56.39110022453562,23,13813.0,23,11754.0,20,0.8509375226236154,0.8695652173913043,1.0,11754.0,0.8509375226236154,0.0,9.53336545669996,0.008832259465720698,0.0,0.14023021791066387,0.0,1,1,2,1,0.008832259465720698,0.0,0.0,0.0,0.0,0.0,0.0,0.0,0.0,0.0,0.0,0.0,0.008832259465720698,0.0,0.0,0.0,0.0,0.0,0.14023021791066387,0.0,0.0,0.0,0.0,0.0,0.0,22210.372837182364,21130.0,22220.0,0.008832259465720698,1.0,0.0,117.684065735177,440.0,0.0,22220.0,22220.0,22220.0,0.0,1.0,0.0,110.0,650.0,,,,,,,14258,14258,14258,14258,02810,02810,14174,14174,14174,14174,01034,01034,14174,14174,14174,14174,01034,01034
14752,21840.0,-240.0,0,18185.0,61.71519717640671,23,18185.0,23,523.0,2,0.02875996700577399,0.08695652173913043,1.0,523.0,0.02875996700577399,0.0,9.80835235742109,0.8668133076711575,0.10442672532306846,0.368490514160022,0.10442672532306846,2,2,4,2,0.04668682980478416,0.0,0.0,0.0,0.0,0.0,0.0,0.0,0.0,0.0,0.0,0.0,0.04668682980478416,0.0,0.0,0.0,0.0,0.0,0.368490514160022,0.10442672532306846,0.0,0.0,0.10442672532306846,0.0,0.0,21704.596645587022,21210.0,23740.0,0.04668682980478416,0.9817431949408854,0.0,204.77921363761342,80.0,0.0,22976.730401529636,21650.0,23740.0,0.0,0.3652007648183556,0.0,1275.506692160612,80.0,14752,14258,14258,14752,02810,02810,14752,14258,14258,14752,02810,02810,14752,14174,14174,14174,01034,01034,14752,14174,14174,14174,01034,01034
16028,21160.0,440.0,1,20374.0,36.95092313830752,38,20374.0,38,386.0,1,0.018945715127122804,0.02631578947368421,1.0,386.0,0.018945715127122804,1.0,9.922014857150012,0.9181309512123295,0.0,0.06292333366054775,0.0,1,1,4,2,0.9181309512123295,0.0,0.0,0.0,0.0,0.0,0.0,0.0,0.0,0.0,0.0,0.0,0.9181309512123295,0.0,0.0,0.0,0.0,0.0,0.06292333366054775,0.0,0.0,0.0,0.0,0.0,0.0,20825.17031510749,19910.0,22800.0,0.9181309512123295,1.0,0.0,603.3601649160695,860.0,0.0,22800.0,22800.0,22800.0,0.0,1.0,0.0,1640.0,1230.0,16028,16028,16028,16028,16028,16028,16028,16028,16028,16028,02810,02810,16028,16028,16028,16028,01034,01034,16028,16028,16028,16028,01034,01034
16090,21520.0,80.0,1,10474.0,42.10314748562929,17,10474.0,17,5631.0,8,0.5376169562726753,0.47058823529411764,1.0,5631.0,0.5376169562726753,1.0,9.256651274839433,0.36671758640443003,0.0,0.3217490929921711,0.0,1,1,3,1,0.36671758640443003,0.0,0.0,0.0,0.0,0.0,0.0,0.0,0.0,0.0,0.0,0.0,0.36671758640443003,0.0,0.0,0.0,0.0,0.0,0.3217490929921711,0.0,0.0,0.0,0.0,0.0,0.0,22014.618101966775,19910.0,22800.0,0.36671758640443003,1.0,0.0,1126.5848768378844,860.0,0.0,22800.0,22800.0,22800.0,0.0,1.0,0.0,1280.0,1230.0,16028,16028,16028,16028,16028,16028,16028,16028,16028,16028,02810,02810,16028,16028,16028,16028,01034,01034,16028,16028,16028,16028,01034,01034
16167,22260.0,-660.0,0,22954.0,55.77993244392603,25,22954.0,25,12737.0,13,0.5548923934826174,0.52,1.0,12737.0,0.5548923934826174,0.0,10.041247492240613,0.3940925328918707,0.0,0.2575585954517731,0.0,1,1,3,2,0.3940925328918707,0.0,0.0,0.0,0.0,0.0,0.0,0.0,0.0,0.0,0.0,0.0,0.3940925328918707,0.0,0.0,0.0,0.0,0.0,0.2575585954517731,0.0,0.0,0.0,0.0,0.0,0.0,22271.63021695565,20300.0,22800.0,0.3940925328918707,1.0,0.0,642.7498475211293,70.0,0.0,22800.0,22800.0,22800.0,0.0,1.0,0.0,540.0,1230.0,,,,,,,16028,16028,16028,16028,02810,02810,16028,16028,16028,16028,01034,01034,16028,16028,16028,16028,01034,01034
16366,22850.0,-1250.0,0,4958.0,39.2246835443038,7,4958.0,7,4246.0,6,0.8563937071399758,0.8571428571428571,1.0,4246.0,0.8563937071399758,0.0,8.508757712595136,0.0,0.0,0.14360629286002422,0.0,1,1,1,1,0.0,0.0,0.0,0.0,0.0,0.0,0.0,0.0,0.0,0.0,0.0,0.0,0.0,0.0,0.0,0.0,0.0,0.0,0.14360629286002422,0.0,0.0,0.0,0.0,0.0,0.0,22800.0,22800.0,22800.0,0.0,1.0,0.0,50.0,1230.0,0.0,22800.0,22800.0,22800.0,0.0,1.0,0.0,50.0,1230.0,,,,,,,,,,,,,,,,,,,16028,16028,16028,16028,01034,01034
17131,20780.0,820.0,1,13078.0,56.018161569433744,15,13078.0,15,10862.0,12,0.8305551307539379,0.8,1.0,10862.0,0.8305551307539379,1.0,9.478686708121222,0.16944486924606209,0.0,0.0,0.0,1,1,2,1,0.16944486924606209,0.0,0.0,0.0,0.0,0.0,0.0,0.0,0.0,0.0,0.0,0.0,0.16944486924606209,0.0,0.0,0.0,0.0,0.0,0.0,0.0,0.0,0.0,0.0,0.0,0.0,22263.971555283682,20960.0,22530.0,0.16944486924606209,1.0,0.0,1483.9715552836826,610.0,0.0,22530.0,22530.0,22530.0,0.0,1.0,0.0,1750.0,960.0,,,,,,,,,,,,,17131,17131,17131,17131,01034,01034,17131,02408,02408,17131,01034,01034
17218,21550.0,50.0,1,17986.0,57.32041557779336,10,17986.0,10,11811.0,4,0.6566774157678195,0.4,1.0,11811.0,0.6566774157678195,1.0,9.79734895647446,0.3433225842321806,0.0,0.0,0.0,1,1,2,2,0.3433225842321806,0.0,0.0,0.0,0.0,0.0,0.0,0.0,0.0,0.0,0.0,0.0,0.3433225842321806,0.0,0.0,0.0,0.0,0.0,0.0,0.0,0.0,0.0,0.0,0.0,0.0,21888.91193150228,21160.0,22270.0,0.3433225842321806,1.0,0.0,606.7035472033804,410.0,0.0,22270.0,22270.0,22270.0,0.0,1.0,0.0,720.0,700.0,17218,17218,17218,17218,16028,16028,17218,17218,17218,16028,02810,02810,17218,17131,17131,16028,01034,01034,17218,02408,02408,16028,01034,01034
17224,20350.0,1250.0,1,11672.0,30.03061723312836,32,11672.0,32,449.0,1,0.038468128855380396,0.03125,1.0,449.0,0.038468128855380396,1.0,9.364948090202622,0.9615318711446196,0.0,0.0,0.0,1,1,3,2,0.9615318711446196,0.0,0.0,0.0,0.0,0.0,0.0,0.0,0.0,0.0,0.0,0.0,0.9615318711446196,0.0,0.0,0.0,0.0,0.0,0.0,0.0,0.0,0.0,0.0,0.0,0.0,20402.691055517476,20300.0,22800.0,0.9615318711446196,1.0,0.0,147.32779300891022,840.0,0.0,22800.0,22800.0,22800.0,0.0,1.0,0.0,2450.0,1230.0,,,,,,,,,,,,,,,,,,,16028,16028,16028,16028,01034,01034
17240,20010.0,1590.0,1,10108.0,39.30474005521639,20,10108.0,20,925.0,1,0.09151167392164622,0.05,1.0,925.0,0.09151167392164622,1.0,9.221082468508085,0.9084883260783537,0.0,0.0,0.0,1,1,2,2,0.9084883260783537,0.0,0.0,0.0,0.0,0.0,0.0,0.0,0.0,0.0,0.0,0.0,0.9084883260783537,0.0,0.0,0.0,0.0,0.0,0.0,0.0,0.0,0.0,0.0,0.0,0.0,20499.41630391769,20450.0,20990.0,1.0,1.0,0.0,489.41630391768894,580.0,0.0,20990.0,20990.0,20990.0,1.0,1.0,0.0,980.0,580.0,,,,,,,,,,,,,,,,,,,,,,,,
17283,21270.0,330.0,1,11154.0,50.91290852656564,16,11154.0,16,1184.0,2,0.10615025999641384,0.125,1.0,1184.0,0.10615025999641384,1.0,9.3195534569495,0.8938497400035862,0.0,0.0,0.0,1,1,2,1,0.8938497400035862,0.0,0.0,0.0,0.0,0.0,0.0,0.0,0.0,0.0,0.0,0.0,0.8938497400035862,0.0,0.0,0.0,0.0,0.0,0.0,0.0,0.0,0.0,0.0,0.0,0.0,20620.901918594227,20450.0,22060.0,0.8938497400035862,1.0,0.0,816.8154922001075,490.0,0.0,22060.0,22060.0,22060.0,0.0,1.0,0.0,790.0,490.0,17283,17218,17218,16028,16028,16028,17283,17218,17218,16028,02810,02810,17283,17131,17131,16028,01034,01034,17283,02408,02408,16028,01034,01034
17434,21250.0,350.0,1,38757.0,58.164873260996806,33,38757.0,33,33869.0,27,0.8738808473308047,0.8181818181818182,1.0,33869.0,0.8738808473308047,1.0,10.56506666362841,0.08697783626183657,0.0,0.06992285264597363,0.0,4,2,5,2,0.032407049049204016,0.0,0.0,0.0,0.0,0.0,0.0,0.0,0.0,0.0,0.0,0.0,0.032407049049204016,0.0,0.0,0.0,0.0,0.0,0.06992285264597363,0.0,0.0,0.0,0.0,0.0,0.0,22029.90943571484,20300.0,23630.0,0.5556415615243698,0.8559228010423924,0.0,841.4828289083263,10.0,0.0,22144.45303965278,21540.0,23630.0,0.49151141161534145,0.835129469426319,0.0,894.4530396527798,10.0,17218,17218,17218,17218,16028,16028,17218,17218,17218,16028,02810,02810,17218,17131,17131,16028,01034,01034,17218,02408,02408,16028,01034,01034
18087,21270.0,330.0,1,7226.0,20.69834722580276,16,7226.0,16,240.0,1,0.03321339606974813,0.0625,1.0,240.0,0.03321339606974813,1.0,8.885440911707585,0.9620813728203709,0.004705231109880985,0.03349017437032937,0.004705231109880985,1,1,4,1,0.11195682258510933,0.0,0.0,0.0,0.0,0.0,0.0,0.0,0.0,0.0,0.0,0.0,0.11195682258510933,0.0,0.0,0.0,0.0,0.0,0.03349017437032937,0.004705231109880985,0.0,0.0,0.004705231109880985,0.0,0.0,21568.444505950734,20310.0,22410.0,0.11195682258510933,1.0,0.0,513.4016053141434,100.0,0.0,22410.0,22410.0,22410.0,0.0,1.0,0.0,1140.0,840.0,18087,18087,18087,18087,02810,02810,18087,18087,18087,18087,02810,02810,18087,18087,18087,18087,01034,01034,18087,02408,02408,18087,01034,01034
18109,21420.0,180.0,1,4618.0,22.757737039227283,5,4618.0,5,1614.0,1,0.3495019488956258,0.2,1.0,1614.0,0.3495019488956258,1.0,8.43771698991444,0.6504980511043742,0.0,0.0,0.0,1,1,2,1,0.17020355132091813,0.0,0.0,0.0,0.0,0.0,0.0,0.0,0.0,0.0,0.0,0.0,0.17020355132091813,0.0,0.0,0.0,0.0,0.0,0.0,0.0,0.0,0.0,0.0,0.0,0.0,22793.421394543093,21250.0,23110.0,0.17020355132091813,0.17020355132091813,0.0,1431.2906019922045,320.0,0.0,23110.0,23110.0,23110.0,0.0,0.0,0.0,1690.0,1540.0,18109,18087,18087,18109,02810,02810,18109,18087,18087,18109,02810,02810,18109,18087,18087,18109,01034,01034,18087,02408,02408,18087,01034,01034
18141,22710.0,-1110.0,0,15068.0,63.828525437370274,10,15068.0,10,12750.0,5,0.8461640562782055,0.5,1.0,12750.0,0.8461640562782055,0.0,9.620328568811932,0.15383594372179454,0.0,0.0,0.0,3,1,4,1,0.0,0.0,0.0,0.0,0.0,0.0,0.0,0.0,0.0,0.0,0.0,0.0,0.0,0.0,0.0,0.0,0.0,0.0,0.0,0.0,0.0,0.0,0.0,0.0,0.0,22197.636049907087,19960.0,23110.0,0.13843907618794796,0.7748871781258295,0.0,630.9198301035307,840.0,0.0,22068.12549019608,19960.0,23110.0,0.1636078431372549,0.9157647058823529,0.0,709.2627450980392,840.0,,,,,,,,,,,,,,,,,,,18087,02408,02408,18087,01034,01034
18207,21940.0,-340.0,0,12587.0,49.721508986766736,10,12587.0,10,990.0,1,0.0786525780567252,0.1,1.0,11872.0,0.9431953602923652,0.0,9.440419814291506,0.056804639707634864,0.0,0.0,0.0,1,1,3,1,0.9213474219432748,0.0,0.91661051212938,0.0,0.0,0.0,0.0,0.0,0.0,0.0,0.0,0.0,0.9213474219432748,0.0,0.91661051212938,0.0,0.0,0.0,0.0,0.0,0.0,0.0,0.0,0.0,0.0,21560.437753237467,21380.0,22410.0,0.9213474219432748,1.0,0.0,453.4956701358544,80.0,0.0,22410.0,22410.0,22410.0,0.0,1.0,0.0,470.0,840.0,18087,18087,18087,18087,02810,02810,18087,18087,18087,18087,02810,02810,18087,18087,18087,18087,01034,01034,18087,02408,02408,18087,01034,01034
18223,23160.0,-1560.0,0,4990.0,57.18542287416916,5,4990.0,5,4990.0,5,1.0,1.0,1.0,4990.0,1.0,0.0,8.515191188745565,0.0,0.0,0.0,0.0,1,1,1,1,0.0,0.0,0.0,0.0,0.0,0.0,0.0,0.0,0.0,0.0,0.0,0.0,0.0,0.0,0.0,0.0,0.0,0.0,0.0,0.0,0.0,0.0,0.0,0.0,0.0,23110.0,23110.0,23110.0,0.0,0.0,0.0,50.0,1540.0,0.0,23110.0,23110.0,23110.0,0.0,0.0,0.0,50.0,1540.0,,,,,,,,,,,,,,,,,,,,,,,,
18279,20350.0,1250.0,1,43584.0,53.85594424604891,26,43584.0,26,27756.0,5,0.6368392070484582,0.19230769230769232,1.0,27756.0,0.6368392070484582,1.0,10.682445389509184,0.36316079295154186,0.0,0.0,0.0,2,2,5,3,0.04838931718061674,0.0,0.0,0.0,0.0,0.0,0.014454845814977973,0.0,0.0,0.0,0.0,0.0,0.04838931718061674,0.0,0.0,0.0,0.0,0.0,0.0,0.0,0.0,0.0,0.0,0.0,0.0,20326.090078928046,19960.0,22910.0,0.9076954845814978,0.9076954845814978,0.0,622.260233113069,150.0,0.0,20017.222942787146,19960.0,21140.0,1.0,1.0,0.0,409.39760772445595,430.0,,,,,,,,,,,,,,,,,,,18087,02408,02408,18087,01034,01034
19153,21400.0,200.0,1,12576.0,49.71733544178692,20,12576.0,20,12044.0,17,0.9576972010178118,0.85,1.0,12044.0,0.9576972010178118,1.0,9.439545514668987,0.0423027989821883,0.0,0.0,0.0,1,1,3,2,0.0423027989821883,0.0,0.0,0.0,0.0,0.0,0.0,0.0,0.0,0.0,0.0,0.0,0.0423027989821883,0.0,0.0,0.0,0.0,0.0,0.0,0.0,0.0,0.0,0.0,0.0,0.0,21845.578880407124,20140.0,21890.0,0.0423027989821883,1.0,0.0,492.9643765903308,270.0,0.0,21890.0,21890.0,21890.0,0.0,1.0,0.0,490.0,320.0,19153,19153,19153,19153,19153,19153,19153,19153,19153,19153,19153,19153,19153,19153,19153,19153,19153,19153,19153,19153,19153,19153,19153,19153
21038,21500.0,100.0,1,22124.0,58.981604905358566,33,22124.0,33,21189.0,29,0.9577382028566263,0.8787878787878788,1.0,21189.0,0.9577382028566263,1.0,10.004418271114568,0.04226179714337371,0.0,0.0,0.0,2,2,3,2,0.0,0.0,0.0,0.0,0.0,0.0,0.0,0.0,0.0,0.0,0.0,0.0,0.0,0.0,0.0,0.0,0.0,0.0,0.0,0.0,0.0,0.0,0.0,0.0,0.0,21835.32001446393,21670.0,22010.0,0.0,1.0,0.0,335.3200144639306,100.0,0.0,21833.950162820332,21830.0,22010.0,0.0,1.0,0.0,333.9501628203313,260.0,21038,21038,21038,21038,01034,01034,21038,21038,21038,21038,01034,01034,21038,01034,01034,01305,01034,01034,21038,01034,01034,01305,01034,01034
21317,22520.0,-920.0,0,31198.0,17.883429252745742,101,31198.0,101,13051.0,22,0.4183280979549971,0.21782178217821782,1.0,13051.0,0.4183280979549971,0.0,10.348109269178813,0.5816719020450029,0.0,0.059266619655106094,0.0,2,1,9,3,0.099333290595551,0.0,0.0,0.0,0.0,0.0,0.21693698313994486,0.0,0.0,0.0,0.0,0.0,0.30979549971152,0.0,0.0,0.0,0.0,0.0,0.059266619655106094,0.0,0.0,0.0,0.0,0.0,0.0,22999.84838771716,20490.0,26040.0,0.099333290595551,0.4680107699211488,0.0,1149.3842554009873,180.0,0.0,23956.73741475749,23780.0,23970.0,0.0,0.0,0.0,1436.73741475749,2210.0,,,,,,,,,,,,,21317,01034,01034,21317,01034,01034,21317,01034,01034,21317,01034,01034
21416,23290.0,-1690.0,0,3433.0,38.16140506891952,10,3433.0,10,3433.0,10,1.0,1.0,1.0,3433.0,1.0,0.0,8.141189793457691,0.0,0.0,0.0,0.0,1,1,1,1,0.0,0.0,0.0,0.0,0.0,0.0,0.0,0.0,0.0,0.0,0.0,0.0,0.0,0.0,0.0,0.0,0.0,0.0,0.0,0.0,0.0,0.0,0.0,0.0,0.0,23780.0,23780.0,23780.0,0.0,0.0,0.0,490.0,2210.0,0.0,23780.0,23780.0,23780.0,0.0,0.0,0.0,490.0,2210.0,,,,,,,,,,,,,,,,,,,,,,,,
21464,24530.0,-2930.0,0,14637.0,54.38029424877396,30,14637.0,30,14637.0,30,1.0,1.0,1.0,14637.0,1.0,0.0,9.591307848483947,0.0,0.0,0.0,0.0,1,1,1,1,0.0,0.0,0.0,0.0,0.0,0.0,0.0,0.0,0.0,0.0,0.0,0.0,0.0,0.0,0.0,0.0,0.0,0.0,0.0,0.0,0.0,0.0,0.0,0.0,0.0,25030.0,25030.0,25030.0,0.0,0.0,0.0,500.0,3460.0,0.0,25030.0,25030.0,25030.0,0.0,0.0,0.0,500.0,3460.0,,,,,,,,,,,,,,,,,,,,,,,,
22004,20420.0,1180.0,1,18740.0,50.383116010216426,16,18740.0,16,11519.0,9,0.614674493062967,0.5625,1.0,11519.0,0.614674493062967,1.0,9.838415555792412,0.3853255069370331,0.0,0.0,0.0,2,1,2,1,0.0,0.0,0.0,0.0,0.0,0.0,0.0,0.0,0.0,0.0,0.0,0.0,0.0,0.0,0.0,0.0,0.0,0.0,0.0,0.0,0.0,0.0,0.0,0.0,0.0,21533.874066168624,20980.0,22380.0,0.604375667022412,1.0,0.0,1113.8740661686234,590.0,0.0,21510.150186648145,20980.0,22380.0,0.6213212952513238,1.0,0.0,1090.1501866481465,590.0,,,,,,,,,,,,,,,,,,,22004,22004,22004,22004,01034,01034
22020,20860.0,740.0,1,14090.0,43.01896009525845,14,14090.0,14,14090.0,14,1.0,1.0,1.0,14090.0,1.0,1.0,9.553220604892726,0.0,0.0,0.0,0.0,3,2,3,2,0.0,0.0,0.0,0.0,0.0,0.0,0.0,0.0,0.0,0.0,0.0,0.0,0.0,0.0,0.0,0.0,0.0,0.0,0.0,0.0,0.0,0.0,0.0,0.0,0.0,22118.57771469127,21740.0,22420.0,0.0,1.0,0.0,1258.5777146912703,170.0,0.0,22118.57771469127,21740.0,22420.0,0.0,1.0,0.0,1258.5777146912703,170.0,,,,,,,22020,22020,22020,22020,02810,02810,22020,22020,22020,22020,01034,01034,22020,22004,22004,22020,01034,01034
22136,21020.0,580.0,1,39461.0,52.581014817183664,30,39461.0,30,7008.0,5,0.17759306657205848,0.16666666666666666,1.0,7008.0,0.17759306657205848,1.0,10.583068121374101,0.8066191936342211,0.015787739793720383,0.08760548389549175,0.015787739793720383,1,1,3,2,0.8224069334279415,0.0,0.0,0.0,0.0,0.0,0.0,0.0,0.0,0.0,0.0,0.0,0.8224069334279415,0.0,0.0,0.0,0.0,0.0,0.08760548389549175,0.015787739793720383,0.0,0.0,0.015787739793720383,0.0,0.0,20952.984212260206,20830.0,21490.0,1.0,1.0,0.0,239.04690707280605,80.0,0.0,21490.0,21490.0,21490.0,1.0,1.0,0.0,470.0,80.0,,,,,,,22136,22136,22136,22020,02810,02810,22136,22020,22020,22020,01034,01034,22136,22004,22004,22020,01034,01034
22203,21060.0,540.0,1,5699.0,46.594718338647695,2,5699.0,2,5699.0,2,1.0,1.0,1.0,5699.0,1.0,1.0,8.648045999835,0.0,0.0,0.0,0.0,2,1,2,1,0.0,0.0,0.0,0.0,0.0,0.0,0.0,0.0,0.0,0.0,0.0,0.0,0.0,0.0,0.0,0.0,0.0,0.0,0.0,0.0,0.0,0.0,0.0,0.0,0.0,22297.459203369013,22250.0,22420.0,0.0,1.0,0.0,1237.4592033690121,680.0,0.0,22297.459203369013,22250.0,22420.0,0.0,1.0,0.0,1237.4592033690121,680.0,,,,,,,22020,22020,22020,22020,02810,02810,22020,22020,22020,22020,01034,01034,22020,22004,22004,22020,01034,01034
24294,20220.0,1380.0,1,17135.0,40.99282296650718,19,17135.0,19,184.0,1,0.010738255033557046,0.05263157894736842,1.0,184.0,0.010738255033557046,1.0,9.74887843430871,0.9892617449664429,0.0,0.0,0.0,1,1,5,2,0.9892617449664429,0.0,0.0,0.0,0.0,0.0,0.0,0.0,0.0,0.0,0.0,0.0,0.9892617449664429,0.0,0.0,0.0,0.0,0.0,0.0,0.0,0.0,0.0,0.0,0.0,0.0,20179.44966442953,19610.0,22320.0,0.9892617449664429,1.0,0.0,110.82404435366209,750.0,0.0,22320.0,22320.0,22320.0,0.0,1.0,0.0,2100.0,750.0,,,,,,,,,,,,,,,,,,,24294,24294,24294,24294,19153,19153
24299,20210.0,1390.0,1,10320.0,37.697253068381066,17,10320.0,17,2082.0,5,0.20174418604651162,0.29411764705882354,1.0,2082.0,0.20174418604651162,1.0,9.241839039035554,0.7982558139534883,0.0,0.0,0.0,2,1,3,1,0.7982558139534883,0.0,0.0,0.0,0.0,0.0,0.0,0.0,0.0,0.0,0.0,0.0,0.7982558139534883,0.0,0.0,0.0,0.0,0.0,0.0,0.0,0.0,0.0,0.0,0.0,0.0,20539.978682170542,20430.0,21020.0,1.0,1.0,0.0,329.97868217054264,550.0,0.0,20975.139289145052,20820.0,21020.0,1.0,1.0,0.0,765.1392891450529,550.0,,,,,,,,,,,,,,,,,,,24299,24299,24299,24294,19153,19153
24309,20890.0,710.0,1,8762.0,46.44826123833758,13,8762.0,13,7179.0,8,0.8193334855055924,0.6153846153846154,1.0,7179.0,0.8193334855055924,1.0,9.078179468373843,0.18066651449440768,0.0,0.0,0.0,1,1,3,1,0.1665144944076695,0.0,0.0,0.0,0.0,0.0,0.0,0.0,0.0,0.0,0.0,0.0,0.1665144944076695,0.0,0.0,0.0,0.0,0.0,0.0,0.0,0.0,0.0,0.0,0.0,0.0,20934.210225975803,20430.0,21900.0,0.9858479799132618,1.0,0.0,197.40356083086053,330.0,0.0,21020.0,21020.0,21020.0,1.0,1.0,0.0,130.0,550.0,,,,,,,24309,24309,24309,24309,19153,19153,24309,24309,24309,24309,19153,19153,24299,24299,24299,24294,19153,19153
24396,19280.0,2320.0,1,3950.0,43.44478662560493,7,3950.0,7,369.0,1,0.09341772151898735,0.14285714285714285,1.0,369.0,0.09341772151898735,1.0,8.281470857895167,0.9065822784810127,0.0,0.20556962025316455,0.0,1,1,2,1,0.9065822784810127,0.0,0.0,0.0,0.0,0.0,0.0,0.0,0.0,0.0,0.0,0.0,0.9065822784810127,0.0,0.0,0.0,0.0,0.0,0.20556962025316455,0.0,0.0,0.0,0.0,0.0,0.0,19800.78481012658,19670.0,21070.0,1.0,1.0,0.0,520.7848101265823,500.0,0.0,21070.0,21070.0,21070.0,1.0,1.0,0.0,1790.0,500.0,,,,,,,,,,,,,,,,,,,,,,,,
24520,21030.0,570.0,1,28962.0,43.720845976178616,36,28962.0,36,15737.0,12,0.5433671707754989,0.3333333333333333,1.0,15737.0,0.5433671707754989,1.0,10.273739904888547,0.45663282922450105,0.0,0.0,0.0,1,1,3,1,0.45663282922450105,0.0,0.0,0.0,0.0,0.0,0.0,0.0,0.0,0.0,0.0,0.0,0.45663282922450105,0.0,0.0,0.0,0.0,0.0,0.0,0.0,0.0,0.0,0.0,0.0,0.0,20866.40563496996,20050.0,21070.0,1.0,1.0,0.0,217.55058352323735,500.0,0.0,21070.0,21070.0,21070.0,1.0,1.0,0.0,40.0,500.0,,,,,,,24520,24309,24309,24520,19153,19153,24520,24309,24309,24520,19153,19153,24520,24299,24299,24520,19153,19153
24547,20250.0,1350.0,1,15868.0,62.72928526249209,16,15868.0,16,2934.0,3,0.1849004285354172,0.1875,1.0,2934.0,0.1849004285354172,1.0,9.672059781634221,0.8150995714645828,0.0,0.0,0.0,1,1,3,2,0.8150995714645828,0.0,0.0,0.0,0.0,0.0,0.0,0.0,0.0,0.0,0.0,0.0,0.8150995714645828,0.0,0.0,0.0,0.0,0.0,0.0,0.0,0.0,0.0,0.0,0.0,0.0,20463.380388202673,20130.0,21890.0,0.8150995714645828,1.0,0.0,393.0930173934963,320.0,0.0,21890.0,21890.0,21890.0,0.0,1.0,0.0,1640.0,320.0,,,,,,,,,,,,,,,,,,,19153,19153,19153,19153,19153,19153
25047,21760.0,-160.0,0,13563.0,35.71842410196987,61,13563.0,61,9606.0,31,0.7082503870825039,0.5081967213114754,1.0,9606.0,0.7082503870825039,0.0,9.515100775962715,0.2917496129174961,0.0,0.0,0.0,1,1,5,2,0.0035390400353904005,0.0,0.0,0.0,0.0,0.0,0.0,0.0,0.0,0.0266902602669026,0.0,0.0,0.030229300302293004,0.0,0.0,0.0,0.0,0.0,0.0,0.0,0.0,0.0,0.0,0.0,0.0,22206.99329056993,20950.0,22440.0,0.0035390400353904005,1.0,0.0,521.3175551131756,40.0,0.0,22400.0,22400.0,22400.0,0.0,1.0,0.0,640.0,830.0,25047,21038,21038,25047,01034,01034,25047,21038,21038,25047,01034,01034,25047,01034,01034,21317,01034,01034,25047,01034,01034,21317,01034,01034
25356,28390.0,-6790.0,0,16905.0,51.73996878156276,35,16905.0,35,13772.0,19,0.8146702159124519,0.5428571428571428,1.0,13772.0,0.8146702159124519,0.0,9.735364715141987,0.18532978408754805,0.0,0.0,0.0,1,1,1,1,0.0,0.0,0.0,0.0,0.0,0.0,0.0,0.0,0.0,0.0,0.0,0.0,0.0,0.0,0.0,0.0,0.0,0.0,0.0,0.0,0.0,0.0,0.0,0.0,0.0,27830.0,27830.0,27830.0,0.0,0.0,0.0,560.0,6260.0,0.0,27830.0,27830.0,27830.0,0.0,0.0,0.0,560.0,6260.0,,,,,,,,,,,,,,,,,,,,,,,,
25434,23050.0,-1450.0,0,15020.0,39.05559311456654,33,15020.0,33,9065.0,16,0.6035286284953395,0.48484848484848486,1.0,9065.0,0.6035286284953395,0.0,9.617137925318126,0.25139813581890813,0.0,0.16651131824234355,0.0,1,1,1,1,0.0,0.0,0.0,0.0,0.0,0.0,0.0,0.0,0.0,0.0,0.0,0.0,0.0,0.0,0.0,0.0,0.0,0.0,0.16651131824234355,0.0,0.0,0.0,0.0,0.0,0.0,23040.0,23040.0,23040.0,0.0,0.0,0.0,10.0,1470.0,0.0,23040.0,23040.0,23040.0,0.0,0.0,0.0,10.0,1470.0,,,,,,,,,,,,,,,,,,,25434,01034,01034,01305,01034,01034
25462,27910.0,-6310.0,0,62337.0,57.04807313925927,77,62337.0,77,41588.0,29,0.6671479217800023,0.37662337662337664,1.0,41588.0,0.6671479217800023,0.0,11.04031042896799,0.30471469592697753,0.028137382293020197,0.06756821791231532,0.028137382293020197,2,1,7,2,0.0,0.0,0.0,0.0,0.0,0.0,0.0,0.0,0.0,0.0,0.0,0.0,0.0,0.0,0.0,0.0,0.0,0.0,0.06756821791231532,0.028137382293020197,0.0,0.0,0.028137382293020197,0.0,0.0,28078.227858254326,22830.0,33790.0,0.0,0.0,0.0,2878.690665254985,1260.0,0.0,28669.492401654323,26220.0,33790.0,0.0,0.0,0.0,3045.795662210253,4650.0,,,,,,,,,,,,,,,,,,,,,,,,
25578,23340.0,-1740.0,0,26556.0,35.804716256117786,66,26556.0,66,13733.0,26,0.5171336044585028,0.3939393939393939,1.0,13733.0,0.5171336044585028,0.0,10.18701098983905,0.4223527639704775,0.0,0.11880554300346438,0.0,2,1,5,1,0.0,0.0,0.0,0.0,0.0,0.0,0.0,0.0,0.0,0.17800120500075312,0.0,0.0,0.17800120500075312,0.0,0.0,0.0,0.0,0.0,0.11880554300346438,0.0,0.0,0.0,0.0,0.0,0.0,23988.14731134207,22100.0,27830.0,0.0,0.17800120500075312,0.0,1112.7489079680674,530.0,0.0,24178.195587271537,23040.0,24270.0,0.0,0.0,0.0,882.9782276268842,1470.0,,,,,,,,,,,,,,,,,,,,,,,,
26176,22420.0,-820.0,0,6055.0,43.58309940257684,10,6055.0,10,3663.0,4,0.6049545829892651,0.4,1.0,3663.0,0.6049545829892651,0.0,8.708639655987193,0.3950454170107349,0.0,0.0,0.0,1,1,3,1,0.15590421139554086,0.0,0.0,0.0,0.0,0.0,0.0,0.0,0.0,0.15590421139554086,0.0,0.0,0.15590421139554086,0.0,0.0,0.0,0.0,0.0,0.0,0.0,0.0,0.0,0.0,0.0,0.0,21660.94137076796,21240.0,22320.0,0.15590421139554086,1.0,0.0,759.0586292320396,120.0,0.0,21690.0,21690.0,21690.0,0.0,1.0,0.0,730.0,120.0,,,,,,,,,,,,,26176,26176,26176,26176,26176,26176,26176,26176,26176,26176,26176,26176
26307,21340.0,260.0,1,12990.0,25.56784631736409,23,12990.0,23,3657.0,7,0.2815242494226328,0.30434782608695654,1.0,3657.0,0.2815242494226328,1.0,9.471935109664646,0.7184757505773672,0.0,0.0,0.0,2,2,3,2,0.7184757505773672,0.0,0.0,0.0,0.0,0.0,0.0,0.0,0.0,0.7184757505773672,0.0,0.0,0.7184757505773672,0.0,0.0,0.0,0.0,0.0,0.0,0.0,0.0,0.0,0.0,0.0,0.0,21616.814472671285,21280.0,22580.0,0.7184757505773672,1.0,0.0,363.03156274056965,290.0,0.0,22476.395952966912,21940.0,22580.0,0.0,1.0,0.0,1136.3959529669128,370.0,26307,26307,26307,26307,26307,26307,26307,26307,26307,26307,26307,26307,26307,26176,26176,26307,26176,26176,26307,26176,26176,26307,26176,26176
27056,21310.0,290.0,1,33301.0,53.733823861619385,49,33301.0,49,318.0,1,0.009549262784901355,0.02040816326530612,1.0,16288.0,0.48911444100777757,1.0,10.413342705547674,0.5108855589922224,0.0,0.04162037176060779,0.0,1,1,4,2,0.9904507372150987,0.0,0.9804764243614931,0.0,0.0,0.0,0.0,0.0,0.0,0.0,0.0,0.0,0.9904507372150987,0.0,0.9804764243614931,0.0,0.0,0.0,0.04162037176060779,0.0,0.0,0.0,0.0,0.0,0.0,21496.09080808384,20720.0,21540.0,1.0,1.0,0.0,199.20753130536622,30.0,0.0,20720.0,20720.0,20720.0,1.0,1.0,0.0,590.0,850.0,27056,14258,14258,27056,02810,02810,27056,14258,14258,27056,02810,02810,27056,14174,14174,27056,01034,01034,27056,14174,14174,27056,01034,01034
27165,21980.0,-380.0,0,14278.0,58.54518615712646,23,14278.0,23,12604.0,19,0.8827566886118504,0.8260869565217391,1.0,13390.0,0.9378064154643507,0.0,9.566475170062406,0.0,0.0,0.06219358453564925,0.0,1,1,2,1,0.05504972685250035,0.0,0.05870052277819268,0.0,0.0,0.0,0.0,0.0,0.0,0.0,0.0,0.0,0.05504972685250035,0.0,0.05870052277819268,0.0,0.0,0.0,0.06219358453564925,0.0,0.0,0.0,0.0,0.0,0.0,22192.015688471776,21540.0,22230.0,0.05504972685250035,1.0,0.0,260.45944810197506,30.0,0.0,22230.0,22230.0,22230.0,0.0,1.0,0.0,250.0,660.0,27165,27165,27165,27056,02810,02810,27165,27165,27165,27056,02810,02810,27165,27165,27165,27056,01034,01034,27165,27165,27165,27056,01034,01034
27170,21550.0,50.0,1,3813.0,53.66643209007741,8,3813.0,8,1149.0,2,0.3013375295043273,0.25,1.0,1149.0,0.3013375295043273,1.0,8.246171559857563,0.6986624704956726,0.0,0.0,0.0,1,1,2,2,0.6986624704956726,0.0,0.0,0.0,0.0,0.0,0.0,0.0,0.0,0.0,0.0,0.0,0.6986624704956726,0.0,0.0,0.0,0.0,0.0,0.0,0.0,0.0,0.0,0.0,0.0,0.0,21806.939417781276,21370.0,22820.0,0.6986624704956726,1.0,0.0,508.45790715971674,200.0,0.0,22820.0,22820.0,22820.0,0.0,1.0,0.0,1270.0,1250.0,27170,14258,14258,27056,02810,02810,27170,14258,14258,27056,02810,02810,27170,14174,14174,27056,01034,01034,27170,14174,14174,27056,01034,01034
27198,22950.0,-1350.0,0,9075.0,49.45504087193461,4,9075.0,4,229.0,1,0.025234159779614324,0.25,1.0,1528.0,0.1683746556473829,0.0,9.113278659133051,0.0,0.0,0.831625344352617,0.0,1,1,2,1,0.9747658402203857,0.0,0.850130890052356,0.0,0.0,0.0,0.0,0.0,0.0,0.0,0.0,0.0,0.9747658402203857,0.0,0.850130890052356,0.0,0.0,0.0,0.831625344352617,0.0,0.0,0.0,0.0,0.0,0.0,21150.43966942149,21130.0,21940.0,0.9747658402203857,1.0,0.0,1799.5603305785123,370.0,0.0,21940.0,21940.0,21940.0,0.0,1.0,0.0,1010.0,370.0,,,,,,,,,,,,,,,,,,,27198,27165,27165,27056,01034,01034
27226,21730.0,-130.0,0,11455.0,59.89542483660131,20,11455.0,20,11140.0,19,0.9725010912265386,0.95,1.0,11140.0,0.9725010912265386,0.0,9.346181594887597,0.02749890877346137,0.0,0.0,0.0,1,1,1,1,0.0,0.0,0.0,0.0,0.0,0.0,0.0,0.0,0.0,0.0,0.0,0.0,0.0,0.0,0.0,0.0,0.0,0.0,0.0,0.0,0.0,0.0,0.0,0.0,0.0,21810.0,21810.0,21810.0,0.0,1.0,0.0,80.0,240.0,0.0,21810.0,21810.0,21810.0,0.0,1.0,0.0,80.0,240.0,27226,27165,27165,27226,02810,02810,27226,27165,27165,27226,02810,02810,27226,27165,27165,27226,01034,01034,27226,27165,27165,27226,01034,01034
27507,22280.0,-680.0,0,9060.0,65.64266048398783,13,9060.0,13,9060.0,13,1.0,1.0,1.0,9060.0,1.0,0.0,9.111624399037025,0.0,0.0,0.0,0.0,1,1,1,1,0.0,0.0,0.0,0.0,0.0,0.0,0.0,0.0,0.0,0.0,0.0,0.0,0.0,0.0,0.0,0.0,0.0,0.0,0.0,0.0,0.0,0.0,0.0,0.0,0.0,21940.0,21940.0,21940.0,0.0,1.0,0.0,340.0,370.0,0.0,21940.0,21940.0,21940.0,0.0,1.0,0.0,340.0,370.0,,,,,,,27507,27165,27165,27507,02810,02810,27507,27165,27165,27507,01034,01034,27198,27165,27165,27056,01034,01034
27679,20790.0,810.0,1,17367.0,47.37445102157724,28,17367.0,28,826.0,2,0.0475614671503426,0.07142857142857142,1.0,6629.0,0.38170092704554615,1.0,9.762327132747114,0.19370069672367132,0.0,0.4245983762307825,0.0,1,1,3,2,0.811193643116255,0.0,0.8753959873284055,0.0,0.0,0.0,0.0,0.0,0.0,0.0,0.0,0.0,0.811193643116255,0.0,0.8753959873284055,0.0,0.0,0.0,0.4245983762307825,0.0,0.0,0.0,0.0,0.0,0.0,21223.5659584269,21130.0,21570.0,1.0,1.0,0.0,433.5659584269016,0.0,0.0,21570.0,21570.0,21570.0,1.0,1.0,0.0,780.0,0.0,,,,,,,,,,,,,27679,02810,02810,27056,01034,01034,27679,02408,02408,27056,01034,01034
28015,23940.0,-2340.0,0,16728.0,61.79078014184397,21,16728.0,21,15957.0,19,0.953909612625538,0.9047619047619048,1.0,15957.0,0.953909612625538,0.0,9.72483924110847,0.04609038737446198,0.0,0.0,0.0,4,2,4,2,0.0,0.0,0.0,0.0,0.0,0.0,0.0,0.0,0.0,0.0,0.0,0.0,0.0,0.0,0.0,0.0,0.0,0.0,0.0,0.0,0.0,0.0,0.0,0.0,0.0,24420.53682448589,22610.0,28920.0,0.0,0.10712577714012435,0.0,929.8864179818269,1040.0,0.0,24508.017171147458,22610.0,28920.0,0.0,0.06398445823149715,0.0,910.553988845021,1040.0,,,,,,,,,,,,,,,,,,,,,,,,
28051,22380.0,-780.0,0,10548.0,39.39201553572096,18,10548.0,18,10265.0,17,0.9731702692453545,0.9444444444444444,1.0,10265.0,0.9731702692453545,0.0,9.263691547473178,0.02682973075464543,0.0,0.0,0.0,2,1,3,1,0.0,0.0,0.0,0.0,0.0,0.0,0.0,0.0,0.0,0.0,0.0,0.0,0.0,0.0,0.0,0.0,0.0,0.0,0.0,0.0,0.0,0.0,0.0,0.0,0.0,22255.875995449373,22130.0,23500.0,0.0,0.9175199089874858,0.0,321.22108456579446,560.0,0.0,22246.113005358013,22130.0,23500.0,0.0,0.9152459814905017,0.0,323.7359961032635,560.0,,,,,,,,,,,,,28051,02810,02810,18109,01034,01034,28051,02408,02408,18087,01034,01034
28089,23220.0,-1620.0,0,11799.0,37.044362814354336,13,11799.0,13,8575.0,11,0.7267565047885414,0.8461538461538461,1.0,8575.0,0.7267565047885414,0.0,9.375770061099919,0.0844139333841851,0.0,0.1888295618272735,0.0,2,1,3,1,0.0844139333841851,0.0,0.0,0.0,0.0,0.0,0.0,0.0,0.0,0.0,0.0,0.0,0.0844139333841851,0.0,0.0,0.0,0.0,0.0,0.1888295618272735,0.0,0.0,0.0,0.0,0.0,0.0,21737.359098228662,21330.0,23500.0,0.9027883718959234,0.9027883718959234,0.0,1537.0794135096194,0.0,0.0,21828.15860058309,21570.0,23500.0,0.8662390670553936,0.8662390670553936,0.0,1466.7475218658892,0.0,,,,,,,,,,,,,,,,,,,,,,,,
28116,23510.0,-1910.0,0,12803.0,47.83485895759387,18,12803.0,18,12803.0,18,1.0,1.0,1.0,12803.0,1.0,0.0,9.45743479744618,0.0,0.0,0.0,0.0,2,1,2,1,0.0,0.0,0.0,0.0,0.0,0.0,0.0,0.0,0.0,0.0,0.0,0.0,0.0,0.0,0.0,0.0,0.0,0.0,0.0,0.0,0.0,0.0,0.0,0.0,0.0,23038.112942279153,22960.0,23500.0,0.0,0.0,0.0,471.88705772084666,1390.0,0.0,23038.112942279153,22960.0,23500.0,0.0,0.0,0.0,471.88705772084666,1390.0,,,,,,,,,,,,,,,,,,,,,,,,
28196,22450.0,-850.0,0,10928.0,41.29539356837849,19,10928.0,19,9578.0,16,0.8764641288433382,0.8421052631578947,1.0,9578.0,0.8764641288433382,0.0,9.29908358181057,0.12353587115666179,0.0,0.0,0.0,3,1,4,1,0.06890556368960468,0.0,0.0,0.0,0.0,0.0,0.0,0.0,0.0,0.0,0.0,0.0,0.06890556368960468,0.0,0.0,0.0,0.0,0.0,0.0,0.0,0.0,0.0,0.0,0.0,0.0,22842.756222547585,21060.0,23500.0,0.06890556368960468,0.11392752562225476,0.0,613.1277452415812,510.0,0.0,22975.604510336187,22130.0,23500.0,0.0,0.05136771768636458,0.0,558.4798496554604,560.0,,,,,,,,,,,,,28051,02810,02810,18109,01034,01034,28051,02408,02408,18087,01034,01034
28199,22340.0,-740.0,0,11777.0,32.57814661134163,19,11777.0,19,3628.0,4,0.30805807930712403,0.21052631578947367,1.0,3628.0,0.30805807930712403,0.0,9.373903755841548,0.6744501995414791,0.01749172115139679,0.21575953128980216,0.01749172115139679,2,2,3,2,0.0,0.0,0.0,0.0,0.0,0.0,0.0,0.0,0.0,0.0,0.0,0.0,0.0,0.0,0.0,0.0,0.0,0.0,0.21575953128980216,0.01749172115139679,0.0,0.0,0.01749172115139679,0.0,0.0,22706.913475418187,22610.0,23520.0,0.0,0.6792901418018171,0.0,366.913475418188,1040.0,0.0,22643.359977949283,22610.0,23520.0,0.0,0.9633406835722161,0.0,303.35997794928335,1040.0,,,,,,,28199,28199,28199,18109,02810,02810,28199,02810,02810,18109,01034,01034,28199,02408,02408,18087,01034,01034
28422,22410.0,-810.0,0,9855.0,26.090755056655723,13,9855.0,13,1062.0,2,0.10776255707762557,0.15384615384615385,1.0,1062.0,0.10776255707762557,0.0,9.19573421958682,0.8922374429223744,0.0,0.12623033992897006,0.0,1,1,3,1,0.0,0.0,0.0,0.0,0.0,0.0,0.0,0.0,0.0,0.0,0.0,0.0,0.0,0.0,0.0,0.0,0.0,0.0,0.12623033992897006,0.0,0.0,0.0,0.0,0.0,0.0,22715.412480974126,22130.0,23500.0,0.0,0.8234398782343988,0.0,365.7595129375951,560.0,0.0,22130.0,22130.0,22130.0,0.0,1.0,0.0,280.0,560.0,,,,,,,,,,,,,28051,02810,02810,18109,01034,01034,28051,02408,02408,18087,01034,01034
29026,21520.0,80.0,1,19713.0,59.57929096019585,13,19713.0,13,4729.0,2,0.23989245675442603,0.15384615384615385,1.0,4729.0,0.23989245675442603,1.0,9.889033595565978,0.760107543245574,0.0,0.0,0.0,2,1,4,1,0.760107543245574,0.0,0.0,0.0,0.0,0.0,0.0,0.0,0.0,0.0,0.0,0.0,0.760107543245574,0.0,0.0,0.0,0.0,0.0,0.0,0.0,0.0,0.0,0.0,0.0,0.0,21540.91056663116,19410.0,22270.0,0.760107543245574,1.0,0.0,280.2135646527672,100.0,0.0,22147.623176147175,22110.0,22270.0,0.0,1.0,0.0,627.623176147177,540.0,29026,29026,29026,29026,29026,29026,29026,22136,22136,29026,02810,02810,29026,22020,22020,29026,01034,01034,29026,22004,22004,22004,01034,01034
29199,21120.0,480.0,1,9095.0,35.07114487332742,8,9095.0,8,2433.0,3,0.26750962067069817,0.375,1.0,2433.0,0.26750962067069817,1.0,9.115480090952223,0.1737218251786696,0.0,0.5587685541506322,0.0,1,1,4,2,0.10093457943925234,0.0,0.0,0.0,0.0,0.0,0.0,0.0,0.0,0.0,0.0,0.0,0.10093457943925234,0.0,0.0,0.0,0.0,0.0,0.5587685541506322,0.0,0.0,0.0,0.0,0.0,0.0,21554.699285321607,19410.0,22380.0,0.1280923584387026,1.0,0.0,787.4997251236944,220.0,0.0,21790.0,21790.0,21790.0,0.0,1.0,0.0,670.0,220.0,29199,29026,29026,29026,29026,29026,29199,22136,22136,29026,02810,02810,29199,22020,22020,29026,01034,01034,29199,22004,22004,22004,01034,01034
29218,21250.0,350.0,1,4416.0,56.1118170266836,4,4416.0,4,4416.0,4,1.0,1.0,1.0,4416.0,1.0,1.0,8.392989587956931,0.0,0.0,0.0,0.0,1,1,1,1,0.0,0.0,0.0,0.0,0.0,0.0,0.0,0.0,0.0,0.0,0.0,0.0,0.0,0.0,0.0,0.0,0.0,0.0,0.0,0.0,0.0,0.0,0.0,0.0,0.0,21430.0,21430.0,21430.0,1.0,1.0,0.0,180.0,140.0,0.0,21430.0,21430.0,21430.0,1.0,1.0,0.0,180.0,140.0,29218,29026,29026,29218,29026,29026,29218,22136,22136,29218,02810,02810,29218,22020,22020,29218,01034,01034,29218,22004,22004,29218,01034,01034
29274,20430.0,1170.0,1,7326.0,36.08156028368794,2,7326.0,2,5245.0,1,0.715943215943216,0.5,1.0,5245.0,0.715943215943216,1.0,8.89918494333876,0.2840567840567841,0.0,0.0,0.0,1,1,2,2,0.2840567840567841,0.0,0.0,0.0,0.0,0.0,0.0,0.0,0.0,0.0,0.0,0.0,0.2840567840567841,0.0,0.0,0.0,0.0,0.0,0.0,0.0,0.0,0.0,0.0,0.0,0.0,21542.58258258258,19810.0,22230.0,0.2840567840567841,1.0,0.0,1464.8129948129947,660.0,0.0,22230.0,22230.0,22230.0,0.0,1.0,0.0,1800.0,660.0,,,,,,,,,,,,,,,,,,,22136,22004,22004,22020,01034,01034
2A130,24150.0,-2550.0,0,10784.0,18.682327668347103,25,10784.0,25,9146.0,13,0.8481083086053413,0.52,1.0,9146.0,0.8481083086053413,0.0,9.285818833152089,0.15189169139465875,0.0,0.0,0.0,1,1,1,1,0.0,0.0,0.0,0.0,0.0,0.0,0.0,0.0,0.0,0.0,0.0,0.0,0.0,0.0,0.0,0.0,0.0,0.0,0.0,0.0,0.0,0.0,0.0,0.0,0.0,24230.0,24230.0,24230.0,0.0,0.0,0.0,80.0,2660.0,0.0,24230.0,24230.0,24230.0,0.0,0.0,0.0,80.0,2660.0,,,,,,,,,,,,,,,,,,,,,,,,
2B042,20520.0,1080.0,1,26498.0,62.66080211880439,38,26498.0,38,15502.0,3,0.5850252849271643,0.07894736842105263,1.0,15502.0,0.5850252849271643,1.0,10.184824537428069,0.4149747150728357,0.0,0.0,0.0,1,1,3,1,0.3700279266359725,0.0,0.0,0.0,0.0,0.0,0.0,0.0,0.0,0.08396860140387954,0.0,0.0,0.3700279266359725,0.0,0.0,0.0,0.0,0.0,0.0,0.0,0.0,0.0,0.0,0.0,0.0,20948.52932296777,19390.0,21760.0,0.3700279266359725,1.0,0.0,1133.801418975017,190.0,0.0,21760.0,21760.0,21760.0,0.0,1.0,0.0,1240.0,190.0,,,,,,,,,,,,,,,,,,,2B042,2B042,2B042,2B042,2B042,2B042
30029,19960.0,1640.0,1,6033.0,23.333075495049503,12,6033.0,12,400.0,2,0.06630200563567049,0.16666666666666666,1.0,400.0,0.06630200563567049,1.0,8.704999678440762,0.9336979943643295,0.0,0.0,0.0,1,1,3,2,0.882313939996685,0.0,0.0,0.0,0.0,0.0,0.0,0.0,0.0,0.0,0.0,0.0,0.882313939996685,0.0,0.0,0.0,0.0,0.0,0.0,0.0,0.0,0.0,0.0,0.0,0.0,19580.22211171888,18500.0,21650.0,0.882313939996685,1.0,0.0,1361.1868059008784,80.0,0.0,21650.0,21650.0,21650.0,0.0,1.0,0.0,1690.0,80.0,,,,,,,,,,,,,,,,,,,,,,,,
30132,17510.0,4090.0,1,16723.0,37.53591309032142,24,16723.0,24,10624.0,6,0.6352927106380434,0.25,1.0,10624.0,0.6352927106380434,1.0,9.724540296381123,0.36470728936195657,0.0,0.0,0.0,1,1,3,2,0.16546074268970878,0.0,0.0,0.0,0.0,0.0,0.14321593015607248,0.0,0.0,0.16546074268970878,0.0,0.0,0.16546074268970878,0.0,0.0,0.0,0.0,0.0,0.0,0.0,0.0,0.0,0.0,0.0,0.0,19194.790408419543,17400.0,20050.0,1.0,1.0,0.0,1716.297913053878,1520.0,0.0,19480.0,19480.0,19480.0,1.0,1.0,0.0,1970.0,2090.0,,,,,,,,,,,,,,,,,,,,,,,,
30269,17530.0,4070.0,1,5485.0,15.896707628101089,14,5485.0,14,2436.0,1,0.44412032816773017,0.07142857142857142,1.0,2436.0,0.44412032816773017,1.0,8.609772372709331,0.5558796718322698,0.0,0.0,0.0,1,1,3,2,0.5363719234275296,0.0,0.0,0.0,0.0,0.0,0.3392889699179581,0.0,0.0,0.5363719234275296,0.0,0.0,0.5363719234275296,0.0,0.0,0.0,0.0,0.0,0.0,0.0,0.0,0.0,0.0,0.0,0.0,18510.18778486782,17400.0,19480.0,1.0,1.0,0.0,1068.4029170464905,2090.0,0.0,19480.0,19480.0,19480.0,1.0,1.0,0.0,1950.0,2090.0,,,,,,,,,,,,,,,,,,,,,,,,
30334,21380.0,220.0,1,25704.0,65.70048309178743,26,25704.0,26,1066.0,1,0.04147214441332089,0.038461538461538464,1.0,1066.0,0.04147214441332089,1.0,10.154401900795694,0.9585278555866791,0.0,0.0,0.0,1,1,2,1,0.9585278555866791,0.0,0.0,0.0,0.0,0.0,0.0,0.0,0.0,0.0,0.0,0.0,0.9585278555866791,0.0,0.0,0.0,0.0,0.0,0.0,0.0,0.0,0.0,0.0,0.0,0.0,21339.906629318393,21320.0,21800.0,0.9585278555866791,1.0,0.0,74.92997198879551,230.0,0.0,21800.0,21800.0,21800.0,0.0,1.0,0.0,420.0,230.0,30334,30334,30334,30334,30334,30334,30334,30334,30334,30334,30334,30334,30334,30334,30334,30334,30334,30334,30334,30334,30334,30334,30334,30334
31106,23890.0,-2290.0,0,7731.0,46.29064127896533,19,7731.0,19,2524.0,1,0.32647781658258956,0.05263157894736842,1.0,2524.0,0.32647781658258956,0.0,8.952993499320474,0.6735221834174104,0.0,0.0,0.0,1,1,4,2,0.026904669512352864,0.0,0.0,0.0,0.0,0.0,0.0,0.0,0.0,0.0,0.0,0.0,0.026904669512352864,0.0,0.0,0.0,0.0,0.0,0.0,0.0,0.0,0.0,0.0,0.0,0.0,24600.058207217695,21070.0,24780.0,0.026904669512352864,0.046177726038028714,0.0,955.051093002199,120.0,0.0,24780.0,24780.0,24780.0,0.0,0.0,0.0,890.0,3210.0,,,,,,,,,,,,,,,,,,,,,,,,
31107,21510.0,90.0,1,21971.0,53.72408059467919,31,21971.0,31,11185.0,9,0.5090801511082791,0.2903225806451613,1.0,11185.0,0.5090801511082791,1.0,9.99747868095637,0.4909198488917209,0.0,0.0,0.0,1,1,4,2,0.18765645623776797,0.0,0.0,0.0,0.0,0.0,0.18765645623776797,0.0,0.0,0.0025943288880797416,0.0,0.0,0.18765645623776797,0.0,0.0,0.0,0.0,0.0,0.0,0.0,0.0,0.0,0.0,0.0,0.0,21837.907696509035,19640.0,22360.0,0.18765645623776797,1.0,0.0,1029.3796367939556,630.0,0.0,22360.0,22360.0,22360.0,0.0,1.0,0.0,850.0,790.0,09167,09167,09167,09167,09167,09167,09167,09167,09167,09167,09167,09167,09167,09167,09167,09167,09167,09167,09167,09167,09167,09167,09167,09167
31135,20970.0,630.0,1,15271.0,45.25545282124229,30,15271.0,30,9935.0,14,0.6505795298277781,0.4666666666666667,1.0,9935.0,0.6505795298277781,1.0,9.633710883953182,0.34942047017222183,0.0,0.0,0.0,2,1,4,2,0.07373452950036016,0.0,0.0,0.0,0.0,0.0,0.06410844083557068,0.0,0.0,0.06410844083557068,0.0,0.0,0.07373452950036016,0.0,0.0,0.0,0.0,0.0,0.0,0.0,0.0,0.0,0.0,0.0,0.0,22043.607491323422,19710.0,22360.0,0.07373452950036016,1.0,0.0,1245.3644162137384,630.0,0.0,22227.20080523402,22200.0,22360.0,0.0,1.0,0.0,1257.2008052340211,630.0,,,,,,,09167,09167,09167,09167,09167,09167,09167,09167,09167,09167,09167,09167,09167,09167,09167,09167,09167,09167
31324,21380.0,220.0,1,5672.0,61.58523344191097,11,5672.0,11,4258.0,7,0.7507052186177715,0.6363636363636364,1.0,4258.0,0.7507052186177715,1.0,8.643297068211963,0.2492947813822285,0.0,0.0,0.0,1,1,3,1,0.2492947813822285,0.0,0.0,0.0,0.0,0.0,0.0,0.0,0.0,0.0,0.0,0.0,0.2492947813822285,0.0,0.0,0.0,0.0,0.0,0.0,0.0,0.0,0.0,0.0,0.0,0.0,21907.353667136813,20440.0,22200.0,0.2492947813822285,1.0,0.0,703.8028913963328,480.0,0.0,22200.0,22200.0,22200.0,0.0,1.0,0.0,820.0,630.0,31324,09167,09167,09167,09167,09167,09167,09167,09167,09167,09167,09167,09167,09167,09167,09167,09167,09167,09167,09167,09167,09167,09167,09167
32160,24580.0,-2980.0,0,23968.0,57.63755290496344,37,23968.0,37,749.0,2,0.03125,0.05405405405405406,1.0,14683.0,0.6126084779706275,0.0,10.084474886316945,0.3197179572763685,0.0,0.06767356475300401,0.0,1,1,4,2,0.0,0.0,0.0,0.0,0.0,0.0,0.703229305740988,0.0,0.9489886263025268,0.0,0.0,0.0,0.703229305740988,0.0,0.9489886263025268,0.0,0.0,0.0,0.06767356475300401,0.0,0.0,0.0,0.0,0.0,0.0,25048.86473631509,21940.0,26150.0,0.0,0.12187082777036048,0.0,1143.9982476635514,370.0,0.0,26150.0,26150.0,26150.0,0.0,0.0,0.0,1570.0,4580.0,,,,,,,,,,,,,,,,,,,,,,,,
33042,22990.0,-1390.0,0,16022.0,27.41005594238106,7,16022.0,7,12565.0,3,0.7842341780052428,0.42857142857142855,1.0,12565.0,0.7842341780052428,0.0,9.681718056775063,0.21576582199475722,0.0,0.0,0.0,1,1,3,2,0.21576582199475722,0.0,0.0,0.0,0.0,0.0,0.0,0.0,0.0,0.0,0.0,0.0,0.21576582199475722,0.0,0.0,0.0,0.0,0.0,0.0,0.0,0.0,0.0,0.0,0.0,0.0,23274.246036699536,20690.0,23850.0,0.21576582199475722,0.21576582199475722,0.0,1064.6367494694794,110.0,0.0,23850.0,23850.0,23850.0,0.0,0.0,0.0,860.0,2280.0,,,,,,,,,,,,,,,,,,,33042,24294,24294,33042,19153,19153
33138,19750.0,1850.0,1,32291.0,58.83821358940253,25,32291.0,25,22095.0,13,0.6842463844414852,0.52,1.0,22095.0,0.6842463844414852,1.0,10.382543832613134,0.3157536155585148,0.0,0.0,0.0,2,1,5,4,0.3157536155585148,0.0,0.0,0.0,0.0,0.0,0.0,0.0,0.0,0.0,0.0,0.0,0.3157536155585148,0.0,0.0,0.0,0.0,0.0,0.0,0.0,0.0,0.0,0.0,0.0,0.0,20775.255024619863,19610.0,22320.0,0.9734910656219999,1.0,0.0,1072.7989223003315,470.0,0.0,21147.264992079658,21100.0,22320.0,0.9612582032133967,1.0,0.0,1397.264992079656,470.0,,,,,,,,,,,,,,,,,,,,,,,,
33213,26230.0,-4630.0,0,15919.0,65.71581902245707,6,15919.0,6,15919.0,6,1.0,1.0,1.0,15919.0,1.0,0.0,9.675268643355135,0.0,0.0,0.0,0.0,2,1,2,1,0.0,0.0,0.0,0.0,0.0,0.0,0.0,0.0,0.0,0.0,0.0,0.0,0.0,0.0,0.0,0.0,0.0,0.0,0.0,0.0,0.0,0.0,0.0,0.0,0.0,25684.042339342923,22050.0,25790.0,0.0,0.02833092530937873,0.0,545.9576606570764,480.0,0.0,25684.042339342923,22050.0,25790.0,0.0,0.02833092530937873,0.0,545.9576606570764,480.0,,,,,,,,,,,,,,,,,,,,,,,,
33236,24880.0,-3280.0,0,12831.0,34.47988606132266,4,12831.0,4,8334.0,1,0.6495206920738835,0.25,1.0,8334.0,0.6495206920738835,0.0,9.459619396895018,0.3504793079261164,0.0,0.0,0.0,1,1,2,1,0.0,0.0,0.0,0.0,0.0,0.0,0.0,0.0,0.0,0.0,0.0,0.0,0.0,0.0,0.0,0.0,0.0,0.0,0.0,0.0,0.0,0.0,0.0,0.0,0.0,24289.939209726443,23530.0,24700.0,0.0,0.0,0.0,590.0607902735562,1960.0,0.0,24700.0,24700.0,24700.0,0.0,0.0,0.0,180.0,3130.0,,,,,,,,,,,,,,,,,,,,,,,,
33402,19530.0,2070.0,1,29881.0,56.39733499424343,40,29881.0,40,21976.0,24,0.7354506207958235,0.6,1.0,21976.0,0.7354506207958235,1.0,10.304978105888882,0.2645493792041766,0.0,0.0,0.0,2,2,4,3,0.20933034369666342,0.0,0.0,0.0,0.0,0.0,0.0,0.0,0.0,0.0,0.0,0.0,0.20933034369666342,0.0,0.0,0.0,0.0,0.0,0.0,0.0,0.0,0.0,0.0,0.0,0.0,19545.11194404471,18850.0,20820.0,1.0,1.0,0.0,776.5048023827851,750.0,0.0,19477.77165999272,18850.0,20820.0,1.0,1.0,0.0,874.3861485256643,750.0,,,,,,,,,,,,,,,,,,,,,,,,
33498,24370.0,-2770.0,0,8641.0,43.17909254447331,2,8641.0,2,8641.0,2,1.0,1.0,1.0,8641.0,1.0,0.0,9.0642735958414,0.0,0.0,0.0,0.0,1,1,1,1,0.0,0.0,0.0,0.0,0.0,0.0,0.0,0.0,0.0,0.0,0.0,0.0,0.0,0.0,0.0,0.0,0.0,0.0,0.0,0.0,0.0,0.0,0.0,0.0,0.0,23850.0,23850.0,23850.0,0.0,0.0,0.0,520.0,2280.0,0.0,23850.0,23850.0,23850.0,0.0,0.0,0.0,520.0,2280.0,,,,,,,,,,,,,,,,,,,,,,,,
34028,19170.0,2430.0,1,16988.0,30.86258266114381,26,16988.0,26,222.0,2,0.013068048033906286,0.07692307692307693,1.0,222.0,0.013068048033906286,1.0,9.740262491433162,0.9782787850247233,0.00865316694137038,0.039321874264186485,0.00865316694137038,1,1,3,1,0.9453732046150224,0.0,0.0,0.0,0.0,0.0,0.0,0.0,0.0,0.9453732046150224,0.0,0.0,0.9453732046150224,0.0,0.0,0.0,0.0,0.0,0.039321874264186485,0.00865316694137038,0.0,0.0,0.00865316694137038,0.0,0.0,19461.330350835884,19370.0,20790.0,1.0,1.0,0.0,291.33035083588413,780.0,0.0,20790.0,20790.0,20790.0,1.0,1.0,0.0,1620.0,780.0,,,,,,,,,,,,,,,,,,,,,,,,
34111,20870.0,730.0,1,20029.0,38.39473986888012,26,20029.0,26,6457.0,11,0.3223825453093015,0.4230769230769231,1.0,6457.0,0.3223825453093015,1.0,9.904936502301233,0.6776174546906985,0.0,0.0,0.0,1,1,3,2,0.6752708572569773,0.0,0.0,0.0,0.0,0.0,0.0,0.0,0.0,0.6752708572569773,0.0,0.0,0.6752708572569773,0.0,0.0,0.0,0.0,0.0,0.0,0.0,0.0,0.0,0.0,0.0,0.0,22030.188227070747,18400.0,26990.0,0.6752708572569773,0.6752708572569773,0.0,2814.4964801038495,1890.0,0.0,26990.0,26990.0,26990.0,0.0,0.0,0.0,6120.0,5420.0,,,,,,,34111,34111,34111,34111,30334,30334,34111,34111,34111,34111,30334,30334,34111,34111,34111,34111,30334,30334
34189,18810.0,2790.0,1,15200.0,45.34606205250597,22,15200.0,22,8587.0,8,0.5649342105263158,0.36363636363636365,1.0,8587.0,0.5649342105263158,1.0,9.629050706834368,0.4350657894736842,0.0,0.0,0.0,1,1,3,2,0.4350657894736842,0.0,0.0,0.0,0.0,0.0,0.0,0.0,0.0,0.32210526315789473,0.0,0.0,0.4350657894736842,0.0,0.0,0.0,0.0,0.0,0.0,0.0,0.0,0.0,0.0,0.0,0.0,19451.542763157893,18420.0,20040.0,1.0,1.0,0.0,892.7848684210526,1530.0,0.0,20040.0,20040.0,20040.0,1.0,1.0,0.0,1230.0,1530.0,,,,,,,,,,,,,,,,,,,,,,,,
35085,21050.0,550.0,1,14739.0,58.32607835377919,12,14739.0,12,14363.0,11,0.9744894497591424,0.9166666666666666,1.0,14363.0,0.9744894497591424,1.0,9.598252320836758,0.025510550240857587,0.0,0.0,0.0,2,1,3,1,0.025510550240857587,0.0,0.0,0.0,0.0,0.0,0.0,0.0,0.0,0.0,0.0,0.0,0.025510550240857587,0.0,0.0,0.0,0.0,0.0,0.0,0.0,0.0,0.0,0.0,0.0,0.0,21802.09376484158,20900.0,21850.0,0.05203880860302598,1.0,0.0,764.6441413935817,280.0,0.0,21824.138411195432,20900.0,21850.0,0.027222725057439254,1.0,0.0,782.3052287126645,280.0,,,,,,,35085,22020,22020,35085,02810,02810,35085,22020,22020,35085,01034,01034,35085,22004,22004,14174,01034,01034
35125,20910.0,690.0,1,17376.0,54.5437423486204,20,17376.0,20,14819.0,13,0.8528430018416207,0.65,1.0,14819.0,0.8528430018416207,1.0,9.762845222733661,0.14715699815837938,0.0,0.0,0.0,2,1,3,2,0.14715699815837938,0.0,0.0,0.0,0.0,0.0,0.0,0.0,0.0,0.0,0.0,0.0,0.14715699815837938,0.0,0.0,0.0,0.0,0.0,0.0,0.0,0.0,0.0,0.0,0.0,0.0,22014.730662983424,20800.0,22240.0,0.14715699815837938,1.0,0.0,1137.105202578269,310.0,0.0,22224.33092651326,21880.0,22240.0,0.0,1.0,0.0,1314.33092651326,310.0,,,,,,,35125,22020,22020,35125,02810,02810,35125,22020,22020,35125,01034,01034,35125,22004,22004,35125,01034,01034
35162,20110.0,1490.0,1,9506.0,45.502848116413766,10,9506.0,10,5599.0,5,0.5889964233115926,0.5,1.0,5599.0,0.5889964233115926,1.0,9.159678457173955,0.4110035766884073,0.0,0.0,0.0,1,1,2,2,0.4110035766884073,0.0,0.0,0.0,0.0,0.0,0.0,0.0,0.0,0.0,0.0,0.0,0.4110035766884073,0.0,0.0,0.0,0.0,0.0,0.0,0.0,0.0,0.0,0.0,0.0,0.0,20752.297496318115,20340.0,21040.0,1.0,1.0,0.0,642.2974963181149,530.0,0.0,21040.0,21040.0,21040.0,1.0,1.0,0.0,930.0,530.0,,,,,,,,,,,,,,,,,,,35162,22004,22004,14174,01034,01034
35168,20780.0,820.0,1,8170.0,53.80309515969707,6,8170.0,6,4227.0,5,0.5173806609547124,0.8333333333333334,1.0,4227.0,0.5173806609547124,1.0,9.008224187854049,0.0,0.0,0.48261933904528764,0.0,1,1,1,1,0.0,0.0,0.0,0.0,0.0,0.0,0.0,0.0,0.0,0.0,0.0,0.0,0.0,0.0,0.0,0.0,0.0,0.0,0.48261933904528764,0.0,0.0,0.0,0.0,0.0,0.0,22460.0,22460.0,22460.0,0.0,1.0,0.0,1680.0,890.0,0.0,22460.0,22460.0,22460.0,0.0,1.0,0.0,1680.0,890.0,,,,,,,,,,,,,35168,22020,22020,35168,01034,01034,35168,22004,22004,35168,01034,01034
35219,20810.0,790.0,1,6990.0,54.29969704031695,5,6990.0,5,6990.0,5,1.0,1.0,1.0,6990.0,1.0,1.0,8.852235835227855,0.0,0.0,0.0,0.0,1,1,1,1,0.0,0.0,0.0,0.0,0.0,0.0,0.0,0.0,0.0,0.0,0.0,0.0,0.0,0.0,0.0,0.0,0.0,0.0,0.0,0.0,0.0,0.0,0.0,0.0,0.0,20800.0,20800.0,20800.0,1.0,1.0,0.0,10.0,770.0,0.0,20800.0,20800.0,20800.0,1.0,1.0,0.0,10.0,770.0,,,,,,,,,,,,,35219,22020,22020,35219,01034,01034,35219,22004,22004,35219,01034,01034
35223,22230.0,-630.0,0,10968.0,43.35863377609108,6,10968.0,6,9013.0,5,0.8217541940189642,0.8333333333333334,1.0,9013.0,0.8217541940189642,0.0,9.30273722124215,0.17824580598103573,0.0,0.0,0.0,1,1,2,2,0.17824580598103573,0.0,0.0,0.0,0.0,0.0,0.0,0.0,0.0,0.0,0.0,0.0,0.17824580598103573,0.0,0.0,0.0,0.0,0.0,0.0,0.0,0.0,0.0,0.0,0.0,0.0,22525.10849744712,21350.0,22780.0,0.17824580598103573,1.0,0.0,608.8211159737418,220.0,0.0,22780.0,22780.0,22780.0,0.0,1.0,0.0,550.0,1210.0,,,,,,,35223,22020,22020,35223,02810,02810,35223,22020,22020,35219,01034,01034,35223,22004,22004,35219,01034,01034
35239,21170.0,430.0,1,13254.0,56.07785064522953,9,13254.0,9,13254.0,9,1.0,1.0,1.0,13254.0,1.0,1.0,9.492054672648171,0.0,0.0,0.0,0.0,2,1,2,1,0.0,0.0,0.0,0.0,0.0,0.0,0.0,0.0,0.0,0.0,0.0,0.0,0.0,0.0,0.0,0.0,0.0,0.0,0.0,0.0,0.0,0.0,0.0,0.0,0.0,21878.31899803833,21840.0,21880.0,0.0,1.0,0.0,708.318998038328,270.0,0.0,21878.31899803833,21840.0,21880.0,0.0,1.0,0.0,708.318998038328,270.0,35239,35239,35239,35239,35239,35239,35125,22020,22020,35125,02810,02810,35125,22020,22020,35125,01034,01034,35125,22004,22004,35125,01034,01034
35257,20870.0,730.0,1,19599.0,58.74119586392927,13,19599.0,13,1556.0,2,0.07939180570437267,0.15384615384615385,1.0,1556.0,0.07939180570437267,1.0,9.88323382350886,0.9206081942956273,0.0,0.6653400683708353,0.0,1,1,3,2,0.9206081942956273,0.0,0.0,0.0,0.0,0.0,0.0,0.0,0.0,0.0,0.0,0.0,0.9206081942956273,0.0,0.0,0.0,0.0,0.0,0.6653400683708353,0.0,0.0,0.0,0.0,0.0,0.0,20969.24741058217,20960.0,21070.0,1.0,1.0,0.0,99.24741058217256,500.0,0.0,21040.0,21040.0,21040.0,1.0,1.0,0.0,170.0,530.0,,,,,,,35257,22020,22020,35085,02810,02810,35257,22020,22020,35085,01034,01034,35162,22004,22004,14174,01034,01034
35297,21090.0,510.0,1,10563.0,56.72627678427582,7,10563.0,7,8788.0,5,0.8319606172488876,0.7142857142857143,1.0,8788.0,0.8319606172488876,1.0,9.265112607823163,0.16803938275111238,0.0,0.0,0.0,1,1,2,2,0.16803938275111238,0.0,0.0,0.0,0.0,0.0,0.0,0.0,0.0,0.0,0.0,0.0,0.16803938275111238,0.0,0.0,0.0,0.0,0.0,0.0,0.0,0.0,0.0,0.0,0.0,0.0,21587.084161696486,20830.0,21740.0,0.16803938275111238,1.0,0.0,584.4646407270661,170.0,0.0,21740.0,21740.0,21740.0,0.0,1.0,0.0,650.0,170.0,,,,,,,22020,22020,22020,22020,02810,02810,22020,22020,22020,22020,01034,01034,22020,22004,22004,22020,01034,01034
37063,21800.0,-200.0,0,15719.0,45.87747716195313,18,15719.0,18,14570.0,15,0.9269037470577008,0.8333333333333334,1.0,14570.0,0.9269037470577008,0.0,9.662625450728237,0.07309625294229913,0.0,0.0,0.0,3,2,4,2,0.0,0.0,0.0,0.0,0.0,0.0,0.0,0.0,0.0,0.0,0.0,0.0,0.0,0.0,0.0,0.0,0.0,0.0,0.0,0.0,0.0,0.0,0.0,0.0,0.0,22006.9202875501,21890.0,22530.0,0.0,1.0,0.0,206.9202875500986,320.0,0.0,22016.140700068634,21980.0,22530.0,0.0,1.0,0.0,216.14070006863417,410.0,37063,37063,37063,37063,02810,02810,37063,17218,17218,37063,02810,02810,37063,17131,17131,37063,01034,01034,37063,02408,02408,37063,01034,01034
37072,21830.0,-230.0,0,15092.0,57.26644911588373,14,15092.0,14,9605.0,3,0.6364298966339783,0.21428571428571427,1.0,9605.0,0.6364298966339783,0.0,9.621920081084202,0.36357010336602175,0.0,0.0,0.0,1,1,3,2,0.1062152133580705,0.0,0.0,0.0,0.0,0.0,0.0,0.0,0.0,0.0,0.0,0.0,0.1062152133580705,0.0,0.0,0.0,0.0,0.0,0.0,0.0,0.0,0.0,0.0,0.0,0.0,21946.53657566923,19920.0,22130.0,0.1062152133580705,1.0,0.0,419.734296315929,560.0,0.0,22130.0,22130.0,22130.0,0.0,1.0,0.0,300.0,560.0,37072,37063,37063,37072,02810,02810,37072,17218,17218,16028,02810,02810,37072,17131,17131,16028,01034,01034,37072,02408,02408,16028,01034,01034
37115,20410.0,1190.0,1,7710.0,40.77207826546801,9,7710.0,9,1703.0,3,0.22088197146562905,0.3333333333333333,1.0,1703.0,0.22088197146562905,1.0,8.950273466557375,0.779118028534371,0.0,0.0,0.0,1,1,2,2,0.779118028534371,0.0,0.0,0.0,0.0,0.0,0.0,0.0,0.0,0.0,0.0,0.0,0.779118028534371,0.0,0.0,0.0,0.0,0.0,0.0,0.0,0.0,0.0,0.0,0.0,0.0,21148.955901426718,21110.0,21160.0,1.0,1.0,0.0,738.9559014267186,410.0,0.0,21110.0,21110.0,21110.0,1.0,1.0,0.0,700.0,460.0,,,,,,,,,,,,,,,,,,,37115,02408,02408,16028,01034,01034
37123,21750.0,-150.0,0,24814.0,46.68761406611601,21,24814.0,21,6365.0,6,0.2565084226646248,0.2857142857142857,1.0,6365.0,0.2565084226646248,0.0,10.119163289002817,0.7434915773353752,0.0,0.2513097444990731,0.0,2,1,3,1,0.7434915773353752,0.0,0.0,0.0,0.0,0.0,0.0,0.0,0.0,0.0,0.0,0.0,0.7434915773353752,0.0,0.0,0.0,0.0,0.0,0.2513097444990731,0.0,0.0,0.0,0.0,0.0,0.0,21914.351575723384,21480.0,23800.0,0.7434915773353752,0.8551221084871443,0.0,565.8370274844846,90.0,0.0,23173.322859387274,22360.0,23800.0,0.0,0.4351924587588374,0.0,1423.322859387274,790.0,37123,37063,37063,37123,02810,02810,37123,17218,17218,16028,02810,02810,37123,17131,17131,16028,01034,01034,37115,02408,02408,16028,01034,01034
37226,20950.0,650.0,1,15380.0,46.14184567382696,18,15380.0,18,1348.0,2,0.08764629388816644,0.1111111111111111,1.0,1348.0,0.08764629388816644,1.0,9.640823243059636,0.9123537061118335,0.0,0.0,0.0,2,2,4,2,0.9123537061118335,0.0,0.0,0.0,0.0,0.0,0.0,0.0,0.0,0.0,0.0,0.0,0.9123537061118335,0.0,0.0,0.0,0.0,0.0,0.0,0.0,0.0,0.0,0.0,0.0,0.0,20925.802340702212,20650.0,23800.0,0.9489596879063719,0.9489596879063719,0.0,407.70091027308194,410.0,0.0,22676.5059347181,21110.0,23800.0,0.4176557863501484,0.4176557863501484,0.0,1726.505934718101,460.0,,,,,,,37123,17218,17218,16028,02810,02810,37123,17131,17131,16028,01034,01034,37115,02408,02408,16028,01034,01034
38006,23840.0,-2240.0,0,8619.0,50.394667602175055,5,8619.0,5,4828.0,3,0.5601577909270217,0.6,1.0,4828.0,0.5601577909270217,0.0,9.061724347647399,0.0,0.0,0.43984220907297833,0.0,1,1,1,1,0.0,0.0,0.0,0.0,0.0,0.0,0.0,0.0,0.0,0.0,0.0,0.0,0.0,0.0,0.0,0.0,0.0,0.0,0.43984220907297833,0.0,0.0,0.0,0.0,0.0,0.0,27210.0,27210.0,27210.0,0.0,0.0,0.0,3370.0,5640.0,0.0,27210.0,27210.0,27210.0,0.0,0.0,0.0,3370.0,5640.0,,,,,,,,,,,,,,,,,,,,,,,,
38034,21330.0,270.0,1,23580.0,62.47019551740582,24,23580.0,24,20841.0,19,0.8838422391857507,0.7916666666666666,1.0,20841.0,0.8838422391857507,1.0,10.068154174091362,0.07285835453774385,0.0,0.04329940627650551,0.0,4,2,4,2,0.0,0.0,0.0,0.0,0.0,0.0,0.0,0.0,0.0,0.0,0.0,0.0,0.0,0.0,0.0,0.0,0.0,0.0,0.04329940627650551,0.0,0.0,0.0,0.0,0.0,0.0,22036.296861747243,21310.0,22600.0,0.3299406276505513,1.0,0.0,719.4944868532655,260.0,0.0,21994.54632695168,21310.0,22600.0,0.37330262463413466,1.0,0.0,679.4784319370472,260.0,26307,26307,26307,26307,26307,26307,26307,26307,26307,26307,26307,26307,26307,26176,26176,26307,26176,26176,26307,26176,26176,26307,26176,26176
38412,22960.0,-1360.0,0,15993.0,48.08189525584751,16,15993.0,16,14184.0,12,0.8868880135059088,0.75,1.0,14184.0,0.8868880135059088,0.0,9.67990640549087,0.11311198649409117,0.0,0.0,0.0,1,2,1,2,0.0,0.0,0.0,0.0,0.0,0.0,0.0,0.0,0.0,0.0,0.0,0.0,0.0,0.0,0.0,0.0,0.0,0.0,0.0,0.0,0.0,0.0,0.0,0.0,0.0,23060.0,23060.0,23060.0,0.0,0.0,0.0,100.0,1490.0,0.0,23060.0,23060.0,23060.0,0.0,0.0,0.0,100.0,1490.0,,,,,,,,,,,,,,,,,,,38412,26176,26176,38412,26176,26176
38545,25300.0,-3700.0,0,19260.0,58.62299872161686,17,19260.0,17,13997.0,5,0.7267393561786085,0.29411764705882354,1.0,13997.0,0.7267393561786085,0.0,9.865785685352117,0.2732606438213915,0.0,0.0,0.0,1,1,2,1,0.0,0.0,0.0,0.0,0.0,0.0,0.0,0.0,0.0,0.2732606438213915,0.0,0.0,0.2732606438213915,0.0,0.0,0.0,0.0,0.0,0.0,0.0,0.0,0.0,0.0,0.0,0.0,23236.915368639668,22750.0,23420.0,0.0,0.2732606438213915,0.0,2063.0846313603324,1180.0,0.0,23420.0,23420.0,23420.0,0.0,0.0,0.0,1880.0,1850.0,,,,,,,,,,,,,,,,,,,,,,,,
38548,24450.0,-2850.0,0,10941.0,39.61259956553221,6,10941.0,6,10713.0,5,0.9791609542089389,0.8333333333333334,1.0,10713.0,0.9791609542089389,0.0,9.30027247947679,0.020839045791061148,0.0,0.0,0.0,2,1,3,2,0.020839045791061148,0.0,0.0,0.0,0.0,0.0,0.0,0.0,0.0,0.020839045791061148,0.0,0.0,0.020839045791061148,0.0,0.0,0.0,0.0,0.0,0.0,0.0,0.0,0.0,0.0,0.0,0.0,25010.580385705147,21280.0,25170.0,0.020839045791061148,0.05109222191755781,0.0,805.846814733571,290.0,0.0,25089.97666386633,22580.0,25170.0,0.0,0.030897040978250724,0.0,755.5315971249884,1010.0,,,,,,,,,,,,,,,,,,,,,,,,
39013,22300.0,-700.0,0,5808.0,45.09666899604006,13,5808.0,13,5808.0,13,1.0,1.0,1.0,5808.0,1.0,0.0,8.666991556504632,0.0,0.0,0.0,0.0,1,1,1,1,0.0,0.0,0.0,0.0,0.0,0.0,0.0,0.0,0.0,0.0,0.0,0.0,0.0,0.0,0.0,0.0,0.0,0.0,0.0,0.0,0.0,0.0,0.0,0.0,0.0,22110.0,22110.0,22110.0,0.0,1.0,0.0,190.0,540.0,0.0,22110.0,22110.0,22110.0,0.0,1.0,0.0,190.0,540.0,,,,,,,39013,21038,21038,21038,01034,01034,39013,01034,01034,01305,01034,01034,25434,01034,01034,01305,01034,01034
39056,22080.0,-480.0,0,10325.0,46.15556548949486,26,10325.0,26,7800.0,13,0.7554479418886199,0.5,1.0,7800.0,0.7554479418886199,0.0,9.242323417829233,0.24455205811138014,0.0,0.0,0.0,1,1,3,2,0.020823244552058112,0.0,0.0,0.0,0.0,0.0,0.0,0.0,0.0,0.0,0.0,0.0,0.020823244552058112,0.0,0.0,0.0,0.0,0.0,0.0,0.0,0.0,0.0,0.0,0.0,0.0,22623.08377723971,20660.0,22660.0,0.020823244552058112,1.0,0.0,592.7612590799032,470.0,0.0,22660.0,22660.0,22660.0,0.0,1.0,0.0,580.0,1090.0,39056,21038,21038,21038,01034,01034,39013,21038,21038,21038,01034,01034,39013,01034,01034,01305,01034,01034,25434,01034,01034,01305,01034,01034
39097,22460.0,-860.0,0,18888.0,40.12576478585996,59,18888.0,59,15890.0,29,0.8412748835239305,0.4915254237288136,1.0,15890.0,0.8412748835239305,0.0,9.846282078765348,0.15872511647606946,0.0,0.0,0.0,1,1,2,1,0.0,0.0,0.0,0.0,0.0,0.0,0.0,0.0,0.0,0.0,0.0,0.0,0.0,0.0,0.0,0.0,0.0,0.0,0.0,0.0,0.0,0.0,0.0,0.0,0.0,22810.728504870818,22130.0,22830.0,0.0,0.027530707327403644,0.0,368.89877170690386,560.0,0.0,22830.0,22830.0,22830.0,0.0,0.0,0.0,370.0,1260.0,,,,,,,,,,,,,39013,01034,01034,01305,01034,01034,25434,01034,01034,01305,01034,01034
39128,21110.0,490.0,1,9985.0,43.3094773368033,24,9985.0,24,1555.0,3,0.1557336004006009,0.125,1.0,1555.0,0.1557336004006009,1.0,9.208839245849916,0.8442663995993991,0.0,0.0,0.0,1,1,3,1,0.800100150225338,0.0,0.0,0.0,0.0,0.0,0.0,0.0,0.0,0.0,0.0,0.0,0.800100150225338,0.0,0.0,0.0,0.0,0.0,0.0,0.0,0.0,0.0,0.0,0.0,0.0,21390.626940410617,21200.0,22660.0,0.800100150225338,1.0,0.0,280.62694041061593,370.0,0.0,22010.0,22010.0,22010.0,0.0,1.0,0.0,900.0,440.0,21038,21038,21038,21038,01034,01034,21038,21038,21038,21038,01034,01034,21038,01034,01034,01305,01034,01034,21038,01034,01034,01305,01034,01034
39154,22030.0,-430.0,0,4930.0,24.90653733454582,22,4930.0,22,52.0,1,0.010547667342799188,0.045454545454545456,1.0,52.0,0.010547667342799188,0.0,8.503094267036737,0.9894523326572008,0.0,0.0,0.0,1,1,1,1,0.0,0.0,0.0,0.0,0.0,0.0,0.0,0.0,0.0,0.0,0.0,0.0,0.0,0.0,0.0,0.0,0.0,0.0,0.0,0.0,0.0,0.0,0.0,0.0,0.0,22130.0,22130.0,22130.0,0.0,1.0,0.0,100.0,560.0,0.0,22130.0,22130.0,22130.0,0.0,1.0,0.0,100.0,560.0,39154,21038,21038,39154,01034,01034,39154,21038,21038,01305,01034,01034,39154,01034,01034,01305,01034,01034,39154,01034,01034,01305,01034,01034
39333,21840.0,-240.0,0,4334.0,46.1702354319804,8,4334.0,8,4334.0,8,1.0,1.0,1.0,4334.0,1.0,0.0,8.374246182096304,0.0,0.0,0.0,0.0,1,1,1,1,0.0,0.0,0.0,0.0,0.0,0.0,0.0,0.0,0.0,0.0,0.0,0.0,0.0,0.0,0.0,0.0,0.0,0.0,0.0,0.0,0.0,0.0,0.0,0.0,0.0,22130.0,22130.0,22130.0,0.0,1.0,0.0,290.0,560.0,0.0,22130.0,22130.0,22130.0,0.0,1.0,0.0,290.0,560.0,39154,21038,21038,39154,01034,01034,39154,21038,21038,01305,01034,01034,39154,01034,01034,01305,01034,01034,39154,01034,01034,01305,01034,01034
39368,25060.0,-3460.0,0,8272.0,63.896184149544254,4,8272.0,4,8016.0,3,0.9690522243713733,0.75,1.0,8016.0,0.9690522243713733,0.0,9.02063159674821,0.030947775628626693,0.0,0.0,0.0,1,1,2,2,0.0,0.0,0.0,0.0,0.0,0.0,0.0,0.0,0.0,0.0,0.0,0.0,0.0,0.0,0.0,0.0,0.0,0.0,0.0,0.0,0.0,0.0,0.0,0.0,0.0,25553.056092843326,25290.0,33790.0,0.0,0.0,0.0,493.0560928433269,3720.0,0.0,25290.0,25290.0,25290.0,0.0,0.0,0.0,230.0,3720.0,,,,,,,,,,,,,,,,,,,,,,,,
39397,22560.0,-960.0,0,4036.0,21.570199347977123,20,4036.0,20,71.0,1,0.01759167492566898,0.05,1.0,71.0,0.01759167492566898,0.0,8.3030093814735,0.9824083250743311,0.0,0.0,0.0,1,1,1,1,0.0,0.0,0.0,0.0,0.0,0.0,0.0,0.0,0.0,0.0,0.0,0.0,0.0,0.0,0.0,0.0,0.0,0.0,0.0,0.0,0.0,0.0,0.0,0.0,0.0,22130.0,22130.0,22130.0,0.0,1.0,0.0,430.0,560.0,0.0,22130.0,22130.0,22130.0,0.0,1.0,0.0,430.0,560.0,,,,,,,,,,,,,39154,01034,01034,01305,01034,01034,39154,01034,01034,01305,01034,01034
39434,22280.0,-680.0,0,11603.0,35.832741422439085,38,11603.0,38,5883.0,27,0.5070240455054728,0.7105263157894737,1.0,5883.0,0.5070240455054728,0.0,9.359018964347545,0.1408256485391709,0.006291476342325261,0.3458588296130311,0.006291476342325261,2,1,2,1,0.0,0.0,0.0,0.0,0.0,0.0,0.0,0.0,0.0,0.0,0.0,0.0,0.0,0.0,0.0,0.0,0.0,0.0,0.3458588296130311,0.006291476342325261,0.0,0.0,0.006291476342325261,0.0,0.0,22212.95613203482,22110.0,22660.0,0.0,1.0,0.0,209.31052314056708,540.0,0.0,22194.888662247155,22110.0,22660.0,0.0,1.0,0.0,202.4120346761856,540.0,,,,,,,39013,21038,21038,21038,01034,01034,39013,01034,01034,01305,01034,01034,25434,01034,01034,01305,01034,01034
39475,21580.0,20.0,1,19701.0,38.43047752808989,41,19701.0,41,4176.0,8,0.21196893558702604,0.1951219512195122,1.0,4176.0,0.21196893558702604,1.0,9.888424674859083,0.788031064412974,0.0,0.10674585046444343,0.0,1,1,4,3,0.6528602609004619,0.0,0.0,0.0,0.0,0.0,0.0,0.0,0.0,0.0,0.0,0.0,0.6528602609004619,0.0,0.0,0.0,0.0,0.0,0.10674585046444343,0.0,0.0,0.0,0.0,0.0,0.0,21683.374447997565,21090.0,22730.0,0.6528602609004619,1.0,0.0,575.6012385158114,250.0,0.0,22730.0,22730.0,22730.0,0.0,1.0,0.0,1150.0,1160.0,39475,01034,01034,39154,01034,01034,39475,01034,01034,01305,01034,01034,39475,01034,01034,01305,01034,01034,39475,01034,01034,01305,01034,01034
39478,22230.0,-630.0,0,22549.0,47.81179763368814,26,22549.0,26,3215.0,6,0.14257838485076943,0.23076923076923078,1.0,14162.0,0.6280544591777906,0.0,10.023445998049512,0.12191227992372167,0.0,0.3205020178278416,0.0,3,1,5,1,0.0,0.0,0.0,0.0,0.0,0.0,0.0,0.0,0.0,0.8224311499401303,0.0,0.7729840418020054,0.8224311499401303,0.0,0.7729840418020054,0.0,0.0,0.0,0.3205020178278416,0.0,0.0,0.0,0.0,0.0,0.0,22610.723757151092,21920.0,35040.0,0.0,0.8859816399840348,0.0,903.3411681227549,350.0,0.0,25846.678071539656,22130.0,35040.0,0.0,0.4457231726283048,0.0,3705.822706065319,560.0,,,,,,,39154,21038,21038,01305,01034,01034,39154,01034,01034,01305,01034,01034,39154,01034,01034,01305,01034,01034
39500,21820.0,-220.0,0,14557.0,31.81093070518564,52,14557.0,52,4084.0,13,0.28055231160266536,0.25,1.0,4084.0,0.28055231160266536,0.0,9.585827256564661,0.7016555608985368,0.0011678230404616335,0.016624304458336195,0.0011678230404616335,3,2,5,2,0.0,0.0,0.0,0.0,0.0,0.0,0.0,0.0,0.0,0.0,0.0,0.0,0.0,0.0,0.0,0.0,0.0,0.0,0.016624304458336195,0.0011678230404616335,0.0,0.0,0.0011678230404616335,0.0,0.0,22369.51844473449,22010.0,24190.0,0.0,0.6976025279934053,0.0,549.518444734492,440.0,0.0,22958.61655239961,22110.0,23040.0,0.0,0.05239960822722821,0.0,1138.6165523996083,540.0,39500,21038,21038,39500,01034,01034,39013,21038,21038,21038,01034,01034,39013,01034,01034,01305,01034,01034,25434,01034,01034,01305,01034,01034
40184,21860.0,-260.0,0,17860.0,26.56157049375372,11,17860.0,11,831.0,1,0.04652855543113102,0.09090909090909091,1.0,831.0,0.04652855543113102,0.0,9.79031885443049,0.953471444568869,0.0,0.0,0.0,1,1,3,1,0.0,0.0,0.0,0.0,0.0,0.0,0.0,0.0,0.0,0.0,0.0,0.0,0.0,0.0,0.0,0.0,0.0,0.0,0.0,0.0,0.0,0.0,0.0,0.0,0.0,21975.632698768197,21640.0,23070.0,0.0,0.9249720044792833,0.0,426.93393057110865,70.0,0.0,21640.0,21640.0,21640.0,0.0,1.0,0.0,220.0,70.0,40184,40184,40184,40184,40184,40184,40184,40184,40184,40184,40184,40184,40184,40184,40184,40184,40184,40184,40184,40184,40184,40184,19153,19153
40224,21700.0,-100.0,0,21131.0,56.68034655722754,22,21131.0,22,1201.0,1,0.05683592825706308,0.045454545454545456,1.0,1201.0,0.05683592825706308,0.0,9.958496435566927,0.9431640717429369,0.0,0.0,0.0,1,1,4,2,0.6545833136150679,0.0,0.0,0.0,0.0,0.0,0.0,0.0,0.0,0.0,0.0,0.0,0.6545833136150679,0.0,0.0,0.0,0.0,0.0,0.0,0.0,0.0,0.0,0.0,0.0,0.0,21894.41909990062,21010.0,23070.0,0.6545833136150679,0.9431640717429369,0.0,440.3554020159955,40.0,0.0,23070.0,23070.0,23070.0,0.0,0.0,0.0,1370.0,1500.0,40224,40184,40184,40224,40184,40184,40224,40184,40184,40224,40184,40184,40224,40184,40184,40224,40184,40184,40224,40184,40184,40184,19153,19153
40310,22630.0,-1030.0,0,19206.0,46.34428840306935,9,19206.0,9,15520.0,6,0.8080808080808081,0.6666666666666666,1.0,15520.0,0.8080808080808081,0.0,9.862978009197919,0.1919191919191919,0.0,0.0,0.0,1,1,2,1,0.0,0.0,0.0,0.0,0.0,0.0,0.0,0.0,0.0,0.0,0.0,0.0,0.0,0.0,0.0,0.0,0.0,0.0,0.0,0.0,0.0,0.0,0.0,0.0,0.0,22997.070707070707,22690.0,23070.0,0.0,0.1919191919191919,0.0,367.07070707070704,1120.0,0.0,23070.0,23070.0,23070.0,0.0,0.0,0.0,440.0,1500.0,,,,,,,,,,,,,,,,,,,40224,40184,40184,40184,19153,19153
41106,22040.0,-440.0,0,13059.0,23.61995369700477,9,13059.0,9,702.0,1,0.053756030323914544,0.1111111111111111,1.0,702.0,0.053756030323914544,0.0,9.477232830220407,0.9462439696760855,0.0,0.0,0.0,1,1,4,2,0.05658932536947699,0.0,0.0,0.0,0.0,0.0,0.0,0.0,0.0,0.0,0.0,0.0,0.05658932536947699,0.0,0.0,0.0,0.0,0.0,0.0,0.0,0.0,0.0,0.0,0.0,0.0,22255.024887051077,21420.0,24970.0,0.05658932536947699,0.9462439696760855,0.0,355.73550807871965,80.0,0.0,24970.0,24970.0,24970.0,0.0,0.0,0.0,2930.0,3400.0,41106,41106,41106,41106,02810,02810,41106,28199,28199,41106,02810,02810,41106,02810,02810,41106,01034,01034,41106,02408,02408,18087,01034,01034
41149,21600.0,0.0,1,10052.0,31.500109680047636,20,10052.0,20,553.0,1,0.05501392757660167,0.05,1.0,553.0,0.05501392757660167,1.0,9.215526898663482,0.9449860724233984,0.0,0.0,0.0,1,1,2,2,0.0,0.0,0.0,0.0,0.0,0.0,0.0,0.0,0.0,0.0,0.0,0.0,0.0,0.0,0.0,0.0,0.0,0.0,0.0,0.0,0.0,0.0,0.0,0.0,0.0,21894.951253481893,21890.0,21980.0,0.0,1.0,0.0,294.9512534818941,320.0,0.0,21980.0,21980.0,21980.0,0.0,1.0,0.0,380.0,410.0,37063,37063,37063,37063,02810,02810,37063,17218,17218,37063,02810,02810,37063,17131,17131,37063,01034,01034,37063,02408,02408,37063,01034,01034
41151,21810.0,-210.0,0,16417.0,52.31676226896112,14,16417.0,14,1754.0,4,0.106840470244259,0.2857142857142857,1.0,1754.0,0.106840470244259,0.0,9.706072662294519,0.893159529755741,0.0,0.0,0.0,1,1,2,2,0.893159529755741,0.0,0.0,0.0,0.0,0.0,0.0,0.0,0.0,0.0,0.0,0.0,0.893159529755741,0.0,0.0,0.0,0.0,0.0,0.0,0.0,0.0,0.0,0.0,0.0,0.0,21584.44965584455,21390.0,23210.0,0.893159529755741,0.893159529755741,0.0,524.7036608393738,180.0,0.0,23210.0,23210.0,23210.0,0.0,0.0,0.0,1400.0,1640.0,41151,37063,37063,41106,02810,02810,41151,17218,17218,41106,02810,02810,41151,17131,17131,41106,01034,01034,41151,02408,02408,18087,01034,01034
41167,22240.0,-640.0,0,6254.0,58.08488901272406,5,6254.0,5,2853.0,4,0.45618803965462107,0.8,1.0,2853.0,0.45618803965462107,0.0,8.740976538017787,0.0,0.0,0.5438119603453789,0.0,1,1,1,1,0.0,0.0,0.0,0.0,0.0,0.0,0.0,0.0,0.0,0.0,0.0,0.0,0.0,0.0,0.0,0.0,0.0,0.0,0.5438119603453789,0.0,0.0,0.0,0.0,0.0,0.0,22310.0,22310.0,22310.0,0.0,1.0,0.0,70.0,740.0,0.0,22310.0,22310.0,22310.0,0.0,1.0,0.0,70.0,740.0,,,,,,,37063,17218,17218,37063,02810,02810,37063,17131,17131,37063,01034,01034,37063,02408,02408,37063,01034,01034
41173,22390.0,-790.0,0,7818.0,24.89650340742628,8,7818.0,8,544.0,1,0.06958301355845485,0.125,1.0,544.0,0.06958301355845485,0.0,8.9641840463529,0.9304169864415451,0.0,0.0,0.0,1,1,2,2,0.0,0.0,0.0,0.0,0.0,0.0,0.0,0.0,0.0,0.0,0.0,0.0,0.0,0.0,0.0,0.0,0.0,0.0,0.0,0.0,0.0,0.0,0.0,0.0,0.0,23583.67613200307,22150.0,23670.0,0.0,0.056792018419033,0.0,1220.9363008442058,580.0,0.0,23670.0,23670.0,23670.0,0.0,0.0,0.0,1280.0,2100.0,,,,,,,,,,,,,41173,02810,02810,37063,01034,01034,41173,02408,02408,37063,01034,01034
41194,21230.0,370.0,1,36416.0,50.063238933186696,22,36416.0,22,27989.0,9,0.7685907293497364,0.4090909090909091,1.0,27989.0,0.7685907293497364,1.0,10.502763517486002,0.23140927065026362,0.0,0.0,0.0,1,1,4,2,0.018233743409490334,0.0,0.0,0.0,0.0,0.0,0.011588312829525483,0.0,0.0,0.0,0.0,0.0,0.018233743409490334,0.0,0.0,0.0,0.0,0.0,0.0,0.0,0.0,0.0,0.0,0.0,0.0,21194.983798330406,20500.0,21650.0,0.8809039982425307,1.0,0.0,137.1833809314587,80.0,0.0,21140.0,21140.0,21140.0,1.0,1.0,0.0,90.0,430.0,41194,37063,37063,41106,02810,02810,41194,17218,17218,41106,02810,02810,41194,17131,17131,41106,01034,01034,18087,02408,02408,18087,01034,01034
41242,20580.0,1020.0,1,16228.0,44.01768519271978,16,16228.0,16,1056.0,1,0.06507271382795168,0.0625,1.0,1056.0,0.06507271382795168,1.0,9.694493424326337,0.9349272861720483,0.0,0.0,0.0,1,1,4,2,0.9349272861720483,0.0,0.0,0.0,0.0,0.0,0.3725659354202613,0.0,0.0,0.0,0.0,0.0,0.9349272861720483,0.0,0.0,0.0,0.0,0.0,0.0,0.0,0.0,0.0,0.0,0.0,0.0,20988.290608824253,20000.0,21390.0,1.0,1.0,0.0,575.6162188809465,180.0,0.0,21140.0,21140.0,21140.0,1.0,1.0,0.0,560.0,430.0,,,,,,,,,,,,,,,,,,,18087,02408,02408,18087,01034,01034
41269,21910.0,-310.0,0,48200.0,49.04504614507972,62,48200.0,62,31074.0,18,0.6446887966804979,0.2903225806451613,1.0,31074.0,0.6446887966804979,0.0,10.783114300038692,0.35531120331950206,0.0,0.03531120331950208,0.0,2,1,3,1,0.13151452282157677,0.0,0.0,0.0,0.0,0.0,0.0,0.0,0.0,0.0,0.0,0.0,0.13151452282157677,0.0,0.0,0.0,0.0,0.0,0.03531120331950208,0.0,0.0,0.0,0.0,0.0,0.0,21846.626348547717,21360.0,22150.0,0.13151452282157677,1.0,0.0,111.98112033195021,210.0,0.0,21895.59760571539,21890.0,22150.0,0.0,1.0,0.0,24.736435605329213,320.0,41269,37063,37063,37063,02810,02810,41269,17218,17218,37063,02810,02810,41269,17131,17131,37063,01034,01034,41173,02408,02408,37063,01034,01034
42011,21340.0,260.0,1,14892.0,60.66481994459834,18,14892.0,18,11110.0,14,0.7460381412839108,0.7777777777777778,1.0,11110.0,0.7460381412839108,1.0,9.608579434992608,0.2539618587160892,0.0,0.0,0.0,2,1,4,1,0.2539618587160892,0.0,0.0,0.0,0.0,0.0,0.0,0.0,0.0,0.0,0.0,0.0,0.2539618587160892,0.0,0.0,0.0,0.0,0.0,0.0,0.0,0.0,0.0,0.0,0.0,0.0,22247.70145044319,20710.0,22580.0,0.2539618587160892,1.0,0.0,944.7602739726027,130.0,0.0,22551.433843384337,22550.0,22580.0,0.0,1.0,0.0,1211.4338433843384,980.0,42011,42011,42011,42011,01034,01034,42011,42011,42011,01305,01034,01034,42011,42011,42011,01305,01034,01034,42011,42011,42011,01305,01034,01034
42019,20920.0,680.0,1,13967.0,48.64855451062347,19,13967.0,19,10873.0,10,0.7784778406243288,0.5263157894736842,1.0,10873.0,0.7784778406243288,1.0,9.54445268330577,0.18407675234481277,0.02598983317820577,0.011455573852652681,0.02598983317820577,1,1,1,1,0.0,0.0,0.0,0.0,0.0,0.0,0.0,0.0,0.0,0.0,0.0,0.0,0.0,0.0,0.0,0.0,0.0,0.0,0.011455573852652681,0.02598983317820577,0.0,0.0,0.02598983317820577,0.0,0.0,22580.0,22580.0,22580.0,0.0,1.0,0.0,1660.0,1010.0,0.0,22580.0,22580.0,22580.0,0.0,1.0,0.0,1660.0,1010.0,,,,,,,42011,42011,42011,01305,01034,01034,42011,42011,42011,01305,01034,01034,42011,42011,42011,01305,01034,01034
42023,21190.0,410.0,1,6527.0,44.458824330767655,8,6527.0,8,6527.0,8,1.0,1.0,1.0,6527.0,1.0,1.0,8.783702698635217,0.0,0.0,0.0,0.0,1,1,1,1,0.0,0.0,0.0,0.0,0.0,0.0,0.0,0.0,0.0,0.0,0.0,0.0,0.0,0.0,0.0,0.0,0.0,0.0,0.0,0.0,0.0,0.0,0.0,0.0,0.0,23060.0,23060.0,23060.0,0.0,0.0,0.0,1870.0,1490.0,0.0,23060.0,23060.0,23060.0,0.0,0.0,0.0,1870.0,1490.0,42023,42011,42011,42023,01034,01034,42023,42011,42011,42023,01034,01034,42023,42011,42011,42023,01034,01034,42023,42011,42011,42023,01034,01034
42182,22300.0,-700.0,0,20768.0,41.50196838592354,25,20768.0,25,15617.0,13,0.7519741910631741,0.52,1.0,15617.0,0.7519741910631741,0.0,9.941168619503816,0.24802580893682588,0.0,0.0,0.0,1,1,4,3,0.03452426810477658,0.0,0.0,0.0,0.0,0.0,0.0,0.0,0.0,0.0,0.0,0.0,0.03452426810477658,0.0,0.0,0.0,0.0,0.0,0.0,0.0,0.0,0.0,0.0,0.0,0.0,21231.297669491527,19990.0,21260.0,1.0,1.0,0.0,1068.7023305084747,310.0,0.0,21260.0,21260.0,21260.0,1.0,1.0,0.0,1040.0,310.0,,,,,,,42182,42011,42011,03118,01034,01034,42182,42011,42011,03118,01034,01034,42182,42011,42011,01305,01034,01034
42204,21690.0,-90.0,0,6712.0,50.69486404833837,11,6712.0,11,6712.0,11,1.0,1.0,1.0,6712.0,1.0,0.0,8.811652248147043,0.0,0.0,0.0,0.0,2,1,2,1,0.0,0.0,0.0,0.0,0.0,0.0,0.0,0.0,0.0,0.0,0.0,0.0,0.0,0.0,0.0,0.0,0.0,0.0,0.0,0.0,0.0,0.0,0.0,0.0,0.0,22252.359952324194,20620.0,22580.0,0.16716328963051252,1.0,0.0,920.0893921334922,950.0,0.0,22252.359952324194,20620.0,22580.0,0.16716328963051252,1.0,0.0,920.0893921334922,950.0,42011,42011,42011,42011,01034,01034,42011,42011,42011,01305,01034,01034,42011,42011,42011,01305,01034,01034,42011,42011,42011,01305,01034,01034
42230,20520.0,1080.0,1,6881.0,29.302048290252525,14,6881.0,14,924.0,3,0.1342828077314344,0.21428571428571427,1.0,924.0,0.1342828077314344,1.0,8.83651926920248,0.8657171922685656,0.0,0.11669815433803227,0.0,1,1,3,1,0.8657171922685656,0.0,0.0,0.0,0.0,0.0,0.0,0.0,0.0,0.1325388751634937,0.0,0.0,0.8657171922685656,0.0,0.0,0.0,0.0,0.0,0.11669815433803227,0.0,0.0,0.0,0.0,0.0,0.0,20873.633192849877,20050.0,22580.0,0.8657171922685656,1.0,0.0,478.2197355035605,860.0,0.0,22580.0,22580.0,22580.0,0.0,1.0,0.0,2060.0,1010.0,,,,,,,,,,,,,,,,,,,42011,42011,42011,01305,01034,01034
43080,20310.0,1290.0,1,12364.0,19.451261720470708,31,12364.0,31,4028.0,6,0.32578453574894856,0.1935483870967742,1.0,4028.0,0.32578453574894856,1.0,9.422544303252007,0.6742154642510514,0.0,0.0,0.0,2,2,5,3,0.6742154642510514,0.0,0.0,0.0,0.0,0.0,0.0,0.0,0.0,0.6742154642510514,0.0,0.0,0.6742154642510514,0.0,0.0,0.0,0.0,0.0,0.0,0.0,0.0,0.0,0.0,0.0,0.0,21689.5778065351,19750.0,22580.0,0.6742154642510514,1.0,0.0,1393.5279844710449,120.0,0.0,22552.904667328698,22520.0,22580.0,0.0,1.0,0.0,2242.904667328699,950.0,,,,,,,,,,,,,,,,,,,42011,42011,42011,01305,01034,01034
43162,20530.0,1070.0,1,4608.0,41.168587510050926,5,4608.0,5,646.0,2,0.1401909722222222,0.4,1.0,646.0,0.1401909722222222,1.0,8.435549202375727,0.8598090277777778,0.0,0.0,0.0,1,1,3,1,0.21180555555555555,0.0,0.0,0.0,0.0,0.0,0.0,0.0,0.0,0.21180555555555555,0.0,0.0,0.21180555555555555,0.0,0.0,0.0,0.0,0.0,0.0,0.0,0.0,0.0,0.0,0.0,0.0,21716.644965277777,21450.0,22520.0,0.21180555555555555,1.0,0.0,1186.6449652777778,60.0,0.0,22520.0,22520.0,22520.0,0.0,1.0,0.0,1990.0,950.0,,,,,,,,,,,,,,,,,,,42011,42011,42011,01305,01034,01034
44067,20170.0,1430.0,1,13644.0,45.772946859903385,5,13644.0,5,13644.0,5,1.0,1.0,1.0,13644.0,1.0,1.0,9.521055143538536,0.0,0.0,0.0,0.0,1,2,1,2,0.0,0.0,0.0,0.0,0.0,0.0,0.0,0.0,0.0,0.0,0.0,0.0,0.0,0.0,0.0,0.0,0.0,0.0,0.0,0.0,0.0,0.0,0.0,0.0,0.0,20800.0,20800.0,20800.0,1.0,1.0,0.0,630.0,770.0,0.0,20800.0,20800.0,20800.0,1.0,1.0,0.0,630.0,770.0,,,,,,,,,,,,,,,,,,,35219,22004,22004,35219,01034,01034
44180,20510.0,1090.0,1,8040.0,32.36584678555614,3,8040.0,3,751.0,1,0.09340796019900498,0.3333333333333333,1.0,751.0,0.09340796019900498,1.0,8.992184362173012,0.906592039800995,0.0,0.806592039800995,0.0,1,1,2,1,0.1,0.0,0.0,0.0,0.0,0.0,0.0,0.0,0.0,0.0,0.0,0.0,0.1,0.0,0.0,0.0,0.0,0.0,0.806592039800995,0.0,0.0,0.0,0.0,0.0,0.0,21995.0,20330.0,22180.0,0.1,1.0,0.0,1521.0,610.0,0.0,22180.0,22180.0,22180.0,0.0,1.0,0.0,1670.0,610.0,,,,,,,,,,,,,,,,,,,44180,22004,22004,44180,01034,01034
44213,20900.0,700.0,1,7533.0,63.68785931687521,1,7533.0,1,7533.0,1,1.0,1.0,1.0,7533.0,1.0,1.0,8.927048647825695,0.0,0.0,0.0,0.0,1,1,1,1,0.0,0.0,0.0,0.0,0.0,0.0,0.0,0.0,0.0,0.0,0.0,0.0,0.0,0.0,0.0,0.0,0.0,0.0,0.0,0.0,0.0,0.0,0.0,0.0,0.0,22180.0,22180.0,22180.0,0.0,1.0,0.0,1280.0,610.0,0.0,22180.0,22180.0,22180.0,0.0,1.0,0.0,1280.0,610.0,,,,,,,44213,44213,44213,44213,44213,44213,44213,44213,44213,44213,44213,44213,44180,22004,22004,44180,01034,01034
45028,22760.0,-1160.0,0,22818.0,65.39045708554234,14,22818.0,14,20003.0,9,0.8766324831273556,0.6428571428571429,1.0,20003.0,0.8766324831273556,0.0,10.035304977156315,0.1233675168726444,0.0,0.0,0.0,3,2,3,2,0.0,0.0,0.0,0.0,0.0,0.0,0.0,0.0,0.0,0.0,0.0,0.0,0.0,0.0,0.0,0.0,0.0,0.0,0.0,0.0,0.0,0.0,0.0,0.0,0.0,23636.680252432292,22150.0,23940.0,0.0,0.07112805679726532,0.0,963.456481724954,580.0,0.0,23713.995900614907,22150.0,23940.0,0.0,0.01409788531720242,0.0,971.1953207018947,580.0,,,,,,,,,,,,,,,,,,,41173,02408,02408,37063,01034,01034
45030,21310.0,290.0,1,11658.0,43.45136041744316,18,11658.0,18,11658.0,18,1.0,1.0,1.0,11658.0,1.0,1.0,9.363747918605496,0.0,0.0,0.0,0.0,3,1,3,1,0.0,0.0,0.0,0.0,0.0,0.0,0.0,0.0,0.0,0.0,0.0,0.0,0.0,0.0,0.0,0.0,0.0,0.0,0.0,0.0,0.0,0.0,0.0,0.0,0.0,21843.983530622747,21670.0,22140.0,0.0,1.0,0.0,533.9835306227483,100.0,0.0,21843.983530622747,21670.0,22140.0,0.0,1.0,0.0,533.9835306227483,100.0,45030,41106,41106,18109,02810,02810,45030,28199,28199,18109,02810,02810,45030,02810,02810,18109,01034,01034,45030,02408,02408,18087,01034,01034
45031,21950.0,-350.0,0,6804.0,41.70906638876969,12,6804.0,12,6368.0,11,0.9359200470311582,0.9166666666666666,1.0,6368.0,0.9359200470311582,0.0,8.825265953515752,0.06407995296884186,0.0,0.0,0.0,1,1,1,1,0.0,0.0,0.0,0.0,0.0,0.0,0.0,0.0,0.0,0.0,0.0,0.0,0.0,0.0,0.0,0.0,0.0,0.0,0.0,0.0,0.0,0.0,0.0,0.0,0.0,21670.0,21670.0,21670.0,0.0,1.0,0.0,280.0,100.0,0.0,21670.0,21670.0,21670.0,0.0,1.0,0.0,280.0,100.0,45030,41106,41106,18109,02810,02810,45030,28199,28199,18109,02810,02810,45030,02810,02810,18109,01034,01034,45030,02408,02408,18087,01034,01034
45053,21200.0,400.0,1,16163.0,38.16258588529738,15,16163.0,15,413.0,1,0.025552187093980078,0.06666666666666667,1.0,413.0,0.025552187093980078,1.0,9.690479958409808,0.9744478129060199,0.0,0.0,0.0,1,1,2,2,0.9744478129060199,0.0,0.0,0.0,0.0,0.0,0.0,0.0,0.0,0.0,0.0,0.0,0.9744478129060199,0.0,0.0,0.0,0.0,0.0,0.0,0.0,0.0,0.0,0.0,0.0,0.0,21338.618449545258,21310.0,22430.0,0.9744478129060199,1.0,0.0,138.61844954525768,260.0,0.0,22430.0,22430.0,22430.0,0.0,1.0,0.0,1230.0,860.0,45053,18087,18087,18109,02810,02810,45053,18087,18087,18109,02810,02810,45053,18087,18087,18109,01034,01034,45053,02408,02408,18087,01034,01034
45082,23450.0,-1850.0,0,21207.0,55.43444165621079,14,21207.0,14,21207.0,14,1.0,1.0,1.0,21207.0,1.0,0.0,9.962086594839064,0.0,0.0,0.0,0.0,2,1,2,1,0.0,0.0,0.0,0.0,0.0,0.0,0.0,0.0,0.0,0.0,0.0,0.0,0.0,0.0,0.0,0.0,0.0,0.0,0.0,0.0,0.0,0.0,0.0,0.0,0.0,23909.231857405575,22470.0,24180.0,0.0,0.15834394303767624,0.0,769.585985759419,900.0,0.0,23909.231857405575,22470.0,24180.0,0.0,0.15834394303767624,0.0,769.585985759419,900.0,,,,,,,,,,,,,,,,,,,,,,,,
45085,21480.0,120.0,1,12340.0,28.69967672163174,18,12340.0,18,11003.0,13,0.8916531604538087,0.7222222222222222,1.0,11003.0,0.8916531604538087,1.0,9.42060129745938,0.10834683954619125,0.0,0.0,0.0,3,1,5,2,0.07301458670988654,0.0,0.0,0.0,0.0,0.0,0.0,0.0,0.0,0.0,0.0,0.0,0.07301458670988654,0.0,0.0,0.0,0.0,0.0,0.0,0.0,0.0,0.0,0.0,0.0,0.0,21524.766612641815,20130.0,21670.0,0.22309562398703403,1.0,0.0,250.45705024311184,100.0,0.0,21563.470871580477,20130.0,21670.0,0.16831773152776516,1.0,0.0,232.5683904389712,100.0,45030,41106,41106,18109,02810,02810,45030,28199,28199,18109,02810,02810,45030,02810,02810,18109,01034,01034,45030,02408,02408,18087,01034,01034
45115,21410.0,190.0,1,11502.0,39.7017707362535,15,11502.0,15,2499.0,5,0.21726656233698488,0.3333333333333333,1.0,11502.0,1.0,1.0,9.3502762122737,0.0,0.0,0.0,0.0,2,2,3,2,0.7827334376630152,0.0,0.7827334376630152,0.0,0.0,0.0,0.0,0.0,0.0,0.0,0.0,0.0,0.7827334376630152,0.0,0.7827334376630152,0.0,0.0,0.0,0.0,0.0,0.0,0.0,0.0,0.0,0.0,21723.886280646842,21520.0,22520.0,0.7827334376630152,1.0,0.0,313.886280646844,50.0,0.0,22458.41536614646,22140.0,22520.0,0.0,1.0,0.0,1048.4153661464586,570.0,45030,41106,41106,18109,02810,02810,45030,28199,28199,18109,02810,02810,45030,02810,02810,18109,01034,01034,45030,02408,02408,18087,01034,01034
45145,22410.0,-810.0,0,9345.0,65.60657118786858,7,9345.0,7,8007.0,5,0.8568218298555377,0.7142857142857143,1.0,8255.0,0.8833600856072766,0.0,9.142596719889664,0.0,0.0,0.11663991439272338,0.0,1,1,2,1,0.14317817014446227,0.0,0.030042398546335555,0.0,0.0,0.0,0.0,0.0,0.0,0.0,0.0,0.0,0.14317817014446227,0.0,0.030042398546335555,0.0,0.0,0.0,0.11663991439272338,0.0,0.0,0.0,0.0,0.0,0.0,22051.229534510432,21520.0,22140.0,0.14317817014446227,1.0,0.0,358.7704654895666,50.0,0.0,22140.0,22140.0,22140.0,0.0,1.0,0.0,270.0,570.0,,,,,,,,,,,,,45030,02810,02810,18109,01034,01034,45030,02408,02408,18087,01034,01034
45146,24530.0,-2930.0,0,14926.0,37.79595350839431,7,14926.0,7,13659.0,5,0.9151145651882621,0.7142857142857143,1.0,13659.0,0.9151145651882621,0.0,9.610859937691332,0.08488543481173791,0.0,0.0,0.0,1,1,2,2,0.0,0.0,0.0,0.0,0.0,0.0,0.0,0.0,0.0,0.0,0.0,0.0,0.0,0.0,0.0,0.0,0.0,0.0,0.0,0.0,0.0,0.0,0.0,0.0,0.0,24688.18035642503,21650.0,24970.0,0.0,0.08488543481173791,0.0,647.1204609406404,80.0,0.0,24970.0,24970.0,24970.0,0.0,0.0,0.0,440.0,3400.0,,,,,,,,,,,,,,,,,,,,,,,,
45155,21240.0,360.0,1,24615.0,62.39701893584121,10,24615.0,10,22905.0,8,0.9305301645338209,0.8,1.0,22905.0,0.9305301645338209,1.0,10.111111292192302,0.06946983546617916,0.0,0.0,0.0,2,1,3,1,0.06946983546617916,0.0,0.0,0.0,0.0,0.0,0.0,0.0,0.0,0.0,0.0,0.0,0.06946983546617916,0.0,0.0,0.0,0.0,0.0,0.0,0.0,0.0,0.0,0.0,0.0,0.0,21367.742027219174,21310.0,22470.0,0.9816778387162299,1.0,0.0,127.7420272191753,220.0,0.0,21372.05282689369,21350.0,22470.0,0.9803099759877756,1.0,0.0,132.05282689369133,220.0,45030,41106,41106,18109,02810,02810,45030,28199,28199,18109,02810,02810,45030,02810,02810,18109,01034,01034,45030,02408,02408,18087,01034,01034
45187,21990.0,-390.0,0,9359.0,33.724910814024724,13,9359.0,13,194.0,2,0.02072871033230046,0.15384615384615385,1.0,194.0,0.02072871033230046,0.0,9.144093726157257,0.9792712896676995,0.0,0.0,0.0,1,1,2,1,0.0,0.0,0.0,0.0,0.0,0.0,0.0,0.0,0.0,0.0,0.0,0.0,0.0,0.0,0.0,0.0,0.0,0.0,0.0,0.0,0.0,0.0,0.0,0.0,0.0,21663.366812693665,21350.0,21670.0,0.02072871033230046,1.0,0.0,326.63318730633614,100.0,0.0,21350.0,21350.0,21350.0,1.0,1.0,0.0,640.0,220.0,45030,41106,41106,18109,02810,02810,45030,28199,28199,18109,02810,02810,45030,02810,02810,18109,01034,01034,45030,02408,02408,18087,01034,01034
45224,24260.0,-2660.0,0,21074.0,62.2662136209189,16,21074.0,16,19154.0,12,0.9088924741387492,0.75,1.0,19154.0,0.9088924741387492,0.0,9.955795332159473,0.09110752586125083,0.0,0.0,0.0,3,1,4,1,0.0,0.0,0.0,0.0,0.0,0.0,0.0,0.0,0.0,0.0,0.0,0.0,0.0,0.0,0.0,0.0,0.0,0.0,0.0,0.0,0.0,0.0,0.0,0.0,0.0,24190.70940495397,21650.0,24670.0,0.0,0.13974565815697068,0.0,745.3606339565341,80.0,0.0,24192.755038112144,21650.0,24670.0,0.0,0.15375378511015975,0.0,751.9625143573144,80.0,,,,,,,,,,,,,,,,,,,,,,,,
45248,22560.0,-960.0,0,8699.0,25.18529241459178,19,8699.0,19,5128.0,10,0.5894930451776066,0.5263157894736842,1.0,5128.0,0.5894930451776066,0.0,9.07096335550754,0.41050695482239336,0.0,0.0,0.0,1,1,2,2,0.0,0.0,0.0,0.0,0.0,0.0,0.0,0.0,0.0,0.0,0.0,0.0,0.0,0.0,0.0,0.0,0.0,0.0,0.0,0.0,0.0,0.0,0.0,0.0,0.0,23146.43867111162,22610.0,23520.0,0.0,0.41050695482239336,0.0,586.438671111622,1040.0,0.0,23520.0,23520.0,23520.0,0.0,0.0,0.0,960.0,1950.0,,,,,,,,,,,,,28199,02810,02810,18109,01034,01034,28199,02408,02408,18087,01034,01034
45252,21490.0,110.0,1,25892.0,62.98377484249192,28,25892.0,28,23350.0,21,0.9018229568978835,0.75,1.0,23350.0,0.9018229568978835,1.0,10.1616893196654,0.09817704310211649,0.0,0.0,0.0,2,1,3,1,0.0,0.0,0.0,0.0,0.0,0.0,0.0,0.0,0.0,0.0,0.0,0.0,0.0,0.0,0.0,0.0,0.0,0.0,0.0,0.0,0.0,0.0,0.0,0.0,0.0,21734.012050054072,21650.0,22890.0,0.0,0.9386296925691333,0.0,244.01205005407076,80.0,0.0,21658.774304068524,21650.0,21780.0,0.0,1.0,0.0,168.7743040685225,80.0,45030,41106,41106,18109,02810,02810,45030,28199,28199,18109,02810,02810,45030,02810,02810,18109,01034,01034,45030,02408,02408,18087,01034,01034
45258,22990.0,-1390.0,0,9229.0,44.759687666715166,21,9229.0,21,7504.0,16,0.8130891754252898,0.7619047619047619,1.0,7504.0,0.8130891754252898,0.0,9.130105979265577,0.18691082457471014,0.0,0.0,0.0,2,2,3,2,0.0,0.0,0.0,0.0,0.0,0.0,0.0,0.0,0.0,0.0,0.0,0.0,0.0,0.0,0.0,0.0,0.0,0.0,0.0,0.0,0.0,0.0,0.0,0.0,0.0,21877.860006501247,21780.0,22310.0,0.0,1.0,0.0,1112.139993498754,210.0,0.0,21824.496268656716,21780.0,22310.0,0.0,1.0,0.0,1165.5037313432836,210.0,,,,,,,,,,,,,,,,,,,45030,02408,02408,18087,01034,01034
45315,22440.0,-840.0,0,21651.0,43.10973060151724,15,21651.0,15,19911.0,14,0.919634197034779,0.9333333333333333,1.0,19911.0,0.919634197034779,0.0,9.982806921740384,0.0,0.0,0.080365802965221,0.0,2,1,2,1,0.0,0.0,0.0,0.0,0.0,0.0,0.0,0.0,0.0,0.0,0.0,0.0,0.0,0.0,0.0,0.0,0.0,0.0,0.080365802965221,0.0,0.0,0.0,0.0,0.0,0.0,22566.039905778023,22470.0,24180.0,0.0,0.9438363124105122,0.0,126.0399057780241,900.0,0.0,22574.43272562905,22470.0,24180.0,0.0,0.9389282306262869,0.0,134.43272562904926,900.0,,,,,,,,,,,,,45030,02810,02810,18109,01034,01034,45030,02408,02408,18087,01034,01034
47310,19500.0,2100.0,1,23196.0,64.35289221806076,22,23196.0,22,19640.0,12,0.8466977065011209,0.5454545454545454,1.0,19640.0,0.8466977065011209,1.0,10.05173512899633,0.1533022934988791,0.0,0.0,0.0,1,1,3,1,0.12967753060872564,0.0,0.0,0.0,0.0,0.0,0.0,0.0,0.0,0.0,0.0,0.0,0.12967753060872564,0.0,0.0,0.0,0.0,0.0,0.0,0.0,0.0,0.0,0.0,0.0,0.0,20097.856526987413,19740.0,20120.0,1.0,1.0,0.0,597.8565269874116,1450.0,0.0,20120.0,20120.0,20120.0,1.0,1.0,0.0,620.0,1450.0,,,,,,,,,,,,,,,,,,,,,,,,
49018,20690.0,910.0,1,14955.0,43.85373291889038,4,14955.0,4,122.0,1,0.008157806753594116,0.25,1.0,122.0,0.008157806753594116,1.0,9.612800971064049,0.9918421932464059,0.0,0.0,0.0,1,1,3,1,0.784687395519893,0.0,0.0,0.0,0.0,0.0,0.0,0.0,0.0,0.0,0.0,0.0,0.784687395519893,0.0,0.0,0.0,0.0,0.0,0.0,0.0,0.0,0.0,0.0,0.0,0.0,21192.04012036108,20740.0,21710.0,0.7928452022734871,1.0,0.0,502.04012036108327,140.0,0.0,20740.0,20740.0,20740.0,1.0,1.0,0.0,50.0,830.0,,,,,,,,,,,,,49018,49018,49018,49018,01034,01034,49018,49018,49018,16028,01034,01034
49125,20850.0,750.0,1,15590.0,56.75282125955588,7,15590.0,7,15590.0,7,1.0,1.0,1.0,15590.0,1.0,1.0,9.654384962051822,0.0,0.0,0.0,0.0,1,1,1,1,0.0,0.0,0.0,0.0,0.0,0.0,0.0,0.0,0.0,0.0,0.0,0.0,0.0,0.0,0.0,0.0,0.0,0.0,0.0,0.0,0.0,0.0,0.0,0.0,0.0,20740.0,20740.0,20740.0,1.0,1.0,0.0,110.0,830.0,0.0,20740.0,20740.0,20740.0,1.0,1.0,0.0,110.0,830.0,,,,,,,,,,,,,49018,49018,49018,49018,01034,01034,49018,49018,49018,16028,01034,01034
49127,21060.0,540.0,1,7851.0,59.08783020997968,5,7851.0,5,1711.0,1,0.21793402114380334,0.2,1.0,1711.0,0.21793402114380334,1.0,8.968396191198256,0.7820659788561967,0.0,0.16787670360463636,0.0,1,1,2,2,0.0,0.0,0.0,0.0,0.0,0.0,0.0,0.0,0.0,0.0,0.0,0.0,0.0,0.0,0.0,0.0,0.0,0.0,0.16787670360463636,0.0,0.0,0.0,0.0,0.0,0.0,21614.109030696727,21270.0,21710.0,0.21793402114380334,1.0,0.0,554.1090306967266,140.0,0.0,21270.0,21270.0,21270.0,1.0,1.0,0.0,210.0,300.0,,,,,,,49127,49127,49127,49127,02810,02810,49127,49127,49127,49018,01034,01034,49127,49127,49127,16028,01034,01034
49215,20380.0,1220.0,1,7743.0,55.90613718411552,6,7743.0,6,6441.0,4,0.8318481208833786,0.6666666666666666,1.0,6441.0,0.8318481208833786,1.0,8.954544488386723,0.16815187911662147,0.0,0.0,0.0,1,1,3,3,0.16815187911662147,0.0,0.0,0.0,0.0,0.0,0.0,0.0,0.0,0.0,0.0,0.0,0.16815187911662147,0.0,0.0,0.0,0.0,0.0,0.0,0.0,0.0,0.0,0.0,0.0,0.0,20669.76494898618,19920.0,20740.0,1.0,1.0,0.0,317.4493090533385,830.0,0.0,20740.0,20740.0,20740.0,1.0,1.0,0.0,360.0,830.0,,,,,,,,,,,,,,,,,,,49018,49018,49018,16028,01034,01034
49228,18850.0,2750.0,1,6466.0,18.71273948023384,3,6466.0,3,808.0,1,0.12496133622022888,0.3333333333333333,1.0,808.0,0.12496133622022888,1.0,8.774312958285378,0.8750386637797711,0.0,0.0,0.0,1,1,2,1,0.8750386637797711,0.0,0.0,0.0,0.0,0.0,0.0,0.0,0.0,0.0,0.0,0.0,0.8750386637797711,0.0,0.0,0.0,0.0,0.0,0.0,0.0,0.0,0.0,0.0,0.0,0.0,21020.01237240953,20740.0,21060.0,1.0,1.0,0.0,2170.012372409527,510.0,0.0,20740.0,20740.0,20740.0,1.0,1.0,0.0,1890.0,830.0,,,,,,,,,,,,,,,,,,,,,,,,
49248,19990.0,1610.0,1,17597.0,41.05884548975687,16,17597.0,16,428.0,1,0.024322327669489118,0.0625,1.0,428.0,0.024322327669489118,1.0,9.775483711951761,0.9756776723305108,0.0,0.0,0.0,1,1,4,4,0.9756776723305108,0.0,0.0,0.0,0.0,0.0,0.0,0.0,0.0,0.0,0.0,0.0,0.9756776723305108,0.0,0.0,0.0,0.0,0.0,0.0,0.0,0.0,0.0,0.0,0.0,0.0,20673.720520543273,20330.0,21880.0,0.9756776723305108,1.0,0.0,683.7205205432745,310.0,0.0,21880.0,21880.0,21880.0,0.0,1.0,0.0,1890.0,310.0,,,,,,,,,,,,,,,,,,,,,,,,
49261,21000.0,600.0,1,9577.0,61.723382315029646,2,9577.0,2,1097.0,1,0.1145452646966691,0.5,1.0,1097.0,0.1145452646966691,1.0,9.16711966952162,0.0,0.0,0.8854547353033309,0.0,1,1,1,1,0.0,0.0,0.0,0.0,0.0,0.0,0.0,0.0,0.0,0.0,0.0,0.0,0.0,0.0,0.0,0.0,0.0,0.0,0.8854547353033309,0.0,0.0,0.0,0.0,0.0,0.0,20740.0,20740.0,20740.0,1.0,1.0,0.0,260.0,830.0,0.0,20740.0,20740.0,20740.0,1.0,1.0,0.0,260.0,830.0,,,,,,,49261,49261,49261,49261,02810,02810,49018,49018,49018,49018,01034,01034,49018,49018,49018,16028,01034,01034
49373,20620.0,980.0,1,12615.0,38.06118754525706,9,12615.0,9,12302.0,8,0.975188267934998,0.8888888888888888,1.0,12302.0,0.975188267934998,1.0,9.442641861075158,0.024811732065001983,0.0,0.0,0.0,2,1,3,2,0.024811732065001983,0.0,0.0,0.0,0.0,0.0,0.0,0.0,0.0,0.0,0.0,0.0,0.024811732065001983,0.0,0.0,0.0,0.0,0.0,0.0,0.0,0.0,0.0,0.0,0.0,0.0,21777.053507728895,20480.0,23120.0,0.024811732065001983,0.9710661910424099,0.0,1164.0007927070947,200.0,0.0,21810.054462688993,21770.0,23120.0,0.0,0.9703300276377824,0.0,1190.0544626889937,200.0,,,,,,,,,,,,,49373,49018,49018,49373,01034,01034,49373,49018,49018,49373,01034,01034
50031,23220.0,-1620.0,0,4883.0,61.91200710029162,10,4883.0,10,4883.0,10,1.0,1.0,1.0,4883.0,1.0,0.0,8.49351506406166,0.0,0.0,0.0,0.0,1,1,1,1,0.0,0.0,0.0,0.0,0.0,0.0,0.0,0.0,0.0,0.0,0.0,0.0,0.0,0.0,0.0,0.0,0.0,0.0,0.0,0.0,0.0,0.0,0.0,0.0,0.0,22520.0,22520.0,22520.0,0.0,1.0,0.0,700.0,950.0,0.0,22520.0,22520.0,22520.0,0.0,1.0,0.0,700.0,950.0,,,,,,,,,,,,,,,,,,,,,,,,
50099,20630.0,970.0,1,16839.0,52.92121059744178,17,16839.0,17,801.0,1,0.04756814537680385,0.058823529411764705,1.0,801.0,0.04756814537680385,1.0,9.73145290361031,0.9524318546231961,0.0,0.6073401033315518,0.0,1,1,3,1,0.9524318546231961,0.0,0.0,0.0,0.0,0.0,0.0,0.0,0.0,0.0,0.0,0.0,0.9524318546231961,0.0,0.0,0.0,0.0,0.0,0.6073401033315518,0.0,0.0,0.0,0.0,0.0,0.0,20721.90213195558,20250.0,21650.0,0.9524318546231961,1.0,0.0,99.39426331729912,80.0,0.0,21650.0,21650.0,21650.0,0.0,1.0,0.0,1020.0,80.0,,,,,,,,,,,,,14752,14174,14174,14174,01034,01034,14752,14174,14174,14174,01034,01034
50236,20800.0,800.0,1,30883.0,46.72375448204911,43,30883.0,43,6180.0,19,0.2001100929313862,0.4418604651162791,1.0,6180.0,0.2001100929313862,1.0,10.337961149679,0.7174821098986497,0.0,0.38202247191011235,0.0,1,1,3,1,0.7174821098986497,0.0,0.0,0.0,0.0,0.0,0.0,0.0,0.0,0.0,0.0,0.0,0.7174821098986497,0.0,0.0,0.0,0.0,0.0,0.38202247191011235,0.0,0.0,0.0,0.0,0.0,0.0,20992.69274358061,20250.0,22520.0,0.7174821098986497,1.0,0.0,779.1687983680342,890.0,0.0,22520.0,22520.0,22520.0,0.0,1.0,0.0,1720.0,950.0,,,,,,,,,,,,,50236,14174,14174,14174,01034,01034,50236,14174,14174,14174,01034,01034
50341,20830.0,770.0,1,5565.0,56.80890159248673,18,5565.0,18,5565.0,18,1.0,1.0,1.0,5565.0,1.0,1.0,8.624252263709645,0.0,0.0,0.0,0.0,1,1,1,1,0.0,0.0,0.0,0.0,0.0,0.0,0.0,0.0,0.0,0.0,0.0,0.0,0.0,0.0,0.0,0.0,0.0,0.0,0.0,0.0,0.0,0.0,0.0,0.0,0.0,22520.0,22520.0,22520.0,0.0,1.0,0.0,1690.0,950.0,0.0,22520.0,22520.0,22520.0,0.0,1.0,0.0,1690.0,950.0,,,,,,,,,,,,,50236,14174,14174,14174,01034,01034,50236,14174,14174,14174,01034,01034
50394,19880.0,1720.0,1,10591.0,47.22222222222222,15,10591.0,15,715.0,1,0.06751015012746672,0.06666666666666667,1.0,715.0,0.06751015012746672,1.0,9.267759862843668,0.6044754980643943,0.0,0.328014351808139,0.0,1,1,2,1,0.6044754980643943,0.0,0.0,0.0,0.0,0.0,0.0,0.0,0.0,0.0,0.0,0.0,0.6044754980643943,0.0,0.0,0.0,0.0,0.0,0.328014351808139,0.0,0.0,0.0,0.0,0.0,0.0,20677.166462090456,20250.0,21330.0,1.0,1.0,0.0,797.1664620904542,240.0,0.0,21330.0,21330.0,21330.0,1.0,1.0,0.0,1450.0,240.0,,,,,,,,,,,,,,,,,,,,,,,,
50410,20410.0,1190.0,1,11219.0,48.65556422933472,14,11219.0,14,5263.0,7,0.4691148943756128,0.5,1.0,5263.0,0.4691148943756128,1.0,9.325364048544964,0.5308851056243872,0.0,0.3879133612621446,0.0,1,1,2,2,0.5308851056243872,0.0,0.0,0.0,0.0,0.0,0.0,0.0,0.0,0.0,0.0,0.0,0.5308851056243872,0.0,0.0,0.0,0.0,0.0,0.3879133612621446,0.0,0.0,0.0,0.0,0.0,0.0,20990.250467956146,20900.0,21070.0,1.0,1.0,0.0,580.2504679561458,500.0,0.0,20900.0,20900.0,20900.0,1.0,1.0,0.0,490.0,670.0,,,,,,,,,,,,,,,,,,,35085,22004,22004,14174,01034,01034
50487,20540.0,1060.0,1,8050.0,49.13629982298725,6,8050.0,6,2579.0,3,0.3203726708074534,0.5,1.0,2579.0,0.3203726708074534,1.0,8.99342737041261,0.6796273291925465,0.0,0.6081987577639751,0.0,1,1,2,2,0.6796273291925465,0.0,0.0,0.0,0.0,0.0,0.0,0.0,0.0,0.0,0.0,0.0,0.6796273291925465,0.0,0.0,0.0,0.0,0.0,0.6081987577639751,0.0,0.0,0.0,0.0,0.0,0.0,21060.388819875778,21040.0,21070.0,1.0,1.0,0.0,520.3888198757764,500.0,0.0,21040.0,21040.0,21040.0,1.0,1.0,0.0,500.0,530.0,,,,,,,,,,,,,,,,,,,35162,22004,22004,14174,01034,01034
50601,21130.0,470.0,1,11778.0,60.87136286112977,13,11778.0,13,6835.0,9,0.5803192392596366,0.6923076923076923,1.0,6835.0,0.5803192392596366,1.0,9.373988663504516,0.20623195788758703,0.0,0.4033791815248769,0.0,1,1,2,2,0.0163015792154865,0.0,0.0,0.0,0.0,0.0,0.0,0.0,0.0,0.0,0.0,0.0,0.0163015792154865,0.0,0.0,0.0,0.0,0.0,0.4033791815248769,0.0,0.0,0.0,0.0,0.0,0.0,21633.372389200205,20630.0,21650.0,0.0163015792154865,1.0,0.0,519.6739684156903,80.0,0.0,21650.0,21650.0,21650.0,0.0,1.0,0.0,520.0,80.0,14752,14258,14258,14752,02810,02810,14752,14258,14258,14752,02810,02810,14752,14174,14174,14174,01034,01034,14752,14174,14174,14174,01034,01034
50639,20400.0,1200.0,1,20873.0,46.99855894803206,37,20873.0,37,3590.0,11,0.17199252623005798,0.2972972972972973,1.0,3590.0,0.17199252623005798,1.0,9.946211736745907,0.7331480860441719,0.0,0.09485938772577013,0.0,3,1,6,2,0.7331480860441719,0.0,0.0,0.0,0.0,0.0,0.0,0.0,0.0,0.0,0.0,0.0,0.7331480860441719,0.0,0.0,0.0,0.0,0.0,0.09485938772577013,0.0,0.0,0.0,0.0,0.0,0.0,20784.686437023905,20550.0,22640.0,0.984477554735783,1.0,0.0,384.6864370239065,80.0,0.0,21412.654596100278,21330.0,22640.0,0.9097493036211699,1.0,0.0,1012.6545961002786,80.0,,,,,,,,,,,,,,,,,,,14752,14174,14174,14174,01034,01034
51217,23160.0,-1560.0,0,16614.0,35.109148158322945,41,16614.0,41,8916.0,13,0.5366558324304803,0.3170731707317073,1.0,8916.0,0.5366558324304803,0.0,9.718000992399016,0.4633441675695197,0.0,0.03954496208017335,0.0,1,1,4,2,0.2322137955940773,0.0,0.0,0.0,0.0,0.0,0.0,0.0,0.0,0.0,0.0,0.0,0.2322137955940773,0.0,0.0,0.0,0.0,0.0,0.03954496208017335,0.0,0.0,0.0,0.0,0.0,0.0,22997.432286023835,21280.0,23560.0,0.2322137955940773,0.25966052726616107,0.0,754.8392921632358,260.0,0.0,23560.0,23560.0,23560.0,0.0,0.0,0.0,400.0,1990.0,,,,,,,,,,,,,,,,,,,,,,,,
51250,21700.0,-100.0,0,18299.0,47.30868665977249,51,18299.0,51,9811.0,15,0.5361495163670146,0.29411764705882354,1.0,12983.0,0.7094923219848079,0.0,9.814601692527686,0.26143505109568826,0.0,0.029072626919503797,0.0,1,1,5,2,0.447292201759659,0.0,0.24431949472386968,0.0,0.0,0.0,0.0,0.0,0.0,0.0,0.0,0.0,0.447292201759659,0.0,0.24431949472386968,0.0,0.0,0.0,0.029072626919503797,0.0,0.0,0.0,0.0,0.0,0.0,21951.709383026395,21280.0,22340.0,0.447292201759659,1.0,0.0,455.7565987212416,30.0,0.0,22340.0,22340.0,22340.0,0.0,1.0,0.0,640.0,770.0,51250,51250,51250,02810,02810,02810,51250,51250,51250,02810,02810,02810,51250,51250,51250,02810,01034,01034,51250,51250,51250,02408,01034,01034
51380,21420.0,180.0,1,8236.0,26.09136412595831,21,8236.0,21,889.0,5,0.10794074793589122,0.23809523809523808,1.0,889.0,0.10794074793589122,1.0,9.01627006814768,0.8920592520641087,0.0,0.0,0.0,2,2,5,3,0.8895094706168043,0.0,0.0,0.0,0.0,0.0,0.0,0.0,0.0,0.0,0.0,0.0,0.8895094706168043,0.0,0.0,0.0,0.0,0.0,0.0,0.0,0.0,0.0,0.0,0.0,0.0,21444.79358912093,21280.0,23560.0,0.8895094706168043,0.9974502185526954,0.0,227.36279747450217,260.0,0.0,22537.48031496063,22380.0,22660.0,0.0,1.0,0.0,1117.4803149606298,810.0,51380,02810,02810,02810,02810,02810,10268,02810,02810,02810,02810,02810,10268,02810,02810,02810,01034,01034,10268,02408,02408,02408,01034,01034
51388,22330.0,-730.0,0,9659.0,43.83679767631842,10,9659.0,10,686.0,1,0.07102184491148152,0.1,1.0,686.0,0.07102184491148152,0.0,9.175645402179295,0.9289781550885184,0.0,0.0,0.0,1,1,2,1,0.0,0.0,0.0,0.0,0.0,0.0,0.0,0.0,0.0,0.0,0.0,0.0,0.0,0.0,0.0,0.0,0.0,0.0,0.0,0.0,0.0,0.0,0.0,0.0,0.0,21674.401076716014,21550.0,22340.0,0.8425302826379543,1.0,0.0,658.7483176312247,20.0,0.0,22340.0,22340.0,22340.0,0.0,1.0,0.0,10.0,770.0,,,,,,,51250,51250,51250,02810,02810,02810,51250,51250,51250,02810,01034,01034,51250,51250,51250,02408,01034,01034
53062,21420.0,180.0,1,33750.0,62.067824040017655,20,33750.0,20,1960.0,3,0.05807407407407408,0.15,1.0,1960.0,0.05807407407407408,1.0,10.426735696300677,0.44281481481481483,0.0,0.6526222222222222,0.0,1,1,4,2,0.1632,0.0,0.0,0.0,0.0,0.0,0.0,0.0,0.0,0.0,0.0,0.0,0.1632,0.0,0.0,0.0,0.0,0.0,0.6526222222222222,0.0,0.0,0.0,0.0,0.0,0.0,21426.030814814814,20800.0,21510.0,1.0,1.0,0.0,145.80918518518519,60.0,0.0,21510.0,21510.0,21510.0,1.0,1.0,0.0,90.0,60.0,53062,53062,53062,53062,53062,53062,53062,53062,53062,35125,02810,02810,53062,53062,53062,35125,01034,01034,53062,53062,53062,35125,01034,01034
54039,20700.0,900.0,1,8807.0,43.98661472380382,20,8807.0,20,7865.0,15,0.8930396275689793,0.75,1.0,7865.0,0.8930396275689793,1.0,9.08330213880546,0.10696037243102077,0.0,0.0,0.0,1,1,3,2,0.10696037243102077,0.0,0.0,0.0,0.0,0.0,0.0,0.0,0.0,0.0,0.0,0.0,0.10696037243102077,0.0,0.0,0.0,0.0,0.0,0.0,0.0,0.0,0.0,0.0,0.0,0.0,20770.903826501646,20000.0,20850.0,1.0,1.0,0.0,197.00806176904734,720.0,0.0,20850.0,20850.0,20850.0,1.0,1.0,0.0,150.0,720.0,,,,,,,,,,,,,54039,54039,54039,54039,54039,54039,54039,54039,54039,54039,54039,54039
54273,21770.0,-170.0,0,23739.0,57.24793209057805,46,23739.0,46,18537.0,21,0.7808669278402629,0.45652173913043476,1.0,18537.0,0.7808669278402629,0.0,10.074874544277304,0.21913307215973715,0.0,0.0,0.0,1,1,5,2,0.08686128312060323,0.0,0.0,0.0,0.0,0.0,0.1046800623446649,0.0,0.0,0.0,0.0,0.0,0.1046800623446649,0.0,0.0,0.0,0.0,0.0,0.0,0.0,0.0,0.0,0.0,0.0,0.0,21687.63764269767,20860.0,23930.0,0.867728210960866,0.8855469901849278,0.0,576.7993597034416,50.0,0.0,21420.0,21420.0,21420.0,1.0,1.0,0.0,350.0,150.0,54273,54273,54273,54273,54273,54273,54273,54273,54273,54273,54273,54273,54273,54039,54039,54273,54039,54039,54273,54039,54039,54273,54039,54039
54322,21790.0,-190.0,0,19568.0,30.88091405485592,56,19568.0,56,12952.0,20,0.6618969746524939,0.35714285714285715,1.0,12952.0,0.6618969746524939,0.0,9.881650857926953,0.33810302534750614,0.0,0.0,0.0,2,1,4,2,0.28582379394930496,0.0,0.0,0.0,0.0,0.0,0.33810302534750614,0.0,0.0,0.0,0.0,0.0,0.33810302534750614,0.0,0.0,0.0,0.0,0.0,0.0,0.0,0.0,0.0,0.0,0.0,0.0,22462.081970564188,21220.0,23220.0,0.28582379394930496,0.41184587080948487,0.0,1011.5136958299264,90.0,0.0,23061.79586164299,21800.0,23220.0,0.0,0.11141136504014824,0.0,1271.7958616429894,230.0,54322,54273,54273,54322,54273,54273,54322,54273,54273,54322,54273,54273,54322,54039,54039,54322,54039,54039,54322,54039,54039,54273,54039,54039
54329,21130.0,470.0,1,38752.0,63.66354526039099,63,38752.0,63,28381.0,16,0.7323751032204789,0.25396825396825395,1.0,28381.0,0.7323751032204789,1.0,10.564937646352819,0.26762489677952106,0.0,0.0,0.0,1,1,4,1,0.04993290668868704,0.0,0.0,0.0,0.0,0.0,0.0,0.0,0.0,0.0,0.0,0.0,0.04993290668868704,0.0,0.0,0.0,0.0,0.0,0.0,0.0,0.0,0.0,0.0,0.0,0.0,21119.33500206441,20000.0,22860.0,0.8375825763831544,0.8820706028075971,0.0,543.2671862097441,720.0,0.0,20850.0,20850.0,20850.0,1.0,1.0,0.0,280.0,720.0,54329,54273,54273,54329,54273,54273,54329,54273,54273,54329,54273,54273,54039,54039,54039,54039,54039,54039,54039,54039,54039,54039,54039,54039
54563,23060.0,-1460.0,0,8798.0,34.787078407338576,36,8798.0,36,7478.0,29,0.8499659013412139,0.8055555555555556,1.0,7478.0,0.8499659013412139,0.0,9.082279701908664,0.15003409865878609,0.0,0.0,0.0,2,1,3,1,0.0,0.0,0.0,0.0,0.0,0.0,0.0,0.0,0.0,0.0,0.0,0.0,0.0,0.0,0.0,0.0,0.0,0.0,0.0,0.0,0.0,0.0,0.0,0.0,0.0,23228.634917026597,22200.0,24100.0,0.0,0.13855421686746988,0.0,406.9481700386452,630.0,0.0,23394.404921101897,23370.0,24100.0,0.0,0.0,0.0,334.4049211018989,1800.0,,,,,,,,,,,,,,,,,,,54563,54039,54039,54039,54039,54039
55181,20420.0,1180.0,1,6107.0,32.279718801205135,19,6107.0,19,87.0,1,0.014245947273620435,0.05263157894736842,1.0,87.0,0.014245947273620435,1.0,8.717190933223135,0.9857540527263796,0.0,0.0,0.0,1,1,3,2,0.9857540527263796,0.0,0.0,0.0,0.0,0.0,0.9857540527263796,0.0,0.0,0.0,0.0,0.0,0.9857540527263796,0.0,0.0,0.0,0.0,0.0,0.0,0.0,0.0,0.0,0.0,0.0,0.0,20895.565744227933,20860.0,21420.0,1.0,1.0,0.0,475.56574422793517,150.0,0.0,21420.0,21420.0,21420.0,1.0,1.0,0.0,1000.0,150.0,,,,,,,,,,,,,,,,,,,54273,54039,54039,54273,54039,54039
55351,21850.0,-250.0,0,5893.0,32.668107988247684,22,5893.0,22,39.0,1,0.006618021381299848,0.045454545454545456,1.0,39.0,0.006618021381299848,0.0,8.681520484837913,0.9933819786187001,0.0,0.0,0.0,1,1,3,3,0.007805871372815205,0.0,0.0,0.0,0.0,0.0,0.985576107245885,0.0,0.0,0.0,0.0,0.0,0.9933819786187001,0.0,0.0,0.0,0.0,0.0,0.0,0.0,0.0,0.0,0.0,0.0,0.0,21660.02036314271,20340.0,23220.0,0.007805871372815205,0.9933819786187001,0.0,208.11301544204989,90.0,0.0,23220.0,23220.0,23220.0,0.0,0.0,0.0,1370.0,1650.0,54322,54273,54273,54322,54273,54273,54322,54273,54273,54322,54273,54273,54322,54039,54039,54322,54039,54039,54322,54039,54039,54273,54039,54039
56057,20000.0,1600.0,1,10914.0,34.47034299791548,8,10914.0,8,1665.0,1,0.1525563496426608,0.125,1.0,1665.0,0.1525563496426608,1.0,9.297801647746176,0.8474436503573392,0.0,0.0,0.0,1,1,2,2,0.8474436503573392,0.0,0.0,0.0,0.0,0.0,0.0,0.0,0.0,0.0,0.0,0.0,0.8474436503573392,0.0,0.0,0.0,0.0,0.0,0.0,0.0,0.0,0.0,0.0,0.0,0.0,20179.18636613524,19810.0,22230.0,0.8474436503573392,1.0,0.0,501.21495327102804,660.0,0.0,22230.0,22230.0,22230.0,0.0,1.0,0.0,2230.0,660.0,,,,,,,,,,,,,,,,,,,,,,,,
56061,20850.0,750.0,1,12688.0,56.31852279284478,7,12688.0,7,3092.0,2,0.24369482976040352,0.2857142857142857,1.0,3092.0,0.24369482976040352,1.0,9.448411943874628,0.7563051702395964,0.0,0.5545397225725095,0.0,1,2,2,2,0.7563051702395964,0.0,0.0,0.0,0.0,0.0,0.0,0.0,0.0,0.0,0.0,0.0,0.7563051702395964,0.0,0.0,0.0,0.0,0.0,0.5545397225725095,0.0,0.0,0.0,0.0,0.0,0.0,21215.967843631777,20800.0,21350.0,1.0,1.0,0.0,390.3373266078184,220.0,0.0,20800.0,20800.0,20800.0,1.0,1.0,0.0,50.0,770.0,,,,,,,,,,,,,35219,22020,22020,35219,01034,01034,35219,22004,22004,35219,01034,01034
56117,21190.0,410.0,1,35968.0,60.58584735627537,18,35968.0,18,8495.0,5,0.23618216192170818,0.2777777777777778,1.0,8495.0,0.23618216192170818,1.0,10.490384933253363,0.7638178380782918,0.0,0.0,0.0,2,1,4,1,0.018238434163701068,0.0,0.0,0.0,0.0,0.0,0.0,0.0,0.0,0.0,0.0,0.0,0.018238434163701068,0.0,0.0,0.0,0.0,0.0,0.0,0.0,0.0,0.0,0.0,0.0,0.0,21538.271797153026,21170.0,23820.0,0.8839802046263345,0.8839802046263345,0.0,349.00133451957294,80.0,0.0,22634.566215420837,21490.0,23820.0,0.5087698646262507,0.5087698646262507,0.0,1444.5662154208358,80.0,56117,56117,56117,56117,56117,56117,22136,22136,22136,22020,02810,02810,22136,22020,22020,22020,01034,01034,22136,22004,22004,22020,01034,01034
56152,22330.0,-730.0,0,5528.0,64.55681420063063,4,5528.0,4,5528.0,4,1.0,1.0,1.0,5528.0,1.0,0.0,8.617581365447506,0.0,0.0,0.0,0.0,1,1,1,1,0.0,0.0,0.0,0.0,0.0,0.0,0.0,0.0,0.0,0.0,0.0,0.0,0.0,0.0,0.0,0.0,0.0,0.0,0.0,0.0,0.0,0.0,0.0,0.0,0.0,22330.0,22330.0,22330.0,0.0,1.0,1.0,0.0,760.0,0.0,22330.0,22330.0,22330.0,0.0,1.0,1.0,0.0,760.0,,,,,,,56152,22136,22136,56152,02810,02810,56152,22020,22020,56152,01034,01034,56152,22004,22004,56152,01034,01034
56166,21000.0,600.0,1,20704.0,46.05187063481472,12,20704.0,12,17244.0,9,0.8328825347758887,0.75,1.0,17244.0,0.8328825347758887,1.0,9.938082197300627,0.16711746522411128,0.0,0.0,0.0,3,2,5,2,0.0937017001545595,0.0,0.0,0.0,0.0,0.0,0.0,0.0,0.0,0.0,0.0,0.0,0.0937017001545595,0.0,0.0,0.0,0.0,0.0,0.0,0.0,0.0,0.0,0.0,0.0,0.0,21860.68440880989,19810.0,22230.0,0.23058346213292116,1.0,0.0,1083.6944551777435,80.0,0.0,22133.763048016703,21490.0,22230.0,0.07620041753653445,1.0,0.0,1133.7630480167015,80.0,,,,,,,22136,22136,22136,22020,02810,02810,22136,22020,22020,22020,01034,01034,22136,22004,22004,22020,01034,01034
57089,21830.0,-230.0,0,20342.0,53.138632742091374,31,20342.0,31,20342.0,31,1.0,1.0,1.0,20342.0,1.0,0.0,9.920442993185542,0.0,0.0,0.0,0.0,1,1,1,1,0.0,0.0,0.0,0.0,0.0,0.0,0.0,0.0,0.0,0.0,0.0,0.0,0.0,0.0,0.0,0.0,0.0,0.0,0.0,0.0,0.0,0.0,0.0,0.0,0.0,22350.0,22350.0,22350.0,0.0,1.0,0.0,520.0,780.0,0.0,22350.0,22350.0,22350.0,0.0,1.0,0.0,520.0,780.0,57089,57089,57089,57089,54273,54273,57089,57089,57089,54329,54273,54273,57089,57089,57089,54039,54039,54039,57089,57089,57089,54039,54039,54039
57132,22150.0,-550.0,0,9933.0,29.73239942528736,44,9933.0,44,132.0,2,0.013289036544850499,0.045454545454545456,1.0,132.0,0.013289036544850499,0.0,9.203617826215355,0.9867109634551495,0.0,0.0,0.0,1,1,3,2,0.0,0.0,0.0,0.0,0.0,0.0,0.0,0.0,0.0,0.0,0.0,0.0,0.0,0.0,0.0,0.0,0.0,0.0,0.0,0.0,0.0,0.0,0.0,0.0,0.0,21727.696566998893,21650.0,24930.0,0.0,0.9585220980569817,0.0,536.2186650558743,80.0,0.0,24930.0,24930.0,24930.0,0.0,0.0,0.0,2780.0,3360.0,,,,,,,57132,57089,57089,54329,54273,54273,57132,57089,57089,54039,54039,54039,57132,57089,57089,54039,54039,54039
57177,20800.0,800.0,1,9812.0,25.52350232812216,40,9812.0,40,101.0,1,0.010293518141051774,0.025,1.0,101.0,0.010293518141051774,1.0,9.19136140537838,0.9897064818589483,0.0,0.0,0.0,1,1,3,2,0.04392580513656747,0.0,0.0,0.0,0.0,0.0,0.0,0.0,0.0,0.0,0.0,0.0,0.04392580513656747,0.0,0.0,0.0,0.0,0.0,0.0,0.0,0.0,0.0,0.0,0.0,0.0,21602.320627802692,20000.0,21790.0,0.04392580513656747,1.0,0.0,872.6019160211986,80.0,0.0,21790.0,21790.0,21790.0,0.0,1.0,0.0,990.0,220.0,,,,,,,,,,,,,57089,57089,57089,54039,54039,54039,57089,57089,57089,54039,54039,54039
57483,20600.0,1000.0,1,15573.0,38.342976732734215,57,15573.0,57,8540.0,21,0.5483850253644128,0.3684210526315789,1.0,8540.0,0.5483850253644128,1.0,9.653293924495339,0.45161497463558725,0.0,0.0,0.0,3,1,4,1,0.0,0.0,0.0,0.0,0.0,0.0,0.0,0.0,0.0,0.0,0.0,0.0,0.0,0.0,0.0,0.0,0.0,0.0,0.0,0.0,0.0,0.0,0.0,0.0,0.0,21340.089257047453,21030.0,22170.0,0.5205162781737622,1.0,0.0,740.0892570474539,80.0,0.0,21084.866510538643,21030.0,22170.0,0.9491803278688524,1.0,0.0,484.8665105386417,500.0,,,,,,,,,,,,,,,,,,,57483,57089,57089,54039,54039,54039
57572,23640.0,-2040.0,0,10202.0,48.07955134549225,31,10202.0,31,9087.0,24,0.8907077043716918,0.7741935483870968,1.0,9087.0,0.8907077043716918,0.0,9.230339058482873,0.10929229562830818,0.0,0.0,0.0,3,1,4,1,0.0,0.0,0.0,0.0,0.0,0.0,0.0,0.0,0.0,0.0,0.0,0.0,0.0,0.0,0.0,0.0,0.0,0.0,0.0,0.0,0.0,0.0,0.0,0.0,0.0,24016.218388551264,21650.0,26430.0,0.0,0.3219956871201725,0.0,1436.5496961380122,80.0,0.0,24306.55992076593,22170.0,26430.0,0.0,0.23880268515461647,0.0,1368.639815120502,600.0,,,,,,,,,,,,,,,,,,,,,,,,
57630,21640.0,-40.0,0,55895.0,52.54622883626484,101,55895.0,101,46785.0,67,0.8370158332587888,0.6633663366336634,1.0,46785.0,0.8370158332587888,0.0,10.931230209704426,0.1629841667412112,0.0,0.0,0.0,3,2,5,3,0.10181590482154039,0.0,0.0,0.0,0.0,0.0,0.0,0.0,0.0,0.0,0.0,0.0,0.10181590482154039,0.0,0.0,0.0,0.0,0.0,0.0,0.0,0.0,0.0,0.0,0.0,0.0,21695.4793809822,20000.0,22680.0,0.10181590482154039,1.0,0.0,389.43554879685126,80.0,0.0,21895.77920273592,21790.0,22680.0,0.0,1.0,0.0,255.77920273591963,220.0,57630,57089,57089,54329,54273,54273,57089,57089,57089,54329,54273,54273,57089,57089,57089,54039,54039,54039,57089,57089,57089,54039,54039,54039
58086,21490.0,110.0,1,40496.0,30.877385608954565,59,40496.0,59,5618.0,6,0.13872975108652708,0.1016949152542373,1.0,5618.0,0.13872975108652708,1.0,10.608958482784905,0.8612702489134729,0.0,0.0,0.0,1,1,6,2,0.6065290399051758,0.0,0.0,0.0,0.0,0.0,0.6063314895298301,0.0,0.0,0.0,0.0,0.0,0.6096404583168707,0.0,0.0,0.0,0.0,0.0,0.0,0.0,0.0,0.0,0.0,0.0,0.0,21609.07077242197,20590.0,23110.0,0.6065290399051758,0.9871345318056104,0.0,633.6712267878308,140.0,0.0,22430.0,22430.0,22430.0,0.0,1.0,0.0,940.0,860.0,45053,18087,18087,18109,02810,02810,45053,18087,18087,18109,02810,02810,45053,18087,18087,18109,01034,01034,45053,02408,02408,18087,01034,01034
59601,18960.0,2640.0,1,6437.0,62.879749926736345,7,6437.0,7,6437.0,7,1.0,1.0,1.0,6437.0,1.0,1.0,8.769817872052617,0.0,0.0,0.0,0.0,1,1,1,1,0.0,0.0,0.0,0.0,0.0,0.0,0.0,0.0,0.0,0.0,0.0,0.0,0.0,0.0,0.0,0.0,0.0,0.0,0.0,0.0,0.0,0.0,0.0,0.0,0.0,17540.0,17540.0,17540.0,1.0,1.0,0.0,1420.0,4030.0,0.0,17540.0,17540.0,17540.0,1.0,1.0,0.0,1420.0,4030.0,,,,,,,,,,,,,,,,,,,,,,,,
60104,21110.0,490.0,1,17739.0,52.014426460239264,43,17739.0,43,1441.0,7,0.08123344044196404,0.16279069767441862,1.0,1441.0,0.08123344044196404,1.0,9.78352088448894,0.918766559558036,0.0,0.0,0.0,1,1,3,2,0.8895653644512092,0.0,0.0,0.0,0.0,0.0,0.0,0.0,0.0,0.0,0.0,0.0,0.8895653644512092,0.0,0.0,0.0,0.0,0.0,0.0,0.0,0.0,0.0,0.0,0.0,0.0,21463.37392186707,21340.0,22830.0,0.918766559558036,0.918766559558036,0.0,353.37392186707257,150.0,0.0,22830.0,22830.0,22830.0,0.0,0.0,0.0,1720.0,1260.0,60104,60104,60104,60104,02810,02810,60104,60104,60104,60104,02810,02810,60104,02810,02810,60104,01034,01034,60104,02408,02408,27226,01034,01034
60286,21220.0,380.0,1,18393.0,51.60195264280103,52,18393.0,52,208.0,1,0.011308650029902681,0.019230769230769232,1.0,208.0,0.011308650029902681,1.0,9.819725436430797,0.9886913499700973,0.0,0.0,0.0,1,1,2,2,0.9886913499700973,0.0,0.0,0.0,0.0,0.0,0.0,0.0,0.0,0.0,0.0,0.0,0.9886913499700973,0.0,0.0,0.0,0.0,0.0,0.0,0.0,0.0,0.0,0.0,0.0,0.0,21175.088892513457,21170.0,21620.0,0.9886913499700973,1.0,0.0,53.95802751046594,50.0,0.0,21620.0,21620.0,21620.0,0.0,1.0,0.0,400.0,50.0,60286,60104,60104,27226,02810,02810,60286,60104,60104,27226,02810,02810,60286,02810,02810,27226,01034,01034,60286,02408,02408,27226,01034,01034
61508,19550.0,2050.0,1,7083.0,33.40407470288625,18,7083.0,18,781.0,2,0.11026401242411407,0.1111111111111111,1.0,781.0,0.11026401242411407,1.0,8.865452825753623,0.8897359875758859,0.0,0.0,0.0,1,1,2,2,0.8897359875758859,0.0,0.0,0.0,0.0,0.0,0.0,0.0,0.0,0.0,0.0,0.0,0.8897359875758859,0.0,0.0,0.0,0.0,0.0,0.0,0.0,0.0,0.0,0.0,0.0,0.0,19839.161372299874,19730.0,20720.0,1.0,1.0,0.0,289.16137229987294,850.0,0.0,20720.0,20720.0,20720.0,1.0,1.0,0.0,1170.0,850.0,,,,,,,,,,,,,,,,,,,,,,,,
62080,20860.0,740.0,1,18151.0,59.45883971566155,48,18151.0,48,16607.0,40,0.9149358162084733,0.8333333333333334,1.0,16607.0,0.9149358162084733,1.0,9.806480934593978,0.08506418379152664,0.0,0.0,0.0,2,1,4,2,0.08506418379152664,0.0,0.0,0.0,0.0,0.0,0.0,0.0,0.0,0.0,0.0,0.0,0.08506418379152664,0.0,0.0,0.0,0.0,0.0,0.0,0.0,0.0,0.0,0.0,0.0,0.0,20932.702881383946,20120.0,22330.0,0.982425210732191,1.0,0.0,125.37656327475071,500.0,0.0,20956.892274342146,20930.0,22330.0,0.9807912326127537,1.0,0.0,96.89227434214487,640.0,,,,,,,62080,60104,60104,62080,02810,02810,62080,02810,02810,62080,01034,01034,60104,02408,02408,27226,01034,01034
62268,20320.0,1280.0,1,20131.0,61.07706310679611,38,20131.0,38,14075.0,19,0.6991704336595301,0.5,1.0,14075.0,0.6991704336595301,1.0,9.910016194498828,0.3008295663404699,0.0,0.0,0.0,2,1,3,1,0.3008295663404699,0.0,0.0,0.0,0.0,0.0,0.0,0.0,0.0,0.0,0.0,0.0,0.3008295663404699,0.0,0.0,0.0,0.0,0.0,0.0,0.0,0.0,0.0,0.0,0.0,0.0,20520.061596542644,19770.0,20960.0,1.0,1.0,0.0,530.9741195171625,610.0,0.0,20842.787921847248,20840.0,20960.0,1.0,1.0,0.0,522.7879218472469,610.0,,,,,,,,,,,,,,,,,,,62268,02408,02408,27226,01034,01034
62361,18740.0,2860.0,1,8189.0,50.08869043978225,23,8189.0,23,1312.0,7,0.16021492245695446,0.30434782608695654,1.0,1312.0,0.16021492245695446,1.0,9.010547069270189,0.8397850775430455,0.0,0.0832824520698498,0.0,1,1,2,1,0.8397850775430455,0.0,0.0,0.0,0.0,0.0,0.0,0.0,0.0,0.0,0.0,0.0,0.8397850775430455,0.0,0.0,0.0,0.0,0.0,0.0832824520698498,0.0,0.0,0.0,0.0,0.0,0.0,20340.978141409207,19910.0,22600.0,0.8397850775430455,1.0,0.0,1600.9781414092074,1030.0,0.0,22600.0,22600.0,22600.0,0.0,1.0,0.0,3860.0,1030.0,,,,,,,,,,,,,,,,,,,,,,,,
62588,21010.0,590.0,1,24152.0,60.99297944340623,50,24152.0,50,10379.0,19,0.429736667770785,0.38,1.0,10379.0,0.429736667770785,1.0,10.092122471386675,0.570263332229215,0.0,0.0,0.0,1,1,4,2,0.570263332229215,0.0,0.0,0.0,0.0,0.0,0.0,0.0,0.0,0.0,0.0,0.0,0.570263332229215,0.0,0.0,0.0,0.0,0.0,0.0,0.0,0.0,0.0,0.0,0.0,0.0,20561.733189797946,19770.0,21490.0,1.0,1.0,0.0,860.8140112620073,80.0,0.0,21490.0,21490.0,21490.0,1.0,1.0,0.0,480.0,80.0,,,,,,,62588,60104,60104,62588,02810,02810,62588,02810,02810,62588,01034,01034,62588,02408,02408,27226,01034,01034
62767,20550.0,1050.0,1,19350.0,62.52625456425501,57,19350.0,57,263.0,1,0.01359173126614987,0.017543859649122806,1.0,263.0,0.01359173126614987,1.0,9.870447698457928,0.9864082687338501,0.0,0.0,0.0,1,1,3,1,0.9864082687338501,0.0,0.0,0.0,0.0,0.0,0.0,0.0,0.0,0.0,0.0,0.0,0.9864082687338501,0.0,0.0,0.0,0.0,0.0,0.0,0.0,0.0,0.0,0.0,0.0,0.0,19945.454780361757,19770.0,22600.0,0.9864082687338501,1.0,0.0,660.2713178294574,1030.0,0.0,22600.0,22600.0,22600.0,0.0,1.0,0.0,2050.0,1030.0,,,,,,,,,,,,,,,,,,,60104,02408,02408,27226,01034,01034
63040,22550.0,-950.0,0,13484.0,65.75957083638137,16,13484.0,16,12198.0,13,0.9046277069118955,0.8125,1.0,12198.0,0.9046277069118955,0.0,9.50925907635395,0.09537229308810442,0.0,0.0,0.0,3,1,3,1,0.0,0.0,0.0,0.0,0.0,0.0,0.0,0.0,0.0,0.0,0.0,0.0,0.0,0.0,0.0,0.0,0.0,0.0,0.0,0.0,0.0,0.0,0.0,0.0,0.0,23393.622812221893,22780.0,25580.0,0.0,0.09233165232868586,0.0,843.6228122218926,1210.0,0.0,23398.221839645845,22780.0,25580.0,0.0,0.10206591244466307,0.0,848.2218396458436,1210.0,,,,,,,,,,,,,63040,03118,03118,63040,01034,01034,03118,03118,03118,01305,01034,01034
63178,21470.0,130.0,1,59830.0,55.2788890634095,91,59830.0,91,469.0,1,0.007838876817650008,0.01098901098901099,1.0,469.0,0.007838876817650008,1.0,10.999262486384078,0.9862945010864115,0.0058666220959384925,0.03212435233160622,0.0058666220959384925,1,1,5,2,0.1929633962894869,0.0,0.0,0.0,0.0,0.0,0.0,0.0,0.0,0.010178840046799264,0.0,0.0,0.1929633962894869,0.0,0.0,0.0,0.0,0.0,0.03212435233160622,0.0058666220959384925,0.0,0.0,0.0058666220959384925,0.0,0.0,21635.1559418352,20770.0,25580.0,0.1929633962894869,0.99216112318235,0.0,362.81430720374397,190.0,0.0,25580.0,25580.0,25580.0,0.0,0.0,0.0,4110.0,4010.0,63178,03118,03118,63178,03118,03118,63178,03118,03118,63178,01034,01034,63040,03118,03118,63040,01034,01034,03118,03118,03118,01305,01034,01034
63430,20430.0,1170.0,1,40890.0,49.6105408750091,42,40890.0,42,5443.0,4,0.13311323061873317,0.09523809523809523,1.0,5443.0,0.13311323061873317,1.0,10.618640813358688,0.865321594521888,0.0015651748593788213,0.02528735632183908,0.0015651748593788213,2,1,5,2,0.7829298116898997,0.0,0.0,0.0,0.0,0.0,0.0,0.0,0.0,0.7829298116898997,0.0,0.0,0.7829298116898997,0.0,0.0,0.0,0.0,0.0,0.02528735632183908,0.0015651748593788213,0.0,0.0,0.0015651748593788213,0.0,0.0,20679.552702372217,20050.0,22780.0,0.7829298116898997,1.0,0.0,719.9219858156029,740.0,0.0,22715.496968583502,22310.0,22780.0,0.0,1.0,0.0,2285.4969685835017,740.0,,,,,,,,,,,,,,,,,,,03118,03118,03118,01305,01034,01034
64063,21140.0,460.0,1,4246.0,29.126080395115928,18,4246.0,18,49.0,1,0.011540273198304286,0.05555555555555555,1.0,49.0,0.011540273198304286,1.0,8.353732642263202,0.9884597268016957,0.0,0.0,0.0,1,1,2,2,0.0,0.0,0.0,0.0,0.0,0.0,0.0,0.0,0.0,0.0,0.0,0.0,0.0,0.0,0.0,0.0,0.0,0.0,0.0,0.0,0.0,0.0,0.0,0.0,0.0,23266.02684879887,21710.0,23500.0,0.0,0.13071125765426284,0.0,2126.0268487988697,140.0,0.0,23500.0,23500.0,23500.0,0.0,0.0,0.0,2360.0,1930.0,64063,64063,64063,40224,40184,40184,64063,64063,64063,40224,40184,40184,64063,64063,64063,40224,40184,40184,64063,64063,64063,40184,19153,19153
64233,20830.0,770.0,1,4985.0,23.696344535817843,25,4985.0,25,457.0,2,0.09167502507522568,0.08,1.0,457.0,0.09167502507522568,1.0,8.514188682395938,0.9083249749247744,0.0,0.0,0.0,1,1,5,3,0.1506519558676028,0.0,0.0,0.0,0.0,0.0,0.06018054162487462,0.0,0.0,0.0,0.0,0.0,0.1506519558676028,0.0,0.0,0.0,0.0,0.0,0.0,0.0,0.0,0.0,0.0,0.0,0.0,22980.984954864594,20030.0,23760.0,0.1506519558676028,0.23811434302908727,0.0,2188.8585757271817,140.0,0.0,23500.0,23500.0,23500.0,0.0,0.0,0.0,2670.0,1930.0,,,,,,,,,,,,,64063,64063,64063,40224,40184,40184,64063,64063,64063,40184,19153,19153
64256,21650.0,-50.0,0,12859.0,59.53516366498449,9,12859.0,9,12112.0,8,0.9419083910101874,0.8888888888888888,1.0,12112.0,0.9419083910101874,0.0,9.461799234270439,0.05809160898981258,0.0,0.0,0.0,1,1,1,1,0.0,0.0,0.0,0.0,0.0,0.0,0.0,0.0,0.0,0.0,0.0,0.0,0.0,0.0,0.0,0.0,0.0,0.0,0.0,0.0,0.0,0.0,0.0,0.0,0.0,22530.0,22530.0,22530.0,0.0,1.0,0.0,880.0,960.0,0.0,22530.0,22530.0,22530.0,0.0,1.0,0.0,880.0,960.0,64256,64063,64063,40224,40184,40184,64256,64063,64063,40224,40184,40184,64256,64063,64063,40224,40184,40184,64256,64063,64063,40184,19153,19153
64430,22010.0,-410.0,0,34193.0,57.88751946908648,48,34193.0,48,24450.0,28,0.7150586377328693,0.5833333333333334,1.0,24450.0,0.7150586377328693,0.0,10.439776223738649,0.2645570730851344,0.009007691632790337,0.011376597549205978,0.009007691632790337,1,1,6,2,0.22849706080191853,0.0,0.0,0.0,0.0,0.0,0.0,0.0,0.0,0.0,0.0,0.0,0.22849706080191853,0.0,0.0,0.0,0.0,0.0,0.011376597549205978,0.009007691632790337,0.0,0.0,0.009007691632790337,0.0,0.0,21929.262714590706,21320.0,23500.0,0.22849706080191853,0.9674202322112713,0.0,221.95156903459772,40.0,0.0,22040.0,22040.0,22040.0,0.0,1.0,0.0,30.0,470.0,64430,64063,64063,40224,40184,40184,64430,64063,64063,40224,40184,40184,64430,64063,64063,40224,40184,40184,64430,64063,64063,40184,19153,19153
64499,20900.0,700.0,1,16286.0,49.27536231884058,33,16286.0,33,2512.0,3,0.15424290801915755,0.09090909090909091,1.0,2512.0,0.15424290801915755,1.0,9.698061122027077,0.8457570919808425,0.0,0.0,0.0,1,1,4,2,0.8254942895738672,0.0,0.0,0.0,0.0,0.0,0.0,0.0,0.0,0.0,0.0,0.0,0.8254942895738672,0.0,0.0,0.0,0.0,0.0,0.0,0.0,0.0,0.0,0.0,0.0,0.0,21284.984649392118,21010.0,22530.0,0.8254942895738672,1.0,0.0,384.98464939211595,40.0,0.0,22040.0,22040.0,22040.0,0.0,1.0,0.0,1140.0,470.0,,,,,,,64430,64063,64063,40224,40184,40184,64430,64063,64063,40224,40184,40184,64430,64063,64063,40184,19153,19153
65059,21340.0,260.0,1,18283.0,39.9733263369627,38,18283.0,38,1099.0,4,0.060110485150139475,0.10526315789473684,1.0,1253.0,0.06853361045780233,1.0,9.813726945328504,0.9314663895421976,0.0,0.0,0.0,2,1,4,1,0.9310288245911502,0.0,0.12290502793296089,0.0,0.0,0.0,0.0,0.0,0.0,0.9045561450527813,0.0,0.12290502793296089,0.9310288245911502,0.0,0.12290502793296089,0.0,0.0,0.0,0.0,0.0,0.0,0.0,0.0,0.0,0.0,21250.68096045507,20820.0,22340.0,0.9809112290105563,1.0,0.0,127.49658152381994,270.0,0.0,21302.693357597815,20820.0,22340.0,0.6824385805277525,1.0,0.0,672.4294813466788,750.0,65059,65059,65059,09167,09167,09167,65059,65059,65059,09167,09167,09167,65059,65059,65059,09167,09167,09167,65059,65059,65059,09167,09167,09167
65258,21350.0,250.0,1,20853.0,38.88236281255245,68,20853.0,68,231.0,2,0.011077542799597181,0.029411764705882353,1.0,516.0,0.024744641058840455,1.0,9.945253101768596,0.9752553589411596,0.0,0.006521843379849422,0.0,1,1,5,2,0.9889224572004028,0.0,0.5523255813953488,0.0,0.0,0.0,0.0,0.0,0.0,0.05217474703879538,0.0,0.0,0.9889224572004028,0.0,0.5523255813953488,0.0,0.0,0.0,0.006521843379849422,0.0,0.0,0.0,0.0,0.0,0.0,21179.839831199348,20030.0,22340.0,0.9889224572004028,1.0,0.0,192.0937035438546,270.0,0.0,22340.0,22340.0,22340.0,0.0,1.0,0.0,990.0,770.0,65059,65059,65059,09167,09167,09167,65059,65059,65059,09167,09167,09167,65059,65059,65059,09167,09167,09167,65059,65059,65059,09167,09167,09167
66003,18490.0,3110.0,1,9877.0,20.2754854867184,15,9877.0,15,47.0,1,0.004758529917991293,0.06666666666666667,1.0,47.0,0.004758529917991293,1.0,9.197964100908127,0.9952414700820087,0.0,0.0,0.0,1,1,2,1,0.9952414700820087,0.0,0.0,0.0,0.0,0.0,0.0,0.0,0.0,0.9952414700820087,0.0,0.0,0.9952414700820087,0.0,0.0,0.0,0.0,0.0,0.0,0.0,0.0,0.0,0.0,0.0,0.0,18515.94816239749,18510.0,19760.0,1.0,1.0,0.0,25.948162397489117,1810.0,0.0,19760.0,19760.0,19760.0,1.0,1.0,0.0,1270.0,1810.0,,,,,,,,,,,,,,,,,,,,,,,,
66088,19380.0,2220.0,1,13907.0,48.117777316448695,21,13907.0,21,9556.0,10,0.6871359746890056,0.47619047619047616,1.0,9556.0,0.6871359746890056,1.0,9.540147589478611,0.31286402531099444,0.0,0.0,0.0,1,1,4,1,0.27770187675271446,0.0,0.0,0.0,0.0,0.0,0.0,0.0,0.0,0.0,0.0,0.0,0.27770187675271446,0.0,0.0,0.0,0.0,0.0,0.0,0.0,0.0,0.0,0.0,0.0,0.0,19563.921046954772,17520.0,19760.0,1.0,1.0,0.0,363.8347594736464,1810.0,0.0,19760.0,19760.0,19760.0,1.0,1.0,0.0,380.0,1810.0,,,,,,,,,,,,,,,,,,,,,,,,
67095,22230.0,-630.0,0,14483.0,60.15034471301603,34,14483.0,34,14483.0,34,1.0,1.0,1.0,14483.0,1.0,0.0,9.580730826800856,0.0,0.0,0.0,0.0,4,2,4,2,0.0,0.0,0.0,0.0,0.0,0.0,0.0,0.0,0.0,0.0,0.0,0.0,0.0,0.0,0.0,0.0,0.0,0.0,0.0,0.0,0.0,0.0,0.0,0.0,0.0,22101.495546502796,21790.0,23040.0,0.0,0.8668093627010979,0.0,361.57356901194504,220.0,0.0,22101.495546502796,21790.0,23040.0,0.0,0.8668093627010979,0.0,361.57356901194504,220.0,,,,,,,57089,57089,57089,54329,54273,54273,57089,57089,57089,54039,54039,54039,57089,57089,57089,54039,54039,54039
67434,21090.0,510.0,1,6864.0,63.82147838214784,11,6864.0,11,6246.0,9,0.909965034965035,0.8181818181818182,1.0,6246.0,0.909965034965035,1.0,8.834045641167798,0.09003496503496504,0.0,0.0,0.0,1,1,2,2,0.0,0.0,0.0,0.0,0.0,0.0,0.0,0.0,0.0,0.0,0.0,0.0,0.0,0.0,0.0,0.0,0.0,0.0,0.0,0.0,0.0,0.0,0.0,0.0,0.0,21904.79020979021,21650.0,21930.0,0.0,1.0,0.0,814.7902097902098,80.0,0.0,21930.0,21930.0,21930.0,0.0,1.0,0.0,840.0,360.0,,,,,,,57089,57089,57089,54329,54273,54273,57089,57089,57089,54039,54039,54039,57089,57089,57089,54039,54039,54039
69006,21400.0,200.0,1,15749.0,58.41833895916021,16,15749.0,16,14147.0,14,0.8982792558257667,0.875,1.0,14147.0,0.8982792558257667,1.0,9.664532150174582,0.10172074417423328,0.0,0.0,0.0,2,1,3,2,0.10172074417423328,0.0,0.0,0.0,0.0,0.0,0.0,0.0,0.0,0.0,0.0,0.0,0.10172074417423328,0.0,0.0,0.0,0.0,0.0,0.0,0.0,0.0,0.0,0.0,0.0,0.0,21478.0684487904,21440.0,21700.0,0.9902850974665058,1.0,0.0,78.06844879039939,90.0,0.0,21482.379303032445,21480.0,21700.0,0.9891849862161589,1.0,0.0,82.37930303244504,90.0,69006,69006,69006,42011,01034,01034,69006,42011,42011,01305,01034,01034,69006,42011,42011,01305,01034,01034,69006,42011,42011,01305,01034,01034
69018,22010.0,-410.0,0,8392.0,41.34601172587082,9,8392.0,9,6478.0,8,0.7719256434699714,0.8888888888888888,1.0,6478.0,0.7719256434699714,0.0,9.035034150076132,0.2280743565300286,0.0,0.2280743565300286,0.0,2,1,2,1,0.0,0.0,0.0,0.0,0.0,0.0,0.0,0.0,0.0,0.0,0.0,0.0,0.0,0.0,0.0,0.0,0.0,0.0,0.2280743565300286,0.0,0.0,0.0,0.0,0.0,0.0,22610.22402287893,21480.0,22660.0,0.04218303145853194,1.0,0.0,644.9380362249761,90.0,0.0,22595.517134918184,21480.0,22660.0,0.05464649583204693,1.0,0.0,643.4424205001544,90.0,69006,69006,69006,42011,01034,01034,69006,42011,42011,01305,01034,01034,69006,42011,42011,01305,01034,01034,69006,42011,42011,01305,01034,01034
70279,20770.0,830.0,1,23394.0,38.25612009615542,57,23394.0,57,768.0,2,0.032828930494998715,0.03508771929824561,1.0,768.0,0.032828930494998715,1.0,10.060234858210652,0.9671710695050013,0.0,0.020774557578866377,0.0,1,1,5,3,0.9128408993759084,0.0,0.0,0.0,0.0,0.0,0.0,0.0,0.0,0.0,0.0,0.0,0.9128408993759084,0.0,0.0,0.0,0.0,0.0,0.020774557578866377,0.0,0.0,0.0,0.0,0.0,0.0,20893.79157048816,20660.0,23780.0,0.9128408993759084,0.9351970590749765,0.0,313.999316063948,690.0,0.0,23780.0,23780.0,23780.0,0.0,0.0,0.0,3010.0,2210.0,,,,,,,,,,,,,21317,01034,01034,21317,01034,01034,21317,01034,01034,21317,01034,01034
70310,21000.0,600.0,1,39495.0,63.42336844809866,59,39495.0,59,28485.0,27,0.7212305355108242,0.4576271186440678,1.0,28811.0,0.7294847449044183,1.0,10.58392936059852,0.2705152550955817,0.0,0.0,0.0,2,1,5,1,0.19384732244587924,0.0,0.011315122696192427,0.0,0.0,0.0,0.0,0.0,0.0,0.0,0.0,0.0,0.19384732244587924,0.0,0.011315122696192427,0.0,0.0,0.0,0.0,0.0,0.0,0.0,0.0,0.0,0.0,21151.000886188125,20470.0,21880.0,0.678870743132042,1.0,0.0,308.2299025193062,60.0,0.0,21232.04914867474,21020.0,21630.0,0.6523784447955064,1.0,0.0,232.0491486747411,60.0,,,,,,,70310,70310,70310,25047,01034,01034,70310,01034,01034,21317,01034,01034,70310,01034,01034,21317,01034,01034
70311,20520.0,1080.0,1,26061.0,60.17455956036851,42,26061.0,42,13402.0,12,0.5142550170753233,0.2857142857142857,1.0,13402.0,0.5142550170753233,1.0,10.16819522292803,0.4857449829246767,0.0,0.14519780514945704,0.0,1,1,5,1,0.28897586431833006,0.0,0.0,0.0,0.0,0.0,0.0,0.0,0.0,0.0,0.0,0.0,0.28897586431833006,0.0,0.0,0.0,0.0,0.0,0.14519780514945704,0.0,0.0,0.0,0.0,0.0,0.0,20302.608111737845,19860.0,21880.0,0.8598288630520702,1.0,0.0,619.948965887725,30.0,0.0,20070.0,20070.0,20070.0,1.0,1.0,0.0,450.0,1500.0,,,,,,,,,,,,,,,,,,,70311,01034,01034,21317,01034,01034
70334,22590.0,-990.0,0,14559.0,38.04285340998171,48,14559.0,48,8099.0,24,0.5562882066075967,0.5,1.0,8099.0,0.5562882066075967,0.0,9.585964638073326,0.434851294731781,0.008860498660622296,0.03262586716120613,0.008860498660622296,1,2,3,3,0.2790713647915379,0.0,0.0,0.0,0.0,0.0,0.0,0.0,0.0,0.0,0.0,0.0,0.2790713647915379,0.0,0.0,0.0,0.0,0.0,0.03262586716120613,0.008860498660622296,0.0,0.0,0.008860498660622296,0.0,0.0,22596.478466927674,21550.0,23080.0,0.2790713647915379,0.3968679167525242,0.0,586.9469056940724,20.0,0.0,23080.0,23080.0,23080.0,0.0,0.0,0.0,490.0,1510.0,,,,,,,,,,,,,70334,01034,01034,21317,01034,01034,70334,01034,01034,21317,01034,01034
70447,22660.0,-1060.0,0,12251.0,35.19694314362054,48,12251.0,48,6971.0,20,0.5690147743041385,0.4166666666666667,1.0,6971.0,0.5690147743041385,0.0,9.41336284529417,0.43098522569586156,0.0,0.0,0.0,2,2,4,2,0.0,0.0,0.0,0.0,0.0,0.0,0.0,0.0,0.0,0.0,0.0,0.0,0.0,0.0,0.0,0.0,0.0,0.0,0.0,0.0,0.0,0.0,0.0,0.0,0.0,22898.96334993062,21610.0,23230.0,0.0,0.3989062117378173,0.0,446.28356868827035,40.0,0.0,23212.97374838617,22400.0,23230.0,0.0,0.02051355616123942,0.0,563.6407975900158,830.0,,,,,,,,,,,,,,,,,,,25047,01034,01034,21317,01034,01034
70550,21660.0,-60.0,0,49661.0,61.17845615591199,83,49661.0,83,31979.0,20,0.6439459535651718,0.24096385542168675,1.0,32203.0,0.6484565353093977,0.0,10.812975195790544,0.35154346469060227,0.0,0.0,0.0,1,1,8,1,0.19965365175892552,0.0,0.006955873676365556,0.0,0.0,0.0,0.0,0.0,0.0,0.0,0.0,0.0,0.19965365175892552,0.0,0.006955873676365556,0.0,0.0,0.0,0.0,0.0,0.0,0.0,0.0,0.0,0.0,21519.47181893236,20880.0,22440.0,0.8435996053240974,1.0,0.0,280.6115462838042,0.0,0.0,21390.0,21390.0,21390.0,1.0,1.0,0.0,270.0,180.0,70550,70550,70550,25047,01034,01034,70550,70310,70310,25047,01034,01034,70550,01034,01034,21317,01034,01034,70550,01034,01034,21317,01034,01034
71014,20740.0,860.0,1,29821.0,35.57360817855396,43,29821.0,43,3085.0,9,0.10345058851145165,0.20930232558139536,1.0,3085.0,0.10345058851145165,1.0,10.302968122297036,0.8808557727775729,0.0,0.015693638710975486,0.0,1,2,3,2,0.8808557727775729,0.0,0.0,0.0,0.0,0.0,0.0,0.0,0.0,0.0,0.0,0.0,0.8808557727775729,0.0,0.0,0.0,0.0,0.0,0.015693638710975486,0.0,0.0,0.0,0.0,0.0,0.0,20995.871365816034,20680.0,23320.0,0.8808557727775729,0.8808557727775729,0.0,359.5781496261024,810.0,0.0,23320.0,23320.0,23320.0,0.0,0.0,0.0,2580.0,1750.0,,,,,,,,,,,,,71014,01034,01034,71014,01034,01034,71014,01034,01034,71014,01034,01034
71120,20940.0,660.0,1,12006.0,55.14675485737908,18,12006.0,18,3569.0,5,0.2972680326503415,0.2777777777777778,1.0,3569.0,0.2972680326503415,1.0,9.393161803811788,0.7027319673496585,0.0,0.0,0.0,2,2,4,3,0.6350158254206231,0.0,0.0,0.0,0.0,0.0,0.0,0.0,0.0,0.0,0.0,0.0,0.6350158254206231,0.0,0.0,0.0,0.0,0.0,0.0,0.0,0.0,0.0,0.0,0.0,0.0,21263.403298350826,20980.0,22660.0,0.7222222222222222,1.0,0.0,323.40329835082457,10.0,0.0,21550.664051555057,21480.0,21580.0,0.2933594844494256,1.0,0.0,610.6640515550574,10.0,,,,,,,69006,42011,42011,01305,01034,01034,69006,42011,42011,01305,01034,01034,69006,42011,42011,01305,01034,01034
71137,22040.0,-440.0,0,22020.0,34.774643883642334,50,22020.0,50,2544.0,3,0.11553133514986376,0.06,1.0,2544.0,0.11553133514986376,0.0,9.999706410276671,0.8844686648501362,0.0,0.07933696639418711,0.0,2,1,6,2,0.0,0.0,0.0,0.0,0.0,0.0,0.0,0.0,0.0,0.0,0.0,0.0,0.0,0.0,0.0,0.0,0.0,0.0,0.07933696639418711,0.0,0.0,0.0,0.0,0.0,0.0,21983.584922797458,21600.0,22740.0,0.0,1.0,0.0,186.60399636693916,30.0,0.0,22208.20754716981,22160.0,22370.0,0.0,1.0,0.0,168.20754716981133,590.0,71137,71137,71137,42011,01034,01034,01305,01034,01034,01305,01034,01034,01305,01034,01034,01305,01034,01034,01305,01034,01034,01305,01034,01034
71263,20870.0,730.0,1,23186.0,56.6507036747459,25,23186.0,25,604.0,1,0.02605020270853101,0.04,1.0,604.0,0.02605020270853101,1.0,10.051303927230347,0.973949797291469,0.0,0.0,0.0,1,1,2,1,0.8472354006728198,0.0,0.0,0.0,0.0,0.0,0.0,0.0,0.0,0.0,0.0,0.0,0.8472354006728198,0.0,0.0,0.0,0.0,0.0,0.0,0.0,0.0,0.0,0.0,0.0,0.0,21210.68403346847,21090.0,21880.0,0.8472354006728198,1.0,0.0,340.68403346847236,310.0,0.0,21880.0,21880.0,21880.0,0.0,1.0,0.0,1010.0,310.0,,,,,,,01305,01034,01034,01305,01034,01034,01305,01034,01034,01305,01034,01034,01305,01034,01034,01305,01034,01034
71417,22340.0,-740.0,0,5345.0,28.801594999461148,24,5345.0,24,3074.0,15,0.5751169317118803,0.625,1.0,3074.0,0.5751169317118803,0.0,8.583916823459145,0.4248830682881197,0.0,0.0,0.0,2,1,2,1,0.0,0.0,0.0,0.0,0.0,0.0,0.0,0.0,0.0,0.0,0.0,0.0,0.0,0.0,0.0,0.0,0.0,0.0,0.0,0.0,0.0,0.0,0.0,0.0,0.0,23265.451824134707,22740.0,23370.0,0.0,0.16594948550046773,0.0,925.4518241347054,1170.0,0.0,23264.863370201692,22740.0,23370.0,0.0,0.16688353936239428,0.0,924.8633702016916,1170.0,,,,,,,71417,01034,01034,01305,01034,01034,71417,01034,01034,01305,01034,01034,71417,01034,01034,01305,01034,01034
71419,20640.0,960.0,1,9511.0,34.32706536254376,17,9511.0,17,547.0,1,0.057512354116286406,0.058823529411764705,1.0,547.0,0.057512354116286406,1.0,9.160204302482386,0.9424876458837136,0.0,0.0,0.0,1,1,4,1,0.9424876458837136,0.0,0.0,0.0,0.0,0.0,0.0,0.0,0.0,0.0,0.0,0.0,0.9424876458837136,0.0,0.0,0.0,0.0,0.0,0.0,0.0,0.0,0.0,0.0,0.0,0.0,21104.939543686258,20660.0,21880.0,0.9424876458837136,1.0,0.0,464.939543686258,310.0,0.0,21880.0,21880.0,21880.0,0.0,1.0,0.0,1240.0,310.0,,,,,,,,,,,,,01305,01034,01034,01305,01034,01034,01305,01034,01034,01305,01034,01034
71512,22510.0,-910.0,0,6843.0,61.83806253388759,9,6843.0,9,6843.0,9,1.0,1.0,1.0,6843.0,1.0,0.0,8.830981510952498,0.0,0.0,0.0,0.0,1,1,1,1,0.0,0.0,0.0,0.0,0.0,0.0,0.0,0.0,0.0,0.0,0.0,0.0,0.0,0.0,0.0,0.0,0.0,0.0,0.0,0.0,0.0,0.0,0.0,0.0,0.0,22740.0,22740.0,22740.0,0.0,1.0,0.0,230.0,1170.0,0.0,22740.0,22740.0,22740.0,0.0,1.0,0.0,230.0,1170.0,,,,,,,,,,,,,71417,01034,01034,01305,01034,01034,71417,01034,01034,01305,01034,01034
72039,21090.0,510.0,1,11036.0,51.28491100887588,14,11036.0,14,2643.0,4,0.23948894527002537,0.2857142857142857,1.0,2643.0,0.23948894527002537,1.0,9.308917935337176,0.7605110547299746,0.0,0.0,0.0,2,1,3,1,0.7605110547299746,0.0,0.0,0.0,0.0,0.0,0.0,0.0,0.0,0.0,0.0,0.0,0.7605110547299746,0.0,0.0,0.0,0.0,0.0,0.0,0.0,0.0,0.0,0.0,0.0,0.0,20876.805001812252,20500.0,22120.0,0.7605110547299746,1.0,0.0,684.2080463936209,160.0,0.0,22073.371169125992,21730.0,22120.0,0.0,1.0,0.0,983.3711691259932,160.0,,,,,,,72039,49127,49127,37063,02810,02810,72039,49127,49127,37063,01034,01034,72039,49127,49127,37063,01034,01034
72090,21170.0,430.0,1,20701.0,63.02825478017294,21,20701.0,21,16331.0,17,0.7888990870006279,0.8095238095238095,1.0,16331.0,0.7888990870006279,1.0,9.937937287265354,0.13052509540601903,0.0,0.08057581759335297,0.0,2,1,3,1,0.13052509540601903,0.0,0.0,0.0,0.0,0.0,0.0,0.0,0.0,0.0,0.0,0.0,0.13052509540601903,0.0,0.0,0.0,0.0,0.0,0.08057581759335297,0.0,0.0,0.0,0.0,0.0,0.0,21858.39138205884,21090.0,22120.0,0.13052509540601903,1.0,0.0,709.2753973238008,160.0,0.0,21998.63694813545,21730.0,22120.0,0.0,1.0,0.0,828.6369481354479,160.0,72090,72090,72090,72090,02810,02810,72039,49127,49127,37063,02810,02810,72039,49127,49127,37063,01034,01034,72039,49127,49127,37063,01034,01034
72124,21350.0,250.0,1,19414.0,65.16733241583027,12,19414.0,12,10843.0,5,0.5585144740908623,0.4166666666666667,1.0,10843.0,0.5585144740908623,1.0,9.873749734272172,0.44148552590913775,0.0,0.0,0.0,2,1,3,1,0.44148552590913775,0.0,0.0,0.0,0.0,0.0,0.0,0.0,0.0,0.0,0.0,0.0,0.44148552590913775,0.0,0.0,0.0,0.0,0.0,0.0,0.0,0.0,0.0,0.0,0.0,0.0,21797.291645204492,20560.0,23650.0,0.44148552590913775,0.873802410631503,0.0,1144.8387761409292,950.0,0.0,22775.326016785024,22520.0,23650.0,0.0,0.7740477727566172,0.0,1425.3260167850226,950.0,72124,72090,72090,72124,02810,02810,72124,49127,49127,72124,02810,02810,72124,49127,49127,72124,01034,01034,72124,49127,49127,72124,01034,01034
72132,21710.0,-110.0,0,25519.0,61.67585073472544,22,25519.0,22,14918.0,13,0.5845840354245856,0.5909090909090909,1.0,14918.0,0.5845840354245856,0.0,10.147178551737998,0.3087111563932756,0.0,0.1067048081821388,0.0,1,1,2,2,0.2429170422038481,0.0,0.0,0.0,0.0,0.0,0.0,0.0,0.0,0.0,0.0,0.0,0.2429170422038481,0.0,0.0,0.0,0.0,0.0,0.1067048081821388,0.0,0.0,0.0,0.0,0.0,0.0,21601.25396763196,21200.0,21730.0,0.2429170422038481,1.0,0.0,139.02935067988557,160.0,0.0,21730.0,21730.0,21730.0,0.0,1.0,0.0,20.0,160.0,72090,72090,72090,72090,02810,02810,72039,49127,49127,37063,02810,02810,72039,49127,49127,37063,01034,01034,72039,49127,49127,37063,01034,01034
72264,20920.0,680.0,1,32889.0,63.25415905375516,24,32889.0,24,26483.0,14,0.8052236310012466,0.5833333333333334,1.0,26483.0,0.8052236310012466,1.0,10.40089353434265,0.1947763689987534,0.0,0.02915868527471191,0.0,1,1,4,2,0.12575633190428412,0.0,0.0,0.0,0.0,0.0,0.0,0.0,0.0,0.0,0.0,0.0,0.12575633190428412,0.0,0.0,0.0,0.0,0.0,0.02915868527471191,0.0,0.0,0.0,0.0,0.0,0.0,20976.36230958679,20920.0,21510.0,1.0,1.0,0.8272674754477181,56.36230958679194,60.0,0.0,20920.0,20920.0,20920.0,1.0,1.0,1.0,0.0,650.0,,,,,,,72264,49127,49127,35125,02810,02810,72264,49127,49127,35125,01034,01034,72264,49127,49127,35125,01034,01034
72269,21070.0,530.0,1,15259.0,29.854046016591017,22,15259.0,22,491.0,1,0.03217773117504424,0.045454545454545456,1.0,491.0,0.03217773117504424,1.0,9.632924771891735,0.9678222688249558,0.0,0.033947178714201456,0.0,1,1,4,2,0.7085654367914018,0.0,0.0,0.0,0.0,0.0,0.0,0.0,0.0,0.0,0.0,0.0,0.7085654367914018,0.0,0.0,0.0,0.0,0.0,0.033947178714201456,0.0,0.0,0.0,0.0,0.0,0.0,21309.367586342487,20770.0,22120.0,0.7085654367914018,1.0,0.0,279.08185333245956,320.0,0.0,22120.0,22120.0,22120.0,0.0,1.0,0.0,1050.0,550.0,,,,,,,72039,49127,49127,37063,02810,02810,72039,49127,49127,37063,01034,01034,72039,49127,49127,37063,01034,01034
73006,23350.0,-1750.0,0,8261.0,43.31026528258362,2,8261.0,2,3828.0,1,0.4633821571238349,0.5,1.0,3828.0,0.4633821571238349,0.0,9.019300924562506,0.0,0.0,0.5366178428761651,0.0,1,1,1,1,0.0,0.0,0.0,0.0,0.0,0.0,0.0,0.0,0.0,0.0,0.0,0.0,0.0,0.0,0.0,0.0,0.0,0.0,0.5366178428761651,0.0,0.0,0.0,0.0,0.0,0.0,23240.0,23240.0,23240.0,0.0,0.0,0.0,110.0,1670.0,0.0,23240.0,23240.0,23240.0,0.0,0.0,0.0,110.0,1670.0,,,,,,,,,,,,,,,,,,,,,,,,
73054,22910.0,-1310.0,0,13315.0,28.067623685153567,8,13315.0,8,13315.0,8,1.0,1.0,1.0,13315.0,1.0,0.0,9.496646498248033,0.0,0.0,0.0,0.0,2,1,2,1,0.0,0.0,0.0,0.0,0.0,0.0,0.0,0.0,0.0,0.0,0.0,0.0,0.0,0.0,0.0,0.0,0.0,0.0,0.0,0.0,0.0,0.0,0.0,0.0,0.0,22981.319564401052,22950.0,23240.0,0.0,0.0,0.0,71.31956440105145,1380.0,0.0,22981.319564401052,22950.0,23240.0,0.0,0.0,0.0,71.31956440105145,1380.0,,,,,,,,,,,,,,,,,,,73054,26176,26176,73054,26176,26176
73055,23540.0,-1940.0,0,6595.0,21.4890843923102,6,6595.0,6,4237.0,5,0.6424564063684609,0.8333333333333334,1.0,4237.0,0.6424564063684609,0.0,8.794067065151415,0.0,0.0,0.35754359363153904,0.0,1,1,1,1,0.0,0.0,0.0,0.0,0.0,0.0,0.0,0.0,0.0,0.0,0.0,0.0,0.0,0.0,0.0,0.0,0.0,0.0,0.35754359363153904,0.0,0.0,0.0,0.0,0.0,0.0,23580.0,23580.0,23580.0,0.0,0.0,0.0,40.0,2010.0,0.0,23580.0,23580.0,23580.0,0.0,0.0,0.0,40.0,2010.0,,,,,,,,,,,,,,,,,,,,,,,,
73157,22850.0,-1250.0,0,8564.0,10.078021111594902,10,8564.0,10,4947.0,5,0.5776506305464736,0.5,1.0,4947.0,0.5776506305464736,0.0,9.055322649709574,0.4223493694535264,0.0,0.2414759458197104,0.0,1,1,1,1,0.0,0.0,0.0,0.0,0.0,0.0,0.0,0.0,0.0,0.0,0.0,0.0,0.0,0.0,0.0,0.0,0.0,0.0,0.2414759458197104,0.0,0.0,0.0,0.0,0.0,0.0,22850.0,22850.0,22850.0,0.0,0.0,1.0,0.0,1280.0,0.0,22850.0,22850.0,22850.0,0.0,0.0,1.0,0.0,1280.0,,,,,,,,,,,,,,,,,,,73157,26176,26176,73157,26176,26176
73181,22800.0,-1200.0,0,18781.0,33.87198586037116,12,18781.0,12,3263.0,4,0.17373941749640595,0.3333333333333333,1.0,3263.0,0.17373941749640595,0.0,9.840600999480937,0.4842127682232043,0.0,0.5271284809115595,0.0,2,1,3,1,0.0,0.0,0.0,0.0,0.0,0.0,0.0,0.0,0.0,0.4842127682232043,0.0,0.0,0.4842127682232043,0.0,0.0,0.0,0.0,0.0,0.5271284809115595,0.0,0.0,0.0,0.0,0.0,0.0,22785.416112028113,22200.0,23580.0,0.0,0.4842127682232043,0.0,566.4714338959586,630.0,0.0,23502.32914495863,23250.0,23580.0,0.0,0.0,0.0,702.329144958627,1680.0,,,,,,,,,,,,,,,,,,,73181,26176,26176,73181,26176,26176
73248,23040.0,-1440.0,0,27517.0,28.518572257690074,33,27517.0,33,25425.0,28,0.9239742704509939,0.8484848484848485,1.0,25672.0,0.9329505396663881,0.0,10.222559274477174,0.007886034088018317,0.0,0.059163426245593634,0.0,3,1,4,1,0.0,0.0,0.0,0.0,0.0,0.0,0.0,0.0,0.0,0.00897626921539412,0.0,0.009621377376129635,0.00897626921539412,0.0,0.009621377376129635,0.0,0.0,0.0,0.059163426245593634,0.0,0.0,0.0,0.0,0.0,0.0,23028.73241995857,22470.0,23470.0,0.0,0.00897626921539412,0.0,242.98033942653632,900.0,0.0,23028.122713864308,22860.0,23470.0,0.0,0.0,0.0,236.8810226155359,1290.0,,,,,,,,,,,,,,,,,,,73248,26176,26176,73248,26176,26176
73270,23710.0,-2110.0,0,16373.0,60.62277843601896,23,16373.0,23,11208.0,13,0.6845416234043853,0.5652173913043478,1.0,14186.0,0.8664264337629023,0.0,9.703388915639492,0.010505099859524827,0.0,0.12306846637757284,0.0,1,1,3,1,0.0,0.0,0.0,0.0,0.0,0.0,0.0,0.0,0.0,0.3049532767360899,0.0,0.20992527844353587,0.3049532767360899,0.0,0.20992527844353587,0.0,0.0,0.0,0.12306846637757284,0.0,0.0,0.0,0.0,0.0,0.0,23720.786050204606,22470.0,24280.0,0.0,0.3049532767360899,0.0,769.591400476394,900.0,0.0,24280.0,24280.0,24280.0,0.0,0.0,0.0,570.0,2710.0,,,,,,,,,,,,,,,,,,,,,,,,
73304,22800.0,-1200.0,0,3605.0,20.480627201454386,2,3605.0,2,3605.0,2,1.0,1.0,1.0,3605.0,1.0,0.0,8.190077049719049,0.0,0.0,0.0,0.0,1,1,1,1,0.0,0.0,0.0,0.0,0.0,0.0,0.0,0.0,0.0,0.0,0.0,0.0,0.0,0.0,0.0,0.0,0.0,0.0,0.0,0.0,0.0,0.0,0.0,0.0,0.0,22950.0,22950.0,22950.0,0.0,0.0,0.0,150.0,1380.0,0.0,22950.0,22950.0,22950.0,0.0,0.0,0.0,150.0,1380.0,,,,,,,,,,,,,,,,,,,73054,26176,26176,73054,26176,26176
73330,23720.0,-2120.0,0,7823.0,61.97908413880526,13,7823.0,13,7823.0,13,1.0,1.0,1.0,7823.0,1.0,0.0,8.96482339168508,0.0,0.0,0.0,0.0,3,2,3,2,0.0,0.0,0.0,0.0,0.0,0.0,0.0,0.0,0.0,0.0,0.0,0.0,0.0,0.0,0.0,0.0,0.0,0.0,0.0,0.0,0.0,0.0,0.0,0.0,0.0,23311.473859133326,22260.0,25200.0,0.0,0.12258724274574971,0.0,547.3884698964591,690.0,0.0,23311.473859133326,22260.0,25200.0,0.0,0.12258724274574971,0.0,547.3884698964591,690.0,,,,,,,,,,,,,,,,,,,,,,,,
74056,23180.0,-1580.0,0,12228.0,59.89126708135377,3,12228.0,3,12228.0,3,1.0,1.0,1.0,12228.0,1.0,0.0,9.411483683010726,0.0,0.0,0.0,0.0,1,1,1,1,0.0,0.0,0.0,0.0,0.0,0.0,0.0,0.0,0.0,0.0,0.0,0.0,0.0,0.0,0.0,0.0,0.0,0.0,0.0,0.0,0.0,0.0,0.0,0.0,0.0,23180.0,23180.0,23180.0,0.0,0.0,1.0,0.0,1610.0,0.0,23180.0,23180.0,23180.0,0.0,0.0,1.0,0.0,1610.0,,,,,,,,,,,,,,,,,,,,,,,,
74191,24350.0,-2750.0,0,8800.0,42.60882196291096,9,8800.0,9,8800.0,9,1.0,1.0,1.0,8800.0,1.0,0.0,9.082507000466299,0.0,0.0,0.0,0.0,1,1,1,1,0.0,0.0,0.0,0.0,0.0,0.0,0.0,0.0,0.0,0.0,0.0,0.0,0.0,0.0,0.0,0.0,0.0,0.0,0.0,0.0,0.0,0.0,0.0,0.0,0.0,24600.0,24600.0,24600.0,0.0,0.0,0.0,250.0,3030.0,0.0,24600.0,24600.0,24600.0,0.0,0.0,0.0,250.0,3030.0,,,,,,,,,,,,,,,,,,,,,,,,
74236,23630.0,-2030.0,0,14383.0,47.3125,11,14383.0,11,14383.0,11,1.0,1.0,1.0,14383.0,1.0,0.0,9.573802232603889,0.0,0.0,0.0,0.0,2,2,2,2,0.0,0.0,0.0,0.0,0.0,0.0,0.0,0.0,0.0,0.0,0.0,0.0,0.0,0.0,0.0,0.0,0.0,0.0,0.0,0.0,0.0,0.0,0.0,0.0,0.0,24063.090454008205,22680.0,24370.0,0.0,0.18160328165195022,0.0,778.1366891469096,1110.0,0.0,24063.090454008205,22680.0,24370.0,0.0,0.18160328165195022,0.0,778.1366891469096,1110.0,,,,,,,,,,,,,,,,,,,,,,,,
74258,24530.0,-2930.0,0,4569.0,18.51596693143135,4,4569.0,4,4569.0,4,1.0,1.0,1.0,4569.0,1.0,0.0,8.427049641563272,0.0,0.0,0.0,0.0,1,1,1,1,0.0,0.0,0.0,0.0,0.0,0.0,0.0,0.0,0.0,0.0,0.0,0.0,0.0,0.0,0.0,0.0,0.0,0.0,0.0,0.0,0.0,0.0,0.0,0.0,0.0,25560.0,25560.0,25560.0,0.0,0.0,0.0,1030.0,3990.0,0.0,25560.0,25560.0,25560.0,0.0,0.0,0.0,1030.0,3990.0,,,,,,,,,,,,,,,,,,,,,,,,
74269,26250.0,-4650.0,0,12237.0,64.70494923857868,16,12237.0,16,12094.0,15,0.9883141292800524,0.9375,1.0,12094.0,0.9883141292800524,0.0,9.412219427985669,0.0,0.0,0.0116858707199477,0.0,3,3,3,3,0.0,0.0,0.0,0.0,0.0,0.0,0.0,0.0,0.0,0.0,0.0,0.0,0.0,0.0,0.0,0.0,0.0,0.0,0.0116858707199477,0.0,0.0,0.0,0.0,0.0,0.0,28421.005965514425,24160.0,28850.0,0.0,0.0,0.0,2512.2660782871617,2590.0,0.0,28471.3882917149,24160.0,28850.0,0.0,0.0,0.0,2517.2589713907723,2590.0,,,,,,,,,,,,,,,,,,,,,,,,
74280,24670.0,-3070.0,0,15075.0,57.91839557399724,8,15075.0,8,15075.0,8,1.0,1.0,1.0,15075.0,1.0,0.0,9.620793021595386,0.0,0.0,0.0,0.0,1,1,1,1,0.0,0.0,0.0,0.0,0.0,0.0,0.0,0.0,0.0,0.0,0.0,0.0,0.0,0.0,0.0,0.0,0.0,0.0,0.0,0.0,0.0,0.0,0.0,0.0,0.0,25250.0,25250.0,25250.0,0.0,0.0,0.0,580.0,3680.0,0.0,25250.0,25250.0,25250.0,0.0,0.0,0.0,580.0,3680.0,,,,,,,,,,,,,,,,,,,,,,,,
76035,20260.0,1340.0,1,17833.0,39.50073096176849,56,17833.0,56,9641.0,33,0.5406269276061235,0.5892857142857143,1.0,9641.0,0.5406269276061235,1.0,9.788805952452513,0.45937307239387654,0.0,0.0,0.0,1,1,4,3,0.45937307239387654,0.0,0.0,0.0,0.0,0.0,0.0,0.0,0.0,0.0,0.0,0.0,0.45937307239387654,0.0,0.0,0.0,0.0,0.0,0.0,0.0,0.0,0.0,0.0,0.0,0.0,21068.10800201873,20200.0,21620.0,0.45937307239387654,1.0,0.0,850.7099198115852,50.0,0.0,21620.0,21620.0,21620.0,0.0,1.0,0.0,1360.0,50.0,,,,,,,,,,,,,,,,,,,60286,02408,02408,27226,01034,01034
76101,20000.0,1600.0,1,11640.0,47.184725769184,24,11640.0,24,660.0,4,0.05670103092783505,0.16666666666666666,1.0,660.0,0.05670103092783505,1.0,9.36220272128543,0.9432989690721649,0.0,0.0,0.0,1,1,4,2,0.9432989690721649,0.0,0.0,0.0,0.0,0.0,0.0,0.0,0.0,0.0,0.0,0.0,0.9432989690721649,0.0,0.0,0.0,0.0,0.0,0.0,0.0,0.0,0.0,0.0,0.0,0.0,20307.47594501718,19980.0,21620.0,0.9432989690721649,1.0,0.0,309.1082474226804,50.0,0.0,21620.0,21620.0,21620.0,0.0,1.0,0.0,1620.0,50.0,,,,,,,,,,,,,,,,,,,,,,,,
76146,23030.0,-1430.0,0,7999.0,60.870557796210335,14,7999.0,14,3319.0,9,0.4149268658582323,0.6428571428571429,1.0,3319.0,0.4149268658582323,0.0,8.987071812848821,0.23252906613326665,0.0,0.3525440680085011,0.0,1,1,3,1,0.23252906613326665,0.0,0.0,0.0,0.0,0.0,0.0,0.0,0.0,0.0,0.0,0.0,0.23252906613326665,0.0,0.0,0.0,0.0,0.0,0.3525440680085011,0.0,0.0,0.0,0.0,0.0,0.0,24040.166270783848,20680.0,24960.0,0.23252906613326665,0.23252906613326665,0.0,1952.2715339417427,540.0,0.0,24960.0,24960.0,24960.0,0.0,0.0,0.0,1930.0,3390.0,,,,,,,,,,,,,,,,,,,76146,76146,76146,27226,01034,01034
76164,22590.0,-990.0,0,11042.0,62.42297473005824,6,11042.0,6,11042.0,6,1.0,1.0,1.0,11042.0,1.0,0.0,9.30946146284399,0.0,0.0,0.0,0.0,1,1,1,1,0.0,0.0,0.0,0.0,0.0,0.0,0.0,0.0,0.0,0.0,0.0,0.0,0.0,0.0,0.0,0.0,0.0,0.0,0.0,0.0,0.0,0.0,0.0,0.0,0.0,21830.0,21830.0,21830.0,0.0,1.0,0.0,760.0,260.0,0.0,21830.0,21830.0,21830.0,0.0,1.0,0.0,760.0,260.0,,,,,,,,,,,,,76164,76164,76164,76164,01034,01034,76164,76146,76146,76164,01034,01034
76312,21170.0,430.0,1,21909.0,53.26387039225534,35,21909.0,35,5017.0,6,0.22899265142179012,0.17142857142857143,1.0,5017.0,0.22899265142179012,1.0,9.99465279028822,0.7710073485782099,0.0,0.01068054224291387,0.0,1,1,5,3,0.7428454059975352,0.0,0.0,0.0,0.0,0.0,0.0,0.0,0.0,0.0,0.0,0.0,0.7428454059975352,0.0,0.0,0.0,0.0,0.0,0.01068054224291387,0.0,0.0,0.0,0.0,0.0,0.0,21106.54114747364,20680.0,22260.0,0.7428454059975352,1.0,0.05751061207722854,608.1692455155415,240.0,0.0,22260.0,22260.0,22260.0,0.0,1.0,0.0,1090.0,690.0,76312,02810,02810,27226,02810,02810,76312,02810,02810,27226,02810,02810,76312,02810,02810,27226,01034,01034,76312,02408,02408,27226,01034,01034
76462,20690.0,910.0,1,16997.0,43.09147145319948,39,16997.0,39,71.0,1,0.004177207742542802,0.02564102564102564,1.0,71.0,0.004177207742542802,1.0,9.740792136877351,0.9958227922574572,0.0,0.0,0.0,1,1,3,1,0.9958227922574572,0.0,0.0,0.0,0.0,0.0,0.0,0.0,0.0,0.0,0.0,0.0,0.9958227922574572,0.0,0.0,0.0,0.0,0.0,0.0,0.0,0.0,0.0,0.0,0.0,0.0,20760.134141319057,19980.0,21570.0,1.0,1.0,0.0,438.1461434370771,0.0,0.0,21570.0,21570.0,21570.0,1.0,1.0,0.0,880.0,0.0,,,,,,,,,,,,,76462,76164,76164,76462,01034,01034,76462,76146,76146,27226,01034,01034
77051,22400.0,-800.0,0,7316.0,51.65572265762904,14,7316.0,14,7316.0,14,1.0,1.0,1.0,7316.0,1.0,0.0,8.897819009510757,0.0,0.0,0.0,0.0,2,2,2,2,0.0,0.0,0.0,0.0,0.0,0.0,0.0,0.0,0.0,0.0,0.0,0.0,0.0,0.0,0.0,0.0,0.0,0.0,0.0,0.0,0.0,0.0,0.0,0.0,0.0,22990.243302351013,22280.0,23010.0,0.0,0.02706396938217605,0.0,596.7386550027337,710.0,0.0,22990.243302351013,22280.0,23010.0,0.0,0.02706396938217605,0.0,596.7386550027337,710.0,,,,,,,,,,,,,10268,02810,02810,02810,01034,01034,10268,02408,02408,02408,01034,01034
77088,26400.0,-4800.0,0,6562.0,57.95795795795796,8,6562.0,8,6562.0,8,1.0,1.0,1.0,6562.0,1.0,0.0,8.789050713521046,0.0,0.0,0.0,0.0,2,1,2,1,0.0,0.0,0.0,0.0,0.0,0.0,0.0,0.0,0.0,0.0,0.0,0.0,0.0,0.0,0.0,0.0,0.0,0.0,0.0,0.0,0.0,0.0,0.0,0.0,0.0,26765.117342273697,22310.0,27870.0,0.0,0.19871990246875954,0.0,1990.64614446815,740.0,0.0,26765.117342273697,22310.0,27870.0,0.0,0.19871990246875954,0.0,1990.64614446815,740.0,,,,,,,,,,,,,,,,,,,,,,,,
77182,22140.0,-540.0,0,21807.0,54.8038501168606,28,21807.0,28,19487.0,22,0.8936121428898978,0.7857142857142857,1.0,19487.0,0.8936121428898978,0.0,9.989986298152745,0.10638785711010226,0.0,0.0,0.0,4,2,5,3,0.0,0.0,0.0,0.0,0.0,0.0,0.0,0.0,0.0,0.0,0.0,0.0,0.0,0.0,0.0,0.0,0.0,0.0,0.0,0.0,0.0,0.0,0.0,0.0,0.0,22597.130279268124,21670.0,24000.0,0.0,0.951024900261384,0.012839913789150273,557.9969734488925,100.0,0.0,22700.755375378456,21670.0,24000.0,0.0,0.9451942320521374,0.0,575.2265612972751,100.0,,,,,,,10268,02810,02810,02810,02810,02810,10268,02810,02810,02810,01034,01034,10268,02408,02408,02408,01034,01034
77379,21570.0,30.0,1,38000.0,61.13354461944368,44,38000.0,44,26580.0,23,0.6994736842105264,0.5227272727272727,1.0,29774.0,0.7835263157894737,1.0,10.545341438708522,0.1729736842105263,0.0,0.056578947368421055,0.0,2,1,4,3,0.08405263157894736,0.0,0.10727480351984953,0.0,0.0,0.0,0.0,0.0,0.0,0.0,0.0,0.0,0.08405263157894736,0.0,0.10727480351984953,0.0,0.0,0.0,0.056578947368421055,0.0,0.0,0.0,0.0,0.0,0.0,21824.027894736842,21320.0,23010.0,0.08405263157894736,0.8681578947368421,0.0,296.0542105263158,100.0,0.0,21922.57336343115,21670.0,23010.0,0.0,0.8115124153498872,0.0,352.5733634311512,100.0,10268,02810,02810,10003,02810,02810,10268,02810,02810,02810,02810,02810,10268,02810,02810,02810,01034,01034,10268,02408,02408,02408,01034,01034
79101,21110.0,490.0,1,10874.0,44.52725113631711,13,10874.0,13,1173.0,1,0.10787198822880265,0.07692307692307693,1.0,1173.0,0.10787198822880265,1.0,9.294129897705867,0.8921280117711974,0.0,0.0674084973330881,0.0,1,1,4,2,0.8921280117711974,0.0,0.0,0.0,0.0,0.0,0.0,0.0,0.0,0.0,0.0,0.0,0.8921280117711974,0.0,0.0,0.0,0.0,0.0,0.0674084973330881,0.0,0.0,0.0,0.0,0.0,0.0,21282.963031083316,20570.0,21430.0,1.0,1.0,0.0,206.753724480412,140.0,0.0,21010.0,21010.0,21010.0,1.0,1.0,0.0,100.0,560.0,79101,79101,79101,17218,16028,16028,79101,79101,79101,16028,02810,02810,79101,79101,79101,16028,01034,01034,79101,79101,79101,16028,01034,01034
79195,20070.0,1530.0,1,7547.0,52.43885491939968,3,7547.0,3,883.0,1,0.11700013250298132,0.3333333333333333,1.0,883.0,0.11700013250298132,1.0,8.928905412284868,0.8829998674970186,0.0,0.0,0.0,1,1,2,2,0.8829998674970186,0.0,0.0,0.0,0.0,0.0,0.0,0.0,0.0,0.0,0.0,0.0,0.8829998674970186,0.0,0.0,0.0,0.0,0.0,0.0,0.0,0.0,0.0,0.0,0.0,0.0,20630.930170928845,20480.0,21770.0,0.8829998674970186,1.0,0.0,560.9301709288459,200.0,0.0,21770.0,21770.0,21770.0,0.0,1.0,0.0,1700.0,200.0,,,,,,,,,,,,,,,,,,,,,,,,
79270,20880.0,720.0,1,26767.0,56.71214881986525,24,26767.0,24,20454.0,14,0.7641498860537229,0.5833333333333334,1.0,20454.0,0.7641498860537229,1.0,10.194925064489325,0.23585011394627714,0.0,0.05290096013748272,0.0,2,2,5,2,0.23585011394627714,0.0,0.0,0.0,0.0,0.0,0.0,0.0,0.0,0.0,0.0,0.0,0.23585011394627714,0.0,0.0,0.0,0.0,0.0,0.05290096013748272,0.0,0.0,0.0,0.0,0.0,0.0,21927.80289162028,20240.0,22260.0,0.23585011394627714,1.0,0.0,1147.5555721597489,280.0,0.0,22258.12114989733,22190.0,22260.0,0.0,1.0,0.0,1378.1211498973305,620.0,,,,,,,37123,17218,17218,16028,02810,02810,37123,17131,17131,16028,01034,01034,37115,02408,02408,16028,01034,01034
80010,23160.0,-1560.0,0,5614.0,61.59754224270353,11,5614.0,11,5614.0,11,1.0,1.0,1.0,5614.0,1.0,0.0,8.633018756921828,0.0,0.0,0.0,0.0,2,1,2,1,0.0,0.0,0.0,0.0,0.0,0.0,0.0,0.0,0.0,0.0,0.0,0.0,0.0,0.0,0.0,0.0,0.0,0.0,0.0,0.0,0.0,0.0,0.0,0.0,0.0,22773.97933737086,20980.0,22830.0,0.030281439258995367,0.030281439258995367,0.0,386.02066262914144,590.0,0.0,22773.97933737086,20980.0,22830.0,0.030281439258995367,0.030281439258995367,0.0,386.02066262914144,590.0,,,,,,,,,,,,,,,,,,,,,,,,
80013,20140.0,1460.0,1,9898.0,55.06230529595016,20,9898.0,20,9280.0,19,0.937563144069509,0.95,1.0,9280.0,0.937563144069509,1.0,9.200087995511831,0.06243685593049101,0.0,0.0,0.0,2,1,3,1,0.06243685593049101,0.0,0.0,0.0,0.0,0.0,0.0,0.0,0.0,0.0,0.0,0.0,0.06243685593049101,0.0,0.0,0.0,0.0,0.0,0.0,0.0,0.0,0.0,0.0,0.0,0.0,20873.117801576074,20170.0,21620.0,0.5374823196605375,1.0,0.0,733.117801576076,50.0,0.0,20885.3125,20170.0,21620.0,0.5066810344827586,1.0,0.0,745.3125,50.0,,,,,,,,,,,,,,,,,,,60286,02408,02408,27226,01034,01034
80016,21000.0,600.0,1,29521.0,62.890924584576055,65,29521.0,65,3281.0,11,0.1111412215033366,0.16923076923076924,1.0,3281.0,0.1111412215033366,1.0,10.292857153479407,0.8888587784966634,0.0,0.030012533450763865,0.0,3,2,6,2,0.8888587784966634,0.0,0.0,0.0,0.0,0.0,0.0,0.0,0.0,0.0,0.0,0.0,0.8888587784966634,0.0,0.0,0.0,0.0,0.0,0.030012533450763865,0.0,0.0,0.0,0.0,0.0,0.0,21142.856610548424,20120.0,22870.0,0.9167033637071915,0.9320144981538566,0.0,245.42427424545238,60.0,0.0,22213.139286802805,20930.0,22870.0,0.25053337397135017,0.38829625114294425,0.0,1248.2139591587932,60.0,,,,,,,62080,60104,60104,62080,02810,02810,62080,02810,02810,62080,01034,01034,60104,02408,02408,27226,01034,01034
80211,23170.0,-1570.0,0,6991.0,39.47710203851149,17,6991.0,17,5386.0,14,0.7704191102846517,0.8235294117647058,1.0,5386.0,0.7704191102846517,0.0,8.852378886511985,0.06250894006579888,0.0,0.1670719496495494,0.0,2,1,4,2,0.06250894006579888,0.0,0.0,0.0,0.0,0.0,0.0,0.0,0.0,0.0,0.0,0.0,0.06250894006579888,0.0,0.0,0.0,0.0,0.0,0.1670719496495494,0.0,0.0,0.0,0.0,0.0,0.0,21708.499499356316,21170.0,22830.0,0.06250894006579888,0.9085967672722072,0.0,1461.5005006436847,50.0,0.0,21763.555514296324,21620.0,22830.0,0.0,0.8813590790939473,0.0,1406.4444857036763,50.0,,,,,,,,,,,,,,,,,,,,,,,,
80253,20200.0,1400.0,1,27087.0,50.46483465300419,71,27087.0,71,18974.0,37,0.7004836268320597,0.5211267605633803,1.0,18974.0,0.7004836268320597,1.0,10.206809186975589,0.29951637316794033,0.0,0.0,0.0,4,2,6,2,0.0800383948019345,0.0,0.0,0.0,0.0,0.0,0.0,0.0,0.0,0.0,0.0,0.0,0.0800383948019345,0.0,0.0,0.0,0.0,0.0,0.0,0.0,0.0,0.0,0.0,0.0,0.0,21765.07918927899,20690.0,22600.0,0.1025215047808912,1.0,0.0,1565.0791892789898,60.0,0.0,21888.585959734373,20930.0,22600.0,0.032096553178033095,1.0,0.0,1688.5859597343733,60.0,,,,,,,,,,,,,,,,,,,60104,02408,02408,27226,01034,01034
80561,20430.0,1170.0,1,11867.0,60.010113780025286,33,11867.0,33,11555.0,31,0.9737086036909075,0.9393939393939394,1.0,11555.0,0.9737086036909075,1.0,9.38151671766514,0.02629139630909244,0.0,0.0,0.0,3,2,4,2,0.02629139630909244,0.0,0.0,0.0,0.0,0.0,0.0,0.0,0.0,0.0,0.0,0.0,0.02629139630909244,0.0,0.0,0.0,0.0,0.0,0.0,0.0,0.0,0.0,0.0,0.0,0.0,20524.57739951125,20370.0,23380.0,0.9284570658127581,0.9928372798516896,0.0,202.83727985168957,230.0,0.0,20502.559930765903,20370.0,23380.0,0.9265253137170056,0.9926438771094764,0.0,183.74296841194288,470.0,,,,,,,,,,,,,,,,,,,60104,02408,02408,27226,01034,01034
80606,20140.0,1460.0,1,6005.0,42.80419131798418,29,6005.0,29,4770.0,25,0.794338051623647,0.8620689655172413,1.0,5165.0,0.8601165695253955,1.0,8.700347734514084,0.1398834304746045,0.0,0.0,0.0,3,1,4,1,0.20566194837635304,0.0,0.07647628267182963,0.0,0.0,0.0,0.0,0.0,0.0,0.0,0.0,0.0,0.20566194837635304,0.0,0.07647628267182963,0.0,0.0,0.0,0.0,0.0,0.0,0.0,0.0,0.0,0.0,21074.333055786843,20170.0,21620.0,0.38667776852622815,1.0,0.0,934.3330557868443,50.0,0.0,21300.706498951782,20170.0,21620.0,0.22788259958071277,1.0,0.0,1160.706498951782,50.0,,,,,,,,,,,,,,,,,,,60286,02408,02408,27226,01034,01034
80620,20350.0,1250.0,1,26537.0,59.50934003094656,59,26537.0,59,2480.0,8,0.09345442212759543,0.13559322033898305,1.0,2480.0,0.09345442212759543,1.0,10.186295264571648,0.9065455778724045,0.0,0.022308474959490524,0.0,2,2,5,2,0.9065455778724045,0.0,0.0,0.0,0.0,0.0,0.0,0.0,0.0,0.0,0.0,0.0,0.9065455778724045,0.0,0.0,0.0,0.0,0.0,0.022308474959490524,0.0,0.0,0.0,0.0,0.0,0.0,20121.504314730377,19870.0,21070.0,1.0,1.0,0.0,247.54229943098315,500.0,0.0,19912.983870967742,19870.0,20280.0,1.0,1.0,0.0,437.01612903225805,1290.0,,,,,,,,,,,,,,,,,,,60104,02408,02408,27226,01034,01034
80630,21710.0,-110.0,0,6093.0,37.676230521889686,19,6093.0,19,6093.0,19,1.0,1.0,1.0,6093.0,1.0,0.0,8.714895850248494,0.0,0.0,0.0,0.0,1,1,1,1,0.0,0.0,0.0,0.0,0.0,0.0,0.0,0.0,0.0,0.0,0.0,0.0,0.0,0.0,0.0,0.0,0.0,0.0,0.0,0.0,0.0,0.0,0.0,0.0,0.0,21620.0,21620.0,21620.0,0.0,1.0,0.0,90.0,50.0,0.0,21620.0,21620.0,21620.0,0.0,1.0,0.0,90.0,50.0,60286,60104,60104,27226,02810,02810,60286,60104,60104,27226,02810,02810,60286,02810,02810,27226,01034,01034,60286,02408,02408,27226,01034,01034
80680,20460.0,1140.0,1,16885.0,63.80365779927449,36,16885.0,36,2573.0,6,0.15238377257921232,0.16666666666666666,1.0,2573.0,0.15238377257921232,1.0,9.734180932819669,0.8476162274207877,0.0,0.04234527687296417,0.0,4,1,5,1,0.8476162274207877,0.0,0.0,0.0,0.0,0.0,0.0,0.0,0.0,0.0,0.0,0.0,0.8476162274207877,0.0,0.0,0.0,0.0,0.0,0.04234527687296417,0.0,0.0,0.0,0.0,0.0,0.0,20616.526502813147,19870.0,22870.0,0.881492448919159,0.881492448919159,0.0,406.75333135919453,1200.0,0.0,22210.295375048583,19870.0,22870.0,0.22230858919549165,0.22230858919549165,0.0,1946.1601243684415,1200.0,,,,,,,,,,,,,,,,,,,60104,02408,02408,27226,01034,01034
80685,20610.0,990.0,1,15803.0,59.14739127180178,41,15803.0,41,14925.0,36,0.9444409289375435,0.8780487804878049,1.0,14925.0,0.9444409289375435,1.0,9.667955074409104,0.05555907106245649,0.0,0.0,0.0,3,2,4,2,0.05555907106245649,0.0,0.0,0.0,0.0,0.0,0.0,0.0,0.0,0.0,0.0,0.0,0.05555907106245649,0.0,0.0,0.0,0.0,0.0,0.0,0.0,0.0,0.0,0.0,0.0,0.0,20990.2385622983,19870.0,23380.0,0.7895969119787383,0.7895969119787383,0.0,785.3945453394925,1200.0,0.0,21029.078726968175,19870.0,23380.0,0.7772194304857621,0.7772194304857621,0.0,815.1256281407035,1200.0,,,,,,,,,,,,,80685,02810,02810,62080,01034,01034,60104,02408,02408,27226,01034,01034
80688,20540.0,1060.0,1,12267.0,44.4988573294156,17,12267.0,17,128.0,1,0.010434499062525474,0.058823529411764705,1.0,128.0,0.010434499062525474,1.0,9.414668009032752,0.9895655009374745,0.0,0.0,0.0,1,1,2,2,0.9895655009374745,0.0,0.0,0.0,0.0,0.0,0.0,0.0,0.0,0.0,0.0,0.0,0.9895655009374745,0.0,0.0,0.0,0.0,0.0,0.0,0.0,0.0,0.0,0.0,0.0,0.0,20698.34759925002,20690.0,21490.0,1.0,1.0,0.0,158.34759925002038,80.0,0.0,21490.0,21490.0,21490.0,1.0,1.0,0.0,950.0,80.0,,,,,,,,,,,,,,,,,,,62588,02408,02408,27226,01034,01034
82013,20340.0,1260.0,1,12004.0,27.623343151693668,35,12004.0,35,2235.0,5,0.18618793735421527,0.14285714285714285,1.0,2235.0,0.18618793735421527,1.0,9.392995206560258,0.8138120626457848,0.0,0.0,0.0,2,1,4,2,0.7916527824058647,0.0,0.0,0.0,0.0,0.0,0.022159280239920028,0.0,0.0,0.0,0.0,0.0,0.8138120626457848,0.0,0.0,0.0,0.0,0.0,0.0,0.0,0.0,0.0,0.0,0.0,0.0,20636.848550483173,19500.0,22120.0,0.8093135621459514,1.0,0.0,374.0178273908697,370.0,0.0,21871.480984340044,19500.0,22120.0,0.09485458612975392,1.0,0.0,1690.8366890380314,550.0,,,,,,,,,,,,,,,,,,,82013,82013,82013,82013,19153,19153
82112,19030.0,2570.0,1,23437.0,55.93823094181106,19,23437.0,19,16786.0,3,0.7162179459828476,0.15789473684210525,1.0,16786.0,0.7162179459828476,1.0,10.062071249151874,0.28378205401715234,0.0,0.0,0.0,1,1,3,1,0.19272944489482444,0.0,0.0,0.0,0.0,0.0,0.0,0.0,0.0,0.0,0.0,0.0,0.19272944489482444,0.0,0.0,0.0,0.0,0.0,0.0,0.0,0.0,0.0,0.0,0.0,0.0,19414.781328668345,18750.0,20570.0,1.0,1.0,0.0,474.45492170499637,1000.0,0.0,19500.0,19500.0,19500.0,1.0,1.0,0.0,470.0,2070.0,,,,,,,,,,,,,,,,,,,,,,,,
82134,20560.0,1040.0,1,13650.0,39.28509756518736,12,13650.0,12,9009.0,4,0.66,0.3333333333333333,1.0,9009.0,0.66,1.0,9.521494800613105,0.34,0.0,0.0,0.0,1,1,3,2,0.043003663003663005,0.0,0.0,0.0,0.0,0.0,0.0,0.0,0.0,0.0,0.0,0.0,0.043003663003663005,0.0,0.0,0.0,0.0,0.0,0.0,0.0,0.0,0.0,0.0,0.0,0.0,21263.682783882785,19400.0,21370.0,1.0,1.0,0.0,803.4512820512821,200.0,0.0,21370.0,21370.0,21370.0,1.0,1.0,0.0,810.0,200.0,,,,,,,,,,,,,,,,,,,82134,82013,82013,82134,19153,19153
82186,20530.0,1070.0,1,20071.0,47.39762905587305,34,20071.0,34,359.0,1,0.01788650291465298,0.029411764705882353,1.0,359.0,0.01788650291465298,1.0,9.907031266159493,0.982113497085347,0.0,0.0,0.0,1,1,5,3,0.9498281102087589,0.0,0.0,0.0,0.0,0.0,0.020477305565243385,0.0,0.0,0.0,0.0,0.0,0.9498281102087589,0.0,0.0,0.0,0.0,0.0,0.0,0.0,0.0,0.0,0.0,0.0,0.0,20553.85481540531,18750.0,21670.0,0.9498281102087589,1.0,0.0,167.98315978277117,100.0,0.0,21670.0,21670.0,21670.0,0.0,1.0,0.0,1140.0,100.0,,,,,,,,,,,,,,,,,,,82186,82186,82186,82013,19153,19153
83012,20160.0,1440.0,1,10759.0,32.89811643835617,10,10759.0,10,147.0,1,0.013662979830839297,0.1,1.0,147.0,0.013662979830839297,1.0,9.283497892593909,0.9863370201691607,0.0,0.0,0.0,1,1,4,2,0.264615670601357,0.0,0.0,0.0,0.0,0.0,0.03773584905660377,0.0,0.0,0.264615670601357,0.0,0.0,0.30235151965796075,0.0,0.0,0.0,0.0,0.0,0.0,0.0,0.0,0.0,0.0,0.0,0.0,21279.35309973046,20270.0,22530.0,0.264615670601357,1.0,0.0,1119.3530997304583,50.0,0.0,22530.0,22530.0,22530.0,0.0,1.0,0.0,2370.0,960.0,,,,,,,,,,,,,,,,,,,83012,04094,04094,04094,04094,04094
83032,20500.0,1100.0,1,8973.0,55.69486686115077,5,8973.0,5,8973.0,5,1.0,1.0,1.0,8973.0,1.0,1.0,9.101975347298058,0.0,0.0,0.0,0.0,1,1,1,1,0.0,0.0,0.0,0.0,0.0,0.0,0.0,0.0,0.0,0.0,0.0,0.0,0.0,0.0,0.0,0.0,0.0,0.0,0.0,0.0,0.0,0.0,0.0,0.0,0.0,22530.0,22530.0,22530.0,0.0,1.0,0.0,2030.0,960.0,0.0,22530.0,22530.0,22530.0,0.0,1.0,0.0,2030.0,960.0,,,,,,,,,,,,,,,,,,,83012,04094,04094,04094,04094,04094
83055,22790.0,-1190.0,0,16779.0,57.83468909416793,6,16779.0,6,16779.0,6,1.0,1.0,1.0,16779.0,1.0,0.0,9.727883383489697,0.0,0.0,0.0,0.0,1,1,1,1,0.0,0.0,0.0,0.0,0.0,0.0,0.0,0.0,0.0,0.0,0.0,0.0,0.0,0.0,0.0,0.0,0.0,0.0,0.0,0.0,0.0,0.0,0.0,0.0,0.0,23550.0,23550.0,23550.0,0.0,0.0,0.0,760.0,1980.0,0.0,23550.0,23550.0,23550.0,0.0,0.0,0.0,760.0,1980.0,,,,,,,,,,,,,,,,,,,83055,04094,04094,83055,04094,04094
83121,20980.0,620.0,1,6603.0,60.667034178610805,4,6603.0,4,4533.0,2,0.6865061335756474,0.5,1.0,4533.0,0.6865061335756474,1.0,8.79527937019457,0.31349386642435256,0.0,0.0,0.0,1,1,2,1,0.31349386642435256,0.0,0.0,0.0,0.0,0.0,0.0,0.0,0.0,0.31349386642435256,0.0,0.0,0.31349386642435256,0.0,0.0,0.0,0.0,0.0,0.0,0.0,0.0,0.0,0.0,0.0,0.0,21004.56156292594,20270.0,21340.0,1.0,1.0,0.0,469.7228532485234,230.0,0.0,21340.0,21340.0,21340.0,1.0,1.0,0.0,360.0,230.0,,,,,,,83121,04094,04094,83121,04094,04094,83121,04094,04094,83121,04094,04094,83121,04094,04094,04094,04094,04094
84071,23430.0,-1830.0,0,11350.0,62.724509533020175,10,11350.0,10,5397.0,3,0.47550660792951543,0.3,1.0,5397.0,0.47550660792951543,0.0,9.336973022909548,0.5244933920704846,0.0,0.0,0.0,1,1,2,1,0.23806167400881056,0.0,0.0,0.0,0.0,0.0,0.0,0.0,0.0,0.0,0.0,0.0,0.23806167400881056,0.0,0.0,0.0,0.0,0.0,0.0,0.0,0.0,0.0,0.0,0.0,0.0,20682.394713656387,20370.0,20780.0,1.0,1.0,0.0,2747.6052863436125,790.0,0.0,20780.0,20780.0,20780.0,1.0,1.0,0.0,2650.0,790.0,,,,,,,,,,,,,,,,,,,,,,,,
84133,23080.0,-1480.0,0,8039.0,60.10467289719626,5,8039.0,5,8039.0,5,1.0,1.0,1.0,8039.0,1.0,0.0,8.99205997632796,0.0,0.0,0.0,0.0,1,1,1,1,0.0,0.0,0.0,0.0,0.0,0.0,0.0,0.0,0.0,0.0,0.0,0.0,0.0,0.0,0.0,0.0,0.0,0.0,0.0,0.0,0.0,0.0,0.0,0.0,0.0,23150.0,23150.0,23150.0,0.0,0.0,0.0,70.0,1580.0,0.0,23150.0,23150.0,23150.0,0.0,0.0,0.0,70.0,1580.0,,,,,,,,,,,,,,,,,,,84133,84133,84133,84133,26176,26176
84137,21030.0,570.0,1,18987.0,59.00431958730849,20,18987.0,20,432.0,1,0.02275240954337178,0.05,1.0,432.0,0.02275240954337178,1.0,9.851509813443416,0.9772475904566282,0.0,0.0,0.0,1,1,3,2,0.817138041818086,0.0,0.0,0.0,0.0,0.0,0.0,0.0,0.0,0.0,0.0,0.0,0.817138041818086,0.0,0.0,0.0,0.0,0.0,0.0,0.0,0.0,0.0,0.0,0.0,0.0,21056.28324643177,20120.0,21250.0,1.0,1.0,0.0,317.6383841575815,320.0,0.0,20410.0,20410.0,20410.0,1.0,1.0,0.0,620.0,1160.0,,,,,,,84137,84137,84137,84137,26307,26307,84137,84137,84137,84137,26176,26176,84137,84133,84133,84137,26176,26176
85051,20870.0,730.0,1,17623.0,65.69617893755824,10,17623.0,10,14765.0,7,0.8378255688588776,0.7,1.0,14765.0,0.8378255688588776,1.0,9.77696014606437,0.1621744311411224,0.0,0.0,0.0,2,1,4,1,0.1621744311411224,0.0,0.0,0.0,0.0,0.0,0.0,0.0,0.0,0.0,0.0,0.0,0.1621744311411224,0.0,0.0,0.0,0.0,0.0,0.0,0.0,0.0,0.0,0.0,0.0,0.0,21240.718379390568,20570.0,21310.0,1.0,1.0,0.0,409.70152641434487,260.0,0.0,21302.096173383,21010.0,21310.0,1.0,1.0,0.0,432.09617338300035,260.0,,,,,,,79101,79101,79101,16028,02810,02810,79101,79101,79101,16028,01034,01034,79101,79101,79101,16028,01034,01034
85059,20620.0,980.0,1,15629.0,49.25932929904186,16,15629.0,16,1299.0,2,0.08311472263100646,0.125,1.0,1299.0,0.08311472263100646,1.0,9.656883441842194,0.8701132510077421,0.04677202636125152,0.18862371232964362,0.04677202636125152,2,1,3,1,0.9168852773689935,0.0,0.0,0.0,0.0,0.0,0.0,0.0,0.0,0.0,0.0,0.0,0.9168852773689935,0.0,0.0,0.0,0.0,0.0,0.18862371232964362,0.04677202636125152,0.0,0.0,0.04677202636125152,0.0,0.0,20610.048627551347,20570.0,21130.0,1.0,1.0,0.0,81.73715528824621,440.0,0.0,21051.847575057738,21010.0,21130.0,1.0,1.0,0.0,431.8475750577367,440.0,,,,,,,,,,,,,79101,79101,79101,16028,01034,01034,79101,79101,79101,16028,01034,01034
85128,21130.0,470.0,1,36359.0,62.36535162950257,25,36359.0,25,1713.0,2,0.047113506972138945,0.08,1.0,1713.0,0.047113506972138945,1.0,10.501197045162932,0.9360268434225364,0.01685964960532468,0.07549712588355015,0.01685964960532468,2,1,3,1,0.9528864930278611,0.0,0.0,0.0,0.0,0.0,0.0,0.0,0.0,0.0,0.0,0.0,0.9528864930278611,0.0,0.0,0.0,0.0,0.0,0.07549712588355015,0.01685964960532468,0.0,0.0,0.01685964960532468,0.0,0.0,21172.63951153772,21010.0,22380.0,0.9856156659974147,1.0,0.0,50.49451305041393,410.0,0.0,21428.27787507297,21010.0,22380.0,0.694687682428488,1.0,0.0,465.0029188558085,560.0,79101,79101,79101,17218,16028,16028,79101,79101,79101,16028,02810,02810,79101,79101,79101,16028,01034,01034,79101,79101,79101,16028,01034,01034
85156,21000.0,600.0,1,8308.0,57.70245867481594,7,8308.0,7,7656.0,6,0.9215214251324025,0.8571428571428571,1.0,7656.0,0.9215214251324025,1.0,9.024974184996003,0.0784785748675975,0.0,0.0,0.0,1,1,2,1,0.0784785748675975,0.0,0.0,0.0,0.0,0.0,0.0,0.0,0.0,0.0,0.0,0.0,0.0784785748675975,0.0,0.0,0.0,0.0,0.0,0.0,0.0,0.0,0.0,0.0,0.0,0.0,22284.25613866153,21160.0,22380.0,0.0784785748675975,1.0,0.0,1284.2561386615312,410.0,0.0,22380.0,22380.0,22380.0,0.0,1.0,0.0,1380.0,810.0,,,,,,,79101,79101,79101,16028,02810,02810,79101,79101,79101,16028,01034,01034,79101,79101,79101,16028,01034,01034
86066,21170.0,430.0,1,77514.0,64.02623362463449,42,77514.0,42,23274.0,13,0.3002554377273783,0.30952380952380953,1.0,23274.0,0.3002554377273783,1.0,11.258213844188356,0.25431534948525425,0.0,0.038109244781587844,0.0,2,1,5,3,0.08021776711303764,0.0,0.0,0.0,0.0,0.0,0.01122377893025776,0.0,0.0,0.0,0.0,0.0,0.08021776711303764,0.0,0.0,0.0,0.0,0.0,0.038109244781587844,0.0,0.0,0.0,0.0,0.0,0.0,21150.541966612484,19990.0,22190.0,0.9524989034238976,1.0,0.0,116.36027040276595,410.0,0.0,21143.781902552204,21110.0,22190.0,0.968720460599811,1.0,0.0,90.02835782418148,460.0,86066,86066,86066,37072,02810,02810,37123,17218,17218,16028,02810,02810,37123,17131,17131,16028,01034,01034,37115,02408,02408,16028,01034,01034
86070,21940.0,-340.0,0,17351.0,43.08880500645674,12,17351.0,12,4611.0,4,0.2657483718517665,0.3333333333333333,1.0,4611.0,0.2657483718517665,0.0,9.761405420601672,0.7342516281482335,0.0,0.0,0.0,2,1,3,1,0.20811480606305113,0.0,0.0,0.0,0.0,0.0,0.0,0.0,0.0,0.0,0.0,0.0,0.20811480606305113,0.0,0.0,0.0,0.0,0.0,0.0,0.0,0.0,0.0,0.0,0.0,0.0,21738.82196991528,20340.0,22190.0,0.26937928649645554,1.0,0.0,566.4883868364935,460.0,0.0,21941.021470396878,21110.0,22190.0,0.2305356755584472,1.0,0.0,383.71069182389937,460.0,86066,86066,86066,37072,02810,02810,37123,17218,17218,16028,02810,02810,37123,17131,17131,16028,01034,01034,37115,02408,02408,16028,01034,01034
86092,21030.0,570.0,1,6753.0,47.39945251631922,7,6753.0,7,4574.0,2,0.6773285946986525,0.2857142857142857,1.0,4574.0,0.6773285946986525,1.0,8.817742129574842,0.3226714053013475,0.0,0.0,0.0,1,1,2,2,0.19013771657041315,0.0,0.0,0.0,0.0,0.0,0.0,0.0,0.0,0.0,0.0,0.0,0.19013771657041315,0.0,0.0,0.0,0.0,0.0,0.0,0.0,0.0,0.0,0.0,0.0,0.0,21022.53665037761,20650.0,21110.0,1.0,1.0,0.0,137.04131497112394,460.0,0.0,21110.0,21110.0,21110.0,1.0,1.0,0.0,80.0,460.0,,,,,,,37123,17218,17218,16028,02810,02810,37123,17131,17131,16028,01034,01034,37115,02408,02408,16028,01034,01034
86103,20590.0,1010.0,1,9110.0,24.4899056426248,11,9110.0,11,713.0,1,0.07826564215148189,0.09090909090909091,1.0,713.0,0.07826564215148189,1.0,9.117127990254003,0.9217343578485181,0.0,0.0,0.0,1,1,3,1,0.9217343578485181,0.0,0.0,0.0,0.0,0.0,0.0,0.0,0.0,0.0,0.0,0.0,0.9217343578485181,0.0,0.0,0.0,0.0,0.0,0.0,0.0,0.0,0.0,0.0,0.0,0.0,20473.544456641055,20220.0,23250.0,0.9217343578485181,0.9217343578485181,0.0,532.8287596048299,1230.0,0.0,23250.0,23250.0,23250.0,0.0,0.0,0.0,2660.0,1680.0,,,,,,,,,,,,,,,,,,,86103,02408,02408,16028,01034,01034
86128,20570.0,1030.0,1,6891.0,45.63576158940398,9,6891.0,9,6499.0,7,0.943114206936584,0.7777777777777778,1.0,6499.0,0.943114206936584,1.0,8.837971491357209,0.05688579306341605,0.0,0.0,0.0,1,1,2,1,0.05688579306341605,0.0,0.0,0.0,0.0,0.0,0.0,0.0,0.0,0.0,0.0,0.0,0.05688579306341605,0.0,0.0,0.0,0.0,0.0,0.0,0.0,0.0,0.0,0.0,0.0,0.0,21042.305906254536,19920.0,21110.0,1.0,1.0,0.0,546.2574372369758,460.0,0.0,21110.0,21110.0,21110.0,1.0,1.0,0.0,540.0,460.0,,,,,,,,,,,,,,,,,,,37115,02408,02408,16028,01034,01034
86139,21050.0,550.0,1,10599.0,36.16171954964176,9,10599.0,9,10599.0,9,1.0,1.0,1.0,10599.0,1.0,1.0,9.268514936027255,0.0,0.0,0.0,0.0,2,2,2,2,0.0,0.0,0.0,0.0,0.0,0.0,0.0,0.0,0.0,0.0,0.0,0.0,0.0,0.0,0.0,0.0,0.0,0.0,0.0,0.0,0.0,0.0,0.0,0.0,0.0,22190.402868195113,22190.0,22260.0,0.0,1.0,0.0,1140.4028681951127,620.0,0.0,22190.402868195113,22190.0,22260.0,0.0,1.0,0.0,1140.4028681951127,620.0,,,,,,,37123,17218,17218,16028,02810,02810,37123,17131,17131,16028,01034,01034,37115,02408,02408,16028,01034,01034
86177,22100.0,-500.0,0,25260.0,57.3270090552164,18,25260.0,18,10030.0,4,0.39707046714172606,0.2222222222222222,1.0,10030.0,0.39707046714172606,0.0,10.136977395904482,0.602929532858274,0.0,0.2981789390340459,0.0,1,1,2,1,0.08689627870150435,0.0,0.0,0.0,0.0,0.0,0.0,0.0,0.0,0.0,0.0,0.0,0.08689627870150435,0.0,0.0,0.0,0.0,0.0,0.2981789390340459,0.0,0.0,0.0,0.0,0.0,0.0,22056.66270783848,19920.0,22260.0,0.08689627870150435,1.0,0.0,335.5304829770388,690.0,0.0,22260.0,22260.0,22260.0,0.0,1.0,0.0,160.0,690.0,,,,,,,86177,17218,17218,16028,02810,02810,86177,17131,17131,16028,01034,01034,86177,02408,02408,16028,01034,01034
86294,22200.0,-600.0,0,12868.0,60.9453443213034,10,12868.0,10,12296.0,9,0.9555486478085172,0.9,1.0,12296.0,0.9555486478085172,0.0,9.462498888358917,0.044451352191482746,0.0,0.0,0.0,1,1,1,1,0.0,0.0,0.0,0.0,0.0,0.0,0.0,0.0,0.0,0.0,0.0,0.0,0.0,0.0,0.0,0.0,0.0,0.0,0.0,0.0,0.0,0.0,0.0,0.0,0.0,22260.0,22260.0,22260.0,0.0,1.0,0.0,60.0,690.0,0.0,22260.0,22260.0,22260.0,0.0,1.0,0.0,60.0,690.0,,,,,,,86177,17218,17218,16028,02810,02810,86177,17131,17131,16028,01034,01034,86177,02408,02408,16028,01034,01034
87002,21790.0,-190.0,0,10832.0,34.79378131825774,11,10832.0,11,7592.0,4,0.7008862629246676,0.36363636363636365,1.0,7592.0,0.7008862629246676,0.0,9.290259995152056,0.29911373707533234,0.0,0.0,0.0,1,1,3,2,0.042005169867060564,0.0,0.0,0.0,0.0,0.0,0.042005169867060564,0.0,0.0,0.0,0.0,0.0,0.042005169867060564,0.0,0.0,0.0,0.0,0.0,0.0,0.0,0.0,0.0,0.0,0.0,0.0,21812.105797636632,20160.0,21900.0,0.042005169867060564,1.0,0.0,177.42152880354504,40.0,0.0,21900.0,21900.0,21900.0,0.0,1.0,0.0,110.0,330.0,87002,87002,87002,87002,16028,16028,87002,87002,87002,87002,02810,02810,87002,87002,87002,87002,01034,01034,87002,87002,87002,87002,01034,01034
87126,20210.0,1390.0,1,14587.0,31.66681139284474,18,14587.0,18,5914.0,6,0.40542949201343664,0.3333333333333333,1.0,5914.0,0.40542949201343664,1.0,9.587886000086213,0.5945705079865634,0.0,0.0,0.0,1,1,3,2,0.5945705079865634,0.0,0.0,0.0,0.0,0.0,0.0,0.0,0.0,0.0,0.0,0.0,0.5945705079865634,0.0,0.0,0.0,0.0,0.0,0.0,0.0,0.0,0.0,0.0,0.0,0.0,20612.18962089532,19670.0,21530.0,1.0,1.0,0.0,668.144238020155,40.0,0.0,21530.0,21530.0,21530.0,1.0,1.0,0.0,1320.0,40.0,,,,,,,,,,,,,,,,,,,87126,87002,87002,87126,01034,01034
87154,21610.0,-10.0,0,23255.0,61.12337696472692,13,23255.0,13,19716.0,7,0.8478176736185766,0.5384615384615384,1.0,19716.0,0.8478176736185766,0.0,10.054275441658197,0.15218232638142334,0.0,0.0,0.0,1,1,3,2,0.15218232638142334,0.0,0.0,0.0,0.0,0.0,0.0,0.0,0.0,0.0,0.0,0.0,0.15218232638142334,0.0,0.0,0.0,0.0,0.0,0.0,0.0,0.0,0.0,0.0,0.0,0.0,21228.48978714255,19330.0,21530.0,1.0,1.0,0.0,381.51021285745003,40.0,0.0,21530.0,21530.0,21530.0,1.0,1.0,0.0,80.0,40.0,87154,87002,87002,87154,16028,16028,87154,87002,87002,87154,02810,02810,87154,87002,87002,87154,01034,01034,87126,87002,87002,87126,01034,01034
88075,20510.0,1090.0,1,10710.0,64.96027172924121,5,10710.0,5,10710.0,5,1.0,1.0,1.0,10710.0,1.0,1.0,9.278933163441794,0.0,0.0,0.0,0.0,2,2,2,2,0.0,0.0,0.0,0.0,0.0,0.0,0.0,0.0,0.0,0.0,0.0,0.0,0.0,0.0,0.0,0.0,0.0,0.0,0.0,0.0,0.0,0.0,0.0,0.0,0.0,21120.39402427638,21100.0,22440.0,0.984780578898226,1.0,0.0,610.3940242763772,470.0,0.0,21120.39402427638,21100.0,22440.0,0.984780578898226,1.0,0.0,610.3940242763772,470.0,,,,,,,,,,,,,,,,,,,88075,54039,54039,88075,54039,54039
88078,20440.0,1160.0,1,15574.0,54.13277719847064,33,15574.0,33,1571.0,5,0.10087325028894312,0.15151515151515152,1.0,1571.0,0.10087325028894312,1.0,9.653358136136932,0.7318607936304097,0.0,0.19988442275587517,0.0,2,1,3,1,0.0,0.0,0.0,0.0,0.0,0.0,0.0,0.0,0.0,0.0,0.0,0.0,0.0,0.0,0.0,0.0,0.0,0.0,0.19988442275587517,0.0,0.0,0.0,0.0,0.0,0.0,20820.122640297934,20270.0,21400.0,1.0,1.0,0.0,418.1308591241813,170.0,0.0,20407.38383195417,20270.0,21400.0,1.0,1.0,0.0,266.0471037555697,170.0,,,,,,,,,,,,,,,,,,,88078,54039,54039,54039,54039,54039
88090,21740.0,-140.0,0,19265.0,56.60515954633602,53,19265.0,53,17660.0,41,0.9166882948351933,0.7735849056603774,1.0,17660.0,0.9166882948351933,0.0,9.866045257060257,0.08331170516480664,0.0,0.0,0.0,3,2,4,2,0.0,0.0,0.0,0.0,0.0,0.0,0.0,0.0,0.0,0.0,0.0,0.0,0.0,0.0,0.0,0.0,0.0,0.0,0.0,0.0,0.0,0.0,0.0,0.0,0.0,21875.480923955358,21270.0,23370.0,0.568180638463535,0.8641058915131067,0.0,683.4861147158059,50.0,0.0,21888.037372593433,21270.0,23370.0,0.6018686296715742,0.8614382785956964,0.0,713.7938844847112,300.0,88090,54273,54273,54329,54273,54273,88090,54273,54273,54329,54273,54273,88090,54039,54039,54039,54039,54039,54563,54039,54039,54039,54039,54039
88181,20440.0,1160.0,1,11678.0,58.41336534613846,9,11678.0,9,11678.0,9,1.0,1.0,1.0,11678.0,1.0,1.0,9.365462008843483,0.0,0.0,0.0,0.0,1,1,1,1,0.0,0.0,0.0,0.0,0.0,0.0,0.0,0.0,0.0,0.0,0.0,0.0,0.0,0.0,0.0,0.0,0.0,0.0,0.0,0.0,0.0,0.0,0.0,0.0,0.0,20270.0,20270.0,20270.0,1.0,1.0,0.0,170.0,1300.0,0.0,20270.0,20270.0,20270.0,1.0,1.0,0.0,170.0,1300.0,,,,,,,,,,,,,,,,,,,88078,54039,54039,54039,54039,54039
88304,21400.0,200.0,1,18312.0,39.28264973399691,77,18312.0,77,18.0,1,0.000982961992136304,0.012987012987012988,1.0,18.0,0.000982961992136304,1.0,9.815311861632402,0.9990170380078637,0.0,0.0,0.0,1,1,5,2,0.05690257754477938,0.0,0.0,0.0,0.0,0.0,0.0,0.0,0.0,0.0,0.0,0.0,0.05690257754477938,0.0,0.0,0.0,0.0,0.0,0.0,0.0,0.0,0.0,0.0,0.0,0.0,21693.968435998253,20300.0,23370.0,0.05690257754477938,0.9316295325469638,0.0,419.1541065967671,50.0,0.0,23370.0,23370.0,23370.0,0.0,0.0,0.0,1970.0,1800.0,88090,54273,54273,54329,54273,54273,88090,54273,54273,54329,54273,54273,88090,54039,54039,54039,54039,54039,54563,54039,54039,54039,54039,54039
88367,20260.0,1340.0,1,14013.0,38.70139195757844,37,14013.0,37,322.0,2,0.022978662670377507,0.05405405405405406,1.0,322.0,0.022978662670377507,1.0,9.547740749170218,0.9770213373296225,0.0,0.0,0.0,1,1,5,2,0.8751873260543781,0.0,0.0,0.0,0.0,0.0,0.0,0.0,0.0,0.0,0.0,0.0,0.8751873260543781,0.0,0.0,0.0,0.0,0.0,0.0,0.0,0.0,0.0,0.0,0.0,0.0,20285.148790408904,20150.0,22530.0,0.984942553343324,1.0,0.0,217.69000214086918,300.0,0.0,21270.0,21270.0,21270.0,1.0,1.0,0.0,1010.0,300.0,,,,,,,,,,,,,,,,,,,54563,54039,54039,54039,54039,54039
88372,19880.0,1720.0,1,23883.0,54.37717720452631,38,23883.0,38,20312.0,22,0.8504794205083114,0.5789473684210527,1.0,20312.0,0.8504794205083114,1.0,10.080922187756688,0.14952057949168865,0.0,0.0,0.0,2,2,3,2,0.13892727044341163,0.0,0.0,0.0,0.0,0.0,0.0,0.0,0.0,0.0,0.0,0.0,0.13892727044341163,0.0,0.0,0.0,0.0,0.0,0.0,0.0,0.0,0.0,0.0,0.0,0.0,20279.796926684252,20000.0,20850.0,1.0,1.0,0.0,399.7969266842524,720.0,0.0,20325.624261520283,20270.0,20850.0,1.0,1.0,0.0,445.6242615202836,720.0,,,,,,,,,,,,,,,,,,,,,,,,
88408,20060.0,1540.0,1,4310.0,33.75097885669538,7,4310.0,7,3536.0,1,0.8204176334106729,0.14285714285714285,1.0,3536.0,0.8204176334106729,1.0,8.368693183097793,0.17958236658932714,0.0,0.0,0.0,1,1,2,2,0.17958236658932714,0.0,0.0,0.0,0.0,0.0,0.0,0.0,0.0,0.0,0.0,0.0,0.17958236658932714,0.0,0.0,0.0,0.0,0.0,0.0,0.0,0.0,0.0,0.0,0.0,0.0,20174.64965197216,20110.0,20470.0,1.0,1.0,0.0,114.64965197215777,1100.0,0.0,20110.0,20110.0,20110.0,1.0,1.0,0.0,50.0,1460.0,,,,,,,,,,,,,,,,,,,,,,,,
88468,19950.0,1650.0,1,12618.0,52.38727891721332,10,12618.0,10,11341.0,7,0.8987953716912347,0.7,1.0,11341.0,0.8987953716912347,1.0,9.442879644930755,0.10120462830876525,0.0,0.06126168964970677,0.0,1,1,2,2,0.10120462830876525,0.0,0.0,0.0,0.0,0.0,0.0,0.0,0.0,0.0,0.0,0.0,0.10120462830876525,0.0,0.0,0.0,0.0,0.0,0.06126168964970677,0.0,0.0,0.0,0.0,0.0,0.0,20146.433666191155,20110.0,20470.0,1.0,1.0,0.0,196.43366619115548,1100.0,0.0,20110.0,20110.0,20110.0,1.0,1.0,0.0,160.0,1460.0,,,,,,,,,,,,,,,,,,,,,,,,
88487,19820.0,1780.0,1,4113.0,45.7,2,4113.0,2,4113.0,2,1.0,1.0,1.0,4113.0,1.0,1.0,8.321907968230423,0.0,0.0,0.0,0.0,1,1,1,1,0.0,0.0,0.0,0.0,0.0,0.0,0.0,0.0,0.0,0.0,0.0,0.0,0.0,0.0,0.0,0.0,0.0,0.0,0.0,0.0,0.0,0.0,0.0,0.0,0.0,20940.0,20940.0,20940.0,1.0,1.0,0.0,1120.0,630.0,0.0,20940.0,20940.0,20940.0,1.0,1.0,0.0,1120.0,630.0,,,,,,,,,,,,,,,,,,,,,,,,
88530,19540.0,2060.0,1,9283.0,28.499938597568462,13,9283.0,13,5124.0,3,0.5519767316600237,0.23076923076923078,1.0,5124.0,0.5519767316600237,1.0,9.135940049399933,0.4480232683399763,0.0,0.17117311214047182,0.0,2,1,3,1,0.05009156522675859,0.0,0.0,0.0,0.0,0.0,0.0,0.0,0.0,0.0,0.0,0.0,0.05009156522675859,0.0,0.0,0.0,0.0,0.0,0.17117311214047182,0.0,0.0,0.0,0.0,0.0,0.0,21165.741678336744,20300.0,21270.0,1.0,1.0,0.0,1625.7416783367446,300.0,0.0,21169.14519906323,20940.0,21270.0,1.0,1.0,0.0,1629.1451990632318,300.0,,,,,,,,,,,,,,,,,,,,,,,,
89003,22170.0,-570.0,0,8802.0,38.006822401658106,11,8802.0,11,5464.0,9,0.6207680072710747,0.8181818181818182,1.0,5464.0,0.6207680072710747,0.0,9.082734247371036,0.05953192456259941,0.0,0.31970006816632585,0.0,1,1,1,1,0.0,0.0,0.0,0.0,0.0,0.0,0.0,0.0,0.0,0.0,0.0,0.0,0.0,0.0,0.0,0.0,0.0,0.0,0.31970006816632585,0.0,0.0,0.0,0.0,0.0,0.0,22340.0,22340.0,22340.0,0.0,1.0,0.0,170.0,770.0,0.0,22340.0,22340.0,22340.0,0.0,1.0,0.0,170.0,770.0,,,,,,,89003,28199,28199,18109,02810,02810,89003,02810,02810,18109,01034,01034,89003,02408,02408,18087,01034,01034
89086,20940.0,660.0,1,12196.0,23.87487030910479,10,12196.0,10,157.0,1,0.012873073138734011,0.1,1.0,4511.0,0.3698753689734339,1.0,9.408863308108145,0.5197605772384388,0.0,0.11036405378812726,0.0,1,1,4,2,0.987126926861266,0.0,0.9651961870982044,0.0,0.0,0.0,0.0,0.0,0.0,0.0,0.0,0.0,0.987126926861266,0.0,0.9651961870982044,0.0,0.0,0.0,0.11036405378812726,0.0,0.0,0.0,0.0,0.0,0.0,21174.210396851428,20540.0,21670.0,0.987126926861266,1.0,0.0,326.72925549360446,50.0,0.0,21670.0,21670.0,21670.0,0.0,1.0,0.0,730.0,100.0,,,,,,,45030,28199,28199,18109,02810,02810,45030,02810,02810,18109,01034,01034,45030,02408,02408,18087,01034,01034
89419,21220.0,380.0,1,15400.0,21.110638939533096,28,15400.0,28,367.0,1,0.02383116883116883,0.03571428571428571,1.0,367.0,0.02383116883116883,1.0,9.642122788401721,0.9761688311688311,0.0,0.0,0.0,1,1,3,2,0.9761688311688311,0.0,0.0,0.0,0.0,0.0,0.0,0.0,0.0,0.0,0.0,0.0,0.9761688311688311,0.0,0.0,0.0,0.0,0.0,0.0,0.0,0.0,0.0,0.0,0.0,0.0,20909.517532467533,20870.0,22340.0,0.9761688311688311,1.0,0.0,365.69935064935066,260.0,0.0,22340.0,22340.0,22340.0,0.0,1.0,0.0,1120.0,770.0,89419,41106,41106,18109,02810,02810,89003,28199,28199,18109,02810,02810,89003,02810,02810,18109,01034,01034,89003,02408,02408,18087,01034,01034
89464,21940.0,-340.0,0,16178.0,63.42323976791595,15,16178.0,15,12703.0,11,0.7852021263444183,0.7333333333333333,1.0,12703.0,0.7852021263444183,0.0,9.691407573577898,0.21479787365558164,0.0,0.0,0.0,2,1,3,1,0.21479787365558164,0.0,0.0,0.0,0.0,0.0,0.0,0.0,0.0,0.0,0.0,0.0,0.21479787365558164,0.0,0.0,0.0,0.0,0.0,0.0,0.0,0.0,0.0,0.0,0.0,0.0,20888.781060699715,20540.0,22520.0,0.928359500556311,1.0,0.0,1134.3219186549636,740.0,0.0,20984.192710383373,20830.0,22520.0,0.9087617098323231,1.0,0.0,1061.6437062111313,740.0,45030,41106,41106,18109,02810,02810,45030,28199,28199,18109,02810,02810,45030,02810,02810,18109,01034,01034,45030,02408,02408,18087,01034,01034
91016,23080.0,-1480.0,0,19028.0,49.65294086947445,30,19028.0,30,8765.0,11,0.4606369560647467,0.36666666666666664,1.0,8765.0,0.4606369560647467,0.0,9.853666857552172,0.3603111204540677,0.0052554130754677315,0.22766449442926215,0.0052554130754677315,3,2,5,3,0.0,0.0,0.0,0.0,0.0,0.0,0.0,0.0,0.0,0.0,0.0,0.0,0.0,0.0,0.0,0.0,0.0,0.0,0.22766449442926215,0.0052554130754677315,0.0,0.0,0.0052554130754677315,0.0,0.0,22615.301135169226,21650.0,24840.0,0.0,0.9130754677317637,0.0,571.8083876392684,80.0,0.0,22913.22076440388,22610.0,24840.0,0.0,0.9339418140330862,0.0,399.30405019965775,1040.0,,,,,,,,,,,,,,,,,,,28199,02408,02408,18087,01034,01034
